교통사고이력ID(사고기록 순서),발생년월일시,주야코드,요일코드,사망자수,부상자수,중상자수,경상자수,부상신고자수,발생지시도코드,발생지시도코드,사고유형대분류코드,사고유형중분류코드,사고유형코드,법규위반코드,도로형태대분류코드,도로로형태코드
806,2012-06-30 08,주간,토,1,3,1,1,0,강원,평창군,차량단독,공작물충돌,공작물충돌,안전운전 의무 불이행,단일로,기타단일로
807,2012-04-24 17,주간,화,1,1,0,0,0,경남,창녕군,차대차,정면충돌,정면충돌,중앙선 침범,단일로,기타단일로
808,2012-06-12 13,주간,화,1,1,0,0,0,충북,보은군,차량단독,전도전복,전도전복,안전운전 의무 불이행,단일로,기타단일로
809,2012-05-05 13,주간,토,1,2,0,1,0,울산,울주군,차대차,추돌,진행중 추돌,안전운전 의무 불이행,단일로,기타단일로
810,2012-06-18 21,야간,월,2,4,1,1,0,경북,의성군,차대차,정면충돌,정면충돌,중앙선 침범,단일로,기타단일로
811,2012-02-05 00,야간,일,1,1,0,0,0,부산,북구,차대사람,횡단중,횡단중,안전운전 의무 불이행,단일로,기타단일로
812,2012-07-04 17,주간,수,1,1,0,0,0,경남,남해군,차대사람,기타,기타,안전운전 의무 불이행,단일로,기타단일로
813,2012-01-11 20,야간,수,1,1,0,0,0,서울,송파구,차대사람,횡단중,횡단중,안전운전 의무 불이행,단일로,횡단보도상
814,2012-05-24 07,주간,목,1,3,2,0,0,전남,장성군,차대차,정면충돌,정면충돌,안전운전 의무 불이행,교차로,교차로내
815,2012-01-25 07,주간,수,1,1,0,0,0,경북,포항시,차대사람,횡단중,횡단중,안전운전 의무 불이행,단일로,기타단일로
816,2012-07-06 20,야간,금,1,1,0,0,0,경남,합천군,차량단독,공작물충돌,공작물충돌,안전운전 의무 불이행,단일로,기타단일로
817,2012-11-17 18,야간,토,1,2,1,0,0,강원,정선군,차대차,추돌,주정차중 추돌,안전운전 의무 불이행,단일로,기타단일로
818,2012-01-12 07,주간,목,1,1,0,0,0,대구,북구,차대차,측면충돌,측면충돌,기타,교차로,교차로내
819,2012-07-07 23,야간,토,1,1,0,0,0,경남,합천군,차량단독,공작물충돌,공작물충돌,안전운전 의무 불이행,단일로,기타단일로
820,2012-01-28 05,야간,토,1,1,0,0,0,경기,광주시,차대사람,차도통행중,차도통행중,안전운전 의무 불이행,단일로,기타단일로
821,2012-06-20 20,야간,수,1,1,0,0,0,경북,의성군,차량단독,공작물충돌,공작물충돌,안전운전 의무 불이행,단일로,기타단일로
822,2012-05-07 07,주간,월,1,28,12,15,0,경남,양산시,차대차,추돌,주정차중 추돌,안전운전 의무 불이행,단일로,기타단일로
823,2012-01-21 02,야간,토,1,1,0,0,0,서울,용산구,차대사람,길가장자리구역통행중,길가장자리구역통행중,안전운전 의무 불이행,교차로,교차로내
824,2012-03-08 12,주간,목,2,3,1,0,0,전남,영암군,차대차,측면충돌,측면충돌,기타,교차로,교차로내
825,2012-05-12 23,야간,토,1,1,0,0,0,경남,고성군,차대사람,기타,기타,안전운전 의무 불이행,단일로,기타단일로
826,2012-02-06 09,주간,월,1,1,0,0,0,경기,부천시,차대사람,횡단중,횡단중,안전운전 의무 불이행,단일로,기타단일로
827,2012-04-26 00,야간,목,1,4,3,0,0,전남,무안군,차량단독,공작물충돌,공작물충돌,과속,단일로,기타단일로
828,2012-01-20 10,주간,금,1,1,0,0,0,경기,의정부시,차대차,측면충돌,측면충돌,안전운전 의무 불이행,단일로,횡단보도상
829,2012-02-10 00,야간,금,1,1,0,0,0,대전,대덕구,차대차,추돌,주정차중 추돌,안전운전 의무 불이행,단일로,기타단일로
830,2012-02-18 11,주간,토,1,4,3,0,0,경남,진주시,차대차,측면충돌,측면충돌,중앙선 침범,단일로,기타단일로
831,2012-05-24 04,야간,목,1,1,0,0,0,경북,성주군,차대사람,횡단중,횡단중,안전운전 의무 불이행,단일로,기타단일로
832,2012-06-14 20,야간,목,1,1,0,0,0,경기,광주시,차대차,측면충돌,측면충돌,안전거리 미확보,단일로,교량위
833,2012-07-10 13,주간,화,1,1,0,0,0,경남,합천군,차량단독,전도전복,전도전복,안전운전 의무 불이행,단일로,기타단일로
834,2012-09-04 16,주간,화,1,8,0,3,4,전북,전주시,차대차,기타,기타,안전운전 의무 불이행,단일로,터널안
835,2012-01-20 18,야간,금,1,1,0,0,0,경기,광명시,차대사람,횡단중,횡단중,안전운전 의무 불이행,교차로,교차로부근
836,2012-12-17 13,주간,월,1,4,1,1,1,강원,인제군,차대차,측면충돌,측면충돌,신호위반,교차로,교차로내
837,2012-07-05 07,주간,목,1,1,0,0,0,경남,진주시,차대차,추돌,진행중 추돌,안전운전 의무 불이행,단일로,터널안
838,2012-02-17 05,야간,금,1,1,0,0,0,경기,하남시,차대사람,차도통행중,차도통행중,안전운전 의무 불이행,단일로,기타단일로
839,2012-01-26 15,주간,목,1,1,0,0,0,서울,양천구,차대차,기타,기타,안전운전 의무 불이행,단일로,기타단일로
840,2012-03-10 13,주간,토,1,1,0,0,0,전남,영암군,차량단독,공작물충돌,공작물충돌,안전운전 의무 불이행,단일로,기타단일로
841,2012-05-11 18,야간,금,1,3,2,0,0,경북,울진군,차대차,추돌,진행중 추돌,안전운전 의무 불이행,단일로,기타단일로
842,2012-01-19 02,야간,목,1,2,1,0,0,대구,동구,차대차,추돌,주정차중 추돌,안전운전 의무 불이행,단일로,기타단일로
843,2012-08-26 17,주간,일,3,4,1,0,0,강원,평창군,차량단독,공작물충돌,공작물충돌,안전운전 의무 불이행,단일로,기타단일로
844,2012-06-20 19,야간,수,1,1,0,0,0,전남,장흥군,차대차,추돌,진행중 추돌,기타,단일로,기타단일로
845,2012-07-22 18,야간,일,1,1,0,0,0,전남,보성군,차량단독,공작물충돌,공작물충돌,안전운전 의무 불이행,단일로,기타단일로
846,2012-03-26 19,야간,월,1,1,0,0,0,경북,구미시,차대차,기타,기타,기타,단일로,기타단일로
847,2012-10-18 18,야간,목,1,1,0,0,0,경북,청송군,차대사람,횡단중,횡단중,안전운전 의무 불이행,단일로,기타단일로
848,2012-09-22 19,야간,토,1,1,0,0,0,전남,구례군,차대차,기타,기타,안전운전 의무 불이행,교차로,교차로부근
849,2012-04-04 16,주간,수,1,1,0,0,0,충남,예산군,차량단독,기타,기타,안전운전 의무 불이행,단일로,기타단일로
850,2012-07-21 21,야간,토,1,1,0,0,0,경남,함양군,차량단독,기타,기타,안전운전 의무 불이행,단일로,기타단일로
851,2012-01-28 11,주간,토,1,1,0,0,0,경남,창원시(통합),차대차,기타,기타,신호위반,단일로,기타단일로
852,2012-04-30 22,야간,월,1,1,0,0,0,전남,해남군,차대차,추돌,진행중 추돌,안전운전 의무 불이행,단일로,기타단일로
853,2012-04-28 18,야간,토,1,6,0,4,1,전남,무안군,차대차,측면충돌,측면충돌,교차로 통행방법 위반,교차로,교차로내
854,2012-12-28 18,야간,금,1,1,0,0,0,강원,인제군,차대사람,횡단중,횡단중,안전운전 의무 불이행,단일로,기타단일로
855,2012-03-08 22,야간,목,1,1,0,0,0,충남,당진시,차량단독,공작물충돌,공작물충돌,안전운전 의무 불이행,단일로,기타단일로
856,2012-07-08 22,야간,일,1,5,2,2,0,경남,진주시,차대차,추돌,주정차중 추돌,안전운전 의무 불이행,단일로,기타단일로
857,2012-01-26 21,야간,목,1,1,0,0,0,경기,김포시,차량단독,기타,기타,안전운전 의무 불이행,기타/불명,기타/불명
858,2012-06-28 11,주간,목,1,1,0,0,0,경북,의성군,차량단독,기타,기타,안전운전 의무 불이행,단일로,기타단일로
859,2012-02-09 04,야간,목,1,1,0,0,0,광주,남구,차대사람,횡단중,횡단중,신호위반,단일로,횡단보도상
860,2012-08-03 10,주간,금,1,2,1,0,0,강원,횡성군,차대차,기타,기타,교차로 통행방법 위반,교차로,교차로내
861,2012-03-30 00,야간,금,1,2,1,0,0,강원,홍천군,차량단독,기타,기타,안전운전 의무 불이행,단일로,기타단일로
862,2012-08-13 23,야간,월,1,2,1,0,0,전남,보성군,차량단독,전도전복,전도전복,안전운전 의무 불이행,단일로,기타단일로
863,2012-01-14 00,야간,토,1,5,4,0,0,인천,남동구,차대차,측면충돌,측면충돌,교차로 통행방법 위반,교차로,교차로내
864,2012-09-04 21,야간,화,1,3,1,1,0,강원,횡성군,차량단독,공작물충돌,공작물충돌,안전운전 의무 불이행,단일로,기타단일로
865,2012-08-26 08,주간,일,1,1,0,0,0,전남,함평군,차대차,측면충돌,측면충돌,신호위반,교차로,교차로내
866,2012-10-23 09,주간,화,3,3,0,0,0,전북,임실군,차량단독,도로이탈,도로이탈 기타,안전운전 의무 불이행,단일로,기타단일로
867,2012-03-12 18,야간,월,1,3,1,1,0,전남,영암군,차대차,추돌,진행중 추돌,안전운전 의무 불이행,단일로,기타단일로
868,2012-06-22 12,주간,금,2,2,0,0,0,전남,장흥군,차량단독,공작물충돌,공작물충돌,안전운전 의무 불이행,교차로,교차로내
869,2012-05-25 11,주간,금,1,12,7,3,1,경남,하동군,차량단독,공작물충돌,공작물충돌,안전운전 의무 불이행,단일로,기타단일로
870,2012-04-01 23,야간,일,1,1,0,0,0,강원,홍천군,차량단독,공작물충돌,공작물충돌,안전운전 의무 불이행,교차로,교차로내
871,2012-07-28 09,주간,토,2,8,6,0,0,강원,평창군,차대차,측면충돌,측면충돌,중앙선 침범,단일로,기타단일로
872,2012-01-28 00,야간,토,1,1,0,0,0,제주,제주시,차대사람,횡단중,횡단중,안전운전 의무 불이행,단일로,횡단보도상
873,2012-03-10 16,주간,토,1,2,1,0,0,충북,음성군,차대차,추돌,진행중 추돌,안전운전 의무 불이행,단일로,기타단일로
874,2012-11-22 18,야간,목,1,1,0,0,0,전북,순창군,차대차,추돌,진행중 추돌,안전운전 의무 불이행,단일로,기타단일로
875,2012-05-19 11,주간,토,1,1,0,0,0,충남,연기군,차대차,정면충돌,정면충돌,중앙선 침범,단일로,기타단일로
876,2012-10-25 10,주간,목,1,1,0,0,0,전북,임실군,차대차,측면충돌,측면충돌,안전거리 미확보,교차로,교차로내
877,2012-05-05 21,야간,토,1,3,1,1,0,충북,괴산군,차량단독,전도전복,전도전복,안전운전 의무 불이행,단일로,기타단일로
878,2012-05-12 11,주간,토,1,1,0,0,0,부산,기장군,차대차,추돌,진행중 추돌,안전운전 의무 불이행,단일로,기타단일로
879,2012-09-02 18,야간,일,1,1,0,0,0,전남,진도군,차대차,측면충돌,측면충돌,중앙선 침범,단일로,횡단보도부근
880,2012-02-29 21,야간,목,1,1,0,0,0,인천,남구,차대사람,횡단중,횡단중,안전운전 의무 불이행,단일로,기타단일로
881,2012-03-20 18,야간,화,1,1,0,0,0,경북,영주시,차대차,측면충돌,측면충돌,안전운전 의무 불이행,교차로,교차로내
882,2012-11-23 06,주간,금,1,2,1,0,0,전북,순창군,차대사람,횡단중,횡단중,안전운전 의무 불이행,교차로,교차로내
883,2012-10-10 09,주간,수,1,1,0,0,0,전북,정읍시,차대사람,횡단중,횡단중,안전운전 의무 불이행,단일로,기타단일로
884,2012-11-21 08,주간,수,1,1,0,0,0,충북,보은군,차대차,추돌,진행중 추돌,안전운전 의무 불이행,단일로,기타단일로
885,2012-03-30 04,야간,금,1,1,0,0,0,전북,남원시,차대사람,횡단중,횡단중,안전운전 의무 불이행,단일로,기타단일로
886,2012-05-29 16,주간,화,1,1,0,0,0,경북,성주군,차대차,측면충돌,측면충돌,안전운전 의무 불이행,단일로,기타단일로
887,2012-07-27 10,주간,금,1,1,0,0,0,경남,함양군,차대차,측면충돌,측면충돌,신호위반,교차로,교차로내
888,2012-08-13 04,야간,월,1,1,0,0,0,경북,예천군,차량단독,공작물충돌,공작물충돌,안전운전 의무 불이행,단일로,기타단일로
889,2012-01-20 00,야간,금,1,1,0,0,0,서울,강서구,차대차,기타,기타,안전운전 의무 불이행,단일로,기타단일로
890,2012-02-06 19,야간,월,1,1,0,0,0,제주,서귀포시,차대차,기타,기타,안전운전 의무 불이행,단일로,기타단일로
891,2012-02-17 23,야간,금,1,1,0,0,0,서울,중구,차대차,정면충돌,정면충돌,중앙선 침범,단일로,기타단일로
892,2012-09-06 08,주간,목,1,2,1,0,0,강원,원주시,차대차,추돌,주정차중 추돌,안전운전 의무 불이행,단일로,기타단일로
893,2012-01-12 11,주간,목,1,2,0,1,0,전북,전주시,차대차,추돌,진행중 추돌,안전운전 의무 불이행,단일로,기타단일로
894,2012-06-14 20,야간,목,1,1,0,0,0,충북,옥천군,차대차,측면충돌,측면충돌,안전운전 의무 불이행,교차로,교차로내
895,2012-04-28 13,주간,토,1,5,1,3,0,전남,화순군,차대차,정면충돌,정면충돌,중앙선 침범,단일로,기타단일로
896,2012-02-12 03,야간,일,1,2,0,0,1,광주,남구,차대차,측면충돌,측면충돌,안전운전 의무 불이행,단일로,기타단일로
897,2012-09-07 17,주간,금,1,3,0,2,0,충남,보령시,차량단독,공작물충돌,공작물충돌,안전운전 의무 불이행,단일로,교량위
898,2012-03-11 23,야간,일,2,6,3,1,0,경기,여주시,차대사람,길가장자리구역통행중,길가장자리구역통행중,안전운전 의무 불이행,단일로,기타단일로
899,2012-01-31 10,주간,화,1,5,1,3,0,충북,청원군,차대차,정면충돌,정면충돌,중앙선 침범,교차로,교차로부근
900,2012-03-12 21,야간,월,1,1,0,0,0,충북,음성군,차대사람,기타,기타,안전운전 의무 불이행,단일로,기타단일로
901,2012-09-09 10,주간,일,1,3,1,1,0,전북,부안군,차대차,추돌,진행중 추돌,안전운전 의무 불이행,단일로,기타단일로
902,2012-01-28 01,야간,토,1,11,8,2,0,부산,해운대구,차대차,정면충돌,정면충돌,중앙선 침범,단일로,기타단일로
903,2012-03-14 10,주간,수,1,1,0,0,0,경기,양평군,차대차,추돌,진행중 추돌,안전운전 의무 불이행,교차로,교차로부근
904,2012-02-21 17,주간,화,1,1,0,0,0,경남,통영시,차대사람,횡단중,횡단중,안전운전 의무 불이행,단일로,기타단일로
905,2012-11-25 21,야간,일,1,1,0,0,0,충북,보은군,차대사람,차도통행중,차도통행중,안전운전 의무 불이행,단일로,기타단일로
906,2012-09-22 10,주간,토,1,4,2,1,0,전북,임실군,차대차,기타,기타,안전운전 의무 불이행,기타/불명,기타/불명
907,2012-11-04 00,야간,일,1,1,0,0,0,경북,청송군,차대사람,길가장자리구역통행중,길가장자리구역통행중,안전운전 의무 불이행,단일로,기타단일로
908,2012-11-15 09,주간,목,1,1,0,0,0,전북,무주군,차대차,기타,기타,안전운전 의무 불이행,단일로,기타단일로
909,2012-04-03 03,야간,화,1,1,0,0,0,경북,상주시,차대차,추돌,진행중 추돌,안전운전 의무 불이행,단일로,기타단일로
910,2012-03-13 21,야간,화,1,1,0,0,0,경기,양평군,차량단독,도로이탈,도로이탈 추락,안전운전 의무 불이행,단일로,기타단일로
911,2012-01-22 03,야간,일,1,9,2,6,0,경북,경산시,차대차,추돌,주정차중 추돌,안전운전 의무 불이행,교차로,교차로부근
912,2012-07-04 23,야간,수,1,1,0,0,0,전남,담양군,차대차,기타,기타,안전운전 의무 불이행,단일로,기타단일로
913,2012-04-02 08,주간,월,1,1,0,0,0,전북,남원시,차대사람,횡단중,횡단중,과속,단일로,횡단보도상
914,2012-02-27 16,주간,월,1,1,0,0,0,부산,영도구,차대차,추돌,진행중 추돌,교차로 통행방법 위반,교차로,교차로내
915,2012-07-23 15,주간,월,1,1,0,0,0,경북,청도군,차량단독,전도전복,전도전복,안전운전 의무 불이행,단일로,기타단일로
916,2012-06-08 15,주간,금,1,1,0,0,0,전남,장성군,차대차,측면충돌,측면충돌,교차로 통행방법 위반,교차로,교차로내
917,2012-02-27 18,야간,월,1,1,0,0,0,경기,안양시,차량단독,전도전복,전도전복,안전운전 의무 불이행,단일로,기타단일로
918,2012-06-18 22,야간,월,1,1,0,0,0,경기,연천군,차대차,측면충돌,측면충돌,중앙선 침범,단일로,기타단일로
919,2012-02-11 23,야간,토,1,1,0,0,0,경기,포천시,차대사람,기타,기타,안전운전 의무 불이행,단일로,기타단일로
920,2012-03-24 13,주간,토,1,1,0,0,0,경기,오산시,차량단독,공작물충돌,공작물충돌,과속,단일로,터널안
921,2012-05-05 20,야간,토,1,1,0,0,0,경남,창녕군,차대사람,차도통행중,차도통행중,안전운전 의무 불이행,단일로,기타단일로
922,2012-07-10 17,주간,화,1,1,0,0,0,경북,의성군,차량단독,공작물충돌,공작물충돌,안전운전 의무 불이행,단일로,기타단일로
923,2012-02-06 12,주간,월,1,1,0,0,0,경남,창원시(통합),차대사람,횡단중,횡단중,안전운전 의무 불이행,기타/불명,기타/불명
924,2012-01-28 19,야간,토,1,1,0,0,0,경기,김포시,차량단독,기타,기타,안전운전 의무 불이행,단일로,기타단일로
925,2012-06-18 23,야간,월,1,1,0,0,0,경기,연천군,차대차,정면충돌,정면충돌,신호위반,단일로,기타단일로
926,2012-02-26 15,주간,일,1,1,0,0,0,경북,영천시,차대차,정면충돌,정면충돌,중앙선 침범,단일로,기타단일로
927,2012-02-05 14,주간,일,1,1,0,0,0,경기,이천시,차량단독,도로이탈,도로이탈 추락,안전운전 의무 불이행,단일로,기타단일로
928,2012-08-06 05,야간,월,1,1,0,0,0,강원,평창군,차대사람,길가장자리구역통행중,길가장자리구역통행중,안전운전 의무 불이행,단일로,기타단일로
929,2012-04-05 11,주간,목,1,3,1,1,0,강원,홍천군,차대차,기타,기타,중앙선 침범,단일로,기타단일로
930,2012-01-25 16,주간,수,1,1,0,0,0,인천,서구,차대차,기타,기타,안전운전 의무 불이행,단일로,기타단일로
931,2012-05-25 14,주간,금,1,1,0,0,0,전북,고창군,차대차,추돌,진행중 추돌,안전운전 의무 불이행,단일로,기타단일로
932,2012-03-25 05,야간,일,1,1,0,0,0,경기,안양시,차량단독,기타,기타,안전운전 의무 불이행,단일로,터널안
933,2012-04-02 13,주간,월,1,1,0,0,0,전북,남원시,차대사람,횡단중,횡단중,안전운전 의무 불이행,교차로,교차로내
934,2012-05-13 09,주간,일,1,2,0,1,0,충북,증평군,차대차,측면충돌,측면충돌,신호위반,교차로,교차로내
935,2012-07-24 08,주간,화,1,2,1,0,0,경북,청도군,차량단독,공작물충돌,공작물충돌,안전운전 의무 불이행,단일로,기타단일로
936,2012-09-24 19,야간,월,1,1,0,0,0,경남,의령군,차대사람,차도통행중,차도통행중,안전운전 의무 불이행,단일로,교량위
937,2012-01-23 11,주간,월,1,1,0,0,0,경기,광명시,차대차,기타,기타,안전운전 의무 불이행,교차로,교차로부근
938,2012-02-02 06,주간,목,1,1,0,0,0,부산,금정구,차대사람,횡단중,횡단중,신호위반,단일로,횡단보도상
939,2012-07-26 02,야간,목,1,2,0,1,0,경남,창원시(통합),차대차,추돌,주정차중 추돌,안전운전 의무 불이행,단일로,기타단일로
940,2012-05-25 10,주간,금,1,1,0,0,0,경북,울진군,차대사람,차도통행중,차도통행중,안전운전 의무 불이행,단일로,기타단일로
941,2012-05-16 20,야간,수,1,3,2,0,0,충남,부여군,차대차,정면충돌,정면충돌,중앙선 침범,단일로,기타단일로
942,2012-02-02 08,주간,목,1,1,0,0,0,인천,부평구,차대사람,길가장자리구역통행중,길가장자리구역통행중,안전운전 의무 불이행,단일로,기타단일로
943,2012-03-05 15,주간,월,1,1,0,0,0,경기,양주시,차량단독,도로이탈,도로이탈 추락,안전운전 의무 불이행,단일로,기타단일로
944,2012-05-01 16,주간,화,1,1,0,0,0,충북,청원군,차대차,추돌,진행중 추돌,안전운전 의무 불이행,단일로,기타단일로
945,2012-07-29 06,주간,일,1,1,0,0,0,경북,청도군,차량단독,도로이탈,도로이탈 추락,안전운전 의무 불이행,단일로,기타단일로
946,2012-12-16 10,주간,일,1,6,2,3,0,충북,보은군,차대차,정면충돌,정면충돌,중앙선 침범,단일로,기타단일로
947,2012-05-10 13,주간,목,1,1,0,0,0,전남,고흥군,차대사람,기타,기타,안전운전 의무 불이행,단일로,기타단일로
948,2012-03-17 05,야간,토,1,1,0,0,0,경기,의왕시,차대사람,횡단중,횡단중,안전운전 의무 불이행,교차로,교차로부근
949,2012-02-04 06,주간,토,1,1,0,0,0,서울,동작구,차대사람,기타,기타,안전운전 의무 불이행,단일로,기타단일로
950,2012-09-22 05,야간,토,1,1,0,0,0,전남,진도군,차대사람,횡단중,횡단중,안전운전 의무 불이행,교차로,교차로부근
951,2012-02-12 22,야간,토,1,5,4,0,0,충남,서산시,차량단독,공작물충돌,공작물충돌,안전운전 의무 불이행,교차로,교차로부근
952,2012-07-01 01,야간,일,1,2,1,0,0,경기,하남시,차대차,추돌,진행중 추돌,안전운전 의무 불이행,단일로,기타단일로
953,2012-10-28 15,주간,일,1,5,3,1,0,전북,정읍시,차대차,추돌,진행중 추돌,안전운전 의무 불이행,단일로,기타단일로
954,2012-02-15 18,야간,수,1,2,1,0,0,경남,김해시,차대차,기타,기타,안전운전 의무 불이행,단일로,기타단일로
955,2012-03-17 14,주간,토,1,1,0,0,0,경북,상주시,차대차,측면충돌,측면충돌,교차로 통행방법 위반,교차로,교차로내
956,2012-03-05 22,야간,월,1,1,0,0,0,서울,종로구,차대사람,횡단중,횡단중,안전운전 의무 불이행,단일로,기타단일로
957,2012-03-15 21,야간,목,1,1,0,0,0,충남,당진시,차대사람,차도통행중,차도통행중,안전운전 의무 불이행,단일로,기타단일로
958,2012-11-21 18,야간,수,1,1,0,0,0,경남,산청군,차대사람,횡단중,횡단중,안전운전 의무 불이행,교차로,교차로부근
959,2012-03-18 00,야간,일,1,1,0,0,0,경기,동두천시,차량단독,전도전복,전도전복,안전운전 의무 불이행,단일로,기타단일로
960,2012-01-26 14,주간,목,1,1,0,0,0,서울,용산구,차량단독,공작물충돌,공작물충돌,안전운전 의무 불이행,단일로,기타단일로
961,2012-08-05 08,주간,일,2,3,1,0,0,충남,청양군,차대차,정면충돌,정면충돌,중앙선 침범,단일로,기타단일로
962,2012-01-29 18,야간,일,1,1,0,0,0,충북,청주시,차대사람,기타,기타,안전운전 의무 불이행,단일로,기타단일로
963,2012-08-31 17,주간,금,1,1,0,0,0,강원,고성군,차대차,추돌,진행중 추돌,안전운전 의무 불이행,단일로,기타단일로
964,2012-03-03 12,주간,토,1,1,0,0,0,충남,계룡시,차대사람,차도통행중,차도통행중,안전운전 의무 불이행,교차로,교차로내
965,2012-02-25 03,야간,토,1,1,0,0,0,광주,동구,차대차,추돌,진행중 추돌,과속,교차로,교차로내
966,2012-05-30 01,야간,수,1,1,0,0,0,전북,고창군,차대사람,기타,기타,안전운전 의무 불이행,단일로,기타단일로
967,2012-08-20 14,주간,월,1,1,0,0,0,강원,횡성군,차량단독,기타,기타,안전운전 의무 불이행,단일로,기타단일로
968,2012-02-08 19,야간,수,1,1,0,0,0,경기,이천시,차대사람,차도통행중,차도통행중,안전운전 의무 불이행,교차로,교차로내
969,2012-04-04 22,야간,수,1,2,1,0,0,전북,남원시,차대차,정면충돌,정면충돌,중앙선 침범,단일로,기타단일로
970,2012-02-10 21,야간,금,1,1,0,0,0,부산,북구,차대사람,기타,기타,안전운전 의무 불이행,단일로,기타단일로
971,2012-08-07 15,주간,화,1,1,0,0,0,경남,합천군,차량단독,도로이탈,도로이탈 기타,안전운전 의무 불이행,단일로,기타단일로
972,2012-06-30 23,야간,토,1,1,0,0,0,인천,강화군,차대사람,기타,기타,안전운전 의무 불이행,단일로,기타단일로
973,2012-08-08 09,주간,수,1,1,0,0,0,충남,청양군,차대차,측면충돌,측면충돌,기타,교차로,교차로내
974,2012-10-24 00,야간,수,1,1,0,0,0,충남,당진시,차대사람,기타,기타,안전운전 의무 불이행,단일로,기타단일로
975,2012-01-18 22,야간,수,1,1,0,0,0,경기,파주시,차대사람,횡단중,횡단중,보행자 보호의무 위반,단일로,기타단일로
976,2012-01-29 04,야간,일,1,1,0,0,0,전남,신안군,차대사람,차도통행중,차도통행중,안전운전 의무 불이행,단일로,기타단일로
977,2012-03-27 14,주간,화,4,9,5,0,0,경기,남양주시,차대차,추돌,진행중 추돌,안전운전 의무 불이행,단일로,터널안
978,2012-08-13 13,주간,월,1,1,0,0,0,경남,함양군,차량단독,기타,기타,안전운전 의무 불이행,단일로,기타단일로
979,2012-01-20 18,야간,금,1,1,0,0,0,광주,광산구,차대사람,차도통행중,차도통행중,안전운전 의무 불이행,단일로,기타단일로
980,2012-04-09 04,야간,월,1,2,1,0,0,대구,동구,차대차,추돌,진행중 추돌,안전거리 미확보,단일로,기타단일로
981,2012-01-28 13,주간,토,1,1,0,0,0,서울,광진구,차대사람,횡단중,횡단중,안전운전 의무 불이행,단일로,횡단보도부근
982,2012-02-19 01,야간,일,1,1,0,0,0,경기,군포시,차대사람,횡단중,횡단중,안전운전 의무 불이행,교차로,교차로내
983,2012-04-20 11,주간,금,1,1,0,0,0,충남,예산군,차대차,정면충돌,정면충돌,중앙선 침범,단일로,기타단일로
984,2012-05-14 16,주간,월,1,3,2,0,0,전남,고흥군,차대차,정면충돌,정면충돌,중앙선 침범,단일로,기타단일로
985,2012-12-14 04,야간,금,1,2,0,1,0,전북,임실군,차량단독,도로이탈,도로이탈 기타,안전운전 의무 불이행,단일로,기타단일로
986,2012-12-17 07,주간,월,1,3,2,0,0,전북,무주군,차대차,정면충돌,정면충돌,중앙선 침범,단일로,기타단일로
987,2012-07-03 11,주간,화,1,2,1,0,0,충북,옥천군,차대차,측면충돌,측면충돌,교차로 통행방법 위반,교차로,교차로내
988,2012-02-12 05,야간,일,1,1,0,0,0,서울,강북구,차대사람,차도통행중,차도통행중,안전운전 의무 불이행,단일로,기타단일로
989,2012-01-31 21,야간,화,1,1,0,0,0,경기,김포시,차대사람,차도통행중,차도통행중,안전운전 의무 불이행,단일로,기타단일로
990,2012-02-09 08,주간,목,1,2,1,0,0,경기,이천시,차대차,정면충돌,정면충돌,중앙선 침범,단일로,기타단일로
991,2012-07-16 19,야간,월,1,1,0,0,0,전남,장흥군,차대사람,기타,기타,안전운전 의무 불이행,단일로,기타단일로
992,2012-04-26 10,주간,목,1,1,0,0,0,충북,진천군,차대사람,기타,기타,안전운전 의무 불이행,기타/불명,기타/불명
993,2012-04-12 22,야간,목,1,1,0,0,0,전북,김제시,차대사람,기타,기타,안전운전 의무 불이행,단일로,기타단일로
994,2012-02-24 14,주간,금,1,1,0,0,0,서울,성북구,차대차,측면충돌,측면충돌,안전운전 의무 불이행,교차로,교차로내
995,2012-05-19 14,주간,토,1,1,0,0,0,충남,금산군,차대차,측면충돌,측면충돌,기타,교차로,교차로부근
996,2012-10-20 04,야간,토,1,1,0,0,0,전남,함평군,차대사람,횡단중,횡단중,안전운전 의무 불이행,단일로,기타단일로
997,2012-05-06 15,주간,일,1,1,0,0,0,전북,부안군,차량단독,전도전복,전도전복,안전운전 의무 불이행,단일로,기타단일로
998,2012-02-13 01,야간,월,1,3,0,1,1,충남,천안시,차대차,정면충돌,정면충돌,중앙선 침범,단일로,기타단일로
999,2012-01-16 06,주간,월,1,1,0,0,0,경기,평택시,차대사람,횡단중,횡단중,안전운전 의무 불이행,교차로,교차로내
1000,2012-02-06 08,주간,월,1,1,0,0,0,충북,충주시,차량단독,공작물충돌,공작물충돌,안전운전 의무 불이행,단일로,기타단일로
1001,2012-04-21 07,주간,토,1,1,0,0,0,전북,완주군,차대사람,보도통행중,보도통행중,보행자 보호의무 위반,단일로,기타단일로
1002,2012-04-21 22,야간,토,3,4,0,1,0,전북,완주군,차량단독,공작물충돌,공작물충돌,안전운전 의무 불이행,단일로,기타단일로
1003,2012-09-24 10,주간,월,2,2,0,0,0,전북,무주군,차대차,기타,기타,안전운전 의무 불이행,단일로,기타단일로
1004,2012-02-16 13,주간,목,1,1,0,0,0,대전,중구,차대사람,보도통행중,보도통행중,보행자 보호의무 위반,단일로,횡단보도상
1005,2012-03-12 20,야간,월,1,1,0,0,0,경북,김천시,차량단독,기타,기타,안전운전 의무 불이행,단일로,기타단일로
1006,2012-03-19 12,주간,월,1,1,0,0,0,경북,상주시,차량단독,공작물충돌,공작물충돌,안전운전 의무 불이행,단일로,기타단일로