교통사고이력ID(사고기록 순서),발생년월일시,주야코드,요일코드,사망자수,부상자수,중상자수,경상자수,부상신고자수,발생지시도코드,발생지시도코드,사고유형대분류코드,사고유형중분류코드,사고유형코드,법규위반코드,도로형태대분류코드,도로로형태코드
1606,2012-03-04 12,주간,일,1,1,0,0,0,대전,동구,차대사람,횡단중,횡단중,안전운전 의무 불이행,단일로,기타단일로
1607,2012-02-14 12,주간,화,1,2,1,0,0,울산,남구,차대차,정면충돌,정면충돌,중앙선 침범,단일로,기타단일로
1608,2012-08-24 18,야간,금,1,1,0,0,0,경남,함안군,차량단독,도로이탈,도로이탈 추락,안전운전 의무 불이행,단일로,기타단일로
1609,2012-05-24 22,야간,목,1,2,1,0,0,경북,김천시,차대차,추돌,진행중 추돌,안전운전 의무 불이행,단일로,기타단일로
1610,2012-02-02 10,주간,목,1,1,0,0,0,대구,달서구,차대사람,횡단중,횡단중,안전운전 의무 불이행,단일로,횡단보도상
1611,2012-05-04 10,주간,금,1,1,0,0,0,전남,나주시,차대차,측면충돌,측면충돌,신호위반,단일로,횡단보도상
1612,2012-05-03 14,주간,목,1,1,0,0,0,전북,정읍시,차대차,측면충돌,측면충돌,중앙선 침범,단일로,기타단일로
1613,2012-03-10 22,야간,토,1,1,0,0,0,부산,북구,차대차,측면충돌,측면충돌,신호위반,교차로,교차로내
1614,2012-01-30 17,주간,월,1,1,0,0,0,경기,부천시,차대사람,횡단중,횡단중,보행자 보호의무 위반,단일로,횡단보도상
1615,2012-07-12 03,야간,목,1,1,0,0,0,경북,문경시,차대사람,기타,기타,안전운전 의무 불이행,단일로,기타단일로
1616,2012-08-12 14,주간,일,1,1,0,0,0,경남,창녕군,차량단독,공작물충돌,공작물충돌,안전운전 의무 불이행,교차로,교차로부근
1617,2012-11-23 11,주간,금,1,1,0,0,0,전남,담양군,차량단독,도로이탈,도로이탈 추락,안전운전 의무 불이행,기타/불명,기타/불명
1618,2012-02-15 19,야간,수,2,2,0,0,0,경기,화성시,차량단독,공작물충돌,공작물충돌,안전운전 의무 불이행,교차로,교차로부근
1619,2012-04-10 08,주간,화,1,1,0,0,0,부산,영도구,차대사람,횡단중,횡단중,안전운전 의무 불이행,단일로,기타단일로
1620,2012-06-24 12,주간,일,1,1,0,0,0,충남,홍성군,차량단독,전도전복,전도전복,안전운전 의무 불이행,단일로,기타단일로
1621,2012-05-27 22,야간,일,1,3,0,2,0,전남,영암군,차대차,측면충돌,측면충돌,과속,단일로,기타단일로
1622,2012-06-08 16,주간,금,1,1,0,0,0,경북,안동시,차량단독,공작물충돌,공작물충돌,안전운전 의무 불이행,단일로,기타단일로
1623,2012-02-01 06,주간,수,1,1,0,0,0,부산,남구,차대사람,횡단중,횡단중,안전운전 의무 불이행,단일로,횡단보도상
1624,2012-02-06 20,야간,월,1,2,1,0,0,경북,경주시,차대차,기타,기타,신호위반,교차로,교차로내
1625,2012-02-07 09,주간,화,1,1,0,0,0,경기,파주시,차대차,기타,기타,안전운전 의무 불이행,단일로,기타단일로
1626,2012-04-13 12,주간,금,1,1,0,0,0,경기,안양시,차대차,측면충돌,측면충돌,교차로 통행방법 위반,교차로,교차로내
1627,2012-05-25 14,주간,목,1,3,1,1,0,경기,구리시,차량단독,공작물충돌,공작물충돌,안전운전 의무 불이행,단일로,기타단일로
1628,2012-11-04 15,주간,일,3,4,1,0,0,전남,장성군,차량단독,전도전복,전도전복,안전운전 의무 불이행,교차로,교차로부근
1629,2012-06-25 18,야간,월,1,1,0,0,0,충남,홍성군,차량단독,기타,기타,안전운전 의무 불이행,단일로,교량위
1630,2012-11-27 04,야간,화,1,1,0,0,0,강원,태백시,차대사람,보도통행중,보도통행중,보행자 보호의무 위반,단일로,기타단일로
1631,2012-03-11 16,주간,일,1,1,0,0,0,경기,이천시,차대차,측면충돌,측면충돌,신호위반,교차로,교차로내
1632,2012-02-09 06,주간,목,1,2,0,1,0,경기,안산시,차대차,측면충돌,측면충돌,신호위반,교차로,교차로내
1633,2012-02-17 05,야간,금,1,2,1,0,0,경북,포항시,차대사람,기타,기타,안전운전 의무 불이행,단일로,기타단일로
1634,2012-12-20 09,주간,목,1,1,0,0,0,충남,청양군,차량단독,도로이탈,도로이탈 기타,안전운전 의무 불이행,단일로,기타단일로
1635,2012-05-16 07,주간,수,1,1,0,0,0,경북,상주시,차대사람,차도통행중,차도통행중,안전운전 의무 불이행,단일로,기타단일로
1636,2012-05-13 16,주간,일,1,1,0,0,0,충남,당진시,차대차,정면충돌,정면충돌,중앙선 침범,단일로,기타단일로
1637,2012-11-03 14,주간,토,1,1,0,0,0,경북,성주군,차량단독,공작물충돌,공작물충돌,안전운전 의무 불이행,단일로,기타단일로
1638,2012-07-03 10,주간,화,1,1,0,0,0,충남,보령시,차대차,측면충돌,측면충돌,중앙선 침범,교차로,교차로부근
1639,2012-09-13 07,주간,목,1,1,0,0,0,세종,세종,차대차,측면충돌,측면충돌,중앙선 침범,단일로,기타단일로
1640,2012-08-15 05,야간,수,2,3,1,0,0,전남,해남군,차량단독,도로이탈,도로이탈 추락,안전운전 의무 불이행,단일로,기타단일로
1641,2012-07-01 09,주간,일,1,1,0,0,0,전북,완주군,차대사람,차도통행중,차도통행중,안전운전 의무 불이행,단일로,기타단일로
1642,2012-05-04 16,주간,금,1,1,0,0,0,경남,밀양시,차량단독,공작물충돌,공작물충돌,안전운전 의무 불이행,단일로,기타단일로
1643,2012-09-01 10,주간,토,1,1,0,0,0,경남,김해시,차량단독,공작물충돌,공작물충돌,안전운전 의무 불이행,단일로,기타단일로
1644,2012-10-16 18,야간,화,1,1,0,0,0,경남,고성군,차대사람,횡단중,횡단중,교차로 통행방법 위반,교차로,교차로내
1645,2012-12-03 10,주간,월,1,1,0,0,0,전남,담양군,차량단독,공작물충돌,공작물충돌,안전운전 의무 불이행,단일로,기타단일로
1646,2012-08-25 13,주간,토,1,1,0,0,0,전남,화순군,차대차,추돌,진행중 추돌,안전운전 의무 불이행,단일로,터널안
1647,2012-02-23 18,야간,목,1,3,2,0,0,경기,성남시,차대차,측면충돌,측면충돌,신호위반,교차로,교차로내
1648,2012-09-06 18,야간,목,1,1,0,0,0,충남,금산군,차량단독,도로이탈,도로이탈 기타,안전운전 의무 불이행,단일로,기타단일로
1649,2012-07-09 02,야간,월,1,1,0,0,0,강원,홍천군,차량단독,도로이탈,도로이탈 기타,안전운전 의무 불이행,교차로,교차로부근
1650,2012-02-27 04,야간,월,1,2,0,1,0,경기,수원시,차대차,측면충돌,측면충돌,신호위반,교차로,교차로부근
1651,2012-03-13 21,야간,화,1,2,1,0,0,제주,서귀포시,차대사람,횡단중,횡단중,보행자 보호의무 위반,단일로,횡단보도상
1652,2012-06-16 14,주간,토,1,3,1,1,0,강원,삼척시,차대사람,기타,기타,안전운전 의무 불이행,기타/불명,기타/불명
1653,2012-01-29 05,야간,일,1,2,1,0,0,경기,평택시,차대차,추돌,주정차중 추돌,안전운전 의무 불이행,단일로,기타단일로
1654,2012-06-04 19,야간,월,1,1,0,0,0,전남,영암군,차량단독,도로이탈,도로이탈 추락,안전운전 의무 불이행,교차로,교차로내
1655,2012-07-20 02,야간,금,1,1,0,0,0,전북,김제시,차량단독,공작물충돌,공작물충돌,안전운전 의무 불이행,단일로,기타단일로
1656,2012-07-05 17,주간,목,1,1,0,0,0,충남,보령시,차량단독,공작물충돌,공작물충돌,안전운전 의무 불이행,단일로,기타단일로
1657,2012-06-01 16,주간,금,1,1,0,0,0,전북,남원시,차대차,기타,기타,기타,교차로,교차로내
1658,2012-02-01 23,야간,수,1,1,0,0,0,경기,시흥시,차량단독,공작물충돌,공작물충돌,안전운전 의무 불이행,교차로,교차로내
1659,2012-07-24 13,주간,화,1,1,0,0,0,전북,부안군,차량단독,전도전복,전도전복,안전운전 의무 불이행,단일로,기타단일로
1660,2012-03-20 23,야간,화,1,1,0,0,0,충남,서산시,차대사람,횡단중,횡단중,안전운전 의무 불이행,단일로,기타단일로
1661,2012-03-16 21,야간,금,1,2,1,0,0,경남,창원시(통합),차대차,측면충돌,측면충돌,신호위반,단일로,기타단일로
1662,2012-03-19 09,주간,월,1,5,1,2,1,부산,동구,차대차,정면충돌,정면충돌,중앙선 침범,교차로,교차로부근
1663,2012-05-15 02,야간,화,1,3,1,1,0,충남,당진시,차량단독,전도전복,전도전복,안전운전 의무 불이행,단일로,기타단일로
1664,2012-03-15 12,주간,목,1,1,0,0,0,부산,북구,차량단독,전도전복,전도전복,안전운전 의무 불이행,기타/불명,기타/불명
1665,2012-08-29 14,주간,수,1,1,0,0,0,전남,화순군,차대차,추돌,진행중 추돌,과속,교차로,교차로내
1666,2012-12-13 03,야간,목,1,1,0,0,0,인천,강화군,차량단독,도로이탈,도로이탈 기타,안전운전 의무 불이행,단일로,기타단일로
1667,2012-03-31 16,주간,토,1,1,0,0,0,경남,창원시(통합),차량단독,공작물충돌,공작물충돌,안전운전 의무 불이행,단일로,기타단일로
1668,2012-05-31 04,야간,목,1,2,1,0,0,경기,하남시,차대차,추돌,진행중 추돌,안전운전 의무 불이행,단일로,기타단일로
1669,2012-02-04 17,주간,토,2,6,3,1,0,대구,달서구,차대차,측면충돌,측면충돌,신호위반,교차로,교차로내
1670,2012-02-02 15,주간,목,1,1,0,0,0,경기,고양시,차대차,추돌,주정차중 추돌,안전운전 의무 불이행,단일로,터널안
1671,2012-09-01 12,주간,토,1,3,0,2,0,전남,화순군,차대차,추돌,주정차중 추돌,안전운전 의무 불이행,단일로,기타단일로
1672,2012-04-04 20,야간,수,1,2,1,0,0,인천,중구,차대사람,횡단중,횡단중,신호위반,교차로,교차로내
1673,2012-02-15 23,야간,수,1,1,0,0,0,울산,남구,차량단독,공작물충돌,공작물충돌,안전운전 의무 불이행,교차로,교차로부근
1674,2012-05-04 13,주간,금,1,1,0,0,0,경북,김천시,차대사람,기타,기타,안전운전 의무 불이행,단일로,기타단일로
1675,2012-02-01 11,주간,수,1,1,0,0,0,부산,부산진구,차대사람,보도통행중,보도통행중,기타,단일로,기타단일로
1676,2012-11-19 07,주간,월,1,1,0,0,0,충북,옥천군,차대차,측면충돌,측면충돌,안전운전 의무 불이행,교차로,교차로부근
1677,2012-01-29 14,주간,일,1,1,0,0,0,인천,남동구,차대차,측면충돌,측면충돌,신호위반,단일로,기타단일로
1678,2012-02-08 15,주간,수,1,2,1,0,0,경북,경주시,차량단독,공작물충돌,공작물충돌,안전운전 의무 불이행,단일로,기타단일로
1679,2012-03-09 19,야간,금,1,1,0,0,0,서울,구로구,차대사람,횡단중,횡단중,안전운전 의무 불이행,교차로,교차로부근
1680,2012-11-18 14,주간,일,1,1,0,0,0,전남,장성군,차량단독,기타,기타,안전운전 의무 불이행,단일로,기타단일로
1681,2012-05-02 17,주간,수,1,1,0,0,0,전북,정읍시,차량단독,공작물충돌,공작물충돌,안전운전 의무 불이행,단일로,기타단일로
1682,2012-01-30 03,야간,월,1,1,0,0,0,인천,남동구,차량단독,공작물충돌,공작물충돌,안전운전 의무 불이행,단일로,기타단일로
1683,2012-01-29 22,야간,일,1,1,0,0,0,경기,평택시,차대사람,기타,기타,안전운전 의무 불이행,단일로,기타단일로
1684,2012-02-16 04,야간,목,1,1,0,0,0,인천,서구,차대사람,횡단중,횡단중,안전운전 의무 불이행,교차로,교차로부근
1685,2012-11-18 16,주간,일,1,1,0,0,0,전남,강진군,차대차,추돌,진행중 추돌,안전운전 의무 불이행,단일로,기타단일로
1686,2012-05-09 21,야간,수,1,1,0,0,0,경남,밀양시,차대사람,횡단중,횡단중,보행자 보호의무 위반,교차로,교차로내
1687,2012-04-13 02,야간,금,1,4,2,0,1,경북,칠곡군,차량단독,전도전복,전도전복,안전운전 의무 불이행,단일로,기타단일로
1688,2012-02-18 09,주간,토,1,3,2,0,0,경기,화성시,차량단독,공작물충돌,공작물충돌,안전운전 의무 불이행,단일로,기타단일로
1689,2012-02-07 00,야간,화,1,2,0,1,0,경기,용인시,차대차,추돌,주정차중 추돌,안전운전 의무 불이행,교차로,교차로부근
1690,2012-12-10 19,야간,월,1,1,0,0,0,전남,장흥군,차대사람,기타,기타,안전운전 의무 불이행,단일로,기타단일로
1691,2012-10-27 05,야간,토,1,2,1,0,0,경남,고성군,차대차,정면충돌,정면충돌,중앙선 침범,교차로,교차로내
1692,2012-07-04 16,주간,수,1,1,0,0,0,충남,공주시,차대차,측면충돌,측면충돌,교차로 통행방법 위반,교차로,교차로내
1693,2012-06-05 18,야간,화,1,2,0,1,0,전북,남원시,차대차,측면충돌,측면충돌,신호위반,교차로,교차로내
1694,2012-02-20 19,야간,월,1,1,0,0,0,울산,중구,차대사람,횡단중,횡단중,안전운전 의무 불이행,단일로,기타단일로
1695,2012-11-22 15,주간,목,1,1,0,0,0,충북,옥천군,차대사람,길가장자리구역통행중,길가장자리구역통행중,안전운전 의무 불이행,단일로,기타단일로
1696,2012-06-05 15,주간,화,1,1,0,0,0,전북,남원시,차대차,측면충돌,측면충돌,교차로 통행방법 위반,교차로,교차로내
1697,2012-05-22 19,야간,화,1,1,0,0,0,경북,상주시,차량단독,도로이탈,도로이탈 추락,안전운전 의무 불이행,단일로,기타단일로
1698,2012-06-01 23,야간,금,1,1,0,0,0,경기,김포시,차대사람,기타,기타,안전운전 의무 불이행,단일로,기타단일로
1699,2012-02-10 05,야간,금,1,1,0,0,0,서울,영등포구,차대사람,기타,기타,안전운전 의무 불이행,단일로,기타단일로
1700,2012-04-21 21,야간,토,1,1,0,0,0,서울,서초구,차대사람,기타,기타,안전운전 의무 불이행,단일로,횡단보도상
1701,2012-10-01 19,야간,월,1,1,0,0,0,전북,고창군,차대사람,횡단중,횡단중,안전운전 의무 불이행,교차로,교차로부근
1702,2012-11-24 10,주간,토,1,1,0,0,0,경북,성주군,차대사람,길가장자리구역통행중,길가장자리구역통행중,안전운전 의무 불이행,교차로,교차로내
1703,2012-04-08 14,주간,일,1,1,0,0,0,경기,하남시,차량단독,기타,기타,안전운전 의무 불이행,단일로,기타단일로
1704,2012-03-21 06,주간,수,1,2,0,1,0,경남,창원시(통합),차대차,추돌,진행중 추돌,안전운전 의무 불이행,단일로,기타단일로
1705,2012-03-09 14,주간,금,1,1,0,0,0,서울,금천구,차량단독,공작물충돌,공작물충돌,안전운전 의무 불이행,교차로,교차로부근
1706,2012-09-22 10,주간,토,1,1,0,0,0,세종,세종,차대차,추돌,진행중 추돌,안전운전 의무 불이행,교차로,교차로부근
1707,2012-09-04 09,주간,토,2,2,0,0,0,전남,해남군,차량단독,도로이탈,도로이탈 추락,안전운전 의무 불이행,단일로,기타단일로
1708,2012-06-22 06,주간,금,1,2,1,0,0,대구,수성구,차대차,추돌,진행중 추돌,안전운전 의무 불이행,단일로,기타단일로
1709,2012-03-24 09,주간,토,1,1,0,0,0,충남,태안군,차대사람,횡단중,횡단중,안전운전 의무 불이행,기타/불명,기타/불명
1710,2012-04-06 13,주간,금,1,1,0,0,0,경남,통영시,차대사람,횡단중,횡단중,보행자 보호의무 위반,단일로,기타단일로
1711,2012-02-29 10,주간,수,1,1,0,0,0,충북,청주시,차량단독,기타,기타,안전운전 의무 불이행,단일로,기타단일로
1712,2012-10-16 15,주간,화,1,2,0,1,0,전남,고흥군,차대차,기타,기타,안전운전 의무 불이행,단일로,기타단일로
1713,2012-04-07 03,야간,토,1,2,0,0,1,인천,동구,차대차,측면충돌,측면충돌,신호위반,교차로,교차로내
1714,2012-10-02 18,야간,화,1,1,0,0,0,전북,고창군,차대사람,횡단중,횡단중,안전운전 의무 불이행,교차로,교차로내
1715,2012-03-22 09,주간,목,1,1,0,0,0,경북,안동시,차대차,측면충돌,측면충돌,기타,교차로,교차로내
1716,2012-03-02 19,야간,금,1,1,0,0,0,서울,양천구,차대사람,횡단중,횡단중,보행자 보호의무 위반,단일로,횡단보도상
1717,2012-09-13 21,야간,수,1,1,0,0,0,울산,울주군,차대차,추돌,진행중 추돌,안전운전 의무 불이행,단일로,기타단일로
1718,2012-04-15 18,야간,일,1,1,0,0,0,경북,칠곡군,차대차,기타,기타,안전운전 의무 불이행,단일로,기타단일로
1719,2012-09-07 23,야간,금,1,2,1,0,0,경남,창녕군,차량단독,공작물충돌,공작물충돌,안전운전 의무 불이행,단일로,기타단일로
1720,2012-03-07 16,주간,수,1,1,0,0,0,경기,성남시,차량단독,기타,기타,안전운전 의무 불이행,단일로,기타단일로
1721,2012-06-01 23,야간,금,1,1,0,0,0,경기,성남시,차대사람,차도통행중,차도통행중,안전운전 의무 불이행,단일로,기타단일로
1722,2012-09-08 05,야간,토,1,1,0,0,0,경남,창녕군,차량단독,도로이탈,도로이탈 추락,안전운전 의무 불이행,단일로,기타단일로
1723,2012-05-22 12,주간,화,1,1,0,0,0,충남,당진시,차대차,측면충돌,측면충돌,교차로 통행방법 위반,교차로,교차로내
1724,2012-03-15 04,야간,목,1,1,0,0,0,인천,부평구,차대사람,횡단중,횡단중,안전운전 의무 불이행,단일로,교량위
1725,2012-02-10 13,주간,금,1,2,1,0,0,경북,경주시,차대차,측면충돌,측면충돌,안전운전 의무 불이행,단일로,기타단일로
1726,2012-05-22 23,야간,화,1,1,0,0,0,충남,당진시,차량단독,공작물충돌,공작물충돌,안전운전 의무 불이행,단일로,기타단일로
1727,2012-09-21 23,야간,금,1,1,0,0,0,충남,금산군,차량단독,기타,기타,안전운전 의무 불이행,단일로,기타단일로
1728,2012-03-10 04,야간,토,1,2,0,1,0,경기,안산시,차대차,기타,기타,중앙선 침범,교차로,교차로내
1729,2012-03-27 20,야간,화,1,1,0,0,0,전남,광양시,차대사람,보도통행중,보도통행중,안전운전 의무 불이행,단일로,교량위
1730,2012-02-11 17,주간,토,1,1,0,0,0,서울,동대문구,차대사람,차도통행중,차도통행중,안전운전 의무 불이행,단일로,기타단일로
1731,2012-07-23 18,야간,월,1,1,0,0,0,경기,가평군,차대차,정면충돌,정면충돌,중앙선 침범,단일로,기타단일로
1732,2012-04-27 20,야간,금,1,2,0,1,0,충남,논산시,차대차,추돌,주정차중 추돌,안전운전 의무 불이행,단일로,기타단일로
1733,2012-12-29 15,주간,토,1,1,0,0,0,경북,영덕군,차량단독,도로이탈,도로이탈 추락,안전운전 의무 불이행,교차로,교차로부근
1734,2012-05-14 11,주간,월,1,2,0,1,0,경남,밀양시,차대차,추돌,주정차중 추돌,안전운전 의무 불이행,교차로,교차로내
1735,2012-09-16 13,주간,일,1,6,3,1,1,전남,화순군,차량단독,공작물충돌,공작물충돌,안전운전 의무 불이행,단일로,기타단일로
1736,2012-05-18 18,야간,금,1,1,0,0,0,전남,나주시,차량단독,공작물충돌,공작물충돌,안전운전 의무 불이행,단일로,기타단일로
1737,2012-09-25 19,야간,화,1,1,0,0,0,세종,세종,차대차,추돌,진행중 추돌,안전운전 의무 불이행,단일로,기타단일로
1738,2012-06-20 22,야간,수,1,1,0,0,0,전남,영암군,차대사람,길가장자리구역통행중,길가장자리구역통행중,안전운전 의무 불이행,단일로,기타단일로
1739,2012-09-10 09,주간,월,1,1,0,0,0,전남,해남군,차대차,추돌,주정차중 추돌,안전운전 의무 불이행,교차로,교차로부근
1740,2012-03-19 07,주간,월,1,2,0,0,1,부산,북구,차량단독,기타,기타,안전운전 의무 불이행,단일로,기타단일로
1741,2012-12-05 17,주간,수,1,1,0,0,0,전남,장성군,차량단독,전도전복,전도전복,안전운전 의무 불이행,단일로,기타단일로
1742,2012-02-22 17,주간,수,1,1,0,0,0,서울,노원구,차대사람,차도통행중,차도통행중,안전운전 의무 불이행,교차로,교차로내
1743,2012-02-13 05,야간,월,1,1,0,0,0,대구,서구,차대사람,횡단중,횡단중,신호위반,단일로,횡단보도상
1744,2012-06-08 03,야간,금,1,3,2,0,0,경기,양평군,차대사람,차도통행중,차도통행중,안전운전 의무 불이행,단일로,기타단일로
1745,2012-10-21 02,야간,일,2,4,1,1,0,전남,무안군,차량단독,공작물충돌,공작물충돌,과속,단일로,기타단일로
1746,2012-09-04 18,야간,화,1,1,0,0,0,전남,해남군,차량단독,도로이탈,도로이탈 기타,안전운전 의무 불이행,단일로,기타단일로
1747,2012-02-20 22,야간,월,1,1,0,0,0,강원,춘천시,차량단독,공작물충돌,공작물충돌,안전운전 의무 불이행,단일로,기타단일로
1748,2012-09-20 02,야간,목,1,1,0,0,0,부산,강서구,차대차,추돌,진행중 추돌,안전운전 의무 불이행,단일로,기타단일로
1749,2012-12-19 11,주간,수,1,1,0,0,0,경기,연천군,차량단독,공작물충돌,공작물충돌,안전운전 의무 불이행,단일로,기타단일로
1750,2012-06-23 19,야간,토,1,1,0,0,0,전남,영암군,차대차,측면충돌,측면충돌,기타,교차로,교차로내
1751,2012-01-31 05,야간,화,1,1,0,0,0,경기,수원시,차대사람,기타,기타,신호위반,교차로,교차로내
1752,2012-10-20 13,주간,토,1,1,0,0,0,전남,영광군,차량단독,전도전복,전도전복,안전운전 의무 불이행,교차로,교차로부근
1753,2012-02-07 02,야간,화,1,1,0,0,0,대구,달서구,차대사람,기타,기타,안전운전 의무 불이행,단일로,기타단일로
1754,2012-03-22 07,주간,목,1,1,0,0,0,제주,서귀포시,차대사람,횡단중,횡단중,안전운전 의무 불이행,단일로,기타단일로
1755,2012-11-12 18,야간,월,1,1,0,0,0,경남,고성군,차대사람,차도통행중,차도통행중,안전운전 의무 불이행,단일로,기타단일로
1756,2012-09-17 14,주간,월,1,1,0,0,0,충남,논산시,차량단독,공작물충돌,공작물충돌,안전운전 의무 불이행,단일로,기타단일로
1757,2012-07-28 01,야간,토,1,1,0,0,0,충남,홍성군,차대사람,기타,기타,안전운전 의무 불이행,단일로,기타단일로
1758,2012-06-11 00,야간,일,4,5,1,0,0,인천,중구,차대차,추돌,진행중 추돌,안전운전 의무 불이행,단일로,기타단일로
1759,2012-09-11 16,주간,화,1,1,0,0,0,충북,괴산군,차량단독,기타,기타,안전운전 의무 불이행,단일로,기타단일로
1760,2012-05-26 20,야간,토,1,1,0,0,0,충남,당진시,차대사람,횡단중,횡단중,안전운전 의무 불이행,교차로,교차로부근
1761,2012-08-24 19,야간,금,1,1,0,0,0,충남,예산군,차대사람,횡단중,횡단중,안전운전 의무 불이행,단일로,기타단일로
1762,2012-02-29 21,야간,수,1,2,1,0,0,경기,김포시,차대차,정면충돌,정면충돌,중앙선 침범,단일로,기타단일로
1763,2012-02-26 22,야간,일,1,1,0,0,0,경북,포항시,차대사람,횡단중,횡단중,안전운전 의무 불이행,단일로,횡단보도상
1764,2012-06-08 04,야간,금,1,2,1,0,0,서울,송파구,차대차,추돌,주정차중 추돌,안전운전 의무 불이행,단일로,기타단일로
1765,2012-07-14 18,야간,토,1,1,0,0,0,충남,공주시,차량단독,도로이탈,도로이탈 추락,안전운전 의무 불이행,교차로,교차로내
1766,2012-04-07 14,주간,토,1,2,0,1,0,경기,포천시,차대차,정면충돌,정면충돌,중앙선 침범,단일로,기타단일로
1767,2012-05-24 08,주간,목,1,1,0,0,0,경기,여주시,차대차,측면충돌,측면충돌,중앙선 침범,단일로,횡단보도상
1768,2012-03-06 15,주간,화,1,1,0,0,0,경기,광주시,차대사람,횡단중,횡단중,안전운전 의무 불이행,단일로,기타단일로
1769,2012-11-17 17,주간,토,1,1,0,0,0,경북,울진군,차대차,추돌,주정차중 추돌,안전운전 의무 불이행,교차로,교차로부근
1770,2012-09-17 19,야간,월,1,1,0,0,0,경남,창녕군,차량단독,전도전복,전도전복,안전운전 의무 불이행,단일로,기타단일로
1771,2012-03-12 22,야간,월,1,1,0,0,0,경기,안산시,차대사람,횡단중,횡단중,안전운전 의무 불이행,단일로,기타단일로
1772,2012-09-18 14,주간,화,1,1,0,0,0,경남,창녕군,차대차,추돌,진행중 추돌,안전운전 의무 불이행,단일로,기타단일로
1773,2012-02-21 16,주간,화,1,1,0,0,0,강원,춘천시,차량단독,도로이탈,도로이탈 추락,안전운전 의무 불이행,단일로,기타단일로
1774,2012-04-20 22,야간,금,1,3,1,1,0,경남,사천시,차대차,추돌,진행중 추돌,과속,단일로,터널안
1775,2012-02-13 15,주간,월,1,1,0,0,0,경기,의정부시,차대사람,횡단중,횡단중,안전운전 의무 불이행,교차로,교차로부근
1776,2012-10-28 11,주간,일,1,1,0,0,0,전남,영광군,차대차,정면충돌,정면충돌,중앙선 침범,단일로,기타단일로
1777,2012-04-08 00,야간,일,1,1,0,0,0,경기,부천시,차대차,기타,기타,신호위반,교차로,교차로내
1778,2012-10-01 02,야간,월,1,5,1,3,0,경남,밀양시,차대차,측면충돌,측면충돌,기타,단일로,기타단일로
1779,2012-05-29 20,야간,화,1,1,0,0,0,충남,당진시,차대차,추돌,진행중 추돌,안전운전 의무 불이행,단일로,기타단일로
1780,2012-02-08 06,주간,수,1,1,0,0,0,충북,청원군,차대사람,횡단중,횡단중,보행자 보호의무 위반,단일로,기타단일로
1781,2012-04-29 17,주간,일,2,5,3,0,0,경북,영천시,차량단독,공작물충돌,공작물충돌,안전운전 의무 불이행,단일로,기타단일로
1782,2012-08-07 19,야간,화,1,1,0,0,0,경북,문경시,차대사람,기타,기타,안전운전 의무 불이행,단일로,기타단일로
1783,2012-09-26 19,야간,수,1,2,1,0,0,경남,함안군,차량단독,기타,기타,과속,단일로,기타단일로
1784,2012-09-30 03,야간,일,1,1,0,0,0,충남,서천군,차대사람,기타,기타,안전운전 의무 불이행,단일로,기타단일로
1785,2012-03-29 16,주간,목,1,1,0,0,0,충남,서산시,차대차,측면충돌,측면충돌,안전운전 의무 불이행,단일로,기타단일로
1786,2012-03-05 23,야간,월,1,1,0,0,0,경기,수원시,차대차,추돌,주정차중 추돌,안전운전 의무 불이행,교차로,교차로내
1787,2012-10-16 18,야간,화,1,1,0,0,0,전북,고창군,차대사람,횡단중,횡단중,안전운전 의무 불이행,교차로,교차로내
1788,2012-02-02 07,주간,목,1,1,0,0,0,강원,원주시,차대사람,차도통행중,차도통행중,안전운전 의무 불이행,단일로,기타단일로
1789,2012-09-20 02,야간,목,1,1,0,0,0,전남,해남군,차대사람,기타,기타,안전운전 의무 불이행,단일로,기타단일로
1790,2012-03-05 23,야간,월,1,1,0,0,0,경기,수원시,차대사람,횡단중,횡단중,안전운전 의무 불이행,교차로,교차로부근
1791,2012-07-05 04,야간,목,1,1,0,0,0,경북,김천시,차대차,추돌,진행중 추돌,안전운전 의무 불이행,단일로,기타단일로
1792,2012-06-19 14,주간,화,1,1,0,0,0,전북,남원시,차량단독,전도전복,전도전복,안전운전 의무 불이행,교차로,교차로부근
1793,2012-07-05 22,야간,목,1,3,1,1,0,경북,문경시,차대차,추돌,진행중 추돌,안전운전 의무 불이행,단일로,기타단일로
1794,2012-02-26 23,야간,일,1,3,2,0,0,경북,포항시,차량단독,기타,기타,안전운전 의무 불이행,단일로,기타단일로
1795,2012-11-02 19,야간,금,1,2,1,0,0,전남,고흥군,차대사람,기타,기타,기타,단일로,기타단일로
1796,2012-12-25 18,야간,화,1,1,0,0,0,전남,강진군,차대사람,횡단중,횡단중,안전운전 의무 불이행,교차로,교차로내
1797,2012-05-22 06,주간,화,1,2,1,0,0,전북,정읍시,차량단독,도로이탈,도로이탈 추락,안전운전 의무 불이행,단일로,기타단일로
1798,2012-09-26 15,주간,수,1,1,0,0,0,충북,옥천군,차대사람,기타,기타,안전운전 의무 불이행,단일로,기타단일로
1799,2012-07-23 21,야간,월,1,1,0,0,0,충남,공주시,차대차,추돌,주정차중 추돌,안전운전 의무 불이행,단일로,기타단일로
1800,2012-04-12 14,주간,목,1,2,0,1,0,인천,중구,차대차,측면충돌,측면충돌,신호위반,교차로,교차로내
1801,2012-02-13 22,야간,월,1,2,1,0,0,경북,경주시,차대차,측면충돌,측면충돌,신호위반,교차로,교차로내
1802,2012-11-14 18,야간,수,1,1,0,0,0,경북,울진군,차대차,추돌,진행중 추돌,안전운전 의무 불이행,단일로,기타단일로
1803,2012-12-21 18,야간,금,1,1,0,0,0,경북,성주군,차대사람,기타,기타,안전운전 의무 불이행,단일로,기타단일로
1804,2012-07-23 02,야간,월,1,7,6,0,0,충남,보령시,차대차,측면충돌,측면충돌,신호위반,교차로,교차로내