교통사고이력ID(사고기록 순서),발생년월일시,주야코드,요일코드,사망자수,부상자수,중상자수,경상자수,부상신고자수,발생지시도코드,발생지시도코드,사고유형대분류코드,사고유형중분류코드,사고유형코드,법규위반코드,도로형태대분류코드,도로로형태코드
2609,2012-12-28 08,주간,금,1,1,0,0,0,경북,김천시,차량단독,전도전복,전도전복,안전운전 의무 불이행,단일로,기타단일로
2610,2012-02-24 20,야간,금,1,1,0,0,0,경기,평택시,차대사람,횡단중,횡단중,안전운전 의무 불이행,단일로,기타단일로
2611,2012-10-01 06,주간,월,1,4,3,0,0,충북,음성군,차량단독,공작물충돌,공작물충돌,안전운전 의무 불이행,단일로,횡단보도부근
2612,2012-09-24 05,야간,월,2,3,1,0,0,경북,상주시,차량단독,공작물충돌,공작물충돌,안전운전 의무 불이행,단일로,기타단일로
2613,2012-07-29 20,야간,일,1,1,0,0,0,광주,동구,차대사람,횡단중,횡단중,안전운전 의무 불이행,단일로,기타단일로
2614,2012-08-17 14,주간,금,1,1,0,0,0,충남,논산시,차량단독,도로이탈,도로이탈 추락,안전운전 의무 불이행,단일로,기타단일로
2615,2012-05-22 13,주간,화,1,1,0,0,0,경기,안성시,차대사람,기타,기타,안전운전 의무 불이행,단일로,기타단일로
2616,2012-11-07 17,주간,수,1,1,0,0,0,강원,홍천군,차량단독,공작물충돌,공작물충돌,안전운전 의무 불이행,기타/불명,기타/불명
2617,2012-06-22 22,야간,금,1,1,0,0,0,충북,제천시,차대차,추돌,주정차중 추돌,안전운전 의무 불이행,단일로,기타단일로
2618,2012-12-18 21,야간,화,1,1,0,0,0,전북,완주군,차량단독,기타,기타,안전운전 의무 불이행,단일로,기타단일로
2619,2012-02-22 11,주간,수,1,5,1,3,0,전북,전주시,차대차,기타,기타,신호위반,교차로,교차로내
2620,2012-10-16 02,야간,화,1,1,0,0,0,경기,화성시,차대차,추돌,진행중 추돌,안전운전 의무 불이행,단일로,기타단일로
2621,2012-05-20 01,야간,일,1,1,0,0,0,서울,성동구,차대사람,횡단중,횡단중,안전운전 의무 불이행,단일로,기타단일로
2622,2012-05-26 20,야간,토,1,1,0,0,0,충남,서산시,차대차,측면충돌,측면충돌,중앙선 침범,교차로,교차로부근
2623,2012-11-30 18,야간,금,1,1,0,0,0,전남,영암군,차대사람,차도통행중,차도통행중,안전운전 의무 불이행,단일로,기타단일로
2624,2012-02-22 19,야간,수,1,2,1,0,0,전북,전주시,차대사람,횡단중,횡단중,신호위반,교차로,교차로내
2625,2012-04-26 08,주간,목,1,1,0,0,0,강원,강릉시,차대차,기타,기타,안전운전 의무 불이행,단일로,기타단일로
2626,2012-12-03 10,주간,월,1,1,0,0,0,전남,영암군,차대차,측면충돌,측면충돌,중앙선 침범,교차로,교차로부근
2627,2012-05-12 04,야간,토,1,1,0,0,0,인천,계양구,차량단독,공작물충돌,공작물충돌,안전운전 의무 불이행,교차로,교차로부근
2628,2012-05-12 07,주간,토,1,1,0,0,0,인천,부평구,차량단독,기타,기타,안전운전 의무 불이행,단일로,기타단일로
2629,2012-06-24 14,주간,일,1,6,2,3,0,충북,제천시,차대차,측면충돌,측면충돌,기타,교차로,교차로내
2630,2012-03-30 22,야간,금,1,1,0,0,0,경기,광명시,차대사람,차도통행중,차도통행중,안전운전 의무 불이행,단일로,기타단일로
2631,2012-04-15 16,주간,일,1,1,0,0,0,경기,성남시,차대사람,기타,기타,안전운전 의무 불이행,단일로,기타단일로
2632,2012-09-25 20,야간,화,1,1,0,0,0,경북,상주시,차대사람,길가장자리구역통행중,길가장자리구역통행중,안전운전 의무 불이행,단일로,기타단일로
2633,2012-05-23 11,주간,수,1,1,0,0,0,광주,남구,차대사람,횡단중,횡단중,안전운전 의무 불이행,단일로,기타단일로
2634,2012-06-05 17,주간,화,1,1,0,0,0,부산,강서구,차대차,추돌,진행중 추돌,안전운전 의무 불이행,단일로,기타단일로
2635,2012-09-24 09,주간,월,1,1,0,0,0,전북,정읍시,차대사람,차도통행중,차도통행중,안전운전 의무 불이행,단일로,기타단일로
2636,2012-04-03 01,야간,화,1,1,0,0,0,충남,천안시,차대차,추돌,주정차중 추돌,안전운전 의무 불이행,교차로,교차로부근
2637,2012-10-17 22,야간,수,1,1,0,0,0,경기,안산시,차량단독,기타,기타,안전운전 의무 불이행,단일로,터널안
2638,2012-05-10 19,야간,목,1,3,1,1,0,충남,천안시,차량단독,전도전복,전도전복,안전운전 의무 불이행,단일로,기타단일로
2639,2012-06-03 16,주간,일,1,1,0,0,0,경남,김해시,차대차,측면충돌,측면충돌,안전운전 의무 불이행,교차로,교차로내
2640,2012-12-05 23,야간,수,1,1,0,0,0,충남,보령시,차량단독,도로이탈,도로이탈 추락,안전운전 의무 불이행,단일로,기타단일로
2641,2012-06-10 07,주간,토,1,1,0,0,0,대전,중구,차대사람,보도통행중,보도통행중,보행자 보호의무 위반,단일로,횡단보도상
2642,2012-05-04 23,야간,금,1,2,1,0,0,대구,남구,차대사람,기타,기타,안전운전 의무 불이행,교차로,교차로내
2643,2012-03-16 12,주간,금,1,1,0,0,0,경기,용인시,차량단독,공작물충돌,공작물충돌,안전운전 의무 불이행,단일로,기타단일로
2644,2012-11-08 18,야간,목,1,1,0,0,0,전북,남원시,차대사람,횡단중,횡단중,안전운전 의무 불이행,단일로,기타단일로
2645,2012-03-31 20,야간,토,1,1,0,0,0,경기,광명시,차대사람,기타,기타,안전운전 의무 불이행,단일로,기타단일로
2646,2012-02-28 11,주간,화,1,1,0,0,0,강원,원주시,차대사람,횡단중,횡단중,보행자 보호의무 위반,단일로,횡단보도상
2647,2012-11-05 02,야간,월,1,1,0,0,0,강원,동해시,차량단독,공작물충돌,공작물충돌,안전운전 의무 불이행,단일로,기타단일로
2648,2012-03-28 17,주간,수,1,1,0,0,0,대구,동구,차대차,추돌,진행중 추돌,안전운전 의무 불이행,단일로,기타단일로
2649,2012-04-08 14,주간,일,1,1,0,0,0,전남,여수시,차량단독,기타,기타,안전운전 의무 불이행,단일로,기타단일로
2650,2012-04-05 00,야간,목,1,1,0,0,0,경기,고양시,차대사람,횡단중,횡단중,안전운전 의무 불이행,단일로,횡단보도부근
2651,2012-12-07 23,야간,금,1,4,3,0,0,충남,보령시,차대차,기타,기타,기타,교차로,교차로부근
2652,2012-03-20 01,야간,화,1,1,0,0,0,경북,경주시,차량단독,전도전복,전도전복,안전운전 의무 불이행,단일로,기타단일로
2653,2012-03-03 02,야간,토,1,2,0,0,1,경기,고양시,차대차,기타,기타,안전운전 의무 불이행,단일로,기타단일로
2654,2012-07-18 08,주간,수,1,1,0,0,0,충남,아산시,차대사람,횡단중,횡단중,안전운전 의무 불이행,교차로,교차로부근
2655,2012-10-18 16,주간,목,2,3,0,1,0,경기,양평군,차대차,기타,기타,안전운전 의무 불이행,단일로,기타단일로
2656,2012-02-23 03,야간,목,1,2,1,0,0,서울,송파구,차량단독,공작물충돌,공작물충돌,안전운전 의무 불이행,단일로,기타단일로
2657,2012-10-12 13,주간,금,1,1,0,0,0,경기,동두천시,차량단독,공작물충돌,공작물충돌,안전운전 의무 불이행,교차로,교차로부근
2658,2012-05-04 01,야간,금,1,1,0,0,0,서울,서대문구,차대사람,기타,기타,안전운전 의무 불이행,단일로,기타단일로
2659,2012-05-12 21,야간,토,1,1,0,0,0,경기,성남시,차대사람,차도통행중,차도통행중,안전운전 의무 불이행,단일로,기타단일로
2660,2012-05-24 03,야간,목,1,2,1,0,0,경기,안산시,차대차,추돌,진행중 추돌,안전운전 의무 불이행,단일로,기타단일로
2661,2012-05-23 21,야간,수,1,1,0,0,0,경기,이천시,차대사람,차도통행중,차도통행중,안전운전 의무 불이행,단일로,기타단일로
2662,2012-12-06 09,주간,목,1,2,0,1,0,전남,영암군,차량단독,전도전복,전도전복,안전운전 의무 불이행,단일로,기타단일로
2663,2012-07-29 05,야간,일,1,1,0,0,0,경기,부천시,차대사람,횡단중,횡단중,안전운전 의무 불이행,단일로,기타단일로
2664,2012-11-16 12,주간,금,1,1,0,0,0,강원,홍천군,차대차,기타,기타,안전운전 의무 불이행,단일로,기타단일로
2665,2012-12-06 14,주간,목,1,1,0,0,0,전남,영암군,차대차,측면충돌,측면충돌,기타,교차로,교차로내
2666,2012-06-11 16,주간,월,1,1,0,0,0,경북,안동시,차량단독,전도전복,전도전복,안전운전 의무 불이행,단일로,기타단일로
2667,2012-10-10 08,주간,수,1,1,0,0,0,충북,음성군,차량단독,공작물충돌,공작물충돌,중앙선 침범,단일로,기타단일로
2668,2012-12-08 18,야간,토,1,1,0,0,0,전남,영암군,차대차,추돌,주정차중 추돌,안전운전 의무 불이행,단일로,기타단일로
2669,2012-04-28 16,주간,토,1,1,0,0,0,강원,강릉시,차대사람,횡단중,횡단중,안전운전 의무 불이행,단일로,기타단일로
2670,2012-04-28 03,야간,토,1,2,1,0,0,제주,제주시,차대차,정면충돌,정면충돌,중앙선 침범,단일로,기타단일로
2671,2012-07-28 07,주간,토,1,1,0,0,0,경북,칠곡군,차량단독,공작물충돌,공작물충돌,안전운전 의무 불이행,단일로,기타단일로
2672,2012-03-13 08,주간,화,1,4,0,3,0,경기,남양주시,차대차,측면충돌,측면충돌,안전운전 의무 불이행,교차로,교차로내
2673,2012-04-21 12,주간,토,1,1,0,0,0,경기,김포시,차대차,기타,기타,안전거리 미확보,단일로,기타단일로
2674,2012-07-11 12,주간,수,1,1,0,0,0,경남,진주시,차대사람,횡단중,횡단중,안전운전 의무 불이행,교차로,교차로내
2675,2012-10-10 19,야간,수,1,1,0,0,0,충북,음성군,차대사람,보도통행중,보도통행중,안전운전 의무 불이행,단일로,기타단일로
2676,2012-03-24 22,야간,토,1,1,0,0,0,인천,남구,차대사람,횡단중,횡단중,안전운전 의무 불이행,단일로,횡단보도부근
2677,2012-12-11 14,주간,화,1,1,0,0,0,강원,삼척시,차량단독,공작물충돌,공작물충돌,안전운전 의무 불이행,단일로,기타단일로
2678,2012-06-09 21,야간,토,1,1,0,0,0,대전,대덕구,차대사람,횡단중,횡단중,안전운전 의무 불이행,단일로,기타단일로
2679,2012-09-25 18,야간,화,1,1,0,0,0,경기,여주시,차대사람,차도통행중,차도통행중,안전운전 의무 불이행,단일로,기타단일로
2680,2012-07-23 20,야간,월,1,1,0,0,0,강원,양양군,차대차,기타,기타,안전운전 의무 불이행,단일로,기타단일로
2681,2012-05-27 00,야간,일,1,2,1,0,0,경기,안성시,차량단독,공작물충돌,공작물충돌,안전운전 의무 불이행,단일로,기타단일로
2682,2012-04-08 22,야간,일,1,1,0,0,0,인천,서구,차량단독,공작물충돌,공작물충돌,안전운전 의무 불이행,기타/불명,기타/불명
2683,2012-05-20 14,주간,일,1,1,0,0,0,서울,강북구,차량단독,공작물충돌,공작물충돌,안전운전 의무 불이행,단일로,기타단일로
2684,2012-10-16 14,주간,화,1,1,0,0,0,경기,동두천시,차대사람,횡단중,횡단중,안전운전 의무 불이행,교차로,교차로부근
2685,2012-10-30 03,야간,화,1,1,0,0,0,경기,용인시,차대차,추돌,진행중 추돌,안전운전 의무 불이행,단일로,기타단일로
2686,2012-05-10 02,야간,목,1,1,0,0,0,대구,중구,차대사람,횡단중,횡단중,안전운전 의무 불이행,단일로,기타단일로
2687,2012-07-28 05,야간,토,1,1,0,0,0,경남,사천시,차대사람,횡단중,횡단중,안전운전 의무 불이행,교차로,교차로내
2688,2012-06-09 15,주간,토,1,1,0,0,0,서울,도봉구,차대차,측면충돌,측면충돌,안전운전 의무 불이행,교차로,교차로내
2689,2012-06-08 20,야간,금,1,1,0,0,0,제주,서귀포시,차대사람,기타,기타,안전운전 의무 불이행,단일로,기타단일로
2690,2012-09-13 18,야간,목,1,1,0,0,0,경남,밀양시,차대차,측면충돌,측면충돌,중앙선 침범,단일로,기타단일로
2691,2012-04-16 04,야간,월,1,1,0,0,0,경남,김해시,차대사람,차도통행중,차도통행중,안전운전 의무 불이행,단일로,기타단일로
2692,2012-04-23 06,주간,월,1,2,1,0,0,경기,김포시,차대차,추돌,진행중 추돌,안전운전 의무 불이행,단일로,기타단일로
2693,2012-04-11 20,야간,수,1,1,0,0,0,울산,중구,차대사람,횡단중,횡단중,안전운전 의무 불이행,단일로,기타단일로
2694,2012-03-12 20,야간,월,1,1,0,0,0,전북,전주시,차대차,측면충돌,측면충돌,기타,교차로,교차로내
2695,2012-10-14 17,주간,일,1,1,0,0,0,충북,음성군,차량단독,도로이탈,도로이탈 추락,안전운전 의무 불이행,단일로,기타단일로
2696,2012-04-14 17,주간,토,1,1,0,0,0,경기,화성시,차대차,측면충돌,측면충돌,중앙선 침범,기타/불명,기타/불명
2697,2012-03-17 01,야간,토,1,1,0,0,0,광주,광산구,차량단독,공작물충돌,공작물충돌,안전운전 의무 불이행,단일로,기타단일로
2698,2012-03-02 07,주간,금,1,1,0,0,0,강원,원주시,차대차,정면충돌,정면충돌,중앙선 침범,단일로,기타단일로
2699,2012-11-20 08,주간,화,1,1,0,0,0,전북,남원시,차대차,정면충돌,정면충돌,중앙선 침범,단일로,기타단일로
2700,2012-11-21 06,주간,수,1,4,1,2,0,전북,남원시,차량단독,전도전복,전도전복,안전운전 의무 불이행,단일로,기타단일로
2701,2012-06-30 00,야간,토,1,1,0,0,0,서울,중구,차대사람,횡단중,횡단중,안전운전 의무 불이행,기타/불명,기타/불명
2702,2012-03-23 19,야간,금,1,1,0,0,0,서울,영등포구,차대사람,횡단중,횡단중,안전운전 의무 불이행,단일로,횡단보도상
2703,2012-10-18 14,주간,목,1,1,0,0,0,충북,음성군,차대차,기타,기타,중앙선 침범,단일로,기타단일로
2704,2012-06-10 15,주간,일,1,1,0,0,0,제주,서귀포시,차량단독,공작물충돌,공작물충돌,안전운전 의무 불이행,단일로,기타단일로
2705,2012-10-10 16,주간,수,1,1,0,0,0,전북,정읍시,차량단독,공작물충돌,공작물충돌,안전운전 의무 불이행,단일로,기타단일로
2706,2012-05-27 15,주간,일,1,1,0,0,0,경기,이천시,차대사람,횡단중,횡단중,안전운전 의무 불이행,교차로,교차로내
2707,2012-04-24 06,주간,화,1,1,0,0,0,전남,목포시,차대사람,횡단중,횡단중,안전운전 의무 불이행,단일로,기타단일로
2708,2012-05-23 07,주간,수,1,2,0,0,1,서울,구로구,차량단독,전도전복,전도전복,안전운전 의무 불이행,단일로,기타단일로
2709,2012-05-22 03,야간,화,1,1,0,0,0,서울,동작구,차대차,측면충돌,측면충돌,교차로 통행방법 위반,교차로,교차로내
2710,2012-06-01 23,야간,금,1,1,0,0,0,광주,남구,차대사람,횡단중,횡단중,안전운전 의무 불이행,단일로,기타단일로
2711,2012-10-11 19,야간,목,1,3,1,1,0,전북,정읍시,차대차,측면충돌,측면충돌,안전운전 의무 불이행,단일로,기타단일로
2712,2012-10-11 10,주간,목,1,1,0,0,0,경북,상주시,차대차,측면충돌,측면충돌,안전운전 의무 불이행,단일로,기타단일로
2713,2012-04-28 20,야간,토,1,1,0,0,0,서울,양천구,차대사람,횡단중,횡단중,안전운전 의무 불이행,단일로,기타단일로
2714,2012-12-27 22,야간,목,1,1,0,0,0,충남,보령시,차대사람,횡단중,횡단중,보행자 보호의무 위반,단일로,횡단보도상
2715,2012-11-20 16,주간,화,1,5,1,3,0,경북,영주시,차대차,측면충돌,측면충돌,교차로 통행방법 위반,교차로,교차로내
2716,2012-10-12 11,주간,금,1,1,0,0,0,전북,정읍시,차대차,정면충돌,정면충돌,기타,교차로,교차로내
2717,2012-02-26 06,주간,일,1,1,0,0,0,대구,북구,차량단독,공작물충돌,공작물충돌,안전운전 의무 불이행,교차로,교차로부근
2718,2012-06-18 14,주간,월,1,1,0,0,0,대전,중구,차대사람,횡단중,횡단중,중앙선 침범,단일로,기타단일로
2719,2012-04-11 00,야간,수,2,6,4,0,0,제주,제주시,차량단독,전도전복,전도전복,안전운전 의무 불이행,단일로,기타단일로
2720,2012-04-12 10,주간,목,1,1,0,0,0,전남,여수시,차대사람,횡단중,횡단중,안전운전 의무 불이행,교차로,교차로내
2721,2012-07-06 20,야간,금,1,1,0,0,0,경남,창원시(통합),차대사람,횡단중,횡단중,신호위반,단일로,횡단보도상
2722,2012-03-16 15,주간,금,1,1,0,0,0,경기,남양주시,차량단독,공작물충돌,공작물충돌,안전운전 의무 불이행,단일로,기타단일로
2723,2012-12-02 12,주간,일,2,6,3,1,0,강원,홍천군,차대차,기타,기타,안전운전 의무 불이행,단일로,기타단일로
2724,2012-07-23 15,주간,월,1,2,1,0,0,경기,하남시,차대차,측면충돌,측면충돌,안전운전 의무 불이행,단일로,횡단보도상
2725,2012-05-30 11,주간,수,1,1,0,0,0,경기,안산시,차대차,측면충돌,측면충돌,안전거리 미확보,단일로,기타단일로
2726,2012-08-04 16,주간,토,1,1,0,0,0,부산,기장군,차량단독,기타,기타,안전운전 의무 불이행,교차로,교차로부근
2727,2012-04-05 13,주간,목,1,1,0,0,0,서울,중랑구,차대차,측면충돌,측면충돌,안전거리 미확보,교차로,교차로내
2728,2012-03-29 07,주간,목,1,1,0,0,0,서울,강서구,차대사람,기타,기타,안전운전 의무 불이행,단일로,기타단일로
2729,2012-04-02 12,주간,월,2,5,2,1,0,서울,서초구,차대차,기타,기타,안전운전 의무 불이행,교차로,교차로내
2730,2012-05-02 09,주간,수,1,1,0,0,0,서울,광진구,차대사람,횡단중,횡단중,안전운전 의무 불이행,교차로,교차로내
2731,2012-07-13 04,야간,금,1,1,0,0,0,대구,달성군,차량단독,공작물충돌,공작물충돌,안전운전 의무 불이행,단일로,기타단일로
2732,2012-07-13 15,주간,금,1,2,0,1,0,인천,옹진군,차대차,정면충돌,정면충돌,중앙선 침범,단일로,기타단일로
2733,2012-10-14 18,야간,일,1,1,0,0,0,전북,정읍시,차대사람,차도통행중,차도통행중,안전운전 의무 불이행,단일로,기타단일로
2734,2012-06-21 00,야간,목,1,1,0,0,0,전남,광양시,차대차,기타,기타,안전운전 의무 불이행,단일로,기타단일로
2735,2012-05-11 20,야간,금,1,1,0,0,0,대전,동구,차대사람,횡단중,횡단중,안전운전 의무 불이행,단일로,기타단일로
2736,2012-04-14 19,야간,토,1,1,0,0,0,전남,순천시,차대사람,횡단중,횡단중,안전운전 의무 불이행,단일로,기타단일로
2737,2012-10-06 18,야간,토,1,1,0,0,0,전남,나주시,차대사람,기타,기타,안전운전 의무 불이행,단일로,횡단보도상
2738,2012-07-26 12,주간,목,1,1,0,0,0,울산,동구,차량단독,전도전복,전도전복,안전운전 의무 불이행,단일로,기타단일로
2739,2012-04-13 21,야간,금,1,1,0,0,0,전남,여수시,차대사람,횡단중,횡단중,안전운전 의무 불이행,단일로,기타단일로
2740,2012-10-05 22,야간,금,1,1,0,0,0,경기,여주시,차대사람,기타,기타,안전운전 의무 불이행,단일로,기타단일로
2741,2012-11-09 02,야간,금,1,3,0,2,0,경기,안성시,차대차,추돌,주정차중 추돌,안전운전 의무 불이행,단일로,기타단일로
2742,2012-02-29 23,야간,수,1,2,1,0,0,경기,평택시,차대사람,횡단중,횡단중,안전운전 의무 불이행,교차로,교차로부근
2743,2012-10-15 18,야간,월,1,1,0,0,0,전북,정읍시,차대차,추돌,진행중 추돌,안전운전 의무 불이행,단일로,기타단일로
2744,2012-10-13 13,주간,토,1,1,0,0,0,충남,당진시,차량단독,공작물충돌,공작물충돌,안전운전 의무 불이행,단일로,기타단일로
2745,2012-08-19 02,야간,일,1,2,0,1,0,서울,서초구,차대사람,기타,기타,신호위반,단일로,횡단보도부근
2746,2012-03-05 00,야간,월,1,1,0,0,0,전북,익산시,차대사람,횡단중,횡단중,안전운전 의무 불이행,단일로,기타단일로
2747,2012-04-20 07,주간,금,1,3,0,2,0,경남,김해시,차대차,추돌,진행중 추돌,안전운전 의무 불이행,단일로,기타단일로
2748,2012-10-07 12,주간,일,1,1,0,0,0,경기,여주시,차대사람,기타,기타,안전운전 의무 불이행,기타/불명,기타/불명
2749,2012-07-02 19,야간,월,1,1,0,0,0,경남,창원시(통합),차대사람,기타,기타,안전운전 의무 불이행,단일로,교량위
2750,2012-04-16 16,주간,월,1,3,0,2,0,전남,순천시,차대차,측면충돌,측면충돌,안전운전 의무 불이행,교차로,교차로내
2751,2012-10-26 16,주간,금,1,1,0,0,0,충북,음성군,차대사람,횡단중,횡단중,보행자 보호의무 위반,교차로,교차로내
2752,2012-06-01 20,야간,금,1,1,0,0,0,서울,금천구,차대사람,횡단중,횡단중,안전운전 의무 불이행,단일로,기타단일로
2753,2012-06-24 16,주간,일,1,1,0,0,0,부산,강서구,차량단독,공작물충돌,공작물충돌,안전운전 의무 불이행,단일로,교량위
2754,2012-09-09 07,주간,일,1,6,0,5,0,충남,논산시,차대차,기타,기타,신호위반,교차로,교차로내
2755,2012-07-28 07,주간,토,1,2,0,0,1,울산,북구,차량단독,도로이탈,도로이탈 추락,기타,단일로,기타단일로
2756,2012-04-20 18,야간,금,1,2,0,1,0,경남,김해시,차대차,측면충돌,측면충돌,기타,교차로,교차로부근
2757,2012-06-28 23,야간,목,1,1,0,0,0,경기,포천시,차대차,추돌,주정차중 추돌,안전운전 의무 불이행,단일로,기타단일로
2758,2012-02-27 14,주간,일,1,1,0,0,0,대구,북구,차대사람,횡단중,횡단중,안전운전 의무 불이행,단일로,기타단일로
2759,2012-11-11 09,주간,일,2,8,0,6,0,경기,시흥시,차대차,측면충돌,측면충돌,안전거리 미확보,단일로,기타단일로
2760,2012-05-22 15,주간,화,1,1,0,0,0,충북,충주시,차대차,정면충돌,정면충돌,안전운전 의무 불이행,단일로,기타단일로
2761,2012-03-25 20,야간,일,1,1,0,0,0,경북,경주시,차대사람,횡단중,횡단중,안전운전 의무 불이행,단일로,기타단일로
2762,2012-07-29 03,야간,일,1,1,0,0,0,울산,동구,차대사람,기타,기타,안전운전 의무 불이행,교차로,교차로부근
2763,2012-06-09 13,주간,토,1,2,1,0,0,충남,서산시,차대차,측면충돌,측면충돌,신호위반,교차로,교차로내
2764,2012-04-19 21,야간,목,1,1,0,0,0,서울,관악구,차대차,기타,기타,중앙선 침범,단일로,기타단일로
2765,2012-06-22 20,야간,금,1,1,0,0,0,경북,안동시,차대사람,길가장자리구역통행중,길가장자리구역통행중,안전운전 의무 불이행,단일로,기타단일로
2766,2012-11-14 16,주간,수,1,9,8,0,0,경기,의왕시,차대차,추돌,주정차중 추돌,안전운전 의무 불이행,단일로,기타단일로
2767,2012-06-10 13,주간,일,1,1,0,0,0,충남,서산시,차량단독,공작물충돌,공작물충돌,안전운전 의무 불이행,단일로,기타단일로
2768,2012-06-24 21,야간,일,1,1,0,0,0,전남,광양시,차대차,측면충돌,측면충돌,안전운전 의무 불이행,단일로,기타단일로
2769,2012-06-23 21,야간,토,1,1,0,0,0,대전,중구,차량단독,전도전복,전도전복,안전운전 의무 불이행,교차로,교차로내
2770,2012-12-05 04,야간,수,1,1,0,0,0,강원,동해시,차대사람,횡단중,횡단중,안전운전 의무 불이행,교차로,교차로내
2771,2012-08-13 22,야간,월,1,2,0,1,0,충남,아산시,차대사람,기타,기타,안전운전 의무 불이행,단일로,기타단일로
2772,2012-04-17 21,야간,화,1,1,0,0,0,전남,순천시,차대사람,횡단중,횡단중,안전운전 의무 불이행,교차로,교차로내
2773,2012-05-11 13,주간,금,1,1,0,0,0,충북,청주시,차대차,측면충돌,측면충돌,안전운전 의무 불이행,교차로,교차로부근
2774,2012-07-24 19,야간,화,1,1,0,0,0,서울,성북구,차대사람,횡단중,횡단중,안전운전 의무 불이행,교차로,교차로내
2775,2012-03-29 13,주간,목,1,2,0,1,0,전북,군산시,차대차,측면충돌,측면충돌,안전운전 의무 불이행,단일로,횡단보도상
2776,2012-03-05 06,주간,월,1,1,0,0,0,경북,구미시,차대사람,횡단중,횡단중,안전운전 의무 불이행,단일로,기타단일로
2777,2012-04-20 07,주간,금,1,1,0,0,0,경기,화성시,차대차,기타,기타,중앙선 침범,단일로,기타단일로
2778,2012-11-17 15,주간,토,1,9,2,6,0,경기,화성시,차대차,측면충돌,측면충돌,안전거리 미확보,단일로,기타단일로
2779,2012-05-23 15,주간,수,1,2,0,1,0,충남,천안시,차대차,정면충돌,정면충돌,교차로 통행방법 위반,교차로,교차로내
2780,2012-04-01 00,야간,일,1,1,0,0,0,인천,남구,차대사람,기타,기타,안전운전 의무 불이행,단일로,횡단보도부근
2781,2012-08-02 08,주간,목,1,1,0,0,0,경기,안양시,차량단독,공작물충돌,공작물충돌,안전운전 의무 불이행,단일로,고가도로위
2782,2012-04-17 00,야간,화,1,1,0,0,0,부산,연제구,차량단독,공작물충돌,공작물충돌,안전운전 의무 불이행,교차로,교차로부근
2783,2012-08-02 16,주간,목,1,1,0,0,0,경기,안양시,차대사람,횡단중,횡단중,안전운전 의무 불이행,단일로,기타단일로
2784,2012-08-07 19,야간,화,1,2,0,1,0,경남,사천시,차대차,기타,기타,중앙선 침범,단일로,기타단일로
2785,2012-09-28 18,야간,금,2,4,2,0,0,경남,밀양시,차대차,정면충돌,정면충돌,중앙선 침범,단일로,교량위
2786,2012-10-19 20,야간,금,1,1,0,0,0,충남,당진시,차대사람,길가장자리구역통행중,길가장자리구역통행중,안전운전 의무 불이행,단일로,기타단일로
2787,2012-08-08 02,야간,수,1,1,0,0,0,경남,사천시,차대차,기타,기타,신호위반,단일로,기타단일로
2788,2012-05-23 22,야간,수,1,1,0,0,0,충남,천안시,차대사람,기타,기타,안전운전 의무 불이행,단일로,기타단일로
2789,2012-03-06 17,주간,화,1,1,0,0,0,인천,남동구,차량단독,기타,기타,안전운전 의무 불이행,단일로,기타단일로
2790,2012-07-19 14,주간,목,1,1,0,0,0,서울,성북구,차대사람,횡단중,횡단중,안전운전 의무 불이행,교차로,교차로내
2791,2012-08-09 16,주간,목,1,1,0,0,0,부산,영도구,차량단독,전도전복,전도전복,안전운전 의무 불이행,단일로,기타단일로
2792,2012-03-20 02,야간,화,1,1,0,0,0,서울,강남구,차대사람,횡단중,횡단중,안전운전 의무 불이행,단일로,기타단일로
2793,2012-06-08 20,야간,금,1,1,0,0,0,서울,성동구,차대차,기타,기타,중앙선 침범,단일로,기타단일로
2794,2012-06-04 18,야간,월,1,1,0,0,0,서울,금천구,차대사람,횡단중,횡단중,안전운전 의무 불이행,단일로,기타단일로
2795,2012-06-25 19,야간,월,1,3,2,0,0,대전,중구,차대차,기타,기타,중앙선 침범,단일로,기타단일로
2796,2012-06-25 21,야간,월,1,1,0,0,0,대전,중구,차대사람,횡단중,횡단중,보행자 보호의무 위반,교차로,교차로부근
2797,2012-03-10 06,주간,토,1,1,0,0,0,광주,북구,차대사람,횡단중,횡단중,안전운전 의무 불이행,교차로,교차로부근
2798,2012-06-30 20,야간,토,1,1,0,0,0,부산,중구,차대사람,횡단중,횡단중,안전운전 의무 불이행,단일로,기타단일로
2799,2012-09-14 19,야간,금,1,1,0,0,0,충남,논산시,차대사람,횡단중,횡단중,안전운전 의무 불이행,단일로,기타단일로
2800,2012-07-25 00,야간,수,1,1,0,0,0,인천,옹진군,차대사람,기타,기타,안전운전 의무 불이행,단일로,기타단일로
2801,2012-05-06 07,주간,일,1,2,1,0,0,경기,성남시,차량단독,전도전복,전도전복,안전운전 의무 불이행,단일로,기타단일로
2802,2012-09-29 13,주간,토,1,1,0,0,0,경남,밀양시,차대차,추돌,주정차중 추돌,안전운전 의무 불이행,단일로,기타단일로
2803,2012-06-13 16,주간,수,1,3,1,1,0,인천,부평구,차대사람,기타,기타,안전운전 의무 불이행,단일로,횡단보도상
2804,2012-10-25 18,야간,목,1,1,0,0,0,전북,정읍시,차대사람,횡단중,횡단중,안전운전 의무 불이행,단일로,기타단일로
2805,2012-04-14 20,야간,토,1,1,0,0,0,서울,용산구,차대사람,기타,기타,안전운전 의무 불이행,단일로,횡단보도상
2806,2012-10-03 14,주간,수,1,1,0,0,0,경북,김천시,차량단독,기타,기타,안전운전 의무 불이행,단일로,기타단일로
2807,2012-03-23 00,야간,금,2,4,0,2,0,광주,광산구,차대차,정면충돌,정면충돌,중앙선 침범,교차로,교차로부근
2808,2012-08-22 16,주간,수,1,1,0,0,0,경기,부천시,차대사람,기타,기타,안전운전 의무 불이행,단일로,기타단일로