교통사고이력ID(사고기록 순서),발생년월일시,주야코드,요일코드,사망자수,부상자수,중상자수,경상자수,부상신고자수,발생지시도코드,발생지시도코드,사고유형대분류코드,사고유형중분류코드,사고유형코드,법규위반코드,도로형태대분류코드,도로로형태코드
2809,2012-09-20 16,주간,목,1,2,0,1,0,서울,종로구,차대차,측면충돌,측면충돌,중앙선 침범,단일로,기타단일로
2810,2012-05-18 18,야간,금,1,1,0,0,0,경남,창원시(통합),차대사람,기타,기타,안전운전 의무 불이행,단일로,기타단일로
2811,2012-03-30 22,야간,금,1,1,0,0,0,전북,군산시,차대사람,기타,기타,안전운전 의무 불이행,단일로,기타단일로
2812,2012-03-25 05,야간,일,1,2,1,0,0,대구,달서구,차대차,측면충돌,측면충돌,신호위반,교차로,교차로내
2813,2012-11-22 11,주간,목,2,18,9,6,1,서울,서초구,차대차,추돌,주정차중 추돌,안전운전 의무 불이행,단일로,기타단일로
2814,2012-12-18 13,주간,화,1,1,0,0,0,경북,영주시,차량단독,도로이탈,도로이탈 추락,안전운전 의무 불이행,단일로,기타단일로
2815,2012-10-26 18,야간,금,1,1,0,0,0,경북,상주시,차대차,추돌,진행중 추돌,안전운전 의무 불이행,단일로,기타단일로
2816,2012-04-25 08,주간,수,1,1,0,0,0,충북,청원군,차대사람,횡단중,횡단중,보행자 보호의무 위반,단일로,횡단보도상
2817,2012-10-28 14,주간,일,1,2,1,0,0,전북,정읍시,차대사람,횡단중,횡단중,안전운전 의무 불이행,단일로,기타단일로
2818,2012-03-31 23,야간,토,1,1,0,0,0,경기,안산시,차대사람,횡단중,횡단중,안전운전 의무 불이행,단일로,지하차도(도로)내
2819,2012-06-20 21,야간,수,1,1,0,0,0,경남,김해시,차대사람,길가장자리구역통행중,길가장자리구역통행중,안전운전 의무 불이행,단일로,기타단일로
2820,2012-04-30 05,야간,월,1,1,0,0,0,경기,김포시,차량단독,공작물충돌,공작물충돌,안전운전 의무 불이행,단일로,기타단일로
2821,2012-05-10 10,주간,목,1,37,7,29,0,제주,제주시,차대차,측면충돌,측면충돌,신호위반,교차로,교차로내
2822,2012-05-18 19,야간,금,1,1,0,0,0,서울,서대문구,차대차,측면충돌,측면충돌,교차로 통행방법 위반,교차로,교차로부근
2823,2012-11-24 04,야간,토,5,6,1,0,0,경기,안성시,차대차,추돌,주정차중 추돌,안전운전 의무 불이행,단일로,기타단일로
2824,2012-04-15 02,야간,일,1,1,0,0,0,대구,달서구,차대사람,차도통행중,차도통행중,안전운전 의무 불이행,단일로,횡단보도상
2825,2012-08-12 23,야간,일,1,1,0,0,0,부산,영도구,차대차,기타,기타,중앙선 침범,단일로,기타단일로
2826,2012-11-16 06,주간,금,1,6,2,3,0,경기,의왕시,차대차,정면충돌,정면충돌,중앙선 침범,교차로,교차로부근
2827,2012-08-27 10,주간,월,1,1,0,0,0,서울,종로구,차대사람,보도통행중,보도통행중,신호위반,단일로,기타단일로
2828,2012-05-11 18,야간,금,1,1,0,0,0,제주,제주시,차대사람,횡단중,횡단중,보행자 보호의무 위반,단일로,횡단보도상
2829,2012-12-25 16,주간,화,1,2,0,1,0,전북,남원시,차대차,정면충돌,정면충돌,중앙선 침범,단일로,기타단일로
2830,2012-10-25 09,주간,목,1,1,0,0,0,충남,당진시,차대사람,횡단중,횡단중,안전운전 의무 불이행,단일로,기타단일로
2831,2012-05-19 10,주간,토,1,1,0,0,0,대전,동구,차대사람,횡단중,횡단중,안전운전 의무 불이행,단일로,기타단일로
2832,2012-05-29 18,야간,화,1,2,1,0,0,충북,충주시,차대차,기타,기타,안전운전 의무 불이행,단일로,기타단일로
2833,2012-05-31 23,야간,목,1,2,0,0,1,인천,부평구,차대사람,기타,기타,안전운전 의무 불이행,단일로,기타단일로
2834,2012-05-01 18,야간,화,1,1,0,0,0,경기,안양시,차대차,정면충돌,정면충돌,안전운전 의무 불이행,단일로,기타단일로
2835,2012-11-09 16,주간,금,1,1,0,0,0,경기,동두천시,차대차,추돌,진행중 추돌,안전운전 의무 불이행,교차로,교차로부근
2836,2012-05-02 03,야간,수,1,1,0,0,0,경기,안양시,차대사람,차도통행중,차도통행중,안전운전 의무 불이행,교차로,교차로부근
2837,2012-08-09 14,주간,목,1,3,1,1,0,대전,서구,차대사람,기타,기타,안전운전 의무 불이행,단일로,기타단일로
2838,2012-05-02 04,야간,수,1,2,1,0,0,경기,안양시,차대차,측면충돌,측면충돌,안전운전 의무 불이행,교차로,교차로부근
2839,2012-06-02 03,야간,토,1,1,0,0,0,인천,계양구,차대사람,횡단중,횡단중,안전운전 의무 불이행,단일로,기타단일로
2840,2012-08-20 20,야간,월,1,1,0,0,0,부산,기장군,차대사람,차도통행중,차도통행중,안전운전 의무 불이행,단일로,기타단일로
2841,2012-12-30 19,야간,일,1,2,0,1,0,강원,홍천군,차량단독,전도전복,전도전복,안전운전 의무 불이행,단일로,기타단일로
2842,2012-07-27 05,야간,금,1,2,0,1,0,경남,진주시,차량단독,기타,기타,안전운전 의무 불이행,단일로,기타단일로
2843,2012-06-06 19,야간,수,1,1,0,0,0,서울,구로구,차대차,측면충돌,측면충돌,신호위반,교차로,교차로내
2844,2012-08-15 07,주간,수,1,2,0,1,0,경남,사천시,차대차,측면충돌,측면충돌,중앙선 침범,교차로,교차로내
2845,2012-06-15 00,야간,금,1,2,1,0,0,경남,창원시(통합),차대사람,횡단중,횡단중,신호위반,교차로,교차로부근
2846,2012-10-31 19,야간,수,1,1,0,0,0,경북,상주시,차대사람,횡단중,횡단중,안전운전 의무 불이행,교차로,교차로내
2847,2012-03-20 15,주간,화,1,1,0,0,0,전북,전주시,차대차,측면충돌,측면충돌,안전거리 미확보,교차로,교차로부근
2848,2012-05-12 10,주간,토,1,1,0,0,0,제주,제주시,차량단독,기타,기타,안전운전 의무 불이행,단일로,기타단일로
2849,2012-03-24 20,야간,토,1,1,0,0,0,경기,용인시,차량단독,기타,기타,안전운전 의무 불이행,기타/불명,기타/불명
2850,2012-10-26 14,주간,금,1,1,0,0,0,전남,나주시,차대차,추돌,진행중 추돌,안전운전 의무 불이행,기타/불명,기타/불명
2851,2012-08-10 14,주간,금,1,1,0,0,0,강원,속초시,차대차,추돌,진행중 추돌,안전운전 의무 불이행,교차로,교차로내
2852,2012-05-22 13,주간,화,1,1,0,0,0,서울,서대문구,차대사람,기타,기타,안전운전 의무 불이행,단일로,기타단일로
2853,2012-04-22 03,야간,일,1,1,0,0,0,울산,중구,차량단독,기타,기타,안전운전 의무 불이행,단일로,기타단일로
2854,2012-07-30 15,주간,월,1,1,0,0,0,경남,진주시,차대사람,횡단중,횡단중,안전운전 의무 불이행,단일로,기타단일로
2855,2012-05-29 02,야간,화,1,2,0,1,0,충남,천안시,차량단독,전도전복,전도전복,안전운전 의무 불이행,단일로,기타단일로
2856,2012-12-14 04,야간,금,1,2,0,1,0,경기,광명시,차대차,추돌,진행중 추돌,안전운전 의무 불이행,단일로,기타단일로
2857,2012-03-31 00,야간,토,1,1,0,0,0,서울,영등포구,차대차,기타,기타,안전운전 의무 불이행,단일로,기타단일로
2858,2012-11-08 19,야간,목,1,1,0,0,0,전북,정읍시,차량단독,공작물충돌,공작물충돌,안전운전 의무 불이행,단일로,기타단일로
2859,2012-06-09 19,야간,토,1,3,1,1,0,경기,이천시,차대차,추돌,진행중 추돌,안전운전 의무 불이행,단일로,기타단일로
2860,2012-08-11 06,주간,토,1,1,0,0,0,경기,안양시,차량단독,공작물충돌,공작물충돌,안전운전 의무 불이행,단일로,고가도로위
2861,2012-05-16 16,주간,수,1,2,1,0,0,충북,청원군,차대차,추돌,진행중 추돌,안전운전 의무 불이행,단일로,기타단일로
2862,2012-06-16 04,야간,토,1,5,4,0,0,경기,안성시,차대차,정면충돌,정면충돌,중앙선 침범,단일로,기타단일로
2863,2012-03-23 19,야간,금,1,1,0,0,0,경기,남양주시,차대사람,보도통행중,보도통행중,신호위반,단일로,기타단일로
2864,2012-10-27 11,주간,토,1,1,0,0,0,경기,여주시,차량단독,전도전복,전도전복,안전운전 의무 불이행,단일로,기타단일로
2865,2012-04-22 11,주간,일,1,1,0,0,0,전남,순천시,차대차,추돌,주정차중 추돌,안전운전 의무 불이행,단일로,기타단일로
2866,2012-04-14 08,주간,토,1,1,0,0,0,대구,서구,차대차,추돌,진행중 추돌,안전거리 미확보,단일로,기타단일로
2867,2012-05-03 08,주간,목,1,3,2,0,0,경기,김포시,차대차,기타,기타,안전운전 의무 불이행,단일로,터널안
2868,2012-08-14 05,야간,화,1,1,0,0,0,경기,군포시,차대사람,횡단중,횡단중,안전운전 의무 불이행,단일로,횡단보도상
2869,2012-04-26 20,야간,목,1,2,0,1,0,경기,화성시,차대차,추돌,진행중 추돌,안전운전 의무 불이행,단일로,기타단일로
2870,2012-04-22 19,야간,일,1,2,0,1,0,전남,순천시,차대차,추돌,진행중 추돌,안전운전 의무 불이행,단일로,기타단일로
2871,2012-05-31 08,주간,목,1,3,1,1,0,경기,성남시,차대차,추돌,주정차중 추돌,안전운전 의무 불이행,단일로,기타단일로
2872,2012-09-26 16,주간,수,1,1,0,0,0,경북,영천시,차대차,추돌,진행중 추돌,기타,단일로,기타단일로
2873,2012-10-28 19,야간,일,1,1,0,0,0,전남,나주시,차대사람,기타,기타,안전운전 의무 불이행,단일로,기타단일로
2874,2012-06-05 23,야간,화,1,1,0,0,0,인천,연수구,차대차,측면충돌,측면충돌,안전거리 미확보,교차로,교차로부근
2875,2012-04-21 14,주간,토,1,1,0,0,0,전남,여수시,차대사람,횡단중,횡단중,안전운전 의무 불이행,단일로,기타단일로
2876,2012-07-04 14,주간,수,2,6,1,3,0,경북,안동시,차대차,정면충돌,정면충돌,중앙선 침범,기타/불명,기타/불명
2877,2012-12-11 00,야간,화,1,1,0,0,0,서울,은평구,차대사람,횡단중,횡단중,안전운전 의무 불이행,단일로,기타단일로
2878,2012-08-14 00,야간,화,1,1,0,0,0,대전,서구,차대사람,횡단중,횡단중,안전운전 의무 불이행,단일로,기타단일로
2879,2012-10-29 06,주간,월,1,1,0,0,0,전남,나주시,차대차,추돌,주정차중 추돌,안전운전 의무 불이행,단일로,기타단일로
2880,2012-04-18 01,야간,수,1,3,1,1,0,충남,천안시,차대차,측면충돌,측면충돌,안전운전 의무 불이행,교차로,교차로내
2881,2012-05-24 10,주간,목,1,1,0,0,0,대전,동구,차대차,추돌,진행중 추돌,안전운전 의무 불이행,교차로,교차로부근
2882,2012-12-17 19,야간,월,1,1,0,0,0,인천,남구,차량단독,전도전복,전도전복,안전운전 의무 불이행,단일로,기타단일로
2883,2012-06-01 07,주간,금,1,1,0,0,0,충남,천안시,차대사람,횡단중,횡단중,보행자 보호의무 위반,단일로,횡단보도상
2884,2012-09-23 16,주간,일,1,1,0,0,0,충남,논산시,차량단독,전도전복,전도전복,안전운전 의무 불이행,기타/불명,기타/불명
2885,2012-07-17 00,야간,화,1,1,0,0,0,경남,창원시(통합),차대사람,기타,기타,안전운전 의무 불이행,단일로,기타단일로
2886,2012-09-28 18,야간,금,1,1,0,0,0,경북,영천시,차량단독,기타,기타,안전운전 의무 불이행,교차로,교차로내
2887,2012-07-05 01,야간,목,1,2,1,0,0,경북,안동시,차량단독,공작물충돌,공작물충돌,안전운전 의무 불이행,단일로,기타단일로
2888,2012-05-25 22,야간,금,1,1,0,0,0,경남,창원시(통합),차대사람,차도통행중,차도통행중,안전운전 의무 불이행,단일로,기타단일로
2889,2012-06-18 12,주간,월,1,1,0,0,0,경기,안성시,차대차,측면충돌,측면충돌,안전운전 의무 불이행,단일로,기타단일로
2890,2012-06-17 22,야간,일,1,1,0,0,0,서울,성동구,차대사람,기타,기타,안전운전 의무 불이행,교차로,교차로내
2891,2012-11-16 20,야간,금,1,1,0,0,0,경기,동두천시,차대사람,횡단중,횡단중,안전운전 의무 불이행,교차로,교차로내
2892,2012-10-29 18,야간,월,1,6,4,1,0,충남,당진시,차대차,측면충돌,측면충돌,중앙선 침범,교차로,교차로부근
2893,2012-10-30 05,야간,화,1,1,0,0,0,전남,나주시,차량단독,공작물충돌,공작물충돌,안전운전 의무 불이행,교차로,교차로부근
2894,2012-12-20 12,주간,목,1,1,0,0,0,인천,남동구,차량단독,공작물충돌,공작물충돌,안전운전 의무 불이행,단일로,기타단일로
2895,2012-03-05 05,야간,월,1,1,0,0,0,대구,수성구,차대사람,횡단중,횡단중,신호위반,교차로,교차로내
2896,2012-09-19 21,야간,수,1,1,0,0,0,서울,중구,차대차,측면충돌,측면충돌,중앙선 침범,교차로,교차로부근
2897,2012-10-31 11,주간,수,1,1,0,0,0,경기,여주시,차량단독,전도전복,전도전복,안전운전 의무 불이행,단일로,기타단일로
2898,2012-05-28 16,주간,월,1,1,0,0,0,경남,창원시(통합),차대차,정면충돌,정면충돌,안전운전 의무 불이행,단일로,기타단일로
2899,2012-12-05 06,주간,수,1,1,0,0,0,경기,양주시,차량단독,공작물충돌,공작물충돌,안전운전 의무 불이행,단일로,기타단일로
2900,2012-07-05 21,야간,목,1,1,0,0,0,경남,창원시(통합),차대사람,차도통행중,차도통행중,안전운전 의무 불이행,단일로,기타단일로
2901,2012-08-13 22,야간,월,1,1,0,0,0,경기,하남시,차대차,측면충돌,측면충돌,교차로 통행방법 위반,교차로,교차로내
2902,2012-03-31 08,주간,토,1,1,0,0,0,경기,수원시,차대사람,횡단중,횡단중,안전운전 의무 불이행,단일로,기타단일로
2903,2012-07-06 02,야간,금,1,6,1,3,1,경남,창원시(통합),차대차,추돌,주정차중 추돌,안전운전 의무 불이행,교차로,교차로부근
2904,2012-07-31 12,주간,화,1,1,0,0,0,충북,제천시,차대사람,기타,기타,안전운전 의무 불이행,단일로,기타단일로
2905,2012-11-08 13,주간,목,1,1,0,0,0,경북,상주시,차량단독,도로이탈,도로이탈 기타,안전운전 의무 불이행,교차로,교차로부근
2906,2012-06-14 05,야간,목,1,1,0,0,0,서울,구로구,차대사람,횡단중,횡단중,안전운전 의무 불이행,단일로,기타단일로
2907,2012-11-09 06,주간,금,1,1,0,0,0,경북,상주시,차대사람,차도통행중,차도통행중,안전운전 의무 불이행,단일로,기타단일로
2908,2012-12-08 17,주간,토,1,1,0,0,0,경기,양평군,차대차,기타,기타,보행자 보호의무 위반,단일로,횡단보도상
2909,2012-04-01 02,야간,일,1,1,0,0,0,경기,수원시,차량단독,공작물충돌,공작물충돌,안전운전 의무 불이행,단일로,기타단일로
2910,2012-04-25 06,주간,수,1,1,0,0,0,울산,중구,차대차,추돌,진행중 추돌,안전거리 미확보,교차로,교차로부근
2911,2012-03-12 01,야간,월,1,2,1,0,0,인천,남동구,차대차,기타,기타,교차로 통행방법 위반,교차로,교차로내
2912,2012-07-03 10,주간,화,1,1,0,0,0,대전,중구,차대차,기타,기타,안전운전 의무 불이행,단일로,기타단일로
2913,2012-03-20 19,야간,화,1,1,0,0,0,충북,청원군,차대차,추돌,진행중 추돌,안전운전 의무 불이행,단일로,기타단일로
2914,2012-05-06 01,야간,일,1,3,2,0,0,경기,안양시,차대차,측면충돌,측면충돌,신호위반,교차로,교차로부근
2915,2012-10-02 11,주간,화,1,1,0,0,0,충남,논산시,차량단독,전도전복,전도전복,안전운전 의무 불이행,단일로,기타단일로
2916,2012-08-27 15,주간,월,1,1,0,0,0,경남,사천시,차대차,측면충돌,측면충돌,과속,교차로,교차로내
2917,2012-06-14 14,주간,목,1,1,0,0,0,경기,이천시,차대사람,차도통행중,차도통행중,신호위반,교차로,교차로내
2918,2012-04-09 07,주간,월,1,1,0,0,0,서울,강서구,차대사람,차도통행중,차도통행중,안전운전 의무 불이행,교차로,교차로내
2919,2012-06-27 14,주간,수,1,1,0,0,0,울산,울주군,차대차,정면충돌,정면충돌,안전운전 의무 불이행,단일로,기타단일로
2920,2012-07-03 20,야간,화,1,1,0,0,0,제주,서귀포시,차량단독,공작물충돌,공작물충돌,안전운전 의무 불이행,단일로,기타단일로
2921,2012-06-23 15,주간,토,1,2,1,0,0,경기,안성시,차량단독,공작물충돌,공작물충돌,안전운전 의무 불이행,단일로,기타단일로
2922,2012-06-24 08,주간,일,1,1,0,0,0,경기,안성시,차량단독,공작물충돌,공작물충돌,안전운전 의무 불이행,단일로,기타단일로
2923,2012-10-03 09,주간,수,1,1,0,0,0,경북,영천시,차대차,측면충돌,측면충돌,기타,교차로,교차로내
2924,2012-11-06 08,주간,화,1,6,4,1,0,충남,당진시,차대차,정면충돌,정면충돌,중앙선 침범,단일로,기타단일로
2925,2012-12-11 05,야간,화,1,7,0,0,6,경기,하남시,차대차,추돌,진행중 추돌,안전운전 의무 불이행,단일로,기타단일로
2926,2012-04-26 03,야간,목,1,1,0,0,0,부산,연제구,차대사람,기타,기타,신호위반,단일로,횡단보도상
2927,2012-10-23 19,야간,화,1,1,0,0,0,경남,밀양시,차대차,측면충돌,측면충돌,교차로 통행방법 위반,교차로,교차로내
2928,2012-05-19 02,야간,토,1,1,0,0,0,부산,금정구,차대사람,기타,기타,안전운전 의무 불이행,단일로,횡단보도상
2929,2012-11-05 11,주간,월,1,1,0,0,0,경기,여주시,차대차,측면충돌,측면충돌,안전운전 의무 불이행,교차로,교차로부근
2930,2012-09-18 00,야간,화,1,1,0,0,0,서울,서초구,차대사람,기타,기타,안전운전 의무 불이행,단일로,기타단일로
2931,2012-11-06 19,야간,화,1,1,0,0,0,충남,당진시,차대사람,길가장자리구역통행중,길가장자리구역통행중,안전운전 의무 불이행,단일로,기타단일로
2932,2012-08-10 17,주간,금,1,1,0,0,0,대구,달성군,차량단독,공작물충돌,공작물충돌,안전운전 의무 불이행,단일로,기타단일로
2933,2012-07-02 11,주간,월,1,1,0,0,0,경남,김해시,차대사람,차도통행중,차도통행중,기타,단일로,기타단일로
2934,2012-04-29 11,주간,일,1,1,0,0,0,경기,화성시,차량단독,전도전복,전도전복,안전운전 의무 불이행,단일로,기타단일로
2935,2012-04-30 15,주간,월,1,5,0,4,0,경기,화성시,차대차,추돌,주정차중 추돌,안전운전 의무 불이행,단일로,기타단일로
2936,2012-05-23 06,주간,수,1,1,0,0,0,충북,청주시,차대차,기타,기타,안전운전 의무 불이행,교차로,교차로내
2937,2012-11-08 03,야간,목,2,2,0,0,0,충남,당진시,차량단독,공작물충돌,공작물충돌,안전운전 의무 불이행,교차로,교차로부근
2938,2012-06-08 02,야간,금,1,2,0,1,0,충남,천안시,차대차,정면충돌,정면충돌,안전운전 의무 불이행,단일로,터널안
2939,2012-06-26 14,주간,화,1,1,0,0,0,충남,태안군,차대차,기타,기타,안전운전 의무 불이행,단일로,기타단일로
2940,2012-07-09 23,야간,월,1,1,0,0,0,경기,양주시,차대사람,횡단중,횡단중,안전운전 의무 불이행,단일로,횡단보도상
2941,2012-06-26 17,주간,화,1,1,0,0,0,충남,서산시,차량단독,도로이탈,도로이탈 추락,안전운전 의무 불이행,단일로,기타단일로
2942,2012-11-10 18,야간,토,1,1,0,0,0,전남,나주시,차대사람,기타,기타,안전운전 의무 불이행,단일로,기타단일로
2943,2012-06-10 22,야간,일,1,3,1,1,0,인천,부평구,차대사람,횡단중,횡단중,안전운전 의무 불이행,교차로,교차로내
2944,2012-05-19 06,주간,토,1,1,0,0,0,서울,강남구,차대차,추돌,진행중 추돌,안전운전 의무 불이행,교차로,교차로부근
2945,2012-06-27 11,주간,수,1,1,0,0,0,충남,서산시,차대차,측면충돌,측면충돌,기타,교차로,교차로내
2946,2012-12-04 10,주간,화,1,1,0,0,0,충북,음성군,차량단독,공작물충돌,공작물충돌,안전운전 의무 불이행,단일로,기타단일로
2947,2012-04-19 21,야간,목,1,1,0,0,0,경북,경산시,차대사람,횡단중,횡단중,안전운전 의무 불이행,교차로,교차로내
2948,2012-04-03 15,주간,화,1,1,0,0,0,경기,수원시,차대사람,횡단중,횡단중,기타,교차로,교차로부근
2949,2012-11-10 05,야간,토,1,1,0,0,0,충남,당진시,차대사람,횡단중,횡단중,안전운전 의무 불이행,단일로,기타단일로
2950,2012-10-26 08,주간,금,1,1,0,0,0,경북,김천시,차대차,측면충돌,측면충돌,안전운전 의무 불이행,단일로,기타단일로
2951,2012-05-09 21,야간,수,1,1,0,0,0,경북,포항시,차대사람,기타,기타,안전운전 의무 불이행,단일로,기타단일로
2952,2012-03-16 06,주간,금,1,9,2,6,0,강원,원주시,차대차,측면충돌,측면충돌,신호위반,교차로,교차로내
2953,2012-06-14 17,주간,목,1,2,1,0,0,인천,연수구,차대차,기타,기타,안전운전 의무 불이행,단일로,지하차도(도로)내
2954,2012-04-22 00,야간,일,1,1,0,0,0,경북,경산시,차대사람,기타,기타,안전운전 의무 불이행,교차로,교차로내
2955,2012-06-12 10,주간,화,1,1,0,0,0,충북,충주시,차대차,추돌,진행중 추돌,안전운전 의무 불이행,단일로,기타단일로
2956,2012-04-04 06,주간,수,1,2,1,0,0,경북,경주시,차대차,측면충돌,측면충돌,안전운전 의무 불이행,교차로,교차로부근
2957,2012-10-27 18,야간,토,1,1,0,0,0,경북,김천시,차대사람,기타,기타,신호위반,단일로,기타단일로
2958,2012-04-04 20,야간,수,1,1,0,0,0,서울,영등포구,차대사람,차도통행중,차도통행중,안전운전 의무 불이행,단일로,기타단일로
2959,2012-04-30 08,주간,월,1,3,0,2,0,서울,강동구,차대차,추돌,진행중 추돌,안전운전 의무 불이행,단일로,기타단일로
2960,2012-05-16 20,야간,수,1,2,0,1,0,경기,광주시,차대차,추돌,진행중 추돌,안전거리 미확보,단일로,기타단일로
2961,2012-03-30 02,야간,금,1,1,0,0,0,광주,광산구,차량단독,공작물충돌,공작물충돌,안전운전 의무 불이행,단일로,기타단일로
2962,2012-04-04 16,주간,수,1,3,2,0,0,경북,경주시,차대차,측면충돌,측면충돌,신호위반,교차로,교차로내
2963,2012-06-21 04,야간,목,1,1,0,0,0,서울,구로구,차대사람,횡단중,횡단중,안전운전 의무 불이행,단일로,횡단보도상
2964,2012-09-29 17,주간,토,1,1,0,0,0,서울,중구,차대사람,횡단중,횡단중,안전운전 의무 불이행,단일로,횡단보도부근
2965,2012-08-13 06,주간,월,1,1,0,0,0,경남,창원시(통합),차대차,측면충돌,측면충돌,안전운전 의무 불이행,교차로,교차로내
2966,2012-03-17 08,주간,토,3,10,5,2,0,경기,시흥시,차대차,측면충돌,측면충돌,신호위반,교차로,교차로내
2967,2012-06-28 10,주간,목,1,1,0,0,0,경남,창원시(통합),차대사람,횡단중,횡단중,안전운전 의무 불이행,단일로,횡단보도부근
2968,2012-11-26 18,야간,월,1,1,0,0,0,전북,정읍시,차대사람,기타,기타,안전운전 의무 불이행,단일로,기타단일로
2969,2012-06-10 23,야간,일,1,2,0,1,0,경남,거제시,차대차,추돌,진행중 추돌,안전운전 의무 불이행,단일로,기타단일로
2970,2012-05-29 08,주간,화,1,1,0,0,0,경기,수원시,차대사람,횡단중,횡단중,안전운전 의무 불이행,단일로,기타단일로
2971,2012-05-11 20,야간,금,1,1,0,0,0,경남,양산시,차대사람,횡단중,횡단중,과속,단일로,기타단일로
2972,2012-06-15 02,야간,금,1,1,0,0,0,인천,부평구,차대사람,횡단중,횡단중,안전운전 의무 불이행,교차로,교차로부근
2973,2012-06-06 14,주간,수,1,1,0,0,0,경남,창원시(통합),차대차,기타,기타,안전운전 의무 불이행,교차로,교차로내
2974,2012-06-23 01,야간,토,1,1,0,0,0,서울,구로구,차대사람,보도통행중,보도통행중,기타,단일로,기타단일로
2975,2012-03-04 00,야간,일,1,1,0,0,0,대전,유성구,차대사람,차도통행중,차도통행중,안전운전 의무 불이행,단일로,기타단일로
2976,2012-06-04 22,야간,월,1,1,0,0,0,대전,동구,차대차,측면충돌,측면충돌,중앙선 침범,단일로,기타단일로
2977,2012-06-15 02,야간,금,1,1,0,0,0,인천,부평구,차대사람,기타,기타,안전운전 의무 불이행,단일로,기타단일로
2978,2012-12-13 10,주간,목,1,1,0,0,0,충북,음성군,차대사람,횡단중,횡단중,안전운전 의무 불이행,교차로,교차로내
2979,2012-11-23 15,주간,금,1,1,0,0,0,경북,상주시,차량단독,도로이탈,도로이탈 기타,안전운전 의무 불이행,단일로,기타단일로
2980,2012-04-30 04,야간,월,1,1,0,0,0,울산,북구,차대차,측면충돌,측면충돌,신호위반,교차로,교차로내
2981,2012-10-12 08,주간,금,1,1,0,0,0,충남,논산시,차량단독,도로이탈,도로이탈 추락,안전운전 의무 불이행,단일로,기타단일로
2982,2012-09-12 01,야간,수,1,1,0,0,0,부산,기장군,차대차,기타,기타,안전운전 의무 불이행,단일로,기타단일로
2983,2012-07-29 02,야간,일,3,3,0,0,0,경기,포천시,차량단독,공작물충돌,공작물충돌,안전운전 의무 불이행,교차로,교차로부근
2984,2012-06-20 15,주간,수,1,1,0,0,0,경기,이천시,차량단독,전도전복,전도전복,안전운전 의무 불이행,단일로,기타단일로
2985,2012-10-17 17,주간,수,1,1,0,0,0,경북,영천시,차량단독,공작물충돌,공작물충돌,안전운전 의무 불이행,단일로,기타단일로
2986,2012-11-03 13,주간,토,1,1,0,0,0,경남,밀양시,차대사람,기타,기타,안전운전 의무 불이행,단일로,기타단일로
2987,2012-03-24 10,주간,토,1,1,0,0,0,충북,청주시,차대사람,차도통행중,차도통행중,안전운전 의무 불이행,단일로,기타단일로
2988,2012-11-27 17,주간,화,1,1,0,0,0,경북,상주시,차대차,기타,기타,안전운전 의무 불이행,단일로,기타단일로
2989,2012-07-24 01,야간,화,1,1,0,0,0,부산,강서구,차량단독,공작물충돌,공작물충돌,안전운전 의무 불이행,단일로,기타단일로
2990,2012-11-01 18,야간,목,1,1,0,0,0,경북,김천시,차대사람,보도통행중,보도통행중,신호위반,단일로,기타단일로
2991,2012-10-17 07,주간,수,1,1,0,0,0,경북,영천시,차량단독,공작물충돌,공작물충돌,안전운전 의무 불이행,단일로,기타단일로
2992,2012-06-05 23,야간,화,1,3,1,1,0,서울,서대문구,차대차,정면충돌,정면충돌,중앙선 침범,단일로,기타단일로
2993,2012-10-15 20,야간,월,1,1,0,0,0,충남,논산시,차대차,측면충돌,측면충돌,기타,교차로,교차로내
2994,2012-10-19 13,주간,금,1,2,1,0,0,경북,영천시,차대사람,횡단중,횡단중,과속,단일로,횡단보도상
2995,2012-11-03 06,주간,토,1,5,3,1,0,경북,김천시,차대차,측면충돌,측면충돌,안전운전 의무 불이행,단일로,기타단일로
2996,2012-08-06 19,야간,월,1,3,1,1,0,경남,통영시,차대사람,보도통행중,보도통행중,안전운전 의무 불이행,단일로,기타단일로
2997,2012-12-25 04,야간,화,1,2,1,0,0,경기,군포시,차량단독,공작물충돌,공작물충돌,안전운전 의무 불이행,단일로,기타단일로
2998,2012-09-12 05,야간,수,1,1,0,0,0,경남,사천시,차대사람,횡단중,횡단중,안전운전 의무 불이행,단일로,횡단보도상
2999,2012-03-20 01,야간,화,1,1,0,0,0,경기,부천시,차대사람,횡단중,횡단중,안전운전 의무 불이행,단일로,기타단일로
3000,2012-06-13 19,야간,수,1,1,0,0,0,경남,거제시,차대차,측면충돌,측면충돌,신호위반,교차로,교차로내
3001,2012-05-04 10,주간,금,1,1,0,0,0,서울,관악구,차대차,측면충돌,측면충돌,안전운전 의무 불이행,단일로,기타단일로
3002,2012-04-11 20,야간,수,1,2,1,0,0,경기,안산시,차대차,측면충돌,측면충돌,안전운전 의무 불이행,교차로,교차로내
3003,2012-04-23 21,야간,월,1,1,0,0,0,경북,경산시,차량단독,전도전복,전도전복,안전운전 의무 불이행,단일로,기타단일로
3004,2012-06-07 15,주간,목,1,1,0,0,0,대전,동구,차대사람,보도통행중,보도통행중,기타,단일로,횡단보도부근
3005,2012-11-29 06,주간,목,1,1,0,0,0,전남,나주시,차대사람,차도통행중,차도통행중,안전운전 의무 불이행,교차로,교차로내
3006,2012-03-19 16,주간,월,1,2,0,0,1,광주,북구,차대사람,횡단중,횡단중,보행자 보호의무 위반,단일로,횡단보도상
3007,2012-12-03 10,주간,월,1,1,0,0,0,경북,상주시,차대차,측면충돌,측면충돌,교차로 통행방법 위반,교차로,교차로내