교통사고이력ID(사고기록 순서),발생년월일시,주야코드,요일코드,사망자수,부상자수,중상자수,경상자수,부상신고자수,발생지시도코드,발생지시도코드,사고유형대분류코드,사고유형중분류코드,사고유형코드,법규위반코드,도로형태대분류코드,도로로형태코드
3008,2012-05-06 07,주간,일,1,1,0,0,0,부산,사상구,차대차,기타,기타,안전거리 미확보,단일로,기타단일로
3009,2012-06-19 10,주간,화,1,1,0,0,0,충북,충주시,차대차,추돌,진행중 추돌,안전운전 의무 불이행,단일로,기타단일로
3010,2012-04-14 19,야간,토,1,1,0,0,0,서울,강서구,차대사람,기타,기타,안전운전 의무 불이행,단일로,기타단일로
3011,2012-06-20 12,주간,수,1,1,0,0,0,인천,계양구,차대사람,기타,기타,안전운전 의무 불이행,단일로,기타단일로
3012,2012-04-01 14,주간,일,1,1,0,0,0,경기,남양주시,차대사람,기타,기타,안전운전 의무 불이행,단일로,기타단일로
3013,2012-09-16 05,야간,일,1,1,0,0,0,경북,칠곡군,차대차,추돌,진행중 추돌,안전운전 의무 불이행,단일로,기타단일로
3014,2012-08-22 00,야간,수,1,1,0,0,0,경남,창원시(통합),차대사람,횡단중,횡단중,안전운전 의무 불이행,단일로,기타단일로
3015,2012-06-29 18,야간,금,1,1,0,0,0,경기,안산시,차대사람,기타,기타,안전운전 의무 불이행,단일로,횡단보도부근
3016,2012-05-14 23,야간,월,1,1,0,0,0,경남,양산시,차량단독,공작물충돌,공작물충돌,안전운전 의무 불이행,단일로,기타단일로
3017,2012-04-23 20,야간,월,1,1,0,0,0,경기,광명시,차대사람,횡단중,횡단중,안전운전 의무 불이행,교차로,교차로내
3018,2012-03-13 08,주간,화,1,1,0,0,0,경기,수원시,차대사람,횡단중,횡단중,안전운전 의무 불이행,단일로,기타단일로
3019,2012-08-26 21,야간,일,1,1,0,0,0,경기,부천시,차대차,정면충돌,정면충돌,중앙선 침범,단일로,지하차도(도로)내
3020,2012-12-05 07,주간,수,1,2,1,0,0,경북,상주시,차량단독,공작물충돌,공작물충돌,안전운전 의무 불이행,단일로,기타단일로
3021,2012-06-18 10,주간,월,1,1,0,0,0,충남,천안시,차대사람,횡단중,횡단중,안전운전 의무 불이행,단일로,기타단일로
3022,2012-08-25 14,주간,토,1,1,0,0,0,인천,동구,차대사람,기타,기타,보행자 보호의무 위반,교차로,교차로내
3023,2012-06-26 05,야간,화,1,2,1,0,0,경기,이천시,차량단독,도로이탈,도로이탈 추락,안전운전 의무 불이행,단일로,기타단일로
3024,2012-03-31 23,야간,토,2,2,0,0,0,전북,전주시,차대사람,횡단중,횡단중,과속,단일로,횡단보도상
3025,2012-07-29 00,야간,일,1,1,0,0,0,부산,강서구,차대사람,횡단중,횡단중,안전운전 의무 불이행,단일로,기타단일로
3026,2012-05-15 10,주간,화,1,1,0,0,0,경북,포항시,차량단독,전도전복,전도전복,안전운전 의무 불이행,단일로,기타단일로
3027,2012-07-22 13,주간,일,1,1,0,0,0,경기,양주시,차량단독,공작물충돌,공작물충돌,안전운전 의무 불이행,단일로,기타단일로
3028,2012-04-21 09,주간,토,1,1,0,0,0,서울,동대문구,차대사람,기타,기타,안전운전 의무 불이행,단일로,횡단보도상
3029,2012-04-08 14,주간,일,1,1,0,0,0,경북,경주시,차량단독,기타,기타,안전운전 의무 불이행,단일로,기타단일로
3030,2012-05-07 22,야간,월,1,1,0,0,0,부산,사상구,차대사람,횡단중,횡단중,안전운전 의무 불이행,단일로,기타단일로
3031,2012-12-04 07,주간,화,1,1,0,0,0,전남,나주시,차량단독,전도전복,전도전복,안전운전 의무 불이행,단일로,교량위
3032,2012-05-26 14,주간,토,1,4,3,0,0,강원,강릉시,차대차,측면충돌,측면충돌,중앙선 침범,단일로,기타단일로
3033,2012-05-03 23,야간,목,1,1,0,0,0,부산,연제구,차대사람,기타,기타,과속,단일로,기타단일로
3034,2012-06-11 19,야간,월,1,1,0,0,0,서울,서대문구,차대차,추돌,주정차중 추돌,안전운전 의무 불이행,단일로,기타단일로
3035,2012-11-22 17,주간,목,1,1,0,0,0,충남,당진시,차대사람,횡단중,횡단중,안전운전 의무 불이행,교차로,교차로내
3036,2012-07-02 12,주간,월,1,2,1,0,0,서울,금천구,차량단독,전도전복,전도전복,안전운전 의무 불이행,단일로,기타단일로
3037,2012-06-12 10,주간,화,1,1,0,0,0,대전,동구,차대차,측면충돌,측면충돌,중앙선 침범,단일로,횡단보도부근
3038,2012-05-05 10,주간,토,1,1,0,0,0,전남,순천시,차대차,추돌,진행중 추돌,안전운전 의무 불이행,단일로,기타단일로
3039,2012-09-21 05,야간,금,1,1,0,0,0,부산,기장군,차대차,추돌,주정차중 추돌,안전운전 의무 불이행,단일로,기타단일로
3040,2012-06-27 02,야간,수,1,1,0,0,0,서울,강북구,차대사람,기타,기타,안전운전 의무 불이행,단일로,기타단일로
3041,2012-09-21 20,야간,금,1,1,0,0,0,경북,칠곡군,차대사람,기타,기타,안전운전 의무 불이행,단일로,횡단보도부근
3042,2012-11-13 18,야간,화,1,2,0,1,0,경북,김천시,차대차,측면충돌,측면충돌,안전거리 미확보,단일로,기타단일로
3043,2012-08-24 23,야간,금,1,1,0,0,0,경남,창원시(통합),차대사람,횡단중,횡단중,안전운전 의무 불이행,단일로,기타단일로
3044,2012-12-30 02,야간,일,1,2,0,1,0,충북,음성군,차량단독,전도전복,전도전복,안전운전 의무 불이행,단일로,기타단일로
3045,2012-06-08 23,야간,금,1,1,0,0,0,대구,남구,차대사람,기타,기타,안전운전 의무 불이행,교차로,교차로부근
3046,2012-07-27 20,야간,월,1,1,0,0,0,대전,대덕구,차대사람,횡단중,횡단중,안전운전 의무 불이행,교차로,교차로내
3047,2012-05-10 23,야간,목,1,2,1,0,0,충북,청원군,차대차,추돌,진행중 추돌,안전운전 의무 불이행,교차로,교차로내
3048,2012-10-26 07,주간,금,1,1,0,0,0,충남,논산시,차량단독,공작물충돌,공작물충돌,안전운전 의무 불이행,단일로,기타단일로
3049,2012-03-13 00,야간,화,1,1,0,0,0,대구,수성구,차량단독,도로이탈,도로이탈 기타,안전운전 의무 불이행,교차로,교차로부근
3050,2012-05-11 08,주간,금,1,1,0,0,0,경남,김해시,차대차,측면충돌,측면충돌,신호위반,교차로,교차로내
3051,2012-05-16 01,야간,수,1,1,0,0,0,경기,김포시,차대사람,기타,기타,안전운전 의무 불이행,단일로,기타단일로
3052,2012-11-17 13,주간,토,1,1,0,0,0,경남,밀양시,차대사람,기타,기타,안전운전 의무 불이행,단일로,기타단일로
3053,2012-11-03 17,주간,토,1,1,0,0,0,경북,영천시,차대사람,길가장자리구역통행중,길가장자리구역통행중,안전운전 의무 불이행,단일로,기타단일로
3054,2012-11-27 20,야간,화,1,1,0,0,0,경기,여주시,차대사람,횡단중,횡단중,안전운전 의무 불이행,단일로,기타단일로
3055,2012-09-02 07,주간,일,1,1,0,0,0,대구,달성군,차량단독,전도전복,전도전복,안전운전 의무 불이행,교차로,교차로내
3056,2012-08-30 21,야간,목,1,1,0,0,0,인천,옹진군,차량단독,도로이탈,도로이탈 추락,안전운전 의무 불이행,교차로,교차로부근
3057,2012-09-28 11,주간,금,1,1,0,0,0,부산,영도구,차대차,추돌,진행중 추돌,안전거리 미확보,단일로,기타단일로
3058,2012-04-10 16,주간,화,1,1,0,0,0,경북,경주시,차량단독,기타,기타,안전운전 의무 불이행,단일로,기타단일로
3059,2012-05-12 17,주간,토,1,4,2,1,0,충북,청원군,차대차,측면충돌,측면충돌,중앙선 침범,단일로,기타단일로
3060,2012-06-29 15,주간,금,1,2,0,1,0,경기,이천시,차대차,기타,기타,안전거리 미확보,단일로,기타단일로
3061,2012-08-14 21,야간,화,1,2,1,0,0,경남,통영시,차대차,정면충돌,정면충돌,중앙선 침범,단일로,기타단일로
3062,2012-07-12 04,야간,목,1,1,0,0,0,충남,서산시,차대차,추돌,주정차중 추돌,안전운전 의무 불이행,단일로,기타단일로
3063,2012-11-28 09,주간,수,1,2,0,1,0,충남,당진시,차대차,측면충돌,측면충돌,신호위반,교차로,교차로내
3064,2012-05-07 16,주간,월,1,3,1,1,0,강원,춘천시,차대차,추돌,주정차중 추돌,안전거리 미확보,단일로,기타단일로
3065,2012-10-16 08,주간,화,1,1,0,0,0,서울,서초구,차대사람,기타,기타,안전운전 의무 불이행,교차로,교차로부근
3066,2012-04-10 23,야간,화,1,1,0,0,0,경북,경주시,차대사람,기타,기타,안전운전 의무 불이행,단일로,횡단보도상
3067,2012-04-13 01,야간,금,1,1,0,0,0,전북,군산시,차대차,추돌,진행중 추돌,안전운전 의무 불이행,단일로,기타단일로
3068,2012-08-04 03,야간,토,1,1,0,0,0,부산,강서구,차량단독,전도전복,전도전복,안전운전 의무 불이행,단일로,기타단일로
3069,2012-03-23 20,야간,금,1,1,0,0,0,강원,원주시,차대사람,횡단중,횡단중,보행자 보호의무 위반,교차로,교차로부근
3070,2012-04-11 02,야간,수,1,2,0,1,0,경북,경주시,차량단독,전도전복,전도전복,안전운전 의무 불이행,단일로,기타단일로
3071,2012-04-22 03,야간,일,1,3,2,0,0,대구,동구,차대차,정면충돌,정면충돌,중앙선 침범,단일로,기타단일로
3072,2012-04-19 07,주간,목,1,1,0,0,0,인천,남구,차대사람,횡단중,횡단중,안전운전 의무 불이행,단일로,기타단일로
3073,2012-10-08 09,주간,월,1,1,0,0,0,서울,종로구,차대사람,횡단중,횡단중,안전운전 의무 불이행,단일로,기타단일로
3074,2012-03-30 16,주간,금,1,1,0,0,0,충북,청주시,차대사람,기타,기타,안전운전 의무 불이행,단일로,기타단일로
3075,2012-09-26 14,주간,수,1,1,0,0,0,경북,칠곡군,차대사람,기타,기타,안전운전 의무 불이행,교차로,교차로부근
3076,2012-04-11 11,주간,수,1,2,1,0,0,경북,경주시,차대차,기타,기타,안전운전 의무 불이행,교차로,교차로내
3077,2012-07-30 11,주간,월,1,1,0,0,0,경북,안동시,차량단독,전도전복,전도전복,안전운전 의무 불이행,단일로,기타단일로
3078,2012-07-02 12,주간,월,1,4,1,2,0,경기,이천시,차량단독,전도전복,전도전복,안전운전 의무 불이행,단일로,기타단일로
3079,2012-04-23 14,주간,월,1,1,0,0,0,대구,동구,차대차,기타,기타,안전운전 의무 불이행,단일로,기타단일로
3080,2012-07-14 11,주간,토,1,1,0,0,0,경기,안성시,차량단독,전도전복,전도전복,안전운전 의무 불이행,단일로,기타단일로
3081,2012-12-14 06,주간,금,1,1,0,0,0,전남,나주시,차대사람,횡단중,횡단중,신호위반,교차로,교차로내
3082,2012-11-28 06,주간,수,1,1,0,0,0,경남,밀양시,차대사람,기타,기타,안전운전 의무 불이행,교차로,교차로부근
3083,2012-05-23 22,야간,수,1,1,0,0,0,전남,목포시,차대사람,횡단중,횡단중,보행자 보호의무 위반,단일로,횡단보도상
3084,2012-03-21 00,야간,수,1,1,0,0,0,인천,남동구,차대차,기타,기타,기타,교차로,교차로부근
3085,2012-12-22 14,주간,토,1,2,1,0,0,경북,상주시,차대차,추돌,진행중 추돌,안전운전 의무 불이행,단일로,기타단일로
3086,2012-05-08 07,주간,화,1,1,0,0,0,전남,순천시,차대차,측면충돌,측면충돌,기타,교차로,교차로내
3087,2012-07-18 08,주간,수,1,1,0,0,0,울산,울주군,차대사람,횡단중,횡단중,안전운전 의무 불이행,교차로,교차로부근
3088,2012-09-15 23,야간,토,1,1,0,0,0,경기,군포시,차대차,측면충돌,측면충돌,중앙선 침범,단일로,기타단일로
3089,2012-11-22 17,주간,목,1,1,0,0,0,경북,김천시,차대사람,기타,기타,안전운전 의무 불이행,단일로,기타단일로
3090,2012-06-29 07,주간,금,1,1,0,0,0,충북,충주시,차대사람,기타,기타,안전운전 의무 불이행,단일로,횡단보도상
3091,2012-08-25 04,야간,토,1,3,0,2,0,충북,제천시,차대차,측면충돌,측면충돌,안전운전 의무 불이행,교차로,교차로부근
3092,2012-05-03 13,주간,목,1,1,0,0,0,충남,천안시,차대사람,횡단중,횡단중,신호위반,단일로,횡단보도상
3093,2012-04-30 23,야간,월,1,1,0,0,0,대구,서구,차대사람,기타,기타,안전운전 의무 불이행,단일로,기타단일로
3094,2012-09-04 13,주간,화,1,2,0,1,0,인천,중구,차대차,추돌,진행중 추돌,안전운전 의무 불이행,교차로,교차로부근
3095,2012-04-05 08,주간,목,1,1,0,0,0,경기,남양주시,차대차,측면충돌,측면충돌,안전운전 의무 불이행,단일로,기타단일로
3096,2012-03-23 21,야간,금,1,3,0,2,0,광주,북구,차대차,추돌,진행중 추돌,중앙선 침범,교차로,교차로내
3097,2012-09-12 14,주간,수,1,3,2,0,0,충남,아산시,차대차,측면충돌,측면충돌,신호위반,교차로,교차로내
3098,2012-05-21 04,야간,월,1,1,0,0,0,경기,김포시,차대차,추돌,진행중 추돌,안전운전 의무 불이행,단일로,기타단일로
3099,2012-08-14 04,야간,화,1,1,0,0,0,경남,창원시(통합),차대사람,기타,기타,안전운전 의무 불이행,단일로,기타단일로
3100,2012-07-22 06,주간,일,1,5,2,2,0,경남,김해시,차량단독,공작물충돌,공작물충돌,안전운전 의무 불이행,교차로,교차로내
3101,2012-05-12 19,야간,토,1,1,0,0,0,부산,동래구,차대사람,횡단중,횡단중,안전운전 의무 불이행,기타/불명,기타/불명
3102,2012-12-19 10,주간,수,1,1,0,0,0,전남,나주시,차대차,측면충돌,측면충돌,안전운전 의무 불이행,단일로,기타단일로
3103,2012-12-05 06,주간,수,1,1,0,0,0,경남,밀양시,차대사람,횡단중,횡단중,안전운전 의무 불이행,단일로,기타단일로
3104,2012-06-04 11,주간,월,1,1,0,0,0,서울,강남구,차대차,측면충돌,측면충돌,안전거리 미확보,단일로,기타단일로
3105,2012-05-14 10,주간,월,1,10,0,9,0,경기,화성시,차대차,정면충돌,정면충돌,중앙선 침범,단일로,기타단일로
3106,2012-05-05 05,야간,토,1,2,1,0,0,경기,고양시,차대차,측면충돌,측면충돌,신호위반,교차로,교차로내
3107,2012-04-01 09,주간,일,1,1,0,0,0,충북,청원군,차대사람,횡단중,횡단중,보행자 보호의무 위반,단일로,기타단일로
3108,2012-05-21 14,주간,월,1,1,0,0,0,경남,양산시,차대사람,기타,기타,안전운전 의무 불이행,기타/불명,기타/불명
3109,2012-06-17 10,주간,일,1,1,0,0,0,부산,북구,차대차,측면충돌,측면충돌,중앙선 침범,교차로,교차로부근
3110,2012-04-13 19,야간,금,1,1,0,0,0,경북,경주시,차대사람,횡단중,횡단중,보행자 보호의무 위반,단일로,횡단보도상
3111,2012-05-21 19,야간,월,1,2,0,1,0,경남,양산시,차대차,측면충돌,측면충돌,신호위반,교차로,교차로내
3112,2012-06-08 18,야간,금,1,2,0,1,0,부산,금정구,차대차,측면충돌,측면충돌,안전운전 의무 불이행,교차로,교차로내
3113,2012-11-24 15,주간,토,1,1,0,0,0,경기,구리시,차대사람,보도통행중,보도통행중,보행자 보호의무 위반,교차로,교차로내
3114,2012-06-20 09,주간,수,1,1,0,0,0,서울,서대문구,차대사람,기타,기타,보행자 보호의무 위반,단일로,기타단일로
3115,2012-08-31 14,주간,금,1,1,0,0,0,경남,진주시,차대사람,보도통행중,보도통행중,기타,단일로,기타단일로
3116,2012-04-05 13,주간,목,1,1,0,0,0,경기,남양주시,차량단독,전도전복,전도전복,안전운전 의무 불이행,단일로,터널안
3117,2012-06-11 14,주간,월,1,5,4,0,0,충북,청주시,차대차,기타,기타,중앙선 침범,교차로,교차로부근
3118,2012-09-14 19,야간,금,1,1,0,0,0,대구,달성군,차대사람,기타,기타,안전운전 의무 불이행,단일로,기타단일로
3119,2012-04-26 08,주간,목,1,1,0,0,0,대구,동구,차대차,측면충돌,측면충돌,과속,교차로,교차로내
3120,2012-09-10 07,주간,월,1,1,0,0,0,인천,중구,차대차,추돌,진행중 추돌,기타,교차로,교차로내
3121,2012-06-10 10,주간,일,1,4,3,0,0,제주,제주시,차량단독,전도전복,전도전복,안전운전 의무 불이행,단일로,기타단일로
3122,2012-05-12 22,야간,토,1,1,0,0,0,울산,중구,차대사람,기타,기타,안전운전 의무 불이행,교차로,교차로내
3123,2012-05-05 12,주간,토,1,1,0,0,0,충남,천안시,차량단독,전도전복,전도전복,안전운전 의무 불이행,단일로,기타단일로
3124,2012-09-01 05,야간,토,1,1,0,0,0,경남,진주시,차대차,추돌,진행중 추돌,안전운전 의무 불이행,단일로,기타단일로
3125,2012-09-17 04,야간,월,1,2,1,0,0,경기,안양시,차대차,정면충돌,정면충돌,중앙선 침범,단일로,교량위
3126,2012-04-16 14,주간,월,1,1,0,0,0,서울,영등포구,차대사람,횡단중,횡단중,안전운전 의무 불이행,교차로,교차로부근
3127,2012-12-10 20,야간,월,1,1,0,0,0,충남,당진시,차대사람,길가장자리구역통행중,길가장자리구역통행중,안전운전 의무 불이행,단일로,기타단일로
3128,2012-11-23 18,야간,금,1,2,1,0,0,경북,영천시,차대차,기타,기타,중앙선 침범,단일로,기타단일로
3129,2012-05-02 06,주간,수,1,1,0,0,0,서울,중랑구,차대사람,횡단중,횡단중,안전운전 의무 불이행,단일로,기타단일로
3130,2012-05-06 20,야간,일,1,1,0,0,0,경기,고양시,차대차,추돌,진행중 추돌,안전운전 의무 불이행,단일로,기타단일로
3131,2012-03-26 17,주간,월,1,1,0,0,0,경기,고양시,차대사람,기타,기타,안전운전 의무 불이행,단일로,횡단보도상
3132,2012-05-10 13,주간,목,1,1,0,0,0,전남,여수시,차대사람,기타,기타,안전운전 의무 불이행,단일로,기타단일로
3133,2012-04-08 19,야간,일,1,1,0,0,0,경기,오산시,차대차,측면충돌,측면충돌,신호위반,교차로,교차로내
3134,2012-05-12 16,주간,토,1,1,0,0,0,전남,순천시,차량단독,기타,기타,안전운전 의무 불이행,교차로,교차로내
3135,2012-04-09 06,주간,월,1,1,0,0,0,경기,화성시,차대사람,기타,기타,안전운전 의무 불이행,단일로,기타단일로
3136,2012-04-08 22,야간,일,1,2,1,0,0,경기,화성시,차량단독,전도전복,전도전복,안전운전 의무 불이행,단일로,기타단일로
3137,2012-07-05 16,주간,목,1,3,2,0,0,인천,연수구,차대차,측면충돌,측면충돌,중앙선 침범,단일로,기타단일로
3138,2012-06-25 18,야간,월,1,2,1,0,0,대전,동구,차량단독,공작물충돌,공작물충돌,안전운전 의무 불이행,단일로,고가도로위
3139,2012-12-13 16,주간,목,1,1,0,0,0,충남,당진시,차량단독,전도전복,전도전복,안전운전 의무 불이행,단일로,기타단일로
3140,2012-06-08 17,주간,금,1,1,0,0,0,서울,강남구,차대사람,기타,기타,안전운전 의무 불이행,단일로,기타단일로
3141,2012-08-21 23,야간,화,1,1,0,0,0,경남,창원시(통합),차대차,추돌,진행중 추돌,안전운전 의무 불이행,단일로,기타단일로
3142,2012-09-21 22,야간,금,1,3,0,2,0,강원,양양군,차대차,추돌,주정차중 추돌,안전운전 의무 불이행,교차로,교차로부근
3143,2012-07-05 23,야간,목,1,1,0,0,0,충북,충주시,차대사람,횡단중,횡단중,안전운전 의무 불이행,단일로,기타단일로
3144,2012-09-18 18,야간,화,1,2,0,1,0,울산,동구,차대차,기타,기타,기타,교차로,교차로부근
3145,2012-09-04 07,주간,화,1,1,0,0,0,경남,진주시,차량단독,공작물충돌,공작물충돌,안전운전 의무 불이행,단일로,기타단일로
3146,2012-07-15 20,야간,일,1,10,1,8,0,서울,금천구,차대차,측면충돌,측면충돌,신호위반,교차로,교차로내
3147,2012-10-12 15,주간,금,1,2,0,0,1,경북,칠곡군,차대차,측면충돌,측면충돌,신호위반,교차로,교차로내
3148,2012-10-14 09,주간,일,1,1,0,0,0,경북,칠곡군,차대차,정면충돌,정면충돌,안전운전 의무 불이행,단일로,기타단일로
3149,2012-05-14 21,야간,월,1,1,0,0,0,강원,춘천시,차대사람,기타,기타,안전운전 의무 불이행,단일로,기타단일로
3150,2012-04-17 16,주간,화,1,1,0,0,0,경기,수원시,차대차,기타,기타,신호위반,단일로,기타단일로
3151,2012-04-15 03,야간,일,1,1,0,0,0,경기,용인시,차량단독,공작물충돌,공작물충돌,안전운전 의무 불이행,단일로,기타단일로
3152,2012-03-28 11,주간,수,1,1,0,0,0,경기,부천시,차대차,측면충돌,측면충돌,안전운전 의무 불이행,단일로,횡단보도상
3153,2012-07-18 08,주간,수,1,1,0,0,0,광주,남구,차대사람,횡단중,횡단중,안전운전 의무 불이행,단일로,기타단일로
3154,2012-09-20 19,야간,목,1,1,0,0,0,울산,동구,차대사람,횡단중,횡단중,안전운전 의무 불이행,단일로,기타단일로
3155,2012-07-11 20,야간,수,1,1,0,0,0,경기,이천시,차대사람,차도통행중,차도통행중,안전운전 의무 불이행,단일로,기타단일로
3156,2012-04-09 10,주간,월,1,1,0,0,0,전북,전주시,차대사람,횡단중,횡단중,보행자 보호의무 위반,교차로,교차로부근
3157,2012-05-12 00,야간,토,1,1,0,0,0,전남,여수시,차량단독,공작물충돌,공작물충돌,안전운전 의무 불이행,단일로,기타단일로
3158,2012-07-17 09,주간,화,1,1,0,0,0,서울,금천구,차대사람,횡단중,횡단중,안전운전 의무 불이행,단일로,기타단일로
3159,2012-08-05 16,주간,일,1,1,0,0,0,서울,도봉구,차대차,정면충돌,정면충돌,신호위반,교차로,교차로내
3160,2012-12-16 00,야간,목,1,1,0,0,0,충남,당진시,차대사람,횡단중,횡단중,안전운전 의무 불이행,교차로,교차로부근
3161,2012-08-23 00,야간,목,1,1,0,0,0,부산,동구,차대사람,횡단중,횡단중,안전운전 의무 불이행,단일로,기타단일로
3162,2012-03-29 17,주간,목,2,4,1,1,0,강원,원주시,차대사람,보도통행중,보도통행중,중앙선 침범,단일로,기타단일로
3163,2012-09-23 00,야간,일,1,1,0,0,0,대구,달성군,차량단독,기타,기타,안전운전 의무 불이행,단일로,기타단일로
3164,2012-08-05 22,야간,일,1,3,1,1,0,제주,서귀포시,차대차,정면충돌,정면충돌,중앙선 침범,단일로,기타단일로
3165,2012-09-21 19,야간,금,1,2,0,1,0,충남,아산시,차대차,정면충돌,정면충돌,중앙선 침범,단일로,기타단일로
3166,2012-06-24 03,야간,일,2,4,2,0,0,부산,북구,차량단독,전도전복,전도전복,안전운전 의무 불이행,단일로,교량위
3167,2012-07-28 00,야간,토,1,1,0,0,0,울산,울주군,차대사람,보도통행중,보도통행중,안전운전 의무 불이행,단일로,기타단일로
3168,2012-04-18 14,주간,수,1,1,0,0,0,서울,영등포구,차대사람,기타,기타,중앙선 침범,단일로,횡단보도상
3169,2012-11-28 04,야간,수,1,2,0,1,0,서울,종로구,차대사람,횡단중,횡단중,안전운전 의무 불이행,단일로,기타단일로
3170,2012-08-06 14,주간,월,1,1,0,0,0,서울,도봉구,차대사람,차도통행중,차도통행중,안전운전 의무 불이행,단일로,기타단일로
3171,2012-03-21 06,주간,수,1,1,0,0,0,경기,평택시,차량단독,기타,기타,안전운전 의무 불이행,단일로,기타단일로
3172,2012-05-19 16,주간,토,1,1,0,0,0,경기,화성시,차대사람,횡단중,횡단중,안전운전 의무 불이행,단일로,기타단일로
3173,2012-05-16 08,주간,수,1,2,0,1,0,전남,순천시,차대차,정면충돌,정면충돌,중앙선 침범,단일로,기타단일로
3174,2012-09-25 01,야간,화,1,2,1,0,0,충남,아산시,차대차,정면충돌,정면충돌,중앙선 침범,단일로,기타단일로
3175,2012-07-10 06,주간,화,1,1,0,0,0,충남,천안시,차대차,추돌,주정차중 추돌,안전운전 의무 불이행,단일로,터널안
3176,2012-07-26 17,주간,목,1,4,3,0,0,경남,창원시(통합),차대차,측면충돌,측면충돌,안전운전 의무 불이행,단일로,기타단일로
3177,2012-12-11 16,주간,화,1,1,0,0,0,경북,김천시,차량단독,기타,기타,안전운전 의무 불이행,단일로,기타단일로
3178,2012-03-17 02,야간,토,2,4,2,0,0,대구,북구,차대차,정면충돌,정면충돌,중앙선 침범,단일로,기타단일로
3179,2012-07-04 06,주간,수,1,1,0,0,0,경남,창원시(통합),차량단독,전도전복,전도전복,안전운전 의무 불이행,단일로,기타단일로
3180,2012-12-21 08,주간,금,1,1,0,0,0,경남,밀양시,차량단독,공작물충돌,공작물충돌,안전운전 의무 불이행,단일로,교량위
3181,2012-09-26 02,야간,수,1,2,1,0,0,울산,동구,차대사람,기타,기타,안전운전 의무 불이행,단일로,기타단일로
3182,2012-05-06 23,야간,일,1,1,0,0,0,경북,경산시,차대차,추돌,주정차중 추돌,안전운전 의무 불이행,단일로,기타단일로
3183,2012-09-17 21,야간,월,1,1,0,0,0,서울,성북구,차대차,측면충돌,측면충돌,기타,단일로,기타단일로
3184,2012-10-15 07,주간,월,1,1,0,0,0,경남,사천시,차대사람,기타,기타,안전운전 의무 불이행,단일로,교량위
3185,2012-07-25 18,야간,수,1,1,0,0,0,충남,서산시,차대사람,횡단중,횡단중,안전운전 의무 불이행,단일로,기타단일로
3186,2012-06-30 08,주간,토,1,4,3,0,0,충북,충주시,차대차,측면충돌,측면충돌,신호위반,교차로,교차로내
3187,2012-05-11 08,주간,금,1,1,0,0,0,경기,고양시,차대차,측면충돌,측면충돌,안전운전 의무 불이행,단일로,기타단일로
3188,2012-05-24 02,야간,목,1,1,0,0,0,경남,김해시,차량단독,공작물충돌,공작물충돌,안전운전 의무 불이행,단일로,기타단일로
3189,2012-10-10 17,주간,수,2,3,1,0,0,대전,서구,차량단독,전도전복,전도전복,안전운전 의무 불이행,단일로,기타단일로
3190,2012-06-11 00,야간,월,1,1,0,0,0,경기,성남시,차대차,측면충돌,측면충돌,신호위반,교차로,교차로내
3191,2012-08-08 13,주간,수,1,1,0,0,0,서울,도봉구,차대차,측면충돌,측면충돌,기타,단일로,횡단보도부근
3192,2012-09-09 09,주간,일,1,1,0,0,0,경남,진주시,차대차,정면충돌,정면충돌,중앙선 침범,단일로,기타단일로
3193,2012-06-06 10,주간,수,1,1,0,0,0,서울,양천구,차대차,측면충돌,측면충돌,중앙선 침범,교차로,교차로부근
3194,2012-04-23 05,야간,월,1,1,0,0,0,경기,안산시,차량단독,공작물충돌,공작물충돌,안전운전 의무 불이행,단일로,기타단일로
3195,2012-07-06 20,야간,금,1,1,0,0,0,경기,성남시,차대사람,횡단중,횡단중,안전운전 의무 불이행,교차로,교차로부근
3196,2012-09-23 01,야간,일,1,3,1,1,0,인천,중구,차량단독,전도전복,전도전복,과속,교차로,교차로부근
3197,2012-03-31 09,주간,토,1,2,0,1,0,경기,부천시,차대사람,기타,기타,안전운전 의무 불이행,단일로,횡단보도부근
3198,2012-09-27 18,야간,목,1,1,0,0,0,울산,동구,차대사람,보도통행중,보도통행중,보행자 보호의무 위반,단일로,횡단보도상
3199,2012-12-14 08,주간,금,1,1,0,0,0,경북,김천시,차대차,측면충돌,측면충돌,안전운전 의무 불이행,단일로,기타단일로
3200,2012-05-19 03,야간,토,1,2,1,0,0,서울,강동구,차대사람,횡단중,횡단중,과속,단일로,기타단일로
3201,2012-09-10 09,주간,월,1,1,0,0,0,경남,진주시,차대차,측면충돌,측면충돌,안전운전 의무 불이행,교차로,교차로부근
3202,2012-12-24 13,주간,월,1,1,0,0,0,경남,밀양시,차량단독,공작물충돌,공작물충돌,안전운전 의무 불이행,단일로,기타단일로
3203,2012-12-25 19,야간,화,1,1,0,0,0,충남,당진시,차대차,기타,기타,안전운전 의무 불이행,단일로,기타단일로
3204,2012-05-15 19,야간,화,1,1,0,0,0,전남,여수시,차대사람,기타,기타,안전운전 의무 불이행,단일로,기타단일로
3205,2012-04-18 23,야간,수,1,1,0,0,0,경기,의정부시,차량단독,공작물충돌,공작물충돌,안전운전 의무 불이행,단일로,고가도로위
3206,2012-11-23 12,주간,금,1,11,9,1,0,충남,논산시,차대차,기타,기타,안전운전 의무 불이행,단일로,기타단일로
3207,2012-07-28 20,야간,토,1,1,0,0,0,충남,서산시,차대차,기타,기타,안전운전 의무 불이행,교차로,교차로내
3208,2012-07-04 16,주간,수,1,1,0,0,0,대전,동구,차대사람,차도통행중,차도통행중,안전운전 의무 불이행,단일로,기타단일로
3209,2012-07-23 23,야간,월,1,1,0,0,0,서울,금천구,차대사람,횡단중,횡단중,안전운전 의무 불이행,단일로,횡단보도부근