교통사고이력ID(사고기록 순서),발생년월일시,주야코드,요일코드,사망자수,부상자수,중상자수,경상자수,부상신고자수,발생지시도코드,발생지시도코드,사고유형대분류코드,사고유형중분류코드,사고유형코드,법규위반코드,도로형태대분류코드,도로로형태코드
3411,2012-09-15 20,야간,토,1,1,0,0,0,경남,김해시,차대사람,횡단중,횡단중,안전운전 의무 불이행,교차로,교차로내
3412,2012-11-07 22,야간,수,1,1,0,0,0,강원,속초시,차량단독,공작물충돌,공작물충돌,안전운전 의무 불이행,단일로,기타단일로
3413,2012-06-28 09,주간,목,1,4,0,3,0,전남,신안군,차대차,측면충돌,측면충돌,중앙선 침범,단일로,기타단일로
3414,2012-10-11 18,야간,목,1,1,0,0,0,경남,진주시,차대차,추돌,진행중 추돌,안전운전 의무 불이행,단일로,기타단일로
3415,2012-04-02 20,야간,월,1,1,0,0,0,경기,평택시,차대사람,횡단중,횡단중,안전운전 의무 불이행,교차로,교차로내
3416,2012-07-29 02,야간,일,1,1,0,0,0,경남,거제시,차량단독,공작물충돌,공작물충돌,안전운전 의무 불이행,단일로,기타단일로
3417,2012-12-29 23,야간,토,1,1,0,0,0,부산,영도구,차대사람,횡단중,횡단중,보행자 보호의무 위반,단일로,횡단보도상
3418,2012-10-06 19,야간,토,1,1,0,0,0,전남,광양시,차대사람,기타,기타,안전운전 의무 불이행,교차로,교차로부근
3419,2012-11-23 23,야간,금,1,1,0,0,0,경기,부천시,차량단독,공작물충돌,공작물충돌,안전운전 의무 불이행,교차로,교차로내
3420,2012-11-12 21,야간,월,1,1,0,0,0,인천,중구,차량단독,전도전복,전도전복,안전운전 의무 불이행,단일로,기타단일로
3421,2012-04-28 21,야간,토,1,1,0,0,0,경기,오산시,차대사람,횡단중,횡단중,신호위반,교차로,교차로부근
3422,2012-04-02 20,야간,월,1,1,0,0,0,경기,평택시,차대사람,기타,기타,안전운전 의무 불이행,단일로,기타단일로
3423,2012-06-25 16,주간,월,1,1,0,0,0,경남,양산시,차대사람,기타,기타,안전운전 의무 불이행,단일로,기타단일로
3424,2012-06-25 20,야간,월,1,1,0,0,0,경남,양산시,차대사람,횡단중,횡단중,안전운전 의무 불이행,단일로,기타단일로
3425,2012-09-03 16,주간,월,1,1,0,0,0,울산,울주군,차대차,측면충돌,측면충돌,안전운전 의무 불이행,교차로,교차로내
3426,2012-04-02 17,주간,월,1,2,0,1,0,대구,수성구,차대사람,보도통행중,보도통행중,안전운전 의무 불이행,교차로,교차로부근
3427,2012-10-14 02,야간,일,1,1,0,0,0,경남,진주시,차대사람,횡단중,횡단중,안전운전 의무 불이행,단일로,기타단일로
3428,2012-08-06 16,주간,월,1,1,0,0,0,경남,창원시(통합),차대사람,횡단중,횡단중,안전운전 의무 불이행,단일로,기타단일로
3429,2012-10-29 07,주간,월,1,1,0,0,0,경기,안양시,차량단독,기타,기타,기타,단일로,기타단일로
3430,2012-07-27 20,야간,금,1,1,0,0,0,대구,중구,차대차,기타,기타,신호위반,교차로,교차로내
3431,2012-11-12 12,주간,월,1,1,0,0,0,울산,북구,차대사람,횡단중,횡단중,안전운전 의무 불이행,단일로,기타단일로
3432,2012-09-14 20,야간,금,1,1,0,0,0,경기,안성시,차대사람,차도통행중,차도통행중,안전운전 의무 불이행,교차로,교차로부근
3433,2012-10-19 14,주간,금,1,1,0,0,0,경남,통영시,차량단독,공작물충돌,공작물충돌,안전운전 의무 불이행,교차로,교차로내
3434,2012-09-22 13,주간,토,1,1,0,0,0,서울,도봉구,차대사람,차도통행중,차도통행중,안전운전 의무 불이행,교차로,교차로내
3435,2012-10-14 07,주간,일,1,1,0,0,0,경남,진주시,차량단독,도로이탈,도로이탈 기타,안전운전 의무 불이행,단일로,기타단일로
3436,2012-10-09 22,야간,화,1,2,1,0,0,경남,창원시(통합),차대차,측면충돌,측면충돌,신호위반,교차로,교차로내
3437,2012-10-23 06,주간,화,1,1,0,0,0,부산,강서구,차대사람,횡단중,횡단중,신호위반,단일로,횡단보도상
3438,2012-12-29 18,야간,토,1,1,0,0,0,광주,동구,차대사람,기타,기타,안전운전 의무 불이행,교차로,교차로내
3439,2012-07-01 01,야간,일,1,1,0,0,0,경북,포항시,차대사람,횡단중,횡단중,안전운전 의무 불이행,교차로,교차로부근
3440,2012-11-26 08,주간,월,1,1,0,0,0,서울,성북구,차대사람,횡단중,횡단중,안전운전 의무 불이행,단일로,횡단보도부근
3441,2012-08-11 21,야간,토,1,1,0,0,0,충북,충주시,차량단독,공작물충돌,공작물충돌,안전운전 의무 불이행,단일로,기타단일로
3442,2012-04-11 00,야간,수,1,1,0,0,0,광주,북구,차량단독,공작물충돌,공작물충돌,안전운전 의무 불이행,단일로,기타단일로
3443,2012-07-10 20,야간,화,1,1,0,0,0,강원,강릉시,차대사람,길가장자리구역통행중,길가장자리구역통행중,안전운전 의무 불이행,단일로,기타단일로
3444,2012-11-17 21,야간,토,1,13,6,6,0,인천,중구,차대차,측면충돌,측면충돌,안전거리 미확보,단일로,기타단일로
3445,2012-08-21 14,주간,화,1,1,0,0,0,인천,연수구,차대차,측면충돌,측면충돌,신호위반,교차로,교차로내
3446,2012-06-01 10,주간,금,1,1,0,0,0,충남,천안시,차량단독,기타,기타,안전운전 의무 불이행,교차로,교차로부근
3447,2012-08-18 12,주간,토,1,1,0,0,0,인천,계양구,차대사람,보도통행중,보도통행중,안전운전 의무 불이행,교차로,교차로부근
3448,2012-11-18 04,야간,일,1,1,0,0,0,인천,중구,차대사람,횡단중,횡단중,과속,단일로,기타단일로
3449,2012-09-21 19,야간,금,1,1,0,0,0,경남,김해시,차대차,정면충돌,정면충돌,기타,교차로,교차로내
3450,2012-07-11 21,야간,수,1,1,0,0,0,서울,강남구,차대사람,길가장자리구역통행중,길가장자리구역통행중,안전운전 의무 불이행,단일로,기타단일로
3451,2012-04-07 13,주간,토,1,4,3,0,0,경북,구미시,차대차,측면충돌,측면충돌,신호위반,교차로,교차로내
3452,2012-10-25 06,주간,목,1,5,1,2,1,부산,강서구,차대차,기타,기타,신호위반,교차로,교차로내
3453,2012-06-02 08,주간,토,1,1,0,0,0,충남,천안시,차량단독,도로이탈,도로이탈 추락,안전운전 의무 불이행,기타/불명,기타/불명
3454,2012-06-03 16,주간,일,1,2,1,0,0,경기,고양시,차대차,정면충돌,정면충돌,중앙선 침범,단일로,기타단일로
3455,2012-12-16 06,주간,일,1,1,0,0,0,경남,사천시,차대사람,횡단중,횡단중,안전운전 의무 불이행,교차로,교차로부근
3456,2012-06-15 12,주간,금,1,3,2,0,0,강원,춘천시,차대차,측면충돌,측면충돌,신호위반,교차로,교차로내
3457,2012-04-30 15,주간,월,1,1,0,0,0,광주,광산구,차대사람,보도통행중,보도통행중,안전운전 의무 불이행,단일로,기타단일로
3458,2012-10-02 22,야간,화,1,2,0,1,0,충남,아산시,차량단독,공작물충돌,공작물충돌,안전운전 의무 불이행,단일로,고가도로위
3459,2012-04-18 07,주간,수,1,6,4,1,0,경기,부천시,차대차,기타,기타,중앙선 침범,단일로,고가도로위
3460,2012-10-06 14,주간,토,1,1,0,0,0,경기,포천시,차대차,측면충돌,측면충돌,안전운전 의무 불이행,교차로,교차로내
3461,2012-09-26 16,주간,수,1,1,0,0,0,서울,도봉구,차대사람,기타,기타,안전운전 의무 불이행,단일로,기타단일로
3462,2012-12-24 17,주간,월,1,2,0,1,0,경북,칠곡군,차대차,기타,기타,중앙선 침범,단일로,기타단일로
3463,2012-04-08 18,야간,일,1,3,2,0,0,경북,구미시,차대차,정면충돌,정면충돌,중앙선 침범,단일로,기타단일로
3464,2012-06-22 14,주간,금,1,1,0,0,0,제주,제주시,차량단독,공작물충돌,공작물충돌,안전운전 의무 불이행,기타/불명,기타/불명
3465,2012-09-18 19,야간,화,1,1,0,0,0,제주,서귀포시,차대사람,횡단중,횡단중,안전운전 의무 불이행,교차로,교차로부근
3466,2012-06-03 19,야간,일,1,1,0,0,0,충남,천안시,차대사람,횡단중,횡단중,안전운전 의무 불이행,교차로,교차로내
3467,2012-10-26 07,주간,금,1,1,0,0,0,서울,은평구,차량단독,공작물충돌,공작물충돌,안전운전 의무 불이행,단일로,기타단일로
3468,2012-07-18 08,주간,수,1,1,0,0,0,제주,제주시,차량단독,공작물충돌,공작물충돌,안전운전 의무 불이행,교차로,교차로내
3469,2012-10-01 02,야간,월,1,1,0,0,0,경북,안동시,차대차,추돌,주정차중 추돌,안전운전 의무 불이행,단일로,기타단일로
3470,2012-09-19 01,야간,수,1,1,0,0,0,제주,서귀포시,차대차,기타,기타,안전운전 의무 불이행,단일로,기타단일로
3471,2012-09-18 05,야간,화,1,2,0,1,0,대전,중구,차대사람,횡단중,횡단중,안전운전 의무 불이행,교차로,교차로부근
3472,2012-09-18 23,야간,화,1,1,0,0,0,제주,서귀포시,차량단독,기타,기타,안전운전 의무 불이행,단일로,기타단일로
3473,2012-07-13 19,야간,금,1,1,0,0,0,강원,강릉시,차대사람,보도통행중,보도통행중,보행자 보호의무 위반,단일로,횡단보도상
3474,2012-06-16 23,야간,토,1,2,0,1,0,인천,서구,차대차,추돌,진행중 추돌,안전운전 의무 불이행,단일로,기타단일로
3475,2012-07-02 23,야간,월,1,2,0,1,0,경북,포항시,차대차,측면충돌,측면충돌,신호위반,교차로,교차로내
3476,2012-09-19 05,야간,수,1,1,0,0,0,제주,서귀포시,차량단독,전도전복,전도전복,안전운전 의무 불이행,단일로,기타단일로
3477,2012-08-16 02,야간,목,1,1,0,0,0,충남,천안시,차대사람,기타,기타,안전운전 의무 불이행,단일로,기타단일로
3478,2012-04-27 22,야간,금,1,1,0,0,0,충북,청주시,차대사람,횡단중,횡단중,안전운전 의무 불이행,교차로,교차로내
3479,2012-09-06 05,야간,목,1,1,0,0,0,서울,구로구,차대사람,횡단중,횡단중,안전운전 의무 불이행,단일로,기타단일로
3480,2012-06-23 00,야간,토,1,1,0,0,0,경남,김해시,차량단독,도로이탈,도로이탈 추락,안전운전 의무 불이행,교차로,교차로내
3481,2012-05-28 07,주간,월,1,2,1,0,0,대구,동구,차량단독,공작물충돌,공작물충돌,안전운전 의무 불이행,교차로,교차로내
3482,2012-11-01 07,주간,목,1,2,1,0,0,부산,강서구,차대차,추돌,진행중 추돌,안전운전 의무 불이행,단일로,기타단일로
3483,2012-10-02 23,야간,화,1,1,0,0,0,경북,안동시,차대사람,횡단중,횡단중,안전운전 의무 불이행,단일로,횡단보도상
3484,2012-04-14 21,야간,토,1,2,1,0,0,광주,서구,차대차,정면충돌,정면충돌,신호위반,교차로,교차로내
3485,2012-08-05 17,주간,일,1,1,0,0,0,경남,거제시,차량단독,기타,기타,안전운전 의무 불이행,단일로,기타단일로
3486,2012-04-09 20,야간,월,1,2,1,0,0,경북,구미시,차대사람,횡단중,횡단중,보행자 보호의무 위반,단일로,기타단일로
3487,2012-07-06 02,야간,금,1,1,0,0,0,전남,목포시,차대사람,차도통행중,차도통행중,안전운전 의무 불이행,단일로,기타단일로
3488,2012-10-11 01,야간,목,1,1,0,0,0,경기,포천시,차량단독,공작물충돌,공작물충돌,안전운전 의무 불이행,단일로,기타단일로
3489,2012-08-25 08,주간,토,2,4,1,1,0,서울,동작구,차대차,기타,기타,안전운전 의무 불이행,단일로,기타단일로
3490,2012-12-20 04,야간,목,1,1,0,0,0,대전,서구,차대사람,횡단중,횡단중,안전운전 의무 불이행,단일로,횡단보도부근
3491,2012-10-19 23,야간,금,1,1,0,0,0,경남,창원시(통합),차대사람,차도통행중,차도통행중,안전운전 의무 불이행,교차로,교차로부근
3492,2012-06-19 08,주간,화,1,1,0,0,0,인천,서구,차량단독,공작물충돌,공작물충돌,안전운전 의무 불이행,교차로,교차로부근
3493,2012-08-31 19,야간,금,1,1,0,0,0,경기,안산시,차대차,기타,기타,교차로 통행방법 위반,교차로,교차로부근
3494,2012-11-03 03,야간,토,1,1,0,0,0,부산,강서구,차대사람,기타,기타,중앙선 침범,단일로,기타단일로
3495,2012-08-15 13,주간,수,1,1,0,0,0,대전,동구,차대사람,보도통행중,보도통행중,기타,기타/불명,기타/불명
3496,2012-11-05 04,야간,월,1,1,0,0,0,부산,강서구,차대사람,기타,기타,안전운전 의무 불이행,단일로,기타단일로
3497,2012-10-04 23,야간,목,1,4,3,0,0,충남,아산시,차대차,측면충돌,측면충돌,신호위반,교차로,교차로내
3498,2012-06-06 12,주간,수,1,1,0,0,0,서울,용산구,차대사람,차도통행중,차도통행중,안전운전 의무 불이행,단일로,기타단일로
3499,2012-10-06 20,야간,토,1,1,0,0,0,충남,아산시,차량단독,도로이탈,도로이탈 추락,안전운전 의무 불이행,단일로,기타단일로
3500,2012-04-17 15,주간,화,1,1,0,0,0,경기,고양시,차대차,기타,기타,기타,기타/불명,기타/불명
3501,2012-10-15 00,야간,월,1,1,0,0,0,경기,포천시,차대차,기타,기타,안전운전 의무 불이행,단일로,기타단일로
3502,2012-11-06 05,야간,화,1,1,0,0,0,경기,안양시,차대사람,보도통행중,보도통행중,신호위반,교차로,교차로내
3503,2012-06-04 08,주간,월,1,3,0,2,0,서울,동대문구,차대차,측면충돌,측면충돌,교차로 통행방법 위반,교차로,교차로부근
3504,2012-04-17 23,야간,화,1,1,0,0,0,경기,시흥시,차량단독,공작물충돌,공작물충돌,안전운전 의무 불이행,단일로,기타단일로
3505,2012-08-28 07,주간,화,1,1,0,0,0,인천,연수구,차대차,측면충돌,측면충돌,안전운전 의무 불이행,교차로,교차로내
3506,2012-09-23 16,주간,일,1,1,0,0,0,경기,안성시,차대차,정면충돌,정면충돌,중앙선 침범,단일로,기타단일로
3507,2012-08-12 08,주간,일,1,1,0,0,0,대전,동구,차대사람,기타,기타,안전운전 의무 불이행,교차로,교차로내
3508,2012-12-01 17,주간,토,1,1,0,0,0,인천,옹진군,차량단독,공작물충돌,공작물충돌,안전운전 의무 불이행,단일로,기타단일로
3509,2012-06-07 07,주간,목,1,1,0,0,0,경기,광명시,차대차,추돌,주정차중 추돌,안전거리 미확보,단일로,기타단일로
3510,2012-07-04 07,주간,수,1,1,0,0,0,경기,김포시,차대사람,횡단중,횡단중,안전운전 의무 불이행,단일로,기타단일로
3511,2012-10-05 21,야간,금,1,1,0,0,0,경북,안동시,차대사람,횡단중,횡단중,안전운전 의무 불이행,단일로,기타단일로
3512,2012-04-11 00,야간,수,1,3,2,0,0,경북,구미시,차량단독,전도전복,전도전복,안전운전 의무 불이행,단일로,기타단일로
3513,2012-09-25 11,주간,화,1,2,1,0,0,경기,안성시,차량단독,공작물충돌,공작물충돌,안전운전 의무 불이행,단일로,기타단일로
3514,2012-07-02 16,주간,월,1,1,0,0,0,경남,양산시,차대사람,기타,기타,안전운전 의무 불이행,단일로,기타단일로
3515,2012-06-27 09,주간,수,1,1,0,0,0,충북,청주시,차대사람,횡단중,횡단중,안전운전 의무 불이행,단일로,기타단일로
3516,2012-06-11 20,야간,월,1,1,0,0,0,전남,여수시,차대사람,기타,기타,신호위반,교차로,교차로내
3517,2012-10-03 20,야간,수,1,1,0,0,0,경북,안동시,차대사람,길가장자리구역통행중,길가장자리구역통행중,안전운전 의무 불이행,단일로,기타단일로
3518,2012-08-28 21,야간,화,1,1,0,0,0,서울,동작구,차대사람,기타,기타,안전운전 의무 불이행,단일로,횡단보도부근
3519,2012-09-01 22,야간,토,1,1,0,0,0,충남,태안군,차대차,측면충돌,측면충돌,안전운전 의무 불이행,단일로,기타단일로
3520,2012-08-18 08,주간,토,1,1,0,0,0,대전,동구,차대사람,횡단중,횡단중,안전운전 의무 불이행,교차로,교차로내
3521,2012-04-19 00,야간,목,1,1,0,0,0,경기,고양시,차대사람,횡단중,횡단중,과속,교차로,교차로부근
3522,2012-06-28 18,야간,목,1,2,1,0,0,제주,제주시,차대차,기타,기타,과속,교차로,교차로내
3523,2012-07-30 16,주간,월,1,1,0,0,0,부산,금정구,차대차,추돌,주정차중 추돌,안전운전 의무 불이행,단일로,교량위
3524,2012-12-14 07,주간,금,1,1,0,0,0,경기,하남시,차량단독,도로이탈,도로이탈 추락,안전운전 의무 불이행,단일로,기타단일로
3525,2012-12-19 07,주간,수,1,1,0,0,0,경기,부천시,차대차,측면충돌,측면충돌,안전운전 의무 불이행,교차로,교차로부근
3526,2012-06-28 12,주간,목,1,1,0,0,0,충북,청원군,차대차,추돌,주정차중 추돌,안전운전 의무 불이행,단일로,기타단일로
3527,2012-11-06 03,야간,화,1,1,0,0,0,서울,은평구,차량단독,기타,기타,안전운전 의무 불이행,단일로,기타단일로
3528,2012-05-03 16,주간,목,1,1,0,0,0,경기,남양주시,차대사람,횡단중,횡단중,신호위반,교차로,교차로내
3529,2012-11-06 01,야간,화,1,1,0,0,0,서울,은평구,차량단독,공작물충돌,공작물충돌,안전운전 의무 불이행,교차로,교차로부근
3530,2012-06-27 03,야간,수,1,1,0,0,0,서울,관악구,차량단독,전도전복,전도전복,안전운전 의무 불이행,단일로,기타단일로
3531,2012-05-27 05,야간,일,1,2,1,0,0,서울,강서구,차량단독,기타,기타,안전운전 의무 불이행,단일로,기타단일로
3532,2012-12-31 07,주간,월,1,1,0,0,0,대전,서구,차대사람,기타,기타,안전운전 의무 불이행,단일로,기타단일로
3533,2012-07-05 09,주간,목,1,1,0,0,0,경남,양산시,차대차,측면충돌,측면충돌,안전운전 의무 불이행,교차로,교차로부근
3534,2012-04-04 02,야간,수,1,1,0,0,0,서울,송파구,차대사람,횡단중,횡단중,과속,교차로,교차로내
3535,2012-10-26 21,야간,금,1,1,0,0,0,전남,광양시,차대사람,기타,기타,안전운전 의무 불이행,단일로,기타단일로
3536,2012-04-08 00,야간,일,1,2,1,0,0,대구,수성구,차량단독,기타,기타,안전운전 의무 불이행,단일로,기타단일로
3537,2012-06-21 20,야간,목,1,1,0,0,0,인천,서구,차대사람,차도통행중,차도통행중,안전운전 의무 불이행,단일로,기타단일로
3538,2012-10-10 09,주간,수,1,1,0,0,0,충남,아산시,차대차,측면충돌,측면충돌,기타,교차로,교차로내
3539,2012-11-07 01,야간,수,1,1,0,0,0,경남,통영시,차량단독,공작물충돌,공작물충돌,안전운전 의무 불이행,교차로,교차로내
3540,2012-03-31 19,야간,토,1,1,0,0,0,대전,유성구,차대사람,횡단중,횡단중,안전운전 의무 불이행,교차로,교차로부근
3541,2012-06-19 20,야간,화,1,1,0,0,0,서울,강동구,차대사람,기타,기타,안전운전 의무 불이행,단일로,기타단일로
3542,2012-06-13 04,야간,수,1,1,0,0,0,전남,여수시,차량단독,공작물충돌,공작물충돌,안전운전 의무 불이행,단일로,기타단일로
3543,2012-06-01 07,주간,금,1,1,0,0,0,대구,동구,차량단독,공작물충돌,공작물충돌,안전운전 의무 불이행,단일로,기타단일로
3544,2012-06-24 20,야간,일,1,5,3,1,0,부산,동래구,차대차,측면충돌,측면충돌,안전거리 미확보,단일로,기타단일로
3545,2012-11-24 21,야간,토,1,1,0,0,0,서울,성북구,차대사람,횡단중,횡단중,안전운전 의무 불이행,단일로,횡단보도부근
3546,2012-09-20 13,주간,목,1,1,0,0,0,울산,울주군,차대차,추돌,진행중 추돌,안전운전 의무 불이행,단일로,기타단일로
3547,2012-04-17 15,주간,화,1,2,0,0,1,광주,북구,차대차,기타,기타,안전운전 의무 불이행,교차로,교차로내
3548,2012-10-12 16,주간,금,1,1,0,0,0,충남,아산시,차대사람,횡단중,횡단중,안전운전 의무 불이행,교차로,교차로부근
3549,2012-11-11 00,야간,일,1,1,0,0,0,대전,대덕구,차량단독,공작물충돌,공작물충돌,안전운전 의무 불이행,교차로,교차로내
3550,2012-12-05 17,주간,수,1,1,0,0,0,강원,양양군,차대사람,길가장자리구역통행중,길가장자리구역통행중,안전운전 의무 불이행,교차로,교차로부근
3551,2012-06-09 03,야간,토,1,1,0,0,0,울산,남구,차량단독,공작물충돌,공작물충돌,안전운전 의무 불이행,교차로,교차로부근
3552,2012-10-13 09,주간,토,1,1,0,0,0,충남,아산시,차대사람,횡단중,횡단중,보행자 보호의무 위반,교차로,교차로부근
3553,2012-04-27 19,야간,금,1,1,0,0,0,강원,원주시,차대차,측면충돌,측면충돌,중앙선 침범,단일로,기타단일로
3554,2012-11-20 10,주간,화,1,1,0,0,0,경남,창원시(통합),차대사람,기타,기타,안전운전 의무 불이행,교차로,교차로내
3555,2012-07-24 20,야간,화,1,1,0,0,0,서울,광진구,차대사람,기타,기타,안전운전 의무 불이행,단일로,기타단일로
3556,2012-07-22 12,주간,일,1,1,0,0,0,서울,강남구,차량단독,공작물충돌,공작물충돌,안전운전 의무 불이행,단일로,기타단일로
3557,2012-05-13 19,야간,일,1,1,0,0,0,경기,용인시,차대사람,횡단중,횡단중,안전운전 의무 불이행,교차로,교차로내
3558,2012-09-09 13,주간,일,1,2,0,1,0,경기,이천시,차대차,추돌,주정차중 추돌,안전운전 의무 불이행,교차로,교차로내
3559,2012-10-01 10,주간,월,1,4,3,0,0,경남,창원시(통합),차대차,기타,기타,안전운전 의무 불이행,단일로,기타단일로
3560,2012-04-06 05,야간,금,1,1,0,0,0,대구,북구,차대사람,횡단중,횡단중,보행자 보호의무 위반,단일로,횡단보도상
3561,2012-05-14 05,야간,월,1,1,0,0,0,경기,용인시,차대차,기타,기타,신호위반,교차로,교차로내
3562,2012-05-01 01,야간,화,1,1,0,0,0,경기,성남시,차대사람,기타,기타,안전운전 의무 불이행,단일로,기타단일로
3563,2012-11-22 07,주간,목,1,1,0,0,0,부산,중구,차대사람,기타,기타,신호위반,단일로,기타단일로
3564,2012-11-21 00,야간,수,1,2,1,0,0,부산,강서구,차대사람,기타,기타,안전거리 미확보,단일로,기타단일로
3565,2012-05-19 01,야간,토,1,1,0,0,0,서울,영등포구,차대차,기타,기타,안전운전 의무 불이행,교차로,교차로내
3566,2012-11-21 16,주간,수,1,1,0,0,0,부산,강서구,차대차,기타,기타,안전운전 의무 불이행,단일로,기타단일로
3567,2012-06-25 16,주간,월,1,1,0,0,0,전남,순천시,차대차,기타,기타,안전운전 의무 불이행,단일로,기타단일로
3568,2012-06-28 15,주간,목,1,1,0,0,0,서울,노원구,차대사람,횡단중,횡단중,안전운전 의무 불이행,단일로,기타단일로
3569,2012-09-25 05,야간,화,1,1,0,0,0,울산,울주군,차대차,추돌,주정차중 추돌,안전거리 미확보,교차로,교차로부근
3570,2012-06-30 20,야간,토,2,2,0,0,0,경기,화성시,차량단독,도로이탈,도로이탈 추락,안전운전 의무 불이행,단일로,기타단일로
3571,2012-11-17 23,야간,토,1,2,1,0,0,서울,은평구,차대사람,횡단중,횡단중,안전운전 의무 불이행,단일로,기타단일로
3572,2012-06-13 10,주간,수,1,1,0,0,0,울산,남구,차대차,측면충돌,측면충돌,안전운전 의무 불이행,단일로,기타단일로
3573,2012-08-01 23,야간,수,1,5,2,2,0,충북,청원군,차대차,정면충돌,정면충돌,중앙선 침범,단일로,기타단일로
3574,2012-10-10 19,야간,수,1,1,0,0,0,경기,양주시,차대차,기타,기타,교차로 통행방법 위반,교차로,교차로내
3575,2012-12-04 08,주간,화,1,3,0,2,0,대구,달성군,차량단독,전도전복,전도전복,안전운전 의무 불이행,단일로,기타단일로
3576,2012-11-25 05,야간,일,1,2,1,0,0,경남,창원시(통합),차대사람,횡단중,횡단중,안전운전 의무 불이행,단일로,기타단일로
3577,2012-08-30 01,야간,목,1,1,0,0,0,경남,창원시(통합),차량단독,공작물충돌,공작물충돌,안전운전 의무 불이행,교차로,교차로부근
3578,2012-12-14 08,주간,금,1,4,3,0,0,대구,달성군,차대차,기타,기타,안전운전 의무 불이행,단일로,기타단일로
3579,2012-04-15 21,야간,일,1,1,0,0,0,경북,구미시,차대차,측면충돌,측면충돌,안전운전 의무 불이행,교차로,교차로내
3580,2012-07-11 23,야간,수,1,1,0,0,0,경기,김포시,차량단독,공작물충돌,공작물충돌,안전운전 의무 불이행,단일로,기타단일로
3581,2012-04-15 23,야간,일,1,1,0,0,0,경북,구미시,차대사람,보도통행중,보도통행중,신호위반,단일로,횡단보도상
3582,2012-04-12 22,야간,목,1,3,0,2,0,경기,평택시,차대차,추돌,주정차중 추돌,안전운전 의무 불이행,단일로,기타단일로
3583,2012-07-14 22,야간,토,2,4,1,1,0,경북,포항시,차량단독,공작물충돌,공작물충돌,안전운전 의무 불이행,단일로,교량위
3584,2012-08-24 03,야간,금,1,2,0,1,0,서울,서대문구,차대차,측면충돌,측면충돌,안전운전 의무 불이행,단일로,기타단일로
3585,2012-04-16 16,주간,월,1,3,1,1,0,전북,익산시,차량단독,공작물충돌,공작물충돌,안전운전 의무 불이행,단일로,기타단일로
3586,2012-11-26 04,야간,월,1,2,0,1,0,부산,강서구,차대차,추돌,주정차중 추돌,안전운전 의무 불이행,교차로,교차로부근
3587,2012-08-09 18,야간,목,1,1,0,0,0,부산,금정구,차대사람,횡단중,횡단중,보행자 보호의무 위반,교차로,교차로부근
3588,2012-04-07 17,주간,토,1,1,0,0,0,대구,북구,차대차,측면충돌,측면충돌,안전운전 의무 불이행,단일로,기타단일로
3589,2012-04-27 11,주간,금,1,1,0,0,0,경기,부천시,차대차,측면충돌,측면충돌,안전거리 미확보,단일로,기타단일로
3590,2012-07-12 20,야간,목,1,2,1,0,0,경남,양산시,차대차,기타,기타,안전운전 의무 불이행,교차로,교차로부근
3591,2012-05-21 00,야간,월,1,1,0,0,0,부산,사하구,차대사람,횡단중,횡단중,안전운전 의무 불이행,단일로,기타단일로
3592,2012-09-28 23,야간,금,1,2,1,0,0,서울,금천구,차대차,기타,기타,안전거리 미확보,교차로,교차로부근
3593,2012-05-16 02,야간,수,1,1,0,0,0,경기,용인시,차량단독,공작물충돌,공작물충돌,안전운전 의무 불이행,단일로,기타단일로
3594,2012-12-16 07,주간,일,1,1,0,0,0,대구,달성군,차량단독,공작물충돌,공작물충돌,안전운전 의무 불이행,단일로,교량위
3595,2012-10-08 04,야간,월,2,3,0,0,1,경남,창원시(통합),차대차,추돌,진행중 추돌,안전운전 의무 불이행,단일로,기타단일로
3596,2012-07-30 09,주간,월,1,1,0,0,0,서울,광진구,차대사람,차도통행중,차도통행중,안전운전 의무 불이행,교차로,교차로부근
3597,2012-10-19 09,주간,금,1,1,0,0,0,충남,아산시,차대사람,보도통행중,보도통행중,안전운전 의무 불이행,단일로,횡단보도부근
3598,2012-10-21 09,주간,일,1,1,0,0,0,경북,안동시,차대사람,횡단중,횡단중,보행자 보호의무 위반,단일로,기타단일로
3599,2012-10-22 04,야간,월,1,1,0,0,0,경북,안동시,차대사람,횡단중,횡단중,안전운전 의무 불이행,단일로,기타단일로
3600,2012-11-22 05,야간,목,1,1,0,0,0,충북,제천시,차대사람,횡단중,횡단중,보행자 보호의무 위반,교차로,교차로부근
3601,2012-10-02 14,주간,화,1,1,0,0,0,울산,울주군,차대차,기타,기타,안전운전 의무 불이행,단일로,기타단일로
3602,2012-08-31 10,주간,금,1,1,0,0,0,경기,성남시,차대차,추돌,진행중 추돌,기타,단일로,기타단일로
3603,2012-07-02 20,야간,월,1,2,1,0,0,서울,노원구,차대사람,횡단중,횡단중,안전운전 의무 불이행,단일로,기타단일로
3604,2012-11-24 12,주간,토,1,1,0,0,0,대전,대덕구,차대사람,횡단중,횡단중,안전운전 의무 불이행,단일로,기타단일로
3605,2012-04-21 02,야간,토,1,1,0,0,0,광주,북구,차대차,측면충돌,측면충돌,안전운전 의무 불이행,단일로,기타단일로
3606,2012-11-29 20,야간,목,1,1,0,0,0,부산,강서구,차대사람,횡단중,횡단중,안전운전 의무 불이행,단일로,기타단일로
3607,2012-09-05 17,주간,수,1,1,0,0,0,충북,충주시,차량단독,공작물충돌,공작물충돌,안전운전 의무 불이행,단일로,기타단일로
3608,2012-11-10 15,주간,토,1,1,0,0,0,전남,광양시,차량단독,전도전복,전도전복,안전운전 의무 불이행,단일로,기타단일로
3609,2012-10-08 05,야간,월,1,1,0,0,0,대전,중구,차대차,측면충돌,측면충돌,안전운전 의무 불이행,단일로,기타단일로
3610,2012-09-01 01,야간,토,1,1,0,0,0,경기,성남시,차량단독,전도전복,전도전복,안전운전 의무 불이행,단일로,기타단일로