교통사고이력ID(사고기록 순서),발생년월일시,주야코드,요일코드,사망자수,부상자수,중상자수,경상자수,부상신고자수,발생지시도코드,발생지시도코드,사고유형대분류코드,사고유형중분류코드,사고유형코드,법규위반코드,도로형태대분류코드,도로로형태코드
3812,2012-09-28 22,야간,금,1,1,0,0,0,충북,충주시,차대사람,횡단중,횡단중,안전운전 의무 불이행,단일로,기타단일로
3813,2012-04-16 05,야간,월,1,1,0,0,0,대전,유성구,차량단독,기타,기타,안전운전 의무 불이행,단일로,기타단일로
3814,2012-09-14 10,주간,금,1,1,0,0,0,경기,수원시,차대사람,기타,기타,안전운전 의무 불이행,단일로,기타단일로
3815,2012-08-25 00,야간,토,1,1,0,0,0,서울,광진구,차대차,추돌,주정차중 추돌,안전운전 의무 불이행,단일로,기타단일로
3816,2012-11-01 18,야간,목,1,1,0,0,0,울산,울주군,차대사람,기타,기타,안전운전 의무 불이행,단일로,기타단일로
3817,2012-07-29 02,야간,일,1,1,0,0,0,충북,청주시,차대사람,기타,기타,안전운전 의무 불이행,교차로,교차로내
3818,2012-07-08 07,주간,일,1,2,0,1,0,경기,고양시,차대사람,보도통행중,보도통행중,기타,교차로,교차로부근
3819,2012-06-09 12,주간,토,1,1,0,0,0,경기,파주시,차대차,측면충돌,측면충돌,신호위반,교차로,교차로내
3820,2012-12-16 07,주간,일,1,1,0,0,0,경남,창원시(통합),차대사람,차도통행중,차도통행중,안전운전 의무 불이행,교차로,교차로부근
3821,2012-08-20 21,야간,월,1,2,1,0,0,경기,광주시,차대차,정면충돌,정면충돌,중앙선 침범,단일로,기타단일로
3822,2012-05-28 04,야간,월,1,1,0,0,0,경기,화성시,차량단독,공작물충돌,공작물충돌,안전운전 의무 불이행,단일로,횡단보도부근
3823,2012-08-22 10,주간,수,1,1,0,0,0,제주,제주시,차대차,측면충돌,측면충돌,기타,교차로,교차로내
3824,2012-07-22 23,야간,일,1,1,0,0,0,전남,순천시,차대사람,횡단중,횡단중,과속,교차로,교차로내
3825,2012-12-16 20,야간,일,1,1,0,0,0,경남,창원시(통합),차대사람,횡단중,횡단중,안전거리 미확보,단일로,기타단일로
3826,2012-09-17 19,야간,월,1,1,0,0,0,대구,중구,차대사람,기타,기타,안전운전 의무 불이행,단일로,기타단일로
3827,2012-08-22 01,야간,수,1,1,0,0,0,경기,광주시,차량단독,도로이탈,도로이탈 기타,안전운전 의무 불이행,단일로,기타단일로
3828,2012-10-12 16,주간,금,1,1,0,0,0,서울,동작구,차대사람,횡단중,횡단중,보행자 보호의무 위반,단일로,횡단보도상
3829,2012-11-13 15,주간,화,1,2,1,0,0,경기,안성시,차대차,정면충돌,정면충돌,중앙선 침범,단일로,기타단일로
3830,2012-10-15 02,야간,월,1,1,0,0,0,충남,서산시,차대사람,기타,기타,안전운전 의무 불이행,단일로,기타단일로
3831,2012-11-08 23,야간,목,1,1,0,0,0,충남,아산시,차대사람,차도통행중,차도통행중,안전운전 의무 불이행,단일로,기타단일로
3832,2012-10-15 03,야간,월,1,1,0,0,0,충남,서산시,차대사람,차도통행중,차도통행중,안전운전 의무 불이행,단일로,기타단일로
3833,2012-08-08 06,주간,수,1,1,0,0,0,경북,포항시,차대사람,차도통행중,차도통행중,중앙선 침범,단일로,기타단일로
3834,2012-10-27 01,야간,토,1,1,0,0,0,광주,남구,차대사람,횡단중,횡단중,안전운전 의무 불이행,단일로,기타단일로
3835,2012-08-24 22,야간,금,1,1,0,0,0,서울,강남구,차대사람,횡단중,횡단중,안전운전 의무 불이행,단일로,횡단보도상
3836,2012-08-23 19,야간,목,1,2,1,0,0,제주,제주시,차량단독,공작물충돌,공작물충돌,안전운전 의무 불이행,단일로,기타단일로
3837,2012-12-19 04,야간,화,1,4,1,1,1,경남,창원시(통합),차대차,기타,기타,안전운전 의무 불이행,단일로,기타단일로
3838,2012-10-18 21,야간,목,1,1,0,0,0,인천,연수구,차대차,기타,기타,안전운전 의무 불이행,단일로,기타단일로
3839,2012-06-27 18,야간,수,1,1,0,0,0,대구,동구,차대사람,기타,기타,안전운전 의무 불이행,단일로,기타단일로
3840,2012-11-14 00,야간,수,1,1,0,0,0,충남,아산시,차량단독,기타,기타,안전운전 의무 불이행,기타/불명,기타/불명
3841,2012-07-31 03,야간,화,1,1,0,0,0,부산,사상구,차대사람,횡단중,횡단중,안전운전 의무 불이행,교차로,교차로부근
3842,2012-09-20 19,야간,목,1,1,0,0,0,대구,중구,차대사람,기타,기타,안전운전 의무 불이행,교차로,교차로부근
3843,2012-10-22 23,야간,월,1,1,0,0,0,경기,이천시,차대사람,기타,기타,안전운전 의무 불이행,교차로,교차로내
3844,2012-06-02 06,주간,토,1,1,0,0,0,대구,달서구,차대차,추돌,주정차중 추돌,안전운전 의무 불이행,단일로,기타단일로
3845,2012-08-02 01,야간,목,1,1,0,0,0,제주,제주시,차대사람,횡단중,횡단중,안전운전 의무 불이행,교차로,교차로내
3846,2012-10-01 23,야간,월,1,1,0,0,0,서울,동작구,차량단독,기타,기타,안전운전 의무 불이행,교차로,교차로부근
3847,2012-10-24 07,주간,수,1,2,1,0,0,경기,이천시,차대차,측면충돌,측면충돌,신호위반,교차로,교차로내
3848,2012-10-13 13,주간,토,1,1,0,0,0,경기,용인시,차대사람,횡단중,횡단중,안전운전 의무 불이행,단일로,기타단일로
3849,2012-11-07 21,야간,수,1,1,0,0,0,대전,중구,차대차,기타,기타,안전거리 미확보,단일로,기타단일로
3850,2012-08-16 00,야간,목,1,1,0,0,0,경북,포항시,차대차,추돌,주정차중 추돌,안전운전 의무 불이행,교차로,교차로부근
3851,2012-07-07 10,주간,토,1,8,0,7,0,전남,여수시,차대차,측면충돌,측면충돌,안전운전 의무 불이행,단일로,기타단일로
3852,2012-07-27 17,주간,금,1,1,0,0,0,경남,김해시,차대사람,기타,기타,안전운전 의무 불이행,단일로,기타단일로
3853,2012-08-10 02,야간,금,1,2,1,0,0,전남,목포시,차량단독,도로이탈,도로이탈 추락,안전운전 의무 불이행,단일로,기타단일로
3854,2012-07-10 16,주간,화,1,1,0,0,0,경기,고양시,차대사람,횡단중,횡단중,안전운전 의무 불이행,단일로,기타단일로
3855,2012-11-26 03,야간,월,2,3,1,0,0,경남,김해시,차대차,측면충돌,측면충돌,안전거리 미확보,교차로,교차로부근
3856,2012-12-13 23,야간,목,1,1,0,0,0,경기,포천시,차대사람,길가장자리구역통행중,길가장자리구역통행중,안전운전 의무 불이행,단일로,기타단일로
3857,2012-10-15 15,주간,월,1,1,0,0,0,서울,동작구,차대사람,횡단중,횡단중,보행자 보호의무 위반,교차로,교차로내
3858,2012-08-16 08,주간,목,1,1,0,0,0,경북,포항시,차대차,측면충돌,측면충돌,교차로 통행방법 위반,교차로,교차로내
3859,2012-08-07 15,주간,화,1,1,0,0,0,경기,김포시,차량단독,전도전복,전도전복,안전운전 의무 불이행,단일로,기타단일로
3860,2012-08-03 08,주간,금,1,1,0,0,0,충북,청원군,차대차,기타,기타,안전운전 의무 불이행,단일로,기타단일로
3861,2012-10-19 06,주간,금,1,1,0,0,0,충남,서산시,차대사람,횡단중,횡단중,신호위반,교차로,교차로부근
3862,2012-08-07 21,야간,화,1,1,0,0,0,경기,김포시,차대사람,횡단중,횡단중,안전운전 의무 불이행,교차로,교차로내
3863,2012-10-18 15,주간,목,1,1,0,0,0,경기,안산시,차대사람,횡단중,횡단중,안전운전 의무 불이행,교차로,교차로내
3864,2012-06-04 14,주간,월,1,2,0,1,0,경기,용인시,차대차,추돌,진행중 추돌,안전운전 의무 불이행,단일로,기타단일로
3865,2012-11-18 14,주간,일,1,1,0,0,0,경기,안성시,차대차,측면충돌,측면충돌,안전운전 의무 불이행,단일로,기타단일로
3866,2012-12-09 03,야간,일,1,1,0,0,0,인천,부평구,차대차,측면충돌,측면충돌,안전운전 의무 불이행,단일로,기타단일로
3867,2012-08-17 23,야간,금,1,1,0,0,0,경북,포항시,차대사람,횡단중,횡단중,과속,교차로,교차로부근
3868,2012-11-06 19,야간,화,1,1,0,0,0,서울,구로구,차대차,기타,기타,안전운전 의무 불이행,교차로,교차로부근
3869,2012-05-25 14,주간,금,1,2,1,0,0,경기,남양주시,차대차,정면충돌,정면충돌,중앙선 침범,단일로,기타단일로
3870,2012-06-12 10,주간,화,1,1,0,0,0,서울,영등포구,차대차,정면충돌,정면충돌,중앙선 침범,단일로,기타단일로
3871,2012-06-09 21,야간,토,1,1,0,0,0,전북,군산시,차대사람,횡단중,횡단중,안전운전 의무 불이행,교차로,교차로내
3872,2012-07-09 09,주간,월,1,1,0,0,0,충남,천안시,차대사람,횡단중,횡단중,안전운전 의무 불이행,교차로,교차로부근
3873,2012-07-26 19,야간,목,1,1,0,0,0,전남,순천시,차대차,측면충돌,측면충돌,안전운전 의무 불이행,교차로,교차로부근
3874,2012-07-18 11,주간,수,1,1,0,0,0,서울,강동구,차대사람,보도통행중,보도통행중,기타,기타/불명,기타/불명
3875,2012-09-07 04,야간,금,1,1,0,0,0,충북,청주시,차대사람,횡단중,횡단중,보행자 보호의무 위반,교차로,교차로내
3876,2012-07-09 19,야간,월,1,1,0,0,0,충남,천안시,차대차,기타,기타,중앙선 침범,단일로,지하차도(도로)내
3877,2012-08-13 05,야간,월,1,1,0,0,0,전남,목포시,차대사람,횡단중,횡단중,보행자 보호의무 위반,단일로,횡단보도상
3878,2012-10-20 00,야간,토,1,4,3,0,0,경기,안산시,차대차,정면충돌,정면충돌,중앙선 침범,단일로,기타단일로
3879,2012-05-01 21,야간,화,1,1,0,0,0,경북,구미시,차대사람,기타,기타,안전운전 의무 불이행,단일로,기타단일로
3880,2012-11-22 09,주간,목,1,1,0,0,0,경남,창원시(통합),차대사람,횡단중,횡단중,안전운전 의무 불이행,단일로,기타단일로
3881,2012-11-25 02,야간,일,1,1,0,0,0,제주,서귀포시,차대사람,횡단중,횡단중,안전운전 의무 불이행,단일로,기타단일로
3882,2012-07-14 15,주간,토,1,1,0,0,0,경북,경산시,차대차,기타,기타,안전운전 의무 불이행,교차로,교차로부근
3883,2012-11-14 02,야간,수,1,1,0,0,0,서울,금천구,차대사람,횡단중,횡단중,안전운전 의무 불이행,단일로,기타단일로
3884,2012-12-28 21,야간,금,1,1,0,0,0,전남,광양시,차량단독,도로이탈,도로이탈 추락,안전운전 의무 불이행,단일로,기타단일로
3885,2012-07-13 19,야간,금,1,2,1,0,0,경기,고양시,차량단독,공작물충돌,공작물충돌,안전운전 의무 불이행,단일로,기타단일로
3886,2012-12-29 09,주간,토,1,2,0,1,0,전남,광양시,차대사람,기타,기타,안전운전 의무 불이행,단일로,교량위
3887,2012-11-23 00,야간,금,1,2,1,0,0,충남,아산시,차대사람,횡단중,횡단중,안전운전 의무 불이행,단일로,기타단일로
3888,2012-07-06 02,야간,금,2,2,0,0,0,서울,서초구,차량단독,공작물충돌,공작물충돌,안전운전 의무 불이행,단일로,기타단일로
3889,2012-04-21 10,주간,토,2,5,3,0,0,대구,북구,차량단독,기타,기타,안전운전 의무 불이행,단일로,기타단일로
3890,2012-07-28 14,주간,토,1,1,0,0,0,강원,춘천시,차량단독,공작물충돌,공작물충돌,안전운전 의무 불이행,단일로,기타단일로
3891,2012-05-12 01,야간,토,1,4,2,0,1,경기,시흥시,차대차,추돌,진행중 추돌,안전운전 의무 불이행,단일로,기타단일로
3892,2012-11-23 14,주간,금,1,3,0,2,0,충남,아산시,차대차,추돌,진행중 추돌,안전운전 의무 불이행,단일로,터널안
3893,2012-12-20 22,야간,목,1,1,0,0,0,경남,진주시,차량단독,전도전복,전도전복,안전운전 의무 불이행,단일로,기타단일로
3894,2012-05-21 14,주간,월,1,1,0,0,0,강원,원주시,차대사람,기타,기타,안전운전 의무 불이행,기타/불명,기타/불명
3895,2012-10-31 18,야간,수,1,1,0,0,0,경기,이천시,차대사람,횡단중,횡단중,안전운전 의무 불이행,교차로,교차로내
3896,2012-05-21 19,야간,월,2,5,3,0,0,강원,원주시,차대차,측면충돌,측면충돌,중앙선 침범,단일로,기타단일로
3897,2012-11-25 16,주간,일,1,1,0,0,0,경남,창원시(통합),차대차,추돌,진행중 추돌,안전거리 미확보,단일로,기타단일로
3898,2012-09-04 21,야간,화,2,12,1,8,1,서울,광진구,차대차,기타,기타,안전운전 의무 불이행,단일로,기타단일로
3899,2012-04-28 23,야간,토,1,2,1,0,0,대구,수성구,차량단독,공작물충돌,공작물충돌,안전운전 의무 불이행,단일로,기타단일로
3900,2012-04-29 04,야간,일,1,1,0,0,0,대구,수성구,차대차,추돌,주정차중 추돌,안전운전 의무 불이행,단일로,기타단일로
3901,2012-10-12 00,야간,금,1,1,0,0,0,인천,부평구,차대사람,기타,기타,안전운전 의무 불이행,단일로,기타단일로
3902,2012-07-13 05,야간,금,1,1,0,0,0,전남,여수시,차량단독,기타,기타,안전운전 의무 불이행,단일로,기타단일로
3903,2012-12-11 05,야간,화,1,1,0,0,0,경북,안동시,차대사람,기타,기타,안전운전 의무 불이행,교차로,교차로내
3904,2012-07-29 17,주간,일,1,1,0,0,0,전남,순천시,차대차,측면충돌,측면충돌,안전운전 의무 불이행,단일로,기타단일로
3905,2012-11-27 10,주간,화,1,1,0,0,0,경기,안성시,차대차,측면충돌,측면충돌,안전거리 미확보,단일로,기타단일로
3906,2012-08-17 20,야간,금,1,1,0,0,0,경북,포항시,차대차,측면충돌,측면충돌,교차로 통행방법 위반,교차로,교차로내
3907,2012-07-14 00,야간,토,1,1,0,0,0,전남,여수시,차대사람,횡단중,횡단중,안전운전 의무 불이행,교차로,교차로부근
3908,2012-04-22 01,야간,일,1,1,0,0,0,대전,서구,차대사람,기타,기타,안전운전 의무 불이행,단일로,기타단일로
3909,2012-10-29 06,주간,월,1,1,0,0,0,인천,연수구,차대사람,횡단중,횡단중,안전운전 의무 불이행,교차로,교차로내
3910,2012-05-29 01,야간,화,1,1,0,0,0,경기,남양주시,차대차,추돌,주정차중 추돌,안전운전 의무 불이행,교차로,교차로부근
3911,2012-11-14 21,야간,수,1,1,0,0,0,서울,구로구,차량단독,주정차차량 충돌,주정차차량 충돌,안전거리 미확보,단일로,기타단일로
3912,2012-08-18 20,야간,토,1,2,1,0,0,경북,포항시,차대사람,기타,기타,안전운전 의무 불이행,단일로,기타단일로
3913,2012-07-14 09,주간,토,1,1,0,0,0,전남,여수시,차대사람,횡단중,횡단중,보행자 보호의무 위반,단일로,횡단보도상
3914,2012-08-31 08,주간,금,1,1,0,0,0,서울,마포구,차대사람,기타,기타,안전운전 의무 불이행,단일로,횡단보도상
3915,2012-09-15 15,주간,토,1,2,0,1,0,부산,금정구,차대차,추돌,진행중 추돌,안전운전 의무 불이행,단일로,기타단일로
3916,2012-07-18 08,주간,수,1,1,0,0,0,경북,경산시,차량단독,공작물충돌,공작물충돌,안전운전 의무 불이행,단일로,기타단일로
3917,2012-11-28 18,야간,수,1,2,1,0,0,충남,아산시,차대차,기타,기타,안전운전 의무 불이행,단일로,기타단일로
3918,2012-08-05 06,주간,일,1,6,2,3,0,경남,김해시,차대차,측면충돌,측면충돌,신호위반,교차로,교차로내
3919,2012-06-04 12,주간,월,1,1,0,0,0,전북,전주시,차대차,측면충돌,측면충돌,신호위반,교차로,교차로내
3920,2012-08-10 14,주간,금,1,1,0,0,0,제주,제주시,차대사람,보도통행중,보도통행중,보행자 보호의무 위반,교차로,교차로내
3921,2012-05-05 08,주간,토,1,1,0,0,0,부산,부산진구,차대사람,기타,기타,안전운전 의무 불이행,단일로,기타단일로
3922,2012-07-28 05,야간,토,1,1,0,0,0,인천,서구,차대차,기타,기타,안전운전 의무 불이행,교차로,교차로부근
3923,2012-08-02 13,주간,목,1,1,0,0,0,강원,춘천시,차대차,측면충돌,측면충돌,중앙선 침범,단일로,기타단일로
3924,2012-08-12 05,야간,일,1,1,0,0,0,제주,제주시,차대차,측면충돌,측면충돌,안전운전 의무 불이행,단일로,기타단일로
3925,2012-12-06 17,주간,목,1,2,1,0,0,경남,김해시,차대차,추돌,진행중 추돌,안전운전 의무 불이행,단일로,기타단일로
3926,2012-06-18 21,야간,월,1,1,0,0,0,부산,사하구,차대사람,횡단중,횡단중,안전운전 의무 불이행,단일로,기타단일로
3927,2012-10-26 14,주간,금,1,1,0,0,0,충남,태안군,차대사람,기타,기타,안전운전 의무 불이행,단일로,기타단일로
3928,2012-12-25 17,주간,화,1,1,0,0,0,경기,포천시,차대사람,보도통행중,보도통행중,기타,단일로,기타단일로
3929,2012-12-04 14,주간,화,1,2,1,0,0,경기,양주시,차대사람,횡단중,횡단중,신호위반,교차로,교차로내
3930,2012-05-03 18,야간,목,1,1,0,0,0,부산,수영구,차대사람,횡단중,횡단중,안전운전 의무 불이행,교차로,교차로부근
3931,2012-07-12 22,야간,목,1,1,0,0,0,경기,광명시,차대사람,횡단중,횡단중,신호위반,교차로,교차로내
3932,2012-09-27 23,야간,목,1,1,0,0,0,경기,수원시,차대사람,차도통행중,차도통행중,안전운전 의무 불이행,단일로,기타단일로
3933,2012-11-22 18,야간,목,1,1,0,0,0,울산,울주군,차대사람,기타,기타,안전운전 의무 불이행,교차로,교차로부근
3934,2012-06-13 05,야간,수,1,1,0,0,0,경기,용인시,차대차,측면충돌,측면충돌,안전거리 미확보,교차로,교차로부근
3935,2012-07-01 22,야간,일,1,1,0,0,0,서울,강서구,차대사람,기타,기타,안전운전 의무 불이행,교차로,교차로부근
3936,2012-07-20 19,야간,금,1,1,0,0,0,경북,경산시,차대차,측면충돌,측면충돌,안전운전 의무 불이행,단일로,기타단일로
3937,2012-05-31 12,주간,목,1,2,1,0,0,경기,남양주시,차대차,정면충돌,정면충돌,중앙선 침범,단일로,기타단일로
3938,2012-12-04 01,야간,화,1,1,0,0,0,경기,안성시,차량단독,공작물충돌,공작물충돌,안전운전 의무 불이행,단일로,기타단일로
3939,2012-07-19 00,야간,목,1,1,0,0,0,경기,고양시,차대사람,기타,기타,안전운전 의무 불이행,단일로,기타단일로
3940,2012-12-07 13,주간,금,1,2,1,0,0,경남,김해시,차대사람,길가장자리구역통행중,길가장자리구역통행중,안전운전 의무 불이행,단일로,기타단일로
3941,2012-10-27 19,야간,토,1,1,0,0,0,경남,창원시(통합),차대사람,기타,기타,안전운전 의무 불이행,단일로,기타단일로
3942,2012-12-19 13,주간,수,1,1,0,0,0,경북,안동시,차대사람,차도통행중,차도통행중,안전운전 의무 불이행,단일로,기타단일로
3943,2012-05-15 15,주간,화,1,1,0,0,0,경기,고양시,차량단독,공작물충돌,공작물충돌,안전운전 의무 불이행,단일로,기타단일로
3944,2012-06-06 10,주간,수,1,1,0,0,0,경기,화성시,차대사람,횡단중,횡단중,과속,단일로,횡단보도상
3945,2012-12-20 05,야간,목,1,16,8,6,1,경북,안동시,차대차,측면충돌,측면충돌,과속,교차로,교차로내
3946,2012-08-07 18,야간,화,1,1,0,0,0,경남,김해시,차대차,측면충돌,측면충돌,기타,교차로,교차로내
3947,2012-08-16 12,주간,목,1,5,1,3,0,경기,김포시,차대차,정면충돌,정면충돌,중앙선 침범,단일로,기타단일로
3948,2012-11-06 22,야간,화,1,6,0,5,0,서울,강북구,차대사람,횡단중,횡단중,안전운전 의무 불이행,단일로,횡단보도상
3949,2012-11-18 20,야간,일,1,1,0,0,0,서울,구로구,차대사람,횡단중,횡단중,신호위반,교차로,교차로내
3950,2012-11-09 22,야간,금,1,1,0,0,0,광주,남구,차대사람,보도통행중,보도통행중,기타,단일로,고가도로위
3951,2012-10-28 16,주간,일,1,1,0,0,0,서울,도봉구,차대사람,횡단중,횡단중,안전운전 의무 불이행,단일로,횡단보도상
3952,2012-06-14 10,주간,목,1,1,0,0,0,경기,용인시,차대사람,횡단중,횡단중,안전운전 의무 불이행,교차로,교차로내
3953,2012-08-07 05,야간,화,1,1,0,0,0,강원,춘천시,차대차,정면충돌,정면충돌,중앙선 침범,단일로,기타단일로
3954,2012-12-03 21,야간,월,1,3,0,2,0,경남,창원시(통합),차대차,추돌,주정차중 추돌,안전운전 의무 불이행,단일로,기타단일로
3955,2012-05-06 19,야간,일,1,1,0,0,0,전북,익산시,차량단독,전도전복,전도전복,안전운전 의무 불이행,단일로,기타단일로
3956,2012-09-04 14,주간,화,1,1,0,0,0,서울,마포구,차대사람,기타,기타,안전운전 의무 불이행,단일로,기타단일로
3957,2012-06-07 14,주간,목,1,1,0,0,0,경기,화성시,차대사람,횡단중,횡단중,안전운전 의무 불이행,단일로,기타단일로
3958,2012-11-10 01,야간,토,1,1,0,0,0,경기,이천시,차대사람,횡단중,횡단중,안전운전 의무 불이행,단일로,기타단일로
3959,2012-08-05 12,주간,일,1,1,0,0,0,울산,중구,차대차,측면충돌,측면충돌,안전운전 의무 불이행,단일로,기타단일로
3960,2012-08-08 18,야간,수,1,3,2,0,0,강원,춘천시,차대차,측면충돌,측면충돌,신호위반,교차로,교차로내
3961,2012-07-15 04,야간,일,1,1,0,0,0,서울,동대문구,차량단독,공작물충돌,공작물충돌,안전운전 의무 불이행,단일로,기타단일로
3962,2012-10-30 09,주간,화,1,9,3,5,0,경기,안산시,차대차,추돌,진행중 추돌,안전운전 의무 불이행,단일로,기타단일로
3963,2012-12-27 05,야간,목,1,2,1,0,0,경남,창원시(통합),차량단독,공작물충돌,공작물충돌,안전운전 의무 불이행,단일로,기타단일로
3964,2012-08-24 17,주간,금,2,4,2,0,0,경북,포항시,차량단독,공작물충돌,공작물충돌,신호위반,단일로,횡단보도부근
3965,2012-07-29 06,주간,일,1,1,0,0,0,대구,달서구,차대차,측면충돌,측면충돌,신호위반,교차로,교차로내
3966,2012-08-03 15,주간,금,1,1,0,0,0,전남,순천시,차대사람,횡단중,횡단중,신호위반,단일로,횡단보도상
3967,2012-11-01 03,야간,목,2,2,0,0,0,충남,서산시,차대차,추돌,주정차중 추돌,안전운전 의무 불이행,단일로,기타단일로
3968,2012-11-23 16,주간,금,1,1,0,0,0,대전,중구,차대차,측면충돌,측면충돌,안전운전 의무 불이행,교차로,교차로내
3969,2012-08-11 20,야간,토,1,1,0,0,0,경기,화성시,차대사람,횡단중,횡단중,안전운전 의무 불이행,단일로,기타단일로
3970,2012-11-01 03,야간,목,1,1,0,0,0,인천,계양구,차대차,추돌,진행중 추돌,안전운전 의무 불이행,단일로,기타단일로
3971,2012-11-06 23,야간,화,1,1,0,0,0,인천,연수구,차대사람,횡단중,횡단중,안전운전 의무 불이행,단일로,기타단일로
3972,2012-12-22 07,주간,토,1,1,0,0,0,서울,도봉구,차대사람,차도통행중,차도통행중,안전운전 의무 불이행,단일로,기타단일로
3973,2012-08-19 14,주간,일,1,1,0,0,0,충북,청주시,차대사람,횡단중,횡단중,신호위반,단일로,횡단보도상
3974,2012-10-22 01,야간,월,1,1,0,0,0,충북,충주시,차량단독,공작물충돌,공작물충돌,안전운전 의무 불이행,단일로,기타단일로
3975,2012-05-04 10,주간,금,1,4,0,2,1,경기,평택시,차대차,측면충돌,측면충돌,신호위반,교차로,교차로내
3976,2012-08-11 23,야간,토,1,1,0,0,0,경남,김해시,차대사람,횡단중,횡단중,안전운전 의무 불이행,단일로,기타단일로
3977,2012-09-07 04,야간,금,1,2,1,0,0,서울,마포구,차대차,기타,기타,안전운전 의무 불이행,단일로,기타단일로
3978,2012-12-10 18,야간,월,1,1,0,0,0,경기,안성시,차대사람,횡단중,횡단중,안전운전 의무 불이행,단일로,기타단일로
3979,2012-08-11 06,주간,토,1,1,0,0,0,서울,관악구,차량단독,공작물충돌,공작물충돌,안전운전 의무 불이행,단일로,기타단일로
3980,2012-06-16 06,주간,토,1,2,1,0,0,경기,용인시,차대차,추돌,주정차중 추돌,안전운전 의무 불이행,교차로,교차로부근
3981,2012-11-08 19,야간,목,1,1,0,0,0,인천,연수구,차량단독,공작물충돌,공작물충돌,안전운전 의무 불이행,단일로,기타단일로
3982,2012-07-24 07,주간,화,1,3,1,1,0,경북,경산시,차대차,기타,기타,안전운전 의무 불이행,교차로,교차로부근
3983,2012-12-13 09,주간,목,1,1,0,0,0,경기,양주시,차대사람,차도통행중,차도통행중,안전운전 의무 불이행,단일로,기타단일로
3984,2012-07-06 16,주간,금,1,1,0,0,0,인천,남구,차대사람,횡단중,횡단중,안전운전 의무 불이행,교차로,교차로부근
3985,2012-11-05 02,야간,월,1,1,0,0,0,서울,동작구,차대사람,기타,기타,안전운전 의무 불이행,단일로,기타단일로
3986,2012-11-02 13,주간,금,1,1,0,0,0,충남,태안군,차대차,기타,기타,안전운전 의무 불이행,교차로,교차로내
3987,2012-11-24 02,야간,토,1,1,0,0,0,서울,구로구,차대사람,횡단중,횡단중,안전운전 의무 불이행,단일로,기타단일로
3988,2012-11-15 00,야간,목,1,1,0,0,0,경기,이천시,차량단독,공작물충돌,공작물충돌,안전운전 의무 불이행,단일로,기타단일로
3989,2012-08-28 04,야간,화,1,1,0,0,0,경북,포항시,차대사람,횡단중,횡단중,안전운전 의무 불이행,단일로,기타단일로
3990,2012-08-10 01,야간,금,1,1,0,0,0,울산,북구,차대차,기타,기타,안전운전 의무 불이행,단일로,기타단일로
3991,2012-11-30 00,야간,금,1,1,0,0,0,대전,중구,차대사람,차도통행중,차도통행중,신호위반,교차로,교차로내
3992,2012-09-10 16,주간,월,1,1,0,0,0,제주,제주시,차대사람,횡단중,횡단중,안전운전 의무 불이행,단일로,기타단일로
3993,2012-05-11 07,주간,금,1,1,0,0,0,경북,구미시,차대차,측면충돌,측면충돌,신호위반,교차로,교차로내
3994,2012-11-03 19,야간,토,1,1,0,0,0,경남,창원시(통합),차대차,추돌,주정차중 추돌,안전운전 의무 불이행,단일로,기타단일로
3995,2012-12-17 20,야간,월,1,1,0,0,0,경남,김해시,차대사람,횡단중,횡단중,안전운전 의무 불이행,단일로,기타단일로
3996,2012-04-27 00,야간,금,1,1,0,0,0,대구,북구,차량단독,공작물충돌,공작물충돌,안전운전 의무 불이행,단일로,기타단일로
3997,2012-09-11 01,야간,화,1,2,1,0,0,제주,제주시,차대사람,횡단중,횡단중,안전운전 의무 불이행,단일로,기타단일로
3998,2012-10-19 14,주간,금,1,2,0,0,1,경기,성남시,차대사람,기타,기타,안전운전 의무 불이행,교차로,교차로내
3999,2012-11-14 14,주간,수,1,1,0,0,0,인천,연수구,차대차,기타,기타,과속,단일로,기타단일로
4000,2012-08-15 20,야간,수,1,1,0,0,0,경기,화성시,차대사람,길가장자리구역통행중,길가장자리구역통행중,안전운전 의무 불이행,교차로,교차로부근
4001,2012-11-04 16,주간,일,1,2,0,1,0,경남,창원시(통합),차대차,추돌,진행중 추돌,중앙선 침범,단일로,기타단일로
4002,2012-08-15 15,주간,수,1,1,0,0,0,부산,동래구,차대사람,횡단중,횡단중,안전운전 의무 불이행,단일로,기타단일로
4003,2012-07-30 13,주간,월,1,3,1,0,1,서울,강동구,차대차,기타,기타,중앙선 침범,단일로,기타단일로
4004,2012-09-27 05,야간,목,1,1,0,0,0,충북,청원군,차대사람,기타,기타,안전운전 의무 불이행,단일로,기타단일로
4005,2012-10-10 13,주간,수,1,1,0,0,0,경기,수원시,차대차,기타,기타,기타,단일로,교량위
4006,2012-07-18 21,야간,수,1,1,0,0,0,서울,동대문구,차대차,기타,기타,중앙선 침범,교차로,교차로부근
4007,2012-08-07 20,야간,화,1,1,0,0,0,전남,순천시,차대사람,횡단중,횡단중,안전운전 의무 불이행,단일로,기타단일로
4008,2012-06-19 02,야간,화,1,4,3,0,0,경기,용인시,차대차,추돌,주정차중 추돌,안전운전 의무 불이행,교차로,교차로부근
4009,2012-07-28 20,야간,토,1,2,0,1,0,경북,경산시,차대사람,횡단중,횡단중,안전운전 의무 불이행,교차로,교차로내
4010,2012-10-13 03,야간,토,1,1,0,0,0,대구,남구,차량단독,공작물충돌,공작물충돌,안전운전 의무 불이행,기타/불명,기타/불명
4011,2012-11-04 18,야간,일,1,1,0,0,0,충남,서산시,차대사람,횡단중,횡단중,안전운전 의무 불이행,교차로,교차로내
4012,2012-07-30 05,야간,월,1,3,0,2,0,경북,경산시,차대차,기타,기타,교차로 통행방법 위반,교차로,교차로내