교통사고이력ID(사고기록 순서),발생년월일시,주야코드,요일코드,사망자수,부상자수,중상자수,경상자수,부상신고자수,발생지시도코드,발생지시도코드,사고유형대분류코드,사고유형중분류코드,사고유형코드,법규위반코드,도로형태대분류코드,도로로형태코드
4013,2012-09-22 02,야간,토,1,1,0,0,0,서울,광진구,차대사람,횡단중,횡단중,보행자 보호의무 위반,단일로,횡단보도상
4014,2012-05-07 20,야간,월,1,1,0,0,0,전북,전주시,차대사람,횡단중,횡단중,안전운전 의무 불이행,단일로,기타단일로
4015,2012-08-08 02,야간,수,1,2,0,1,0,전남,순천시,차량단독,공작물충돌,공작물충돌,안전운전 의무 불이행,단일로,기타단일로
4016,2012-06-12 20,야간,화,2,5,0,3,0,경기,오산시,차량단독,공작물충돌,공작물충돌,안전운전 의무 불이행,단일로,기타단일로
4017,2012-08-27 19,야간,월,1,1,0,0,0,전남,목포시,차대사람,횡단중,횡단중,안전운전 의무 불이행,교차로,교차로내
4018,2012-08-17 05,야간,금,1,1,0,0,0,서울,노원구,차대사람,횡단중,횡단중,신호위반,단일로,횡단보도상
4019,2012-07-14 17,주간,토,1,12,7,4,0,대구,동구,차대차,추돌,진행중 추돌,중앙선 침범,단일로,기타단일로
4020,2012-06-29 19,야간,금,1,1,0,0,0,경기,안산시,차대차,정면충돌,정면충돌,안전운전 의무 불이행,단일로,기타단일로
4021,2012-07-21 03,야간,토,1,2,0,1,0,경기,광명시,차량단독,공작물충돌,공작물충돌,안전운전 의무 불이행,단일로,기타단일로
4022,2012-08-14 05,야간,화,2,6,1,3,0,울산,북구,차대차,측면충돌,측면충돌,신호위반,교차로,교차로내
4023,2012-11-30 19,야간,금,1,1,0,0,0,서울,구로구,차대차,기타,기타,안전운전 의무 불이행,교차로,교차로내
4024,2012-10-12 23,야간,금,1,1,0,0,0,경기,수원시,차대사람,횡단중,횡단중,안전운전 의무 불이행,교차로,교차로부근
4025,2012-05-23 13,주간,수,1,1,0,0,0,경기,시흥시,차대사람,횡단중,횡단중,안전운전 의무 불이행,단일로,기타단일로
4026,2012-05-11 19,야간,금,1,1,0,0,0,전북,익산시,차대사람,횡단중,횡단중,안전운전 의무 불이행,단일로,기타단일로
4027,2012-12-09 02,야간,일,1,4,0,1,2,울산,울주군,차대차,기타,기타,중앙선 침범,단일로,기타단일로
4028,2012-10-27 20,야간,토,1,1,0,0,0,충남,천안시,차대사람,차도통행중,차도통행중,안전운전 의무 불이행,단일로,기타단일로
4029,2012-07-16 08,주간,월,1,1,0,0,0,대구,동구,차대사람,차도통행중,차도통행중,안전운전 의무 불이행,단일로,기타단일로
4030,2012-08-19 08,주간,일,1,1,0,0,0,경기,화성시,차대차,측면충돌,측면충돌,중앙선 침범,교차로,교차로부근
4031,2012-08-26 21,야간,일,1,5,1,3,0,충북,청주시,차대차,측면충돌,측면충돌,신호위반,교차로,교차로내
4032,2012-11-21 02,야간,수,1,1,0,0,0,광주,남구,차량단독,공작물충돌,공작물충돌,안전운전 의무 불이행,교차로,교차로내
4033,2012-11-06 19,야간,화,1,3,2,0,0,충남,서산시,차대차,추돌,진행중 추돌,안전운전 의무 불이행,단일로,기타단일로
4034,2012-06-20 11,주간,수,1,1,0,0,0,부산,해운대구,차량단독,공작물충돌,공작물충돌,안전운전 의무 불이행,단일로,기타단일로
4035,2012-06-22 22,야간,금,1,1,0,0,0,경북,경주시,차대사람,기타,기타,안전운전 의무 불이행,교차로,교차로내
4036,2012-08-10 15,주간,금,1,5,0,4,0,인천,서구,차대차,기타,기타,신호위반,교차로,교차로내
4037,2012-12-14 00,야간,금,1,1,0,0,0,서울,금천구,차대사람,보도통행중,보도통행중,안전운전 의무 불이행,단일로,횡단보도상
4038,2012-11-10 04,야간,토,2,2,0,0,0,경기,안산시,차대차,추돌,주정차중 추돌,안전운전 의무 불이행,단일로,기타단일로
4039,2012-11-10 22,야간,토,1,1,0,0,0,경기,안산시,차대차,추돌,주정차중 추돌,안전운전 의무 불이행,단일로,기타단일로
4040,2012-06-09 02,야간,토,1,3,1,1,0,경기,남양주시,차대차,정면충돌,정면충돌,신호위반,교차로,교차로내
4041,2012-06-10 18,야간,일,1,2,0,1,0,광주,광산구,차대차,측면충돌,측면충돌,신호위반,교차로,교차로내
4042,2012-05-14 20,야간,월,1,1,0,0,0,경북,구미시,차량단독,공작물충돌,공작물충돌,안전운전 의무 불이행,단일로,기타단일로
4043,2012-12-22 06,주간,토,1,1,0,0,0,제주,서귀포시,차대사람,횡단중,횡단중,안전운전 의무 불이행,단일로,횡단보도부근
4044,2012-08-17 22,야간,금,1,1,0,0,0,강원,춘천시,차대사람,횡단중,횡단중,안전운전 의무 불이행,단일로,기타단일로
4045,2012-09-19 07,주간,수,1,4,1,1,1,서울,강남구,차대사람,보도통행중,보도통행중,기타,단일로,기타단일로
4046,2012-07-21 22,야간,토,1,1,0,0,0,서울,동대문구,차대차,측면충돌,측면충돌,신호위반,교차로,교차로부근
4047,2012-11-25 00,야간,토,1,1,0,0,0,경기,이천시,차대사람,횡단중,횡단중,안전운전 의무 불이행,교차로,교차로내
4048,2012-12-16 07,주간,일,1,1,0,0,0,서울,금천구,차대사람,기타,기타,안전운전 의무 불이행,교차로,교차로부근
4049,2012-10-03 10,주간,수,1,1,0,0,0,부산,금정구,차량단독,공작물충돌,공작물충돌,안전운전 의무 불이행,단일로,기타단일로
4050,2012-08-24 14,주간,금,1,5,2,2,0,제주,제주시,차대차,측면충돌,측면충돌,중앙선 침범,교차로,교차로부근
4051,2012-07-25 02,야간,수,1,1,0,0,0,전남,여수시,차대사람,횡단중,횡단중,안전운전 의무 불이행,교차로,교차로내
4052,2012-08-05 04,야간,일,1,2,1,0,0,서울,강동구,차대차,추돌,주정차중 추돌,안전운전 의무 불이행,교차로,교차로부근
4053,2012-12-25 22,야간,화,1,1,0,0,0,경기,양주시,차대사람,횡단중,횡단중,안전운전 의무 불이행,교차로,교차로내
4054,2012-08-30 02,야간,목,2,4,1,1,0,충북,청원군,차대차,정면충돌,정면충돌,신호위반,교차로,교차로내
4055,2012-07-27 13,주간,금,1,2,1,0,0,울산,남구,차대차,추돌,진행중 추돌,안전운전 의무 불이행,교차로,교차로부근
4056,2012-11-02 02,야간,금,1,1,0,0,0,충북,충주시,차대사람,길가장자리구역통행중,길가장자리구역통행중,안전운전 의무 불이행,단일로,기타단일로
4057,2012-10-30 19,야간,화,1,1,0,0,0,대전,동구,차량단독,공작물충돌,공작물충돌,안전운전 의무 불이행,단일로,기타단일로
4058,2012-11-23 05,야간,금,1,1,0,0,0,광주,남구,차대사람,횡단중,횡단중,안전운전 의무 불이행,단일로,기타단일로
4059,2012-08-18 20,야간,토,1,2,1,0,0,강원,춘천시,차대차,정면충돌,정면충돌,신호위반,교차로,교차로내
4060,2012-06-05 01,야간,화,1,1,0,0,0,충북,청원군,차량단독,공작물충돌,공작물충돌,안전운전 의무 불이행,단일로,기타단일로
4061,2012-12-26 08,주간,수,1,1,0,0,0,제주,서귀포시,차대차,추돌,진행중 추돌,안전운전 의무 불이행,교차로,교차로부근
4062,2012-12-27 23,야간,목,1,1,0,0,0,경기,양주시,차대사람,보도통행중,보도통행중,안전운전 의무 불이행,교차로,교차로내
4063,2012-08-22 03,야간,수,1,1,0,0,0,서울,노원구,차대사람,횡단중,횡단중,안전운전 의무 불이행,단일로,기타단일로
4064,2012-07-25 18,야간,수,1,1,0,0,0,경기,광명시,차대차,측면충돌,측면충돌,안전거리 미확보,단일로,기타단일로
4065,2012-12-12 23,야간,수,1,1,0,0,0,충남,아산시,차대사람,횡단중,횡단중,안전운전 의무 불이행,단일로,기타단일로
4066,2012-09-01 06,주간,토,1,1,0,0,0,전남,목포시,차대사람,보도통행중,보도통행중,기타,단일로,기타단일로
4067,2012-09-12 04,야간,수,2,2,0,0,0,강원,강릉시,차량단독,도로이탈,도로이탈 기타,안전운전 의무 불이행,단일로,기타단일로
4068,2012-09-17 02,야간,월,1,2,1,0,0,서울,마포구,차대차,추돌,진행중 추돌,안전운전 의무 불이행,단일로,기타단일로
4069,2012-07-26 13,주간,목,1,1,0,0,0,전남,여수시,차대사람,횡단중,횡단중,신호위반,단일로,횡단보도상
4070,2012-06-27 14,주간,수,1,4,0,3,0,경북,경주시,차대차,측면충돌,측면충돌,안전운전 의무 불이행,단일로,기타단일로
4071,2012-07-23 18,야간,월,1,1,0,0,0,서울,동대문구,차대사람,기타,기타,안전운전 의무 불이행,단일로,기타단일로
4072,2012-07-15 01,야간,일,1,3,2,0,0,서울,강서구,차대차,정면충돌,정면충돌,중앙선 침범,단일로,기타단일로
4073,2012-12-21 12,주간,금,1,2,1,0,0,서울,금천구,차대사람,횡단중,횡단중,신호위반,단일로,횡단보도상
4074,2012-08-10 00,야간,금,1,1,0,0,0,대구,달서구,차대사람,기타,기타,안전운전 의무 불이행,교차로,교차로내
4075,2012-07-14 03,야간,토,1,1,0,0,0,인천,남구,차대차,기타,기타,안전운전 의무 불이행,단일로,횡단보도부근
4076,2012-10-31 08,주간,수,1,1,0,0,0,경기,성남시,차대사람,기타,기타,안전운전 의무 불이행,단일로,기타단일로
4077,2012-12-15 23,야간,토,2,2,0,0,0,충남,아산시,차량단독,공작물충돌,공작물충돌,안전운전 의무 불이행,교차로,교차로부근
4078,2012-09-02 11,주간,일,1,1,0,0,0,충북,청원군,차대차,기타,기타,교차로 통행방법 위반,교차로,교차로내
4079,2012-12-01 14,주간,토,1,1,0,0,0,서울,강북구,차대차,측면충돌,측면충돌,신호위반,교차로,교차로내
4080,2012-06-11 17,주간,월,1,1,0,0,0,경기,남양주시,차량단독,공작물충돌,공작물충돌,안전운전 의무 불이행,단일로,터널안
4081,2012-05-16 20,야간,수,1,1,0,0,0,광주,북구,차대사람,횡단중,횡단중,안전운전 의무 불이행,단일로,횡단보도부근
4082,2012-11-16 22,야간,금,1,26,15,10,0,경기,안산시,차량단독,전도전복,전도전복,과속,단일로,기타단일로
4083,2012-11-21 00,야간,수,1,1,0,0,0,서울,동작구,차량단독,기타,기타,안전운전 의무 불이행,단일로,기타단일로
4084,2012-05-01 21,야간,화,2,3,1,0,0,대전,유성구,차대차,정면충돌,정면충돌,중앙선 침범,단일로,기타단일로
4085,2012-08-25 18,야간,토,1,1,0,0,0,경기,화성시,차량단독,공작물충돌,공작물충돌,중앙선 침범,기타/불명,기타/불명
4086,2012-11-03 05,야간,토,1,1,0,0,0,대전,동구,차대사람,횡단중,횡단중,안전운전 의무 불이행,단일로,횡단보도부근
4087,2012-10-07 06,주간,일,1,2,0,1,0,충북,청주시,차대차,기타,기타,안전운전 의무 불이행,교차로,교차로부근
4088,2012-06-29 07,주간,금,1,1,0,0,0,경북,경주시,차대차,기타,기타,안전운전 의무 불이행,교차로,교차로내
4089,2012-08-25 19,야간,토,1,1,0,0,0,부산,동래구,차대차,측면충돌,측면충돌,안전운전 의무 불이행,단일로,기타단일로
4090,2012-05-17 07,주간,목,2,25,6,12,5,광주,북구,차대차,추돌,주정차중 추돌,안전운전 의무 불이행,단일로,기타단일로
4091,2012-12-18 00,야간,화,1,1,0,0,0,충남,아산시,차량단독,공작물충돌,공작물충돌,안전운전 의무 불이행,단일로,기타단일로
4092,2012-09-20 03,야간,목,1,4,3,0,0,서울,마포구,차대차,측면충돌,측면충돌,신호위반,교차로,교차로내
4093,2012-07-17 04,야간,화,1,1,0,0,0,서울,강서구,차대사람,횡단중,횡단중,안전운전 의무 불이행,단일로,기타단일로
4094,2012-09-04 15,주간,화,1,2,1,0,0,전남,신안군,차대차,측면충돌,측면충돌,기타,교차로,교차로내
4095,2012-06-05 21,야간,화,1,3,0,2,0,강원,원주시,차대차,기타,기타,보행자 보호의무 위반,교차로,교차로부근
4096,2012-11-05 06,주간,월,1,1,0,0,0,대전,동구,차대사람,횡단중,횡단중,안전운전 의무 불이행,단일로,기타단일로
4097,2012-11-06 18,야간,화,1,1,0,0,0,충북,충주시,차대차,기타,기타,안전운전 의무 불이행,단일로,기타단일로
4098,2012-09-20 22,야간,목,1,1,0,0,0,서울,마포구,차량단독,전도전복,전도전복,안전운전 의무 불이행,단일로,기타단일로
4099,2012-12-31 20,야간,월,1,1,0,0,0,경기,안성시,차대사람,기타,기타,안전운전 의무 불이행,단일로,기타단일로
4100,2012-06-26 03,야간,화,1,1,0,0,0,경기,의정부시,차대사람,횡단중,횡단중,안전운전 의무 불이행,단일로,교량위
4101,2012-10-25 19,야간,목,1,1,0,0,0,대구,중구,차대사람,횡단중,횡단중,안전운전 의무 불이행,단일로,기타단일로
4102,2012-10-04 08,주간,목,1,1,0,0,0,서울,광진구,차대차,기타,기타,안전운전 의무 불이행,단일로,기타단일로
4103,2012-09-21 09,주간,금,1,1,0,0,0,서울,마포구,차대차,정면충돌,정면충돌,신호위반,교차로,교차로내
4104,2012-07-02 01,야간,월,1,1,0,0,0,서울,영등포구,차량단독,전도전복,전도전복,안전운전 의무 불이행,교차로,교차로부근
4105,2012-10-27 09,주간,토,1,1,0,0,0,경남,거제시,차대차,기타,기타,안전운전 의무 불이행,단일로,기타단일로
4106,2012-05-17 22,야간,목,1,1,0,0,0,광주,북구,차대사람,기타,기타,안전운전 의무 불이행,단일로,기타단일로
4107,2012-11-29 18,야간,목,1,1,0,0,0,인천,연수구,차대사람,횡단중,횡단중,보행자 보호의무 위반,교차로,교차로내
4108,2012-08-22 18,야간,수,1,1,0,0,0,울산,북구,차대사람,차도통행중,차도통행중,안전운전 의무 불이행,교차로,교차로내
4109,2012-06-13 19,야간,수,1,2,0,1,0,경기,남양주시,차대차,기타,기타,신호위반,교차로,교차로내
4110,2012-08-23 09,주간,목,1,1,0,0,0,강원,춘천시,차량단독,전도전복,전도전복,안전운전 의무 불이행,단일로,기타단일로
4111,2012-12-03 23,야간,월,1,1,0,0,0,경기,이천시,차량단독,공작물충돌,공작물충돌,안전운전 의무 불이행,교차로,교차로부근
4112,2012-08-24 02,야간,금,1,2,1,0,0,강원,춘천시,차대차,추돌,진행중 추돌,안전운전 의무 불이행,단일로,기타단일로
4113,2012-11-07 11,주간,수,1,1,0,0,0,대전,동구,차대차,측면충돌,측면충돌,신호위반,교차로,교차로내
4114,2012-12-20 01,야간,목,1,1,0,0,0,충남,아산시,차량단독,공작물충돌,공작물충돌,안전운전 의무 불이행,기타/불명,기타/불명
4115,2012-10-28 22,야간,일,1,1,0,0,0,대구,남구,차대사람,횡단중,횡단중,안전운전 의무 불이행,단일로,기타단일로
4116,2012-11-07 17,주간,수,1,1,0,0,0,충남,천안시,차량단독,도로이탈,도로이탈 추락,기타,교차로,교차로부근
4117,2012-08-29 21,야간,수,1,1,0,0,0,서울,노원구,차대사람,횡단중,횡단중,보행자 보호의무 위반,교차로,교차로내
4118,2012-11-17 03,야간,토,1,2,1,0,0,충남,태안군,차량단독,공작물충돌,공작물충돌,안전운전 의무 불이행,단일로,기타단일로
4119,2012-09-05 08,주간,수,2,2,0,0,0,부산,사상구,차량단독,공작물충돌,공작물충돌,안전운전 의무 불이행,단일로,기타단일로
4120,2012-07-07 01,야간,토,1,4,1,2,0,경기,안산시,차대차,추돌,진행중 추돌,신호위반,교차로,교차로내
4121,2012-09-27 00,야간,목,1,1,0,0,0,강원,강릉시,차대사람,횡단중,횡단중,안전운전 의무 불이행,단일로,기타단일로
4122,2012-08-29 23,야간,수,1,2,1,0,0,서울,노원구,차대사람,기타,기타,안전운전 의무 불이행,단일로,기타단일로
4123,2012-11-06 14,주간,화,1,1,0,0,0,경기,성남시,차대사람,차도통행중,차도통행중,안전운전 의무 불이행,교차로,교차로내
4124,2012-05-26 19,야간,토,1,1,0,0,0,인천,남동구,차대차,측면충돌,측면충돌,안전운전 의무 불이행,교차로,교차로내
4125,2012-06-09 09,주간,토,1,1,0,0,0,충북,청원군,차량단독,전도전복,전도전복,안전운전 의무 불이행,단일로,기타단일로
4126,2012-06-14 21,야간,목,1,2,1,0,0,경기,남양주시,차대차,추돌,주정차중 추돌,안전운전 의무 불이행,단일로,교량위
4127,2012-05-15 20,야간,화,1,1,0,0,0,전북,전주시,차대사람,횡단중,횡단중,안전운전 의무 불이행,단일로,기타단일로
4128,2012-11-13 00,야간,화,1,1,0,0,0,인천,부평구,차대사람,기타,기타,안전운전 의무 불이행,교차로,교차로부근
4129,2012-07-20 00,야간,금,1,1,0,0,0,서울,강서구,차대사람,기타,기타,안전운전 의무 불이행,단일로,기타단일로
4130,2012-09-24 12,주간,월,1,1,0,0,0,서울,마포구,차대사람,기타,기타,안전운전 의무 불이행,단일로,기타단일로
4131,2012-09-13 13,주간,목,1,1,0,0,0,경남,양산시,차대차,기타,기타,안전운전 의무 불이행,교차로,교차로부근
4132,2012-09-24 14,주간,월,1,1,0,0,0,서울,마포구,차대차,측면충돌,측면충돌,안전운전 의무 불이행,단일로,기타단일로
4133,2012-08-23 23,야간,목,1,2,0,1,0,전남,순천시,차대차,추돌,주정차중 추돌,안전운전 의무 불이행,단일로,기타단일로
4134,2012-12-21 06,주간,금,1,5,4,0,0,충남,아산시,차대차,기타,기타,안전운전 의무 불이행,교차로,교차로내
4135,2012-09-27 06,주간,목,1,1,0,0,0,제주,제주시,차대사람,기타,기타,안전운전 의무 불이행,단일로,기타단일로
4136,2012-08-21 22,야간,화,1,1,0,0,0,인천,서구,차대사람,횡단중,횡단중,보행자 보호의무 위반,기타/불명,기타/불명
4137,2012-08-06 00,야간,월,1,2,0,1,0,울산,남구,차대차,추돌,주정차중 추돌,안전운전 의무 불이행,교차로,교차로부근
4138,2012-09-08 14,주간,토,1,2,0,1,0,충북,청원군,차대차,기타,기타,안전운전 의무 불이행,단일로,기타단일로
4139,2012-06-16 23,야간,토,1,1,0,0,0,광주,광산구,차대차,추돌,주정차중 추돌,안전운전 의무 불이행,단일로,교량위
4140,2012-05-15 20,야간,화,1,2,1,0,0,대구,수성구,차대사람,기타,기타,신호위반,단일로,횡단보도상
4141,2012-12-23 02,야간,일,1,2,1,0,0,서울,구로구,차대사람,횡단중,횡단중,기타,교차로,교차로부근
4142,2012-05-16 00,야간,수,1,1,0,0,0,대구,수성구,차량단독,기타,기타,안전운전 의무 불이행,단일로,기타단일로
4143,2012-11-03 10,주간,토,1,1,0,0,0,대구,중구,차대차,측면충돌,측면충돌,신호위반,단일로,횡단보도상
4144,2012-09-09 04,야간,일,1,1,0,0,0,충북,청주시,차대사람,횡단중,횡단중,안전운전 의무 불이행,교차로,교차로내
4145,2012-06-30 03,야간,토,1,1,0,0,0,경기,의정부시,차대사람,횡단중,횡단중,과속,교차로,교차로내
4146,2012-12-28 23,야간,금,1,1,0,0,0,울산,울주군,차대차,기타,기타,중앙선 침범,단일로,기타단일로
4147,2012-09-26 20,야간,수,1,1,0,0,0,서울,마포구,차대차,기타,기타,안전운전 의무 불이행,단일로,횡단보도상
4148,2012-11-30 05,야간,금,1,2,0,1,0,인천,계양구,차대차,추돌,주정차중 추돌,안전운전 의무 불이행,교차로,교차로부근
4149,2012-10-16 04,야간,화,1,1,0,0,0,충북,청주시,차량단독,도로이탈,도로이탈 기타,안전운전 의무 불이행,단일로,기타단일로
4150,2012-09-11 01,야간,화,1,1,0,0,0,전남,목포시,차량단독,공작물충돌,공작물충돌,안전운전 의무 불이행,교차로,교차로내
4151,2012-09-27 14,주간,목,1,1,0,0,0,서울,마포구,차대차,추돌,주정차중 추돌,신호위반,단일로,교량위
4152,2012-11-15 16,주간,목,1,2,1,0,0,충북,충주시,차대차,측면충돌,측면충돌,신호위반,교차로,교차로내
4153,2012-07-05 21,야간,목,1,1,0,0,0,서울,영등포구,차량단독,공작물충돌,공작물충돌,안전운전 의무 불이행,단일로,기타단일로
4154,2012-12-24 04,야간,월,1,1,0,0,0,충남,아산시,차량단독,공작물충돌,공작물충돌,안전운전 의무 불이행,단일로,기타단일로
4155,2012-11-29 04,야간,목,1,1,0,0,0,충남,서산시,차대사람,횡단중,횡단중,안전운전 의무 불이행,단일로,기타단일로
4156,2012-11-16 03,야간,금,1,1,0,0,0,대전,동구,차대사람,기타,기타,안전운전 의무 불이행,단일로,기타단일로
4157,2012-10-03 14,주간,수,1,1,0,0,0,강원,강릉시,차대사람,기타,기타,안전운전 의무 불이행,교차로,교차로내
4158,2012-11-02 22,야간,금,1,1,0,0,0,경기,수원시,차대사람,차도통행중,차도통행중,안전운전 의무 불이행,단일로,기타단일로
4159,2012-11-25 23,야간,일,1,2,0,1,0,광주,남구,차대차,정면충돌,정면충돌,중앙선 침범,단일로,기타단일로
4160,2012-08-03 07,주간,금,1,1,0,0,0,서울,용산구,차량단독,공작물충돌,공작물충돌,안전운전 의무 불이행,단일로,기타단일로
4161,2012-05-16 21,야간,수,1,1,0,0,0,경기,평택시,차대차,정면충돌,정면충돌,중앙선 침범,단일로,기타단일로
4162,2012-06-19 15,주간,화,1,1,0,0,0,광주,광산구,차대차,측면충돌,측면충돌,교차로 통행방법 위반,교차로,교차로부근
4163,2012-11-17 10,주간,토,1,1,0,0,0,충남,천안시,차대사람,횡단중,횡단중,안전운전 의무 불이행,단일로,횡단보도상
4164,2012-09-06 18,야간,목,1,1,0,0,0,제주,제주시,차대사람,기타,기타,안전운전 의무 불이행,단일로,기타단일로
4165,2012-09-19 18,야간,수,1,1,0,0,0,경남,양산시,차대사람,횡단중,횡단중,안전운전 의무 불이행,교차로,교차로내
4166,2012-09-17 05,야간,월,1,1,0,0,0,경북,포항시,차대사람,기타,기타,안전운전 의무 불이행,단일로,기타단일로
4167,2012-08-03 13,주간,금,1,4,1,2,0,전남,여수시,차대차,측면충돌,측면충돌,교차로 통행방법 위반,교차로,교차로내
4168,2012-10-04 08,주간,목,1,1,0,0,0,제주,제주시,차대차,기타,기타,과속,단일로,기타단일로
4169,2012-05-31 19,야간,목,1,1,0,0,0,인천,남동구,차대사람,기타,기타,안전운전 의무 불이행,단일로,기타단일로
4170,2012-09-06 05,야간,목,1,2,0,0,1,경기,화성시,차대차,정면충돌,정면충돌,안전운전 의무 불이행,단일로,기타단일로
4171,2012-08-03 20,야간,금,1,5,3,1,0,전남,여수시,차대차,측면충돌,측면충돌,안전거리 미확보,단일로,기타단일로
4172,2012-08-20 05,야간,월,1,1,0,0,0,서울,강동구,차대사람,차도통행중,차도통행중,과속,단일로,횡단보도부근
4173,2012-12-02 03,야간,일,1,1,0,0,0,경남,창원시(통합),차량단독,도로이탈,도로이탈 추락,안전운전 의무 불이행,교차로,교차로부근
4174,2012-10-17 04,야간,수,1,1,0,0,0,서울,광진구,차대사람,기타,기타,안전운전 의무 불이행,단일로,기타단일로
4175,2012-09-02 08,주간,일,1,2,0,0,1,서울,관악구,차대사람,횡단중,횡단중,안전운전 의무 불이행,단일로,기타단일로
4176,2012-11-12 06,주간,월,1,1,0,0,0,대구,중구,차대사람,횡단중,횡단중,신호위반,단일로,기타단일로
4177,2012-08-19 16,주간,일,1,1,0,0,0,경북,경산시,차대차,기타,기타,안전운전 의무 불이행,단일로,기타단일로
4178,2012-09-26 11,주간,수,1,1,0,0,0,경북,포항시,차대사람,횡단중,횡단중,중앙선 침범,단일로,기타단일로
4179,2012-06-27 17,주간,수,1,1,0,0,0,경기,오산시,차대차,측면충돌,측면충돌,기타,단일로,기타단일로
4180,2012-07-05 22,야간,목,1,1,0,0,0,경기,의정부시,차대사람,기타,기타,안전운전 의무 불이행,교차로,교차로내
4181,2012-11-22 06,주간,목,1,1,0,0,0,충북,충주시,차대사람,횡단중,횡단중,안전운전 의무 불이행,단일로,기타단일로
4182,2012-09-22 14,주간,토,1,1,0,0,0,경남,양산시,차량단독,공작물충돌,공작물충돌,안전운전 의무 불이행,단일로,기타단일로
4183,2012-10-10 14,주간,수,1,1,0,0,0,강원,강릉시,차대사람,횡단중,횡단중,안전운전 의무 불이행,단일로,기타단일로
4184,2012-09-17 15,주간,월,1,1,0,0,0,전남,신안군,차량단독,도로이탈,도로이탈 추락,안전운전 의무 불이행,단일로,기타단일로
4185,2012-12-31 04,야간,월,1,2,0,1,0,충남,아산시,차대차,정면충돌,정면충돌,중앙선 침범,단일로,기타단일로
4186,2012-10-12 21,야간,금,1,1,0,0,0,경기,광주시,차량단독,공작물충돌,공작물충돌,안전운전 의무 불이행,단일로,기타단일로
4187,2012-08-16 18,야간,목,1,1,0,0,0,울산,중구,차량단독,기타,기타,안전운전 의무 불이행,단일로,기타단일로
4188,2012-05-24 21,야간,목,1,1,0,0,0,광주,북구,차대사람,횡단중,횡단중,보행자 보호의무 위반,단일로,횡단보도상
4189,2012-09-04 11,주간,화,1,2,1,0,0,전남,순천시,차량단독,전도전복,전도전복,안전운전 의무 불이행,단일로,기타단일로
4190,2012-06-29 08,주간,금,1,1,0,0,0,전북,전주시,차대사람,횡단중,횡단중,보행자 보호의무 위반,교차로,교차로내
4191,2012-06-23 01,야간,토,1,1,0,0,0,경기,남양주시,차대사람,기타,기타,안전운전 의무 불이행,단일로,기타단일로
4192,2012-05-20 23,야간,일,1,6,5,0,0,부산,수영구,차량단독,공작물충돌,공작물충돌,안전운전 의무 불이행,교차로,교차로부근
4193,2012-09-06 11,주간,목,1,1,0,0,0,서울,관악구,차대사람,기타,기타,보행자 보호의무 위반,교차로,교차로부근
4194,2012-09-07 20,야간,금,1,1,0,0,0,울산,북구,차대차,측면충돌,측면충돌,신호위반,교차로,교차로내
4195,2012-09-24 07,주간,월,1,1,0,0,0,경북,포항시,차량단독,공작물충돌,공작물충돌,안전운전 의무 불이행,단일로,기타단일로
4196,2012-06-30 01,야간,토,2,4,0,2,0,경기,화성시,차대차,기타,기타,안전운전 의무 불이행,단일로,지하차도(도로)내
4197,2012-12-11 17,주간,화,1,1,0,0,0,충남,서산시,차대사람,기타,기타,신호위반,단일로,기타단일로
4198,2012-07-11 20,야간,수,1,2,0,1,0,전북,군산시,차량단독,기타,기타,안전운전 의무 불이행,단일로,기타단일로
4199,2012-12-03 04,야간,월,1,1,0,0,0,대전,동구,차량단독,공작물충돌,공작물충돌,안전운전 의무 불이행,단일로,기타단일로
4200,2012-10-12 07,주간,금,1,1,0,0,0,제주,제주시,차대사람,기타,기타,안전운전 의무 불이행,단일로,기타단일로
4201,2012-09-08 04,야간,토,1,4,0,3,0,전남,순천시,차대차,추돌,주정차중 추돌,안전운전 의무 불이행,교차로,교차로내
4202,2012-08-10 09,주간,금,1,1,0,0,0,서울,동대문구,차대차,측면충돌,측면충돌,안전운전 의무 불이행,단일로,기타단일로
4203,2012-06-25 12,주간,월,1,1,0,0,0,경기,남양주시,차대차,측면충돌,측면충돌,안전운전 의무 불이행,단일로,기타단일로
4204,2012-11-29 21,야간,목,2,4,0,2,0,서울,서대문구,차대차,추돌,주정차중 추돌,안전운전 의무 불이행,교차로,교차로내
4205,2012-05-22 12,주간,화,1,1,0,0,0,부산,남구,차량단독,공작물충돌,공작물충돌,안전운전 의무 불이행,교차로,교차로내
4206,2012-08-01 08,주간,수,1,1,0,0,0,서울,강서구,차량단독,도로이탈,도로이탈 추락,안전운전 의무 불이행,단일로,기타단일로
4207,2012-05-13 13,주간,일,1,1,0,0,0,대전,유성구,차대사람,횡단중,횡단중,안전운전 의무 불이행,교차로,교차로내
4208,2012-12-08 05,야간,토,1,1,0,0,0,경기,안산시,차대사람,기타,기타,안전운전 의무 불이행,단일로,기타단일로
4209,2012-09-13 20,야간,목,1,1,0,0,0,경기,화성시,차대차,기타,기타,안전운전 의무 불이행,단일로,기타단일로
4210,2012-05-11 10,주간,금,1,1,0,0,0,대구,북구,차대차,기타,기타,신호위반,교차로,교차로내
4211,2012-12-24 20,야간,월,1,1,0,0,0,인천,연수구,차대사람,횡단중,횡단중,보행자 보호의무 위반,단일로,기타단일로
4212,2012-10-16 22,야간,화,1,1,0,0,0,경기,성남시,차대사람,횡단중,횡단중,안전운전 의무 불이행,교차로,교차로내
4213,2012-06-19 17,주간,화,1,1,0,0,0,충북,청주시,차대사람,횡단중,횡단중,보행자 보호의무 위반,단일로,횡단보도상
4214,2012-06-26 11,주간,화,1,2,0,1,0,경기,남양주시,차대차,정면충돌,정면충돌,중앙선 침범,단일로,횡단보도부근