교통사고이력ID(사고기록 순서),발생년월일시,주야코드,요일코드,사망자수,부상자수,중상자수,경상자수,부상신고자수,발생지시도코드,발생지시도코드,사고유형대분류코드,사고유형중분류코드,사고유형코드,법규위반코드,도로형태대분류코드,도로로형태코드
4215,2012-12-03 19,야간,월,1,1,0,0,0,대전,동구,차대사람,횡단중,횡단중,안전운전 의무 불이행,단일로,기타단일로
4216,2012-05-28 05,야간,월,1,1,0,0,0,광주,북구,차량단독,공작물충돌,공작물충돌,안전운전 의무 불이행,단일로,기타단일로
4217,2012-08-27 03,야간,월,1,2,1,0,0,서울,강동구,차대사람,횡단중,횡단중,안전운전 의무 불이행,단일로,횡단보도상
4218,2012-10-16 18,야간,화,1,1,0,0,0,강원,강릉시,차대차,추돌,진행중 추돌,안전거리 미확보,단일로,기타단일로
4219,2012-09-27 00,야간,목,2,2,0,0,0,경기,김포시,차대사람,횡단중,횡단중,신호위반,단일로,횡단보도상
4220,2012-09-29 04,야간,토,2,2,0,0,0,경남,양산시,차량단독,공작물충돌,공작물충돌,안전운전 의무 불이행,교차로,교차로내
4221,2012-12-09 15,주간,일,1,3,1,1,0,경기,안산시,차대사람,기타,기타,기타,단일로,기타단일로
4222,2012-09-03 06,주간,월,1,1,0,0,0,인천,서구,차대사람,횡단중,횡단중,안전운전 의무 불이행,단일로,기타단일로
4223,2012-05-25 10,주간,금,1,1,0,0,0,대구,수성구,차대사람,차도통행중,차도통행중,안전운전 의무 불이행,단일로,기타단일로
4224,2012-12-03 20,야간,월,1,1,0,0,0,충북,충주시,차대사람,횡단중,횡단중,안전운전 의무 불이행,단일로,기타단일로
4225,2012-12-16 21,야간,일,1,2,1,0,0,경남,창원시(통합),차대차,정면충돌,정면충돌,중앙선 침범,단일로,기타단일로
4226,2012-12-03 19,야간,월,1,1,0,0,0,충남,천안시,차대사람,차도통행중,차도통행중,안전운전 의무 불이행,교차로,교차로내
4227,2012-11-04 20,야간,일,1,1,0,0,0,충북,청원군,차대사람,횡단중,횡단중,신호위반,단일로,기타단일로
4228,2012-11-21 16,주간,수,1,1,0,0,0,경남,거제시,차량단독,전도전복,전도전복,안전운전 의무 불이행,기타/불명,기타/불명
4229,2012-07-14 19,야간,토,1,2,0,1,0,전북,군산시,차대차,정면충돌,정면충돌,중앙선 침범,교차로,교차로부근
4230,2012-07-18 07,주간,수,1,1,0,0,0,경북,경주시,차대사람,횡단중,횡단중,안전운전 의무 불이행,교차로,교차로부근
4231,2012-12-04 18,야간,화,1,1,0,0,0,충남,천안시,차대사람,횡단중,횡단중,안전운전 의무 불이행,단일로,기타단일로
4232,2012-08-25 01,야간,토,1,2,1,0,0,대구,서구,차대차,측면충돌,측면충돌,기타,교차로,교차로부근
4233,2012-11-21 18,야간,수,1,1,0,0,0,경남,거제시,차대차,기타,기타,안전운전 의무 불이행,기타/불명,기타/불명
4234,2012-06-07 16,주간,목,1,1,0,0,0,경기,고양시,차대차,측면충돌,측면충돌,안전거리 미확보,단일로,기타단일로
4235,2012-12-05 21,야간,수,1,1,0,0,0,서울,서대문구,차량단독,공작물충돌,공작물충돌,안전운전 의무 불이행,단일로,기타단일로
4236,2012-07-19 19,야간,목,1,1,0,0,0,경기,파주시,차대사람,차도통행중,차도통행중,안전운전 의무 불이행,단일로,기타단일로
4237,2012-06-29 10,주간,금,1,3,1,1,0,광주,광산구,차대차,추돌,주정차중 추돌,안전운전 의무 불이행,교차로,교차로부근
4238,2012-09-21 00,야간,금,1,1,0,0,0,경기,안양시,차대사람,기타,기타,안전운전 의무 불이행,교차로,교차로부근
4239,2012-06-22 01,야간,금,1,1,0,0,0,강원,원주시,차대차,측면충돌,측면충돌,교차로 통행방법 위반,교차로,교차로내
4240,2012-09-18 07,주간,화,1,3,2,0,0,경남,김해시,차대차,추돌,주정차중 추돌,안전운전 의무 불이행,단일로,기타단일로
4241,2012-05-28 00,야간,월,1,6,2,3,0,전북,전주시,차대차,기타,기타,신호위반,교차로,교차로내
4242,2012-08-28 10,주간,화,1,2,1,0,0,경기,고양시,차대차,측면충돌,측면충돌,교차로 통행방법 위반,교차로,교차로내
4243,2012-11-27 05,야간,화,1,1,0,0,0,대구,남구,차대사람,횡단중,횡단중,안전운전 의무 불이행,단일로,기타단일로
4244,2012-06-22 15,주간,금,1,3,1,1,0,충북,청원군,차량단독,전도전복,전도전복,안전운전 의무 불이행,단일로,기타단일로
4245,2012-10-04 23,야간,목,1,2,1,0,0,경남,양산시,차대차,기타,기타,중앙선 침범,단일로,기타단일로
4246,2012-05-12 08,주간,토,1,3,1,0,1,서울,송파구,차대차,측면충돌,측면충돌,신호위반,교차로,교차로내
4247,2012-07-06 02,야간,금,1,1,0,0,0,경기,오산시,차량단독,공작물충돌,공작물충돌,안전운전 의무 불이행,교차로,교차로내
4248,2012-09-15 05,야간,토,1,1,0,0,0,전남,순천시,차대사람,보도통행중,보도통행중,보행자 보호의무 위반,단일로,횡단보도상
4249,2012-12-10 06,주간,월,1,1,0,0,0,인천,부평구,차대사람,기타,기타,안전운전 의무 불이행,교차로,교차로내
4250,2012-07-14 15,주간,토,1,1,0,0,0,경기,의정부시,차대차,기타,기타,교차로 통행방법 위반,교차로,교차로내
4251,2012-08-13 14,주간,월,1,2,0,1,0,대구,동구,차대차,추돌,주정차중 추돌,안전거리 미확보,단일로,횡단보도부근
4252,2012-07-20 06,주간,금,1,1,0,0,0,부산,사하구,차대차,측면충돌,측면충돌,안전운전 의무 불이행,단일로,횡단보도부근
4253,2012-11-05 00,야간,월,1,2,1,0,0,서울,광진구,차대차,정면충돌,정면충돌,중앙선 침범,단일로,기타단일로
4254,2012-07-18 15,주간,수,1,1,0,0,0,전북,군산시,차대사람,횡단중,횡단중,보행자 보호의무 위반,교차로,교차로내
4255,2012-07-18 15,주간,수,1,2,0,1,0,전북,군산시,차대사람,차도통행중,차도통행중,안전운전 의무 불이행,단일로,기타단일로
4256,2012-06-14 11,주간,월,1,1,0,0,0,경기,시흥시,차대차,기타,기타,교차로 통행방법 위반,교차로,교차로내
4257,2012-09-25 02,야간,화,1,1,0,0,0,경기,안양시,차대사람,차도통행중,차도통행중,안전운전 의무 불이행,교차로,교차로부근
4258,2012-06-24 16,주간,일,1,1,0,0,0,강원,원주시,차량단독,공작물충돌,공작물충돌,안전운전 의무 불이행,단일로,기타단일로
4259,2012-09-17 08,주간,월,1,1,0,0,0,전남,순천시,차대사람,횡단중,횡단중,안전운전 의무 불이행,단일로,횡단보도상
4260,2012-09-22 10,주간,토,1,1,0,0,0,경남,김해시,차대사람,횡단중,횡단중,보행자 보호의무 위반,교차로,교차로부근
4261,2012-12-14 06,주간,금,1,1,0,0,0,대전,동구,차대차,기타,기타,안전운전 의무 불이행,단일로,기타단일로
4262,2012-10-08 10,주간,월,1,1,0,0,0,경남,양산시,차대사람,횡단중,횡단중,보행자 보호의무 위반,단일로,횡단보도상
4263,2012-12-21 17,주간,금,1,1,0,0,0,충남,태안군,차대사람,횡단중,횡단중,안전운전 의무 불이행,단일로,기타단일로
4264,2012-12-16 01,야간,일,1,1,0,0,0,경기,안산시,차대사람,횡단중,횡단중,안전운전 의무 불이행,단일로,기타단일로
4265,2012-12-16 18,야간,일,1,1,0,0,0,대전,동구,차량단독,공작물충돌,공작물충돌,안전운전 의무 불이행,단일로,기타단일로
4266,2012-10-07 19,야간,일,1,1,0,0,0,경북,포항시,차대사람,길가장자리구역통행중,길가장자리구역통행중,안전운전 의무 불이행,단일로,기타단일로
4267,2012-09-21 17,주간,금,1,1,0,0,0,경기,화성시,차량단독,기타,기타,안전운전 의무 불이행,단일로,기타단일로
4268,2012-07-22 00,야간,일,1,1,0,0,0,경북,경주시,차대사람,횡단중,횡단중,안전운전 의무 불이행,단일로,기타단일로
4269,2012-10-25 05,야간,목,1,1,0,0,0,경기,성남시,차대사람,횡단중,횡단중,보행자 보호의무 위반,교차로,교차로부근
4270,2012-12-27 18,야간,목,1,1,0,0,0,경남,창원시(통합),차대사람,횡단중,횡단중,안전운전 의무 불이행,단일로,횡단보도부근
4271,2012-10-06 21,야간,토,1,1,0,0,0,경북,포항시,차대차,기타,기타,신호위반,교차로,교차로내
4272,2012-08-15 23,야간,수,1,1,0,0,0,전남,여수시,차대사람,횡단중,횡단중,안전운전 의무 불이행,단일로,횡단보도상
4273,2012-08-22 10,주간,수,1,2,1,0,0,서울,용산구,차대사람,보도통행중,보도통행중,안전운전 의무 불이행,교차로,교차로부근
4274,2012-08-12 04,야간,일,1,2,1,0,0,인천,남구,차량단독,기타,기타,안전운전 의무 불이행,단일로,기타단일로
4275,2012-08-16 10,주간,목,1,1,0,0,0,전남,여수시,차대사람,보도통행중,보도통행중,신호위반,교차로,교차로내
4276,2012-11-13 22,야간,화,1,1,0,0,0,충북,청원군,차대사람,횡단중,횡단중,안전운전 의무 불이행,단일로,기타단일로
4277,2012-11-23 06,주간,금,1,1,0,0,0,부산,북구,차대사람,기타,기타,안전운전 의무 불이행,기타/불명,기타/불명
4278,2012-08-21 16,주간,화,1,1,0,0,0,서울,동대문구,차대차,기타,기타,중앙선 침범,교차로,교차로부근
4279,2012-10-13 14,주간,토,1,1,0,0,0,경북,포항시,차량단독,기타,기타,안전운전 의무 불이행,단일로,기타단일로
4280,2012-11-30 20,야간,금,1,1,0,0,0,경남,거제시,차대사람,기타,기타,안전운전 의무 불이행,교차로,교차로내
4281,2012-06-17 07,주간,일,1,1,0,0,0,경기,시흥시,차대차,측면충돌,측면충돌,신호위반,교차로,교차로내
4282,2012-09-22 00,야간,토,1,1,0,0,0,전남,순천시,차대차,측면충돌,측면충돌,신호위반,교차로,교차로내
4283,2012-10-05 05,야간,금,1,1,0,0,0,부산,사상구,차대사람,횡단중,횡단중,안전운전 의무 불이행,단일로,횡단보도상
4284,2012-10-10 05,야간,수,1,1,0,0,0,경북,포항시,차대사람,기타,기타,안전운전 의무 불이행,단일로,기타단일로
4285,2012-07-26 05,야간,목,1,1,0,0,0,경기,파주시,차대차,정면충돌,정면충돌,중앙선 침범,단일로,기타단일로
4286,2012-07-03 14,주간,화,1,1,0,0,0,광주,광산구,차대사람,기타,기타,중앙선 침범,단일로,기타단일로
4287,2012-09-26 16,주간,수,1,1,0,0,0,경기,화성시,차대차,기타,기타,안전운전 의무 불이행,교차로,교차로부근
4288,2012-10-05 20,야간,금,1,1,0,0,0,부산,사상구,차대사람,기타,기타,안전운전 의무 불이행,단일로,기타단일로
4289,2012-12-07 06,주간,금,1,2,1,0,0,대구,남구,차량단독,공작물충돌,공작물충돌,안전운전 의무 불이행,단일로,기타단일로
4290,2012-05-17 18,야간,목,1,1,0,0,0,대구,북구,차대차,측면충돌,측면충돌,안전운전 의무 불이행,단일로,기타단일로
4291,2012-07-27 06,주간,금,1,1,0,0,0,경기,파주시,차대차,기타,기타,안전운전 의무 불이행,교차로,교차로내
4292,2012-10-04 21,야간,목,1,2,0,1,0,전남,목포시,차대차,기타,기타,신호위반,교차로,교차로내
4293,2012-12-22 05,야간,토,1,1,0,0,0,경기,안산시,차대차,추돌,주정차중 추돌,안전운전 의무 불이행,단일로,기타단일로
4294,2012-06-06 03,야간,수,1,4,2,1,0,광주,북구,차대차,측면충돌,측면충돌,교차로 통행방법 위반,교차로,교차로내
4295,2012-10-02 10,주간,화,1,2,1,0,0,제주,제주시,차량단독,공작물충돌,공작물충돌,안전운전 의무 불이행,교차로,교차로내
4296,2012-09-11 23,야간,화,1,1,0,0,0,경북,경산시,차대사람,횡단중,횡단중,보행자 보호의무 위반,단일로,횡단보도상
4297,2012-09-29 16,주간,토,1,2,0,1,0,경남,김해시,차대차,측면충돌,측면충돌,안전운전 의무 불이행,교차로,교차로부근
4298,2012-10-02 04,야간,화,1,1,0,0,0,경기,안양시,차대사람,횡단중,횡단중,안전운전 의무 불이행,교차로,교차로내
4299,2012-11-02 17,주간,금,1,3,1,1,0,경기,광주시,차대차,추돌,진행중 추돌,안전운전 의무 불이행,단일로,기타단일로
4300,2012-08-22 02,야간,수,1,1,0,0,0,대구,동구,차대사람,기타,기타,안전운전 의무 불이행,단일로,기타단일로
4301,2012-10-28 04,야간,일,1,1,0,0,0,서울,마포구,차대차,기타,기타,신호위반,단일로,횡단보도상
4302,2012-11-03 17,주간,토,1,1,0,0,0,강원,강릉시,차대사람,횡단중,횡단중,안전운전 의무 불이행,단일로,기타단일로
4303,2012-10-17 21,야간,수,1,1,0,0,0,경남,양산시,차량단독,공작물충돌,공작물충돌,안전운전 의무 불이행,교차로,교차로내
4304,2012-05-30 18,야간,수,1,3,0,2,0,부산,수영구,차대차,추돌,진행중 추돌,안전운전 의무 불이행,단일로,기타단일로
4305,2012-09-18 05,야간,화,1,1,0,0,0,인천,서구,차대사람,횡단중,횡단중,신호위반,교차로,교차로내
4306,2012-11-01 16,주간,목,1,1,0,0,0,제주,제주시,차대차,기타,기타,중앙선 침범,단일로,기타단일로
4307,2012-10-01 21,야간,월,1,1,0,0,0,경남,김해시,차대차,기타,기타,안전운전 의무 불이행,단일로,기타단일로
4308,2012-09-15 09,주간,토,1,3,0,2,0,경북,경산시,차대차,측면충돌,측면충돌,보행자 보호의무 위반,교차로,교차로부근
4309,2012-07-28 13,주간,토,2,2,0,0,0,경북,경주시,차대차,정면충돌,정면충돌,중앙선 침범,단일로,기타단일로
4310,2012-06-07 03,야간,목,1,1,0,0,0,경북,구미시,차대사람,기타,기타,안전운전 의무 불이행,단일로,기타단일로
4311,2012-10-17 17,주간,수,1,1,0,0,0,경기,김포시,차대사람,길가장자리구역통행중,길가장자리구역통행중,안전운전 의무 불이행,단일로,기타단일로
4312,2012-06-07 05,야간,목,1,1,0,0,0,경북,구미시,차량단독,공작물충돌,공작물충돌,안전운전 의무 불이행,단일로,기타단일로
4313,2012-05-19 23,야간,토,1,1,0,0,0,대구,북구,차대사람,횡단중,횡단중,안전운전 의무 불이행,단일로,기타단일로
4314,2012-10-02 20,야간,화,1,1,0,0,0,경기,화성시,차대차,측면충돌,측면충돌,중앙선 침범,단일로,기타단일로
4315,2012-05-23 18,야간,수,1,1,0,0,0,대전,유성구,차대사람,횡단중,횡단중,안전운전 의무 불이행,교차로,교차로내
4316,2012-06-04 16,주간,월,1,1,0,0,0,대구,수성구,차대차,측면충돌,측면충돌,안전운전 의무 불이행,교차로,교차로내
4317,2012-06-21 17,주간,목,1,1,0,0,0,경기,시흥시,차대사람,기타,기타,안전운전 의무 불이행,교차로,교차로부근
4318,2012-08-24 16,주간,금,1,1,0,0,0,대구,동구,차대차,기타,기타,안전운전 의무 불이행,단일로,기타단일로
4319,2012-09-30 11,주간,일,1,1,0,0,0,서울,관악구,차대사람,기타,기타,안전운전 의무 불이행,단일로,기타단일로
4320,2012-10-10 19,야간,수,1,1,0,0,0,충북,청주시,차대사람,기타,기타,안전운전 의무 불이행,단일로,기타단일로
4321,2012-11-07 11,주간,수,1,1,0,0,0,강원,강릉시,차대사람,기타,기타,안전운전 의무 불이행,교차로,교차로부근
4322,2012-07-16 08,주간,월,1,1,0,0,0,경기,오산시,차대사람,기타,기타,보행자 보호의무 위반,교차로,교차로내
4323,2012-10-19 06,주간,금,1,1,0,0,0,경기,김포시,차대차,측면충돌,측면충돌,신호위반,교차로,교차로내
4324,2012-10-18 15,주간,목,1,1,0,0,0,경북,포항시,차대차,기타,기타,교차로 통행방법 위반,교차로,교차로내
4325,2012-12-29 00,야간,토,1,1,0,0,0,충북,충주시,차량단독,공작물충돌,공작물충돌,안전운전 의무 불이행,단일로,기타단일로
4326,2012-10-10 10,주간,수,1,1,0,0,0,전남,목포시,차대사람,횡단중,횡단중,안전운전 의무 불이행,단일로,기타단일로
4327,2012-06-23 05,야간,토,1,5,0,4,0,경기,시흥시,차대차,측면충돌,측면충돌,중앙선 침범,교차로,교차로부근
4328,2012-11-14 18,야간,수,1,1,0,0,0,서울,강남구,차대사람,기타,기타,안전운전 의무 불이행,단일로,기타단일로
4329,2012-06-05 18,야간,화,1,1,0,0,0,대구,수성구,차대차,측면충돌,측면충돌,안전운전 의무 불이행,교차로,교차로내
4330,2012-10-21 19,야간,일,1,1,0,0,0,경북,포항시,차대사람,횡단중,횡단중,안전운전 의무 불이행,단일로,기타단일로
4331,2012-10-22 04,야간,월,1,2,1,0,0,경북,포항시,차량단독,공작물충돌,공작물충돌,안전운전 의무 불이행,기타/불명,기타/불명
4332,2012-10-06 02,야간,토,1,1,0,0,0,경남,김해시,차대사람,기타,기타,안전운전 의무 불이행,교차로,교차로부근
4333,2012-10-12 10,주간,금,1,1,0,0,0,전남,목포시,차대차,측면충돌,측면충돌,교차로 통행방법 위반,교차로,교차로내
4334,2012-09-09 20,야간,일,1,1,0,0,0,울산,남구,차대사람,기타,기타,안전운전 의무 불이행,단일로,기타단일로
4335,2012-11-07 17,주간,수,1,1,0,0,0,경기,성남시,차대사람,횡단중,횡단중,안전운전 의무 불이행,단일로,고가도로위
4336,2012-09-20 21,야간,목,1,1,0,0,0,대구,달서구,차대차,정면충돌,정면충돌,안전운전 의무 불이행,교차로,교차로내
4337,2012-06-12 07,주간,화,1,1,0,0,0,전북,익산시,차대사람,횡단중,횡단중,안전운전 의무 불이행,단일로,기타단일로
4338,2012-06-19 17,주간,화,1,1,0,0,0,경기,고양시,차대사람,횡단중,횡단중,안전운전 의무 불이행,단일로,횡단보도상
4339,2012-09-19 09,주간,수,1,1,0,0,0,경북,경산시,차대차,기타,기타,안전운전 의무 불이행,단일로,기타단일로
4340,2012-06-04 10,주간,월,1,1,0,0,0,경기,평택시,차량단독,도로이탈,도로이탈 추락,안전운전 의무 불이행,교차로,교차로부근
4341,2012-10-16 21,야간,화,1,1,0,0,0,부산,사상구,차대사람,기타,기타,안전운전 의무 불이행,단일로,기타단일로
4342,2012-10-23 19,야간,화,1,2,1,0,0,경기,김포시,차대차,기타,기타,교차로 통행방법 위반,교차로,교차로내
4343,2012-09-22 22,야간,토,1,2,1,0,0,대구,달서구,차대차,추돌,주정차중 추돌,안전운전 의무 불이행,교차로,교차로내
4344,2012-08-31 06,주간,금,1,1,0,0,0,전남,여수시,차대차,기타,기타,안전거리 미확보,단일로,기타단일로
4345,2012-06-27 14,주간,수,1,1,0,0,0,경기,부천시,차대차,기타,기타,안전운전 의무 불이행,단일로,기타단일로
4346,2012-11-08 13,주간,목,1,3,1,1,0,제주,제주시,차대사람,기타,기타,중앙선 침범,단일로,기타단일로
4347,2012-07-28 03,야간,토,1,1,0,0,0,경기,용인시,차대사람,기타,기타,안전운전 의무 불이행,단일로,기타단일로
4348,2012-09-24 21,야간,월,1,1,0,0,0,인천,서구,차대차,기타,기타,안전운전 의무 불이행,단일로,기타단일로
4349,2012-10-05 17,주간,금,1,2,0,1,0,전남,순천시,차대차,측면충돌,측면충돌,기타,교차로,교차로내
4350,2012-06-19 01,야간,화,1,2,1,0,0,광주,서구,차대사람,횡단중,횡단중,안전운전 의무 불이행,단일로,기타단일로
4351,2012-11-09 14,주간,금,1,1,0,0,0,제주,제주시,차대사람,기타,기타,안전운전 의무 불이행,단일로,기타단일로
4352,2012-07-14 04,야간,토,1,1,0,0,0,경기,남양주시,차대사람,기타,기타,안전운전 의무 불이행,단일로,기타단일로
4353,2012-11-15 06,주간,목,1,1,0,0,0,강원,강릉시,차대사람,횡단중,횡단중,안전운전 의무 불이행,단일로,기타단일로
4354,2012-10-17 17,주간,수,1,1,0,0,0,전남,신안군,차량단독,공작물충돌,공작물충돌,안전운전 의무 불이행,단일로,기타단일로
4355,2012-07-18 20,야간,수,1,1,0,0,0,전북,전주시,차대차,측면충돌,측면충돌,신호위반,단일로,기타단일로
4356,2012-06-12 14,주간,화,1,1,0,0,0,전북,전주시,차대차,측면충돌,측면충돌,안전운전 의무 불이행,단일로,기타단일로
4357,2012-08-27 01,야간,월,1,1,0,0,0,인천,남구,차대사람,횡단중,횡단중,안전운전 의무 불이행,단일로,기타단일로
4358,2012-10-02 08,주간,화,1,1,0,0,0,강원,춘천시,차량단독,기타,기타,안전운전 의무 불이행,단일로,기타단일로
4359,2012-09-15 10,주간,토,1,1,0,0,0,대구,서구,차대차,정면충돌,정면충돌,안전운전 의무 불이행,교차로,교차로내
4360,2012-07-09 01,야간,월,1,1,0,0,0,강원,원주시,차대차,추돌,주정차중 추돌,안전운전 의무 불이행,단일로,기타단일로
4361,2012-10-11 20,야간,목,1,1,0,0,0,경기,화성시,차대사람,기타,기타,안전운전 의무 불이행,단일로,기타단일로
4362,2012-06-22 23,야간,금,1,1,0,0,0,인천,남동구,차대사람,기타,기타,안전운전 의무 불이행,교차로,교차로부근
4363,2012-10-15 17,주간,월,1,1,0,0,0,경기,안양시,차대사람,횡단중,횡단중,안전운전 의무 불이행,교차로,교차로내
4364,2012-06-13 20,야간,수,1,1,0,0,0,광주,북구,차대사람,횡단중,횡단중,보행자 보호의무 위반,단일로,기타단일로
4365,2012-12-19 11,주간,수,1,1,0,0,0,경남,거제시,차량단독,공작물충돌,공작물충돌,안전운전 의무 불이행,단일로,기타단일로
4366,2012-10-12 05,야간,금,1,1,0,0,0,경기,화성시,차량단독,공작물충돌,공작물충돌,안전운전 의무 불이행,단일로,기타단일로
4367,2012-09-24 20,야간,월,1,1,0,0,0,경북,경산시,차량단독,전도전복,전도전복,안전운전 의무 불이행,단일로,기타단일로
4368,2012-10-31 20,야간,수,1,1,0,0,0,경남,양산시,차대차,측면충돌,측면충돌,안전운전 의무 불이행,기타/불명,기타/불명
4369,2012-09-04 08,주간,화,1,2,0,1,0,전남,여수시,차대차,측면충돌,측면충돌,중앙선 침범,단일로,기타단일로
4370,2012-12-21 03,야간,금,1,10,4,5,0,경기,수원시,차대차,정면충돌,정면충돌,신호위반,교차로,교차로내
4371,2012-06-13 10,주간,수,1,1,0,0,0,경북,구미시,차대차,측면충돌,측면충돌,안전운전 의무 불이행,기타/불명,기타/불명
4372,2012-10-19 18,야간,금,1,2,1,0,0,전남,신안군,차량단독,도로이탈,도로이탈 기타,안전운전 의무 불이행,단일로,기타단일로
4373,2012-09-17 21,야간,월,1,1,0,0,0,경기,고양시,차대사람,횡단중,횡단중,신호위반,단일로,기타단일로
4374,2012-09-05 21,야간,수,1,2,0,1,0,서울,동대문구,차대사람,기타,기타,안전운전 의무 불이행,단일로,기타단일로
4375,2012-12-01 22,야간,토,1,1,0,0,0,충북,청원군,차대사람,횡단중,횡단중,신호위반,교차로,교차로부근
4376,2012-11-26 00,야간,월,1,1,0,0,0,서울,강남구,차량단독,기타,기타,안전운전 의무 불이행,교차로,교차로내
4377,2012-06-16 13,주간,토,1,3,2,0,0,전북,익산시,차대차,측면충돌,측면충돌,신호위반,교차로,교차로내
4378,2012-10-13 13,주간,토,2,2,0,0,0,경기,화성시,차대차,측면충돌,측면충돌,중앙선 침범,단일로,기타단일로
4379,2012-10-06 14,주간,토,2,2,0,0,0,강원,춘천시,차대차,측면충돌,측면충돌,중앙선 침범,단일로,기타단일로
4380,2012-06-11 09,주간,월,1,1,0,0,0,대구,수성구,차대사람,기타,기타,안전운전 의무 불이행,단일로,기타단일로
4381,2012-09-03 05,야간,월,1,1,0,0,0,서울,서초구,차대사람,기타,기타,안전운전 의무 불이행,단일로,기타단일로
4382,2012-10-23 10,주간,화,1,4,1,1,1,부산,사상구,차대차,측면충돌,측면충돌,신호위반,교차로,교차로내
4383,2012-07-20 22,야간,금,1,1,0,0,0,서울,강남구,차대사람,차도통행중,차도통행중,안전운전 의무 불이행,단일로,기타단일로
4384,2012-10-12 19,야간,금,1,1,0,0,0,울산,중구,차대사람,횡단중,횡단중,안전운전 의무 불이행,단일로,횡단보도부근
4385,2012-11-09 00,야간,금,1,1,0,0,0,경북,포항시,차대차,추돌,주정차중 추돌,안전운전 의무 불이행,단일로,기타단일로
4386,2012-12-03 18,야간,월,1,1,0,0,0,충북,청주시,차대사람,횡단중,횡단중,안전운전 의무 불이행,단일로,교량위
4387,2012-08-01 20,야간,수,1,1,0,0,0,경기,용인시,차대사람,횡단중,횡단중,안전운전 의무 불이행,단일로,고가도로위
4388,2012-10-30 10,주간,화,1,1,0,0,0,경기,김포시,차대차,기타,기타,안전운전 의무 불이행,단일로,기타단일로
4389,2012-12-03 19,야간,월,1,1,0,0,0,충북,청원군,차대사람,횡단중,횡단중,안전운전 의무 불이행,단일로,기타단일로
4390,2012-08-08 05,야간,수,1,1,0,0,0,경북,경주시,차대사람,횡단중,횡단중,안전운전 의무 불이행,단일로,기타단일로
4391,2012-05-26 02,야간,토,2,2,0,0,0,대구,북구,차량단독,전도전복,전도전복,안전운전 의무 불이행,교차로,교차로부근
4392,2012-09-26 05,야간,수,1,2,0,1,0,경북,경산시,차대차,기타,기타,중앙선 침범,단일로,기타단일로
4393,2012-11-20 19,야간,화,1,1,0,0,0,강원,강릉시,차량단독,공작물충돌,공작물충돌,안전운전 의무 불이행,단일로,기타단일로
4394,2012-09-08 02,야간,토,1,1,0,0,0,서울,용산구,차대사람,차도통행중,차도통행중,안전운전 의무 불이행,단일로,기타단일로
4395,2012-06-17 01,야간,일,1,1,0,0,0,전북,전주시,차량단독,전도전복,전도전복,안전운전 의무 불이행,단일로,기타단일로
4396,2012-11-11 23,야간,일,1,1,0,0,0,경북,포항시,차대차,추돌,진행중 추돌,안전운전 의무 불이행,교차로,교차로부근
4397,2012-10-29 12,주간,월,1,1,0,0,0,경북,포항시,차대사람,기타,기타,안전운전 의무 불이행,교차로,교차로부근
4398,2012-09-21 19,야간,금,1,1,0,0,0,경기,고양시,차대사람,기타,기타,안전운전 의무 불이행,단일로,교량위
4399,2012-09-21 20,야간,금,1,1,0,0,0,경기,고양시,차대사람,차도통행중,차도통행중,안전운전 의무 불이행,단일로,기타단일로
4400,2012-05-27 05,야간,일,1,4,1,2,0,대구,북구,차대차,추돌,주정차중 추돌,안전운전 의무 불이행,단일로,기타단일로
4401,2012-10-25 14,주간,목,1,1,0,0,0,부산,사상구,차대사람,횡단중,횡단중,보행자 보호의무 위반,교차로,교차로부근
4402,2012-07-01 15,주간,일,1,2,1,0,0,경기,시흥시,차대차,기타,기타,신호위반,교차로,교차로내
4403,2012-10-30 10,주간,화,1,2,1,0,0,경북,포항시,차대사람,기타,기타,안전운전 의무 불이행,단일로,기타단일로
4404,2012-11-21 20,야간,수,1,1,0,0,0,경기,광주시,차대사람,차도통행중,차도통행중,안전운전 의무 불이행,교차로,교차로부근
4405,2012-09-28 18,야간,금,1,1,0,0,0,경북,경산시,차대사람,횡단중,횡단중,안전운전 의무 불이행,교차로,교차로내
4406,2012-11-12 21,야간,월,1,3,1,1,0,경북,포항시,차량단독,도로이탈,도로이탈 추락,안전운전 의무 불이행,단일로,기타단일로
4407,2012-09-09 05,야간,일,1,1,0,0,0,충남,천안시,차대사람,횡단중,횡단중,신호위반,교차로,교차로부근
4408,2012-12-01 05,야간,토,1,4,2,1,0,서울,강남구,차대차,기타,기타,안전거리 미확보,단일로,기타단일로
4409,2012-10-18 20,야간,목,1,1,0,0,0,경기,화성시,차량단독,공작물충돌,공작물충돌,안전운전 의무 불이행,단일로,기타단일로
4410,2012-08-04 06,주간,토,1,1,0,0,0,경기,수원시,차대차,기타,기타,안전운전 의무 불이행,단일로,기타단일로
4411,2012-09-23 03,야간,일,1,1,0,0,0,경기,고양시,차량단독,공작물충돌,공작물충돌,안전운전 의무 불이행,단일로,기타단일로
4412,2012-06-27 01,야간,수,1,1,0,0,0,인천,남동구,차대사람,기타,기타,안전운전 의무 불이행,단일로,기타단일로
4413,2012-11-01 03,야간,목,1,1,0,0,0,경북,포항시,차대사람,기타,기타,안전운전 의무 불이행,단일로,기타단일로
4414,2012-10-12 15,주간,금,1,1,0,0,0,강원,춘천시,차량단독,도로이탈,도로이탈 추락,안전운전 의무 불이행,단일로,기타단일로
4415,2012-10-27 01,야간,토,1,1,0,0,0,부산,사상구,차대사람,횡단중,횡단중,안전운전 의무 불이행,단일로,기타단일로
4416,2012-10-04 10,주간,목,1,1,0,0,0,인천,서구,차대차,측면충돌,측면충돌,안전운전 의무 불이행,교차로,교차로부근