교통사고이력ID(사고기록 순서),발생년월일시,주야코드,요일코드,사망자수,부상자수,중상자수,경상자수,부상신고자수,발생지시도코드,발생지시도코드,사고유형대분류코드,사고유형중분류코드,사고유형코드,법규위반코드,도로형태대분류코드,도로로형태코드
4822,2012-12-23 03,야간,일,1,1,0,0,0,대구,서구,차대사람,횡단중,횡단중,안전운전 의무 불이행,단일로,기타단일로
4823,2012-10-24 10,주간,수,1,1,0,0,0,경북,경주시,차대차,측면충돌,측면충돌,안전운전 의무 불이행,단일로,기타단일로
4824,2012-08-17 17,주간,금,1,1,0,0,0,전북,익산시,차대사람,횡단중,횡단중,안전운전 의무 불이행,단일로,기타단일로
4825,2012-07-30 18,야간,월,1,1,0,0,0,부산,부산진구,차대사람,기타,기타,안전운전 의무 불이행,단일로,기타단일로
4826,2012-11-29 09,주간,금,1,1,0,0,0,서울,동대문구,차대차,기타,기타,안전운전 의무 불이행,교차로,교차로내
4827,2012-10-14 18,야간,일,1,1,0,0,0,경기,수원시,차대사람,횡단중,횡단중,안전운전 의무 불이행,단일로,기타단일로
4828,2012-10-06 05,야간,토,1,1,0,0,0,대구,달서구,차량단독,전도전복,전도전복,안전운전 의무 불이행,단일로,기타단일로
4829,2012-12-27 23,야간,목,1,1,0,0,0,전남,여수시,차대사람,기타,기타,안전운전 의무 불이행,단일로,기타단일로
4830,2012-10-12 11,주간,금,1,13,5,7,0,부산,해운대구,차대차,기타,기타,중앙선 침범,단일로,기타단일로
4831,2012-07-28 12,주간,토,1,1,0,0,0,대전,유성구,차대사람,보도통행중,보도통행중,신호위반,교차로,교차로내
4832,2012-10-31 12,주간,수,1,1,0,0,0,경기,파주시,차대사람,횡단중,횡단중,안전운전 의무 불이행,교차로,교차로내
4833,2012-12-08 09,주간,토,1,1,0,0,0,경기,광명시,차대사람,기타,기타,안전운전 의무 불이행,단일로,기타단일로
4834,2012-08-12 04,야간,일,1,3,2,0,0,대구,수성구,차대사람,횡단중,횡단중,과속,단일로,횡단보도상
4835,2012-12-30 00,야간,일,1,1,0,0,0,대구,서구,차대사람,횡단중,횡단중,보행자 보호의무 위반,단일로,횡단보도상
4836,2012-08-03 01,야간,금,1,1,0,0,0,경기,평택시,차대사람,차도통행중,차도통행중,안전운전 의무 불이행,단일로,기타단일로
4837,2012-12-26 23,야간,수,1,1,0,0,0,경기,고양시,차량단독,전도전복,전도전복,안전운전 의무 불이행,단일로,기타단일로
4838,2012-12-30 01,야간,일,1,1,0,0,0,대구,서구,차대사람,기타,기타,안전운전 의무 불이행,단일로,횡단보도상
4839,2012-12-26 23,야간,수,1,3,1,1,0,경기,고양시,차대사람,횡단중,횡단중,보행자 보호의무 위반,단일로,횡단보도상
4840,2012-10-14 07,주간,일,1,1,0,0,0,부산,해운대구,차대차,추돌,진행중 추돌,안전운전 의무 불이행,단일로,터널안
4841,2012-08-24 11,주간,금,1,1,0,0,0,전북,전주시,차대사람,보도통행중,보도통행중,보행자 보호의무 위반,교차로,교차로내
4842,2012-12-07 10,주간,금,1,1,0,0,0,서울,강서구,차대사람,기타,기타,안전운전 의무 불이행,교차로,교차로내
4843,2012-12-12 21,야간,수,1,1,0,0,0,충남,천안시,차대차,추돌,진행중 추돌,안전운전 의무 불이행,단일로,기타단일로
4844,2012-12-13 07,주간,목,1,1,0,0,0,충남,천안시,차대사람,기타,기타,안전운전 의무 불이행,단일로,횡단보도부근
4845,2012-08-17 06,주간,금,1,1,0,0,0,경북,구미시,차대차,측면충돌,측면충돌,안전운전 의무 불이행,단일로,기타단일로
4846,2012-10-26 18,야간,금,1,1,0,0,0,경기,용인시,차대사람,횡단중,횡단중,신호위반,교차로,교차로내
4847,2012-08-05 04,야간,일,1,1,0,0,0,경기,평택시,차대차,추돌,진행중 추돌,안전운전 의무 불이행,단일로,기타단일로
4848,2012-09-27 18,야간,목,1,1,0,0,0,광주,광산구,차대차,측면충돌,측면충돌,중앙선 침범,교차로,교차로부근
4849,2012-10-23 19,야간,화,1,1,0,0,0,서울,영등포구,차대차,정면충돌,정면충돌,신호위반,교차로,교차로내
4850,2012-10-18 21,야간,목,1,1,0,0,0,부산,해운대구,차대사람,횡단중,횡단중,안전운전 의무 불이행,단일로,기타단일로
4851,2012-08-24 16,주간,금,1,1,0,0,0,전북,익산시,차대차,측면충돌,측면충돌,안전운전 의무 불이행,단일로,기타단일로
4852,2012-12-10 15,주간,월,1,1,0,0,0,서울,중랑구,차대사람,횡단중,횡단중,보행자 보호의무 위반,단일로,기타단일로
4853,2012-08-16 01,야간,목,1,1,0,0,0,대구,수성구,차대사람,횡단중,횡단중,안전운전 의무 불이행,단일로,기타단일로
4854,2012-12-16 14,주간,일,1,1,0,0,0,경기,광명시,차량단독,공작물충돌,공작물충돌,안전운전 의무 불이행,단일로,기타단일로
4855,2012-10-26 16,주간,금,1,1,0,0,0,전북,군산시,차대차,측면충돌,측면충돌,신호위반,교차로,교차로내
4856,2012-11-06 23,야간,화,1,1,0,0,0,경기,파주시,차대사람,기타,기타,안전운전 의무 불이행,단일로,기타단일로
4857,2012-08-19 03,야간,일,1,1,0,0,0,경기,수원시,차량단독,공작물충돌,공작물충돌,안전운전 의무 불이행,단일로,기타단일로
4858,2012-12-14 15,주간,금,1,1,0,0,0,서울,강서구,차량단독,주정차차량 충돌,주정차차량 충돌,안전운전 의무 불이행,단일로,기타단일로
4859,2012-11-05 00,야간,월,1,1,0,0,0,경기,의정부시,차대사람,횡단중,횡단중,과속,교차로,교차로부근
4860,2012-10-06 23,야간,토,1,1,0,0,0,경기,남양주시,차대사람,기타,기타,보행자 보호의무 위반,교차로,교차로부근
4861,2012-11-25 04,야간,일,1,3,2,0,0,부산,사하구,차대차,정면충돌,정면충돌,중앙선 침범,단일로,기타단일로
4862,2012-08-02 23,야간,목,1,1,0,0,0,대전,유성구,차대사람,기타,기타,과속,단일로,기타단일로
4863,2012-11-06 16,주간,화,1,1,0,0,0,경북,경주시,차대사람,기타,기타,안전운전 의무 불이행,단일로,횡단보도부근
4864,2012-10-29 19,야간,월,1,1,0,0,0,전북,군산시,차대사람,기타,기타,안전운전 의무 불이행,단일로,기타단일로
4865,2012-08-18 03,야간,토,1,1,0,0,0,대구,수성구,차대차,측면충돌,측면충돌,기타,교차로,교차로부근
4866,2012-12-14 16,주간,금,1,1,0,0,0,서울,동대문구,차대사람,횡단중,횡단중,안전운전 의무 불이행,단일로,횡단보도상
4867,2012-12-26 05,야간,수,1,1,0,0,0,서울,용산구,차량단독,공작물충돌,공작물충돌,안전운전 의무 불이행,단일로,기타단일로
4868,2012-11-08 18,야간,목,1,1,0,0,0,경북,경주시,차대사람,기타,기타,안전운전 의무 불이행,교차로,교차로부근
4869,2012-09-04 21,야간,화,1,1,0,0,0,광주,서구,차대사람,횡단중,횡단중,안전운전 의무 불이행,단일로,기타단일로
4870,2012-12-24 04,야간,월,1,2,1,0,0,충남,천안시,차대차,측면충돌,측면충돌,안전운전 의무 불이행,교차로,교차로부근
4871,2012-11-04 06,주간,일,1,1,0,0,0,경기,용인시,차대차,기타,기타,안전운전 의무 불이행,교차로,교차로부근
4872,2012-08-11 04,야간,토,1,2,1,0,0,부산,부산진구,차대차,기타,기타,안전운전 의무 불이행,기타/불명,기타/불명
4873,2012-11-12 13,주간,월,1,5,3,1,0,경기,파주시,차대차,정면충돌,정면충돌,신호위반,교차로,교차로내
4874,2012-11-01 18,야간,목,1,1,0,0,0,전북,군산시,차량단독,기타,기타,안전운전 의무 불이행,기타/불명,기타/불명
4875,2012-12-02 19,야간,일,1,1,0,0,0,부산,사하구,차대사람,횡단중,횡단중,신호위반,단일로,기타단일로
4876,2012-11-11 07,주간,일,1,1,0,0,0,경기,의정부시,차대사람,기타,기타,안전운전 의무 불이행,단일로,기타단일로
4877,2012-11-14 16,주간,수,1,1,0,0,0,경기,파주시,차량단독,전도전복,전도전복,안전운전 의무 불이행,단일로,기타단일로
4878,2012-08-08 15,주간,수,1,1,0,0,0,대전,유성구,차대사람,기타,기타,안전운전 의무 불이행,단일로,기타단일로
4879,2012-11-12 17,주간,월,1,1,0,0,0,경북,경주시,차대차,추돌,진행중 추돌,안전운전 의무 불이행,단일로,기타단일로
4880,2012-10-10 11,주간,수,1,2,0,1,0,강원,원주시,차대차,측면충돌,측면충돌,안전운전 의무 불이행,단일로,기타단일로
4881,2012-09-28 20,야간,금,1,1,0,0,0,충북,청원군,차대사람,횡단중,횡단중,안전운전 의무 불이행,교차로,교차로내
4882,2012-09-29 00,야간,토,1,2,0,1,0,충북,청원군,차대차,측면충돌,측면충돌,교차로 통행방법 위반,교차로,교차로내
4883,2012-12-23 19,야간,일,1,1,0,0,0,대구,동구,차대사람,기타,기타,안전운전 의무 불이행,단일로,횡단보도부근
4884,2012-11-09 20,야간,금,1,1,0,0,0,경기,용인시,차대사람,횡단중,횡단중,안전운전 의무 불이행,단일로,기타단일로
4885,2012-11-10 18,야간,토,1,1,0,0,0,경기,용인시,차대사람,횡단중,횡단중,과속,교차로,교차로내
4886,2012-10-12 10,주간,금,1,1,0,0,0,강원,원주시,차대차,측면충돌,측면충돌,안전운전 의무 불이행,교차로,교차로부근
4887,2012-10-18 21,야간,목,1,1,0,0,0,경기,남양주시,차대차,기타,기타,안전운전 의무 불이행,단일로,기타단일로
4888,2012-11-11 19,야간,일,1,1,0,0,0,경기,용인시,차량단독,전도전복,전도전복,안전운전 의무 불이행,단일로,교량위
4889,2012-08-15 01,야간,수,1,2,1,0,0,경기,평택시,차대차,추돌,주정차중 추돌,안전운전 의무 불이행,교차로,교차로부근
4890,2012-11-16 19,야간,금,1,1,0,0,0,경북,경주시,차대사람,기타,기타,안전운전 의무 불이행,단일로,기타단일로
4891,2012-08-15 20,야간,수,1,2,1,0,0,경기,평택시,차대사람,횡단중,횡단중,안전운전 의무 불이행,단일로,기타단일로
4892,2012-09-10 21,야간,월,1,1,0,0,0,광주,서구,차대사람,횡단중,횡단중,안전운전 의무 불이행,단일로,기타단일로
4893,2012-11-19 13,주간,월,1,2,0,1,0,경기,파주시,차대사람,횡단중,횡단중,신호위반,단일로,횡단보도상
4894,2012-09-20 05,야간,목,1,1,0,0,0,경기,시흥시,차대사람,횡단중,횡단중,안전운전 의무 불이행,단일로,횡단보도부근
4895,2012-10-22 09,주간,월,1,1,0,0,0,경기,남양주시,차량단독,공작물충돌,공작물충돌,안전거리 미확보,단일로,기타단일로
4896,2012-11-18 23,야간,일,1,3,2,0,0,경기,의정부시,차대차,정면충돌,정면충돌,중앙선 침범,단일로,기타단일로
4897,2012-11-15 10,주간,목,1,1,0,0,0,경기,용인시,차대차,측면충돌,측면충돌,안전운전 의무 불이행,교차로,교차로부근
4898,2012-10-25 19,야간,목,1,1,0,0,0,전북,전주시,차대사람,횡단중,횡단중,안전운전 의무 불이행,단일로,횡단보도부근
4899,2012-10-26 02,야간,금,1,2,1,0,0,전북,전주시,차량단독,공작물충돌,공작물충돌,안전운전 의무 불이행,단일로,기타단일로
4900,2012-10-28 19,야간,일,1,1,0,0,0,경기,화성시,차량단독,기타,기타,안전운전 의무 불이행,단일로,기타단일로
4901,2012-10-27 22,야간,토,1,1,0,0,0,전북,전주시,차대사람,횡단중,횡단중,보행자 보호의무 위반,단일로,기타단일로
4902,2012-11-10 18,야간,토,1,1,0,0,0,서울,영등포구,차대사람,횡단중,횡단중,안전운전 의무 불이행,단일로,횡단보도부근
4903,2012-11-23 20,야간,금,1,1,0,0,0,경기,파주시,차대차,추돌,주정차중 추돌,안전운전 의무 불이행,단일로,기타단일로
4904,2012-11-23 15,주간,금,1,1,0,0,0,경북,경주시,차대사람,기타,기타,안전운전 의무 불이행,단일로,기타단일로
4905,2012-09-01 05,야간,토,1,1,0,0,0,경북,구미시,차대사람,횡단중,횡단중,과속,단일로,기타단일로
4906,2012-08-20 05,야간,월,1,1,0,0,0,부산,남구,차대사람,기타,기타,안전운전 의무 불이행,단일로,기타단일로
4907,2012-10-31 16,주간,수,1,1,0,0,0,경기,오산시,차대차,측면충돌,측면충돌,신호위반,교차로,교차로내
4908,2012-09-16 05,야간,일,1,1,0,0,0,광주,서구,차대사람,횡단중,횡단중,보행자 보호의무 위반,교차로,교차로부근
4909,2012-10-02 07,주간,화,1,1,0,0,0,경기,부천시,차대차,추돌,주정차중 추돌,안전운전 의무 불이행,단일로,기타단일로
4910,2012-10-27 01,야간,토,1,1,0,0,0,경기,남양주시,차대차,기타,기타,안전운전 의무 불이행,단일로,기타단일로
4911,2012-10-30 04,야간,화,1,1,0,0,0,전북,전주시,차량단독,공작물충돌,공작물충돌,안전운전 의무 불이행,단일로,기타단일로
4912,2012-09-10 08,주간,월,1,1,0,0,0,전북,익산시,차대차,측면충돌,측면충돌,안전운전 의무 불이행,단일로,횡단보도상
4913,2012-09-01 10,주간,토,1,1,0,0,0,대구,수성구,차대사람,보도통행중,보도통행중,보행자 보호의무 위반,단일로,횡단보도상
4914,2012-08-31 15,주간,금,1,3,2,0,0,광주,북구,차대차,측면충돌,측면충돌,기타,단일로,기타단일로
4915,2012-11-16 15,주간,금,1,1,0,0,0,전북,군산시,차대차,기타,기타,안전운전 의무 불이행,단일로,기타단일로
4916,2012-09-27 00,야간,목,1,1,0,0,0,경기,시흥시,차량단독,전도전복,전도전복,안전운전 의무 불이행,교차로,교차로내
4917,2012-10-28 00,야간,일,1,1,0,0,0,경기,남양주시,차대사람,횡단중,횡단중,안전운전 의무 불이행,단일로,횡단보도상
4918,2012-11-20 07,주간,화,1,1,0,0,0,경기,용인시,차대차,측면충돌,측면충돌,안전운전 의무 불이행,단일로,기타단일로
4919,2012-10-28 14,주간,일,1,2,0,1,0,경기,남양주시,차대사람,횡단중,횡단중,안전운전 의무 불이행,단일로,기타단일로
4920,2012-11-26 15,주간,월,2,2,0,0,0,경북,경주시,차대차,측면충돌,측면충돌,안전운전 의무 불이행,단일로,기타단일로
4921,2012-09-16 13,주간,일,1,1,0,0,0,전북,전주시,차대차,측면충돌,측면충돌,신호위반,교차로,교차로내
4922,2012-08-25 05,야간,토,1,1,0,0,0,부산,부산진구,차대사람,기타,기타,안전운전 의무 불이행,단일로,기타단일로
4923,2012-11-01 01,야간,목,1,1,0,0,0,전북,전주시,차대사람,횡단중,횡단중,안전운전 의무 불이행,단일로,기타단일로
4924,2012-10-22 19,야간,월,1,2,0,1,0,광주,광산구,차대차,추돌,진행중 추돌,안전거리 미확보,단일로,고가도로위
4925,2012-08-26 04,야간,일,1,1,0,0,0,부산,부산진구,차대사람,기타,기타,보행자 보호의무 위반,단일로,횡단보도상
4926,2012-09-03 01,야간,월,1,3,2,0,0,광주,북구,차대차,정면충돌,정면충돌,중앙선 침범,단일로,기타단일로
4927,2012-10-24 07,주간,수,1,2,0,1,0,광주,광산구,차대사람,보도통행중,보도통행중,기타,단일로,기타단일로
4928,2012-11-30 10,주간,금,1,1,0,0,0,경기,안산시,차대사람,횡단중,횡단중,안전운전 의무 불이행,단일로,기타단일로
4929,2012-10-31 13,주간,수,1,1,0,0,0,경기,남양주시,차대사람,기타,기타,안전운전 의무 불이행,단일로,기타단일로
4930,2012-09-18 18,야간,화,1,1,0,0,0,전북,전주시,차대사람,횡단중,횡단중,보행자 보호의무 위반,교차로,교차로내
4931,2012-12-01 01,야간,토,1,1,0,0,0,경기,파주시,차대차,기타,기타,안전운전 의무 불이행,단일로,기타단일로
4932,2012-10-25 21,야간,목,1,2,0,1,0,광주,광산구,차대차,측면충돌,측면충돌,안전운전 의무 불이행,교차로,교차로부근
4933,2012-08-16 05,야간,목,1,1,0,0,0,대전,유성구,차대사람,횡단중,횡단중,안전운전 의무 불이행,단일로,기타단일로
4934,2012-12-01 18,야간,토,1,1,0,0,0,경기,파주시,차대차,추돌,주정차중 추돌,안전운전 의무 불이행,단일로,기타단일로
4935,2012-12-01 18,야간,토,1,1,0,0,0,경북,경주시,차대사람,기타,기타,안전운전 의무 불이행,단일로,횡단보도상
4936,2012-10-13 04,야간,토,1,2,1,0,0,충북,청주시,차량단독,공작물충돌,공작물충돌,안전운전 의무 불이행,단일로,기타단일로
4937,2012-11-02 08,주간,금,1,1,0,0,0,경기,남양주시,차대사람,횡단중,횡단중,안전운전 의무 불이행,단일로,기타단일로
4938,2012-11-02 15,주간,금,1,1,0,0,0,경기,남양주시,차대차,측면충돌,측면충돌,안전운전 의무 불이행,단일로,기타단일로
4939,2012-12-03 22,야간,월,1,2,0,0,1,경북,경주시,차대차,추돌,진행중 추돌,안전운전 의무 불이행,단일로,기타단일로
4940,2012-09-02 04,야간,일,1,1,0,0,0,부산,부산진구,차대사람,기타,기타,안전운전 의무 불이행,단일로,기타단일로
4941,2012-09-23 20,야간,일,1,1,0,0,0,광주,서구,차대사람,기타,기타,안전운전 의무 불이행,단일로,기타단일로
4942,2012-09-08 13,주간,토,1,1,0,0,0,대구,수성구,차대사람,기타,기타,신호위반,단일로,기타단일로
4943,2012-12-05 22,야간,수,1,1,0,0,0,경북,경주시,차대사람,기타,기타,안전운전 의무 불이행,단일로,기타단일로
4944,2012-11-06 05,야간,화,1,1,0,0,0,경기,남양주시,차대차,추돌,주정차중 추돌,안전운전 의무 불이행,기타/불명,기타/불명
4945,2012-08-31 01,야간,금,1,1,0,0,0,경기,평택시,차대사람,차도통행중,차도통행중,안전운전 의무 불이행,단일로,기타단일로
4946,2012-10-30 23,야간,화,1,2,1,0,0,광주,광산구,차대사람,횡단중,횡단중,신호위반,교차로,교차로내
4947,2012-11-26 09,주간,월,1,1,0,0,0,경기,수원시,차대사람,횡단중,횡단중,안전운전 의무 불이행,교차로,교차로내
4948,2012-12-09 18,야간,일,1,1,0,0,0,경북,경주시,차량단독,공작물충돌,공작물충돌,안전운전 의무 불이행,단일로,기타단일로
4949,2012-09-09 20,야간,일,1,3,1,1,0,광주,북구,차대차,정면충돌,정면충돌,중앙선 침범,단일로,기타단일로
4950,2012-12-03 22,야간,월,1,1,0,0,0,경기,용인시,차대사람,횡단중,횡단중,안전운전 의무 불이행,단일로,기타단일로
4951,2012-12-09 20,야간,일,1,1,0,0,0,경북,경주시,차대사람,기타,기타,신호위반,교차로,교차로내
4952,2012-12-04 09,주간,화,1,1,0,0,0,경기,용인시,차대사람,횡단중,횡단중,안전운전 의무 불이행,교차로,교차로내
4953,2012-09-21 00,야간,금,1,1,0,0,0,전북,익산시,차량단독,공작물충돌,공작물충돌,안전운전 의무 불이행,교차로,교차로내
4954,2012-09-10 15,주간,월,1,1,0,0,0,광주,북구,차대차,기타,기타,안전운전 의무 불이행,단일로,기타단일로
4955,2012-09-14 21,야간,금,1,1,0,0,0,경북,구미시,차대사람,기타,기타,안전운전 의무 불이행,교차로,교차로내
4956,2012-09-02 17,주간,일,1,1,0,0,0,경기,평택시,차대사람,차도통행중,차도통행중,안전운전 의무 불이행,교차로,교차로내
4957,2012-09-11 18,야간,화,1,1,0,0,0,광주,북구,차대차,측면충돌,측면충돌,신호위반,교차로,교차로내
4958,2012-11-07 09,주간,수,1,1,0,0,0,강원,원주시,차대사람,횡단중,횡단중,과속,단일로,기타단일로
4959,2012-09-23 16,주간,일,1,1,0,0,0,전북,익산시,차대차,기타,기타,안전운전 의무 불이행,교차로,교차로부근
4960,2012-12-12 07,주간,수,1,1,0,0,0,경기,의정부시,차대사람,횡단중,횡단중,안전운전 의무 불이행,교차로,교차로내
4961,2012-10-14 19,야간,일,1,1,0,0,0,경기,시흥시,차대사람,보도통행중,보도통행중,안전운전 의무 불이행,교차로,교차로부근
4962,2012-11-16 19,야간,금,1,1,0,0,0,전북,전주시,차대사람,보도통행중,보도통행중,보행자 보호의무 위반,단일로,기타단일로
4963,2012-10-01 22,야간,월,1,1,0,0,0,경기,고양시,차대사람,차도통행중,차도통행중,안전운전 의무 불이행,단일로,기타단일로
4964,2012-10-15 19,야간,월,1,2,1,0,0,경기,시흥시,차대차,추돌,진행중 추돌,신호위반,교차로,교차로내
4965,2012-12-12 19,야간,수,1,1,0,0,0,경기,용인시,차대사람,횡단중,횡단중,안전운전 의무 불이행,단일로,기타단일로
4966,2012-11-17 05,야간,토,1,1,0,0,0,경기,오산시,차량단독,기타,기타,안전운전 의무 불이행,단일로,기타단일로
4967,2012-12-18 21,야간,화,1,6,2,3,0,경기,안산시,차대차,정면충돌,정면충돌,중앙선 침범,단일로,고가도로위
4968,2012-12-07 20,야간,금,1,1,0,0,0,전북,군산시,차대차,기타,기타,안전운전 의무 불이행,단일로,기타단일로
4969,2012-12-13 23,야간,목,1,1,0,0,0,경기,용인시,차대사람,기타,기타,안전운전 의무 불이행,단일로,기타단일로
4970,2012-12-18 07,주간,화,1,1,0,0,0,경북,경주시,차대차,측면충돌,측면충돌,안전운전 의무 불이행,교차로,교차로부근
4971,2012-11-18 01,야간,일,1,1,0,0,0,전북,전주시,차대사람,횡단중,횡단중,안전운전 의무 불이행,교차로,교차로내
4972,2012-12-18 10,주간,화,1,1,0,0,0,경북,경주시,차대차,측면충돌,측면충돌,안전운전 의무 불이행,단일로,기타단일로
4973,2012-09-20 02,야간,목,1,1,0,0,0,경북,구미시,차량단독,공작물충돌,공작물충돌,안전운전 의무 불이행,단일로,기타단일로
4974,2012-11-11 21,야간,일,1,2,0,1,0,강원,원주시,차대차,추돌,주정차중 추돌,안전운전 의무 불이행,단일로,기타단일로
4975,2012-09-07 05,야간,금,1,1,0,0,0,경기,평택시,차대차,추돌,진행중 추돌,안전운전 의무 불이행,단일로,기타단일로
4976,2012-12-20 20,야간,목,1,1,0,0,0,경기,안산시,차량단독,전도전복,전도전복,중앙선 침범,단일로,기타단일로
4977,2012-10-25 21,야간,목,1,2,1,0,0,경기,부천시,차대차,측면충돌,측면충돌,안전운전 의무 불이행,교차로,교차로부근
4978,2012-12-20 04,야간,목,1,1,0,0,0,경기,파주시,차량단독,공작물충돌,공작물충돌,안전운전 의무 불이행,단일로,기타단일로
4979,2012-09-07 08,주간,금,2,3,0,1,0,경기,평택시,차대차,기타,기타,신호위반,교차로,교차로내
4980,2012-11-18 20,야간,일,1,1,0,0,0,전북,전주시,차대사람,횡단중,횡단중,안전운전 의무 불이행,단일로,기타단일로
4981,2012-10-07 03,야간,일,1,1,0,0,0,경기,고양시,차대사람,횡단중,횡단중,안전운전 의무 불이행,단일로,기타단일로
4982,2012-09-28 21,야간,금,1,1,0,0,0,전북,익산시,차대사람,길가장자리구역통행중,길가장자리구역통행중,안전운전 의무 불이행,단일로,기타단일로
4983,2012-11-20 06,주간,화,1,1,0,0,0,경기,남양주시,차대사람,횡단중,횡단중,안전운전 의무 불이행,교차로,교차로부근
4984,2012-09-18 02,야간,화,1,1,0,0,0,광주,북구,차대사람,횡단중,횡단중,안전운전 의무 불이행,단일로,기타단일로
4985,2012-10-10 13,주간,수,1,1,0,0,0,인천,남동구,차대차,추돌,진행중 추돌,안전운전 의무 불이행,단일로,기타단일로
4986,2012-09-22 02,야간,토,1,1,0,0,0,대구,수성구,차대사람,횡단중,횡단중,안전운전 의무 불이행,단일로,기타단일로
4987,2012-09-24 04,야간,월,1,2,1,0,0,경북,구미시,차량단독,전도전복,전도전복,안전운전 의무 불이행,단일로,기타단일로
4988,2012-08-30 01,야간,목,1,3,2,0,0,대전,유성구,차대차,측면충돌,측면충돌,신호위반,교차로,교차로내
4989,2012-10-11 14,주간,목,1,1,0,0,0,전북,전주시,차대차,측면충돌,측면충돌,교차로 통행방법 위반,교차로,교차로내
4990,2012-09-11 11,주간,화,1,1,0,0,0,경기,평택시,차대차,정면충돌,정면충돌,안전운전 의무 불이행,단일로,기타단일로
4991,2012-10-23 05,야간,화,1,1,0,0,0,경기,시흥시,차대차,기타,기타,안전운전 의무 불이행,교차로,교차로내
4992,2012-10-01 09,주간,월,1,1,0,0,0,전북,익산시,차대사람,횡단중,횡단중,안전운전 의무 불이행,단일로,기타단일로
4993,2012-12-22 03,야간,토,1,2,1,0,0,경기,용인시,차량단독,기타,기타,안전운전 의무 불이행,단일로,고가도로위
4994,2012-09-01 04,야간,토,1,1,0,0,0,대구,북구,차대사람,기타,기타,안전운전 의무 불이행,단일로,기타단일로
4995,2012-10-02 16,주간,화,1,1,0,0,0,전북,익산시,차대차,측면충돌,측면충돌,중앙선 침범,단일로,기타단일로
4996,2012-10-13 22,야간,토,1,1,0,0,0,인천,남동구,차대사람,기타,기타,안전운전 의무 불이행,단일로,기타단일로
4997,2012-12-29 18,야간,토,1,1,0,0,0,경북,경주시,차대사람,차도통행중,차도통행중,안전운전 의무 불이행,단일로,기타단일로
4998,2012-11-16 18,야간,금,1,1,0,0,0,광주,광산구,차대차,추돌,진행중 추돌,안전운전 의무 불이행,단일로,기타단일로
4999,2012-12-21 08,주간,금,1,1,0,0,0,전북,군산시,차대차,기타,기타,안전운전 의무 불이행,단일로,기타단일로
5000,2012-12-04 15,주간,화,1,1,0,0,0,경기,화성시,차대사람,횡단중,횡단중,안전운전 의무 불이행,단일로,기타단일로
5001,2012-09-27 18,야간,목,1,1,0,0,0,경북,구미시,차대사람,횡단중,횡단중,보행자 보호의무 위반,단일로,횡단보도상
5002,2012-12-16 00,야간,일,1,1,0,0,0,서울,영등포구,차대사람,횡단중,횡단중,안전운전 의무 불이행,교차로,교차로부근
5003,2012-09-16 19,야간,일,1,2,0,1,0,경기,평택시,차대차,기타,기타,안전운전 의무 불이행,단일로,기타단일로
5004,2012-08-30 00,야간,목,1,2,0,1,0,서울,송파구,차대사람,횡단중,횡단중,신호위반,단일로,기타단일로
5005,2012-11-30 16,주간,금,1,1,0,0,0,전북,전주시,차대차,추돌,주정차중 추돌,안전운전 의무 불이행,교차로,교차로부근
5006,2012-11-29 01,야간,목,1,1,0,0,0,경기,남양주시,차량단독,공작물충돌,공작물충돌,안전운전 의무 불이행,단일로,기타단일로
5007,2012-10-17 04,야간,수,1,1,0,0,0,광주,서구,차량단독,공작물충돌,공작물충돌,안전운전 의무 불이행,교차로,교차로부근
5008,2012-09-17 14,주간,월,1,5,1,3,0,경기,평택시,차대차,기타,기타,중앙선 침범,단일로,기타단일로
5009,2012-09-30 15,주간,일,1,1,0,0,0,경북,구미시,차대사람,기타,기타,안전운전 의무 불이행,교차로,교차로부근
5010,2012-12-29 17,주간,토,1,1,0,0,0,경기,용인시,차대사람,기타,기타,안전운전 의무 불이행,단일로,횡단보도부근
5011,2012-11-10 02,야간,토,3,5,2,0,0,충북,청주시,차량단독,공작물충돌,공작물충돌,중앙선 침범,단일로,기타단일로
5012,2012-10-21 07,주간,일,1,1,0,0,0,전북,전주시,차대사람,횡단중,횡단중,안전운전 의무 불이행,교차로,교차로부근
5013,2012-12-27 03,야간,목,1,2,1,0,0,전북,군산시,차대차,측면충돌,측면충돌,신호위반,교차로,교차로내
5014,2012-11-26 18,야간,월,1,1,0,0,0,강원,원주시,차대사람,길가장자리구역통행중,길가장자리구역통행중,안전운전 의무 불이행,단일로,기타단일로
5015,2012-12-01 15,주간,토,1,1,0,0,0,경기,남양주시,차대차,기타,기타,안전운전 의무 불이행,교차로,교차로부근
5016,2012-12-11 04,야간,화,1,1,0,0,0,경기,오산시,차대차,측면충돌,측면충돌,안전운전 의무 불이행,단일로,기타단일로
5017,2012-12-26 18,야간,수,1,1,0,0,0,경기,수원시,차대사람,기타,기타,보행자 보호의무 위반,교차로,교차로내
5018,2012-10-05 12,주간,금,1,1,0,0,0,경북,구미시,차량단독,공작물충돌,공작물충돌,안전운전 의무 불이행,단일로,기타단일로
5019,2012-12-13 23,야간,목,1,1,0,0,0,서울,강남구,차대사람,기타,기타,안전운전 의무 불이행,단일로,기타단일로
5020,2012-10-19 14,주간,금,1,2,0,1,0,경기,고양시,차대사람,횡단중,횡단중,보행자 보호의무 위반,교차로,교차로내
5021,2012-12-01 22,야간,토,1,1,0,0,0,강원,원주시,차대차,추돌,주정차중 추돌,안전운전 의무 불이행,교차로,교차로부근
5022,2012-10-24 18,야간,수,1,1,0,0,0,인천,남동구,차대사람,횡단중,횡단중,안전운전 의무 불이행,단일로,기타단일로