교통사고이력ID(사고기록 순서),발생년월일시,주야코드,요일코드,사망자수,부상자수,중상자수,경상자수,부상신고자수,발생지시도코드,발생지시도코드,사고유형대분류코드,사고유형중분류코드,사고유형코드,법규위반코드,도로형태대분류코드,도로로형태코드
5619,2013-03-07 09,주간,목,1,1,0,0,0,전남,화순군,차량단독,전도전복,전도전복,안전운전 의무 불이행,단일로,기타단일로
5620,2013-07-21 11,주간,일,1,1,0,0,0,충북,보은군,차대차,기타,기타,과속,교차로,교차로내
5621,2013-01-28 07,주간,월,1,1,0,0,0,서울,종로구,차대사람,차도통행중,차도통행중,안전운전 의무 불이행,교차로,교차로부근
5622,2013-04-03 15,주간,수,1,1,0,0,0,충남,공주시,차대사람,기타,기타,안전운전 의무 불이행,단일로,교량위
5623,2013-03-07 20,야간,목,1,2,0,0,1,전남,화순군,차대사람,기타,기타,안전운전 의무 불이행,단일로,기타단일로
5624,2013-04-06 02,야간,토,1,2,1,0,0,충북,청원군,차대차,추돌,진행중 추돌,안전운전 의무 불이행,단일로,기타단일로
5625,2013-01-29 16,주간,화,1,1,0,0,0,강원,양양군,차대사람,보도통행중,보도통행중,안전운전 의무 불이행,단일로,기타단일로
5626,2013-03-09 16,주간,토,1,2,1,0,0,경남,함안군,차대차,추돌,진행중 추돌,안전운전 의무 불이행,단일로,기타단일로
5627,2013-07-23 07,주간,화,1,2,0,1,0,전북,순창군,차대차,측면충돌,측면충돌,기타,교차로,교차로내
5628,2013-08-16 10,주간,금,1,1,0,0,0,경북,군위군,차대사람,횡단중,횡단중,안전운전 의무 불이행,교차로,교차로내
5629,2013-06-27 17,주간,목,1,3,2,0,0,경북,봉화군,차량단독,공작물충돌,공작물충돌,안전운전 의무 불이행,단일로,기타단일로
5630,2013-05-05 01,야간,일,1,1,0,0,0,경북,청도군,차량단독,도로이탈,도로이탈 추락,안전운전 의무 불이행,단일로,교량위
5631,2013-01-30 07,주간,수,1,1,0,0,0,서울,성북구,차대사람,차도통행중,차도통행중,안전운전 의무 불이행,단일로,기타단일로
5632,2013-02-05 21,야간,화,1,7,5,1,0,경북,김천시,차대차,측면충돌,측면충돌,중앙선 침범,단일로,교량위
5633,2013-04-04 12,주간,목,1,2,1,0,0,충남,서천군,차대차,정면충돌,정면충돌,신호위반,교차로,교차로내
5634,2013-04-15 19,야간,월,1,1,0,0,0,충북,음성군,차대차,정면충돌,정면충돌,중앙선 침범,단일로,기타단일로
5635,2013-03-08 21,야간,금,1,2,1,0,0,전남,화순군,차량단독,전도전복,전도전복,안전운전 의무 불이행,기타/불명,기타/불명
5636,2013-04-02 05,야간,화,1,1,0,0,0,전남,영광군,차량단독,도로이탈,도로이탈 기타,안전운전 의무 불이행,단일로,기타단일로
5637,2013-01-30 06,주간,수,1,1,0,0,0,충남,당진시,차량단독,도로이탈,도로이탈 추락,안전운전 의무 불이행,단일로,기타단일로
5638,2013-01-16 00,야간,수,1,1,0,0,0,울산,중구,차대사람,기타,기타,안전운전 의무 불이행,단일로,기타단일로
5639,2013-03-29 15,주간,금,1,1,0,0,0,전남,무안군,차량단독,기타,기타,안전운전 의무 불이행,단일로,기타단일로
5640,2013-01-16 16,주간,수,1,1,0,0,0,부산,수영구,차대사람,횡단중,횡단중,신호위반,단일로,횡단보도상
5641,2013-01-14 17,주간,월,1,1,0,0,0,경기,화성시,차대사람,횡단중,횡단중,안전운전 의무 불이행,단일로,기타단일로
5642,2013-01-16 06,주간,수,1,1,0,0,0,서울,서대문구,차대사람,횡단중,횡단중,안전운전 의무 불이행,단일로,기타단일로
5643,2013-01-23 22,야간,수,1,1,0,0,0,경남,창원시(통합),차대사람,기타,기타,안전운전 의무 불이행,단일로,기타단일로
5644,2013-06-25 10,주간,화,1,1,0,0,0,경북,예천군,차대차,기타,기타,과속,단일로,기타단일로
5645,2013-06-12 15,주간,수,1,3,1,1,0,강원,원주시,차대차,추돌,진행중 추돌,안전거리 미확보,단일로,기타단일로
5646,2013-01-30 05,야간,수,1,1,0,0,0,서울,종로구,차대사람,횡단중,횡단중,안전운전 의무 불이행,단일로,횡단보도상
5647,2013-01-15 16,주간,화,1,1,0,0,0,경기,광주시,차량단독,공작물충돌,공작물충돌,안전운전 의무 불이행,단일로,기타단일로
5648,2013-12-30 18,야간,월,1,1,0,0,0,강원,양구군,차대사람,횡단중,횡단중,안전운전 의무 불이행,단일로,기타단일로
5649,2013-05-03 16,주간,금,1,5,4,0,0,충남,청양군,차량단독,전도전복,전도전복,안전운전 의무 불이행,단일로,기타단일로
5650,2013-08-01 03,야간,목,1,16,11,4,0,전북,고창군,차대차,기타,기타,안전운전 의무 불이행,단일로,기타단일로
5651,2013-02-03 20,야간,일,1,1,0,0,0,대전,서구,차대사람,횡단중,횡단중,안전운전 의무 불이행,단일로,기타단일로
5652,2013-08-16 17,주간,금,1,1,0,0,0,전남,곡성군,차대차,기타,기타,안전운전 의무 불이행,교차로,교차로내
5653,2013-05-06 12,주간,월,2,2,0,0,0,충남,금산군,차량단독,도로이탈,도로이탈 기타,안전운전 의무 불이행,단일로,기타단일로
5654,2013-01-22 03,야간,화,1,2,0,1,0,경기,안성시,차대차,정면충돌,정면충돌,중앙선 침범,단일로,기타단일로
5655,2013-04-02 20,야간,화,1,1,0,0,0,경남,고성군,차대사람,차도통행중,차도통행중,안전운전 의무 불이행,단일로,기타단일로
5656,2013-01-30 18,야간,수,1,4,0,3,0,강원,양양군,차대차,측면충돌,측면충돌,안전운전 의무 불이행,단일로,기타단일로
5657,2013-02-10 19,야간,일,1,1,0,0,0,충남,논산시,차대사람,길가장자리구역통행중,길가장자리구역통행중,안전운전 의무 불이행,교차로,교차로내
5658,2013-03-05 21,야간,화,1,1,0,0,0,전북,완주군,차대사람,횡단중,횡단중,안전운전 의무 불이행,교차로,교차로내
5659,2013-01-16 07,주간,수,1,1,0,0,0,충남,아산시,차대사람,기타,기타,안전운전 의무 불이행,단일로,기타단일로
5660,2013-05-13 14,주간,월,2,2,0,0,0,충남,청양군,차량단독,기타,기타,안전운전 의무 불이행,단일로,기타단일로
5661,2013-01-11 00,야간,금,1,1,0,0,0,인천,서구,차대사람,기타,기타,안전운전 의무 불이행,교차로,교차로부근
5662,2013-01-25 01,야간,금,1,2,1,0,0,충북,제천시,차대차,추돌,주정차중 추돌,안전운전 의무 불이행,단일로,기타단일로
5663,2013-02-24 11,주간,일,1,1,0,0,0,경기,가평군,차대차,기타,기타,안전운전 의무 불이행,단일로,기타단일로
5664,2013-05-17 10,주간,금,1,1,0,0,0,전남,보성군,차대차,추돌,주정차중 추돌,안전운전 의무 불이행,교차로,교차로내
5665,2013-01-12 00,야간,토,1,3,2,0,0,경기,남양주시,차대차,기타,기타,중앙선 침범,단일로,기타단일로
5666,2013-01-17 19,야간,목,1,1,0,0,0,대전,중구,차대사람,횡단중,횡단중,안전운전 의무 불이행,단일로,기타단일로
5667,2013-03-25 22,야간,월,1,3,2,0,0,충북,증평군,차대차,측면충돌,측면충돌,신호위반,교차로,교차로내
5668,2013-01-22 20,야간,화,1,1,0,0,0,충남,서산시,차대사람,횡단중,횡단중,안전운전 의무 불이행,단일로,기타단일로
5669,2013-07-12 22,야간,금,1,2,0,1,0,전북,정읍시,차량단독,도로이탈,도로이탈 추락,안전운전 의무 불이행,단일로,기타단일로
5670,2013-02-14 23,야간,목,1,1,0,0,0,경기,양평군,차대사람,기타,기타,안전운전 의무 불이행,단일로,기타단일로
5671,2013-01-30 02,야간,수,1,1,0,0,0,전남,광양시,차량단독,도로이탈,도로이탈 추락,안전운전 의무 불이행,단일로,기타단일로
5672,2013-10-19 18,야간,토,1,1,0,0,0,전북,장수군,차대사람,횡단중,횡단중,안전운전 의무 불이행,단일로,기타단일로
5673,2013-05-20 15,주간,월,1,1,0,0,0,경북,고령군,차량단독,전도전복,전도전복,안전운전 의무 불이행,단일로,기타단일로
5674,2013-05-22 18,야간,수,1,1,0,0,0,충북,영동군,차대차,기타,기타,안전운전 의무 불이행,교차로,교차로부근
5675,2013-06-18 20,야간,화,1,2,1,0,0,전남,진도군,차대차,기타,기타,안전운전 의무 불이행,기타/불명,기타/불명
5676,2013-01-24 07,주간,목,1,1,0,0,0,경남,창원시(통합),차량단독,전도전복,전도전복,안전운전 의무 불이행,교차로,교차로부근
5677,2013-04-26 20,야간,금,1,3,1,1,0,경기,연천군,차대사람,횡단중,횡단중,신호위반,단일로,횡단보도상
5678,2013-01-15 18,야간,화,1,1,0,0,0,경기,성남시,차대사람,횡단중,횡단중,안전운전 의무 불이행,교차로,교차로부근
5679,2013-04-14 17,주간,일,1,1,0,0,0,전남,고흥군,차대사람,기타,기타,과속,교차로,교차로부근
5680,2013-10-21 06,주간,월,1,1,0,0,0,전북,장수군,차량단독,공작물충돌,공작물충돌,안전운전 의무 불이행,단일로,기타단일로
5681,2013-03-02 17,주간,토,1,2,1,0,0,충남,홍성군,차대사람,기타,기타,안전운전 의무 불이행,단일로,기타단일로
5682,2013-03-27 19,야간,수,1,2,1,0,0,충북,괴산군,차대차,추돌,주정차중 추돌,안전운전 의무 불이행,단일로,기타단일로
5683,2013-07-07 09,주간,일,1,1,0,0,0,경북,예천군,차대차,측면충돌,측면충돌,안전운전 의무 불이행,단일로,기타단일로
5684,2013-01-19 09,주간,토,1,1,0,0,0,경남,거제시,차량단독,전도전복,전도전복,안전운전 의무 불이행,교차로,교차로부근
5685,2013-01-23 04,야간,수,1,1,0,0,0,경기,포천시,차대차,추돌,주정차중 추돌,안전운전 의무 불이행,단일로,기타단일로
5686,2013-06-18 05,야간,화,1,1,0,0,0,강원,영월군,차량단독,공작물충돌,공작물충돌,안전운전 의무 불이행,단일로,기타단일로
5687,2013-01-17 14,주간,목,1,1,0,0,0,전남,여수시,차량단독,기타,기타,안전운전 의무 불이행,단일로,기타단일로
5688,2013-01-16 14,주간,수,1,1,0,0,0,경기,광주시,차대차,기타,기타,신호위반,단일로,횡단보도상
5689,2013-01-15 19,야간,화,1,1,0,0,0,서울,마포구,차대차,측면충돌,측면충돌,안전거리 미확보,단일로,기타단일로
5690,2013-06-23 07,주간,일,1,3,1,1,0,전남,진도군,차대차,정면충돌,정면충돌,중앙선 침범,단일로,기타단일로
5691,2013-05-26 14,주간,일,1,1,0,0,0,충북,영동군,차대사람,차도통행중,차도통행중,안전운전 의무 불이행,단일로,기타단일로
5692,2013-07-24 15,주간,수,1,1,0,0,0,경북,봉화군,차대차,측면충돌,측면충돌,안전운전 의무 불이행,교차로,교차로부근
5693,2013-04-19 19,야간,금,1,1,0,0,0,전남,담양군,차대사람,횡단중,횡단중,안전운전 의무 불이행,교차로,교차로부근
5694,2013-04-13 01,야간,토,3,4,1,0,0,충남,서천군,차량단독,공작물충돌,공작물충돌,안전운전 의무 불이행,단일로,기타단일로
5695,2013-05-17 21,야간,금,1,2,0,1,0,충남,청양군,차대차,추돌,진행중 추돌,안전운전 의무 불이행,단일로,기타단일로
5696,2013-03-17 03,야간,일,2,3,0,1,0,세종,세종,차대차,정면충돌,정면충돌,중앙선 침범,단일로,교량위
5697,2013-02-14 18,야간,목,1,1,0,0,0,충남,논산시,차대사람,기타,기타,안전운전 의무 불이행,단일로,기타단일로
5698,2013-01-21 04,야간,월,1,2,1,0,0,충북,충주시,차량단독,공작물충돌,공작물충돌,안전운전 의무 불이행,단일로,기타단일로
5699,2013-04-25 14,주간,목,1,1,0,0,0,충북,보은군,차량단독,기타,기타,안전운전 의무 불이행,단일로,기타단일로
5700,2013-01-18 21,야간,금,1,2,0,1,0,전남,순천시,차대차,기타,기타,중앙선 침범,단일로,기타단일로
5701,2013-01-25 02,야간,금,1,1,0,0,0,경남,진주시,차대사람,횡단중,횡단중,안전운전 의무 불이행,단일로,기타단일로
5702,2013-01-31 11,주간,목,1,2,1,0,0,서울,도봉구,차대사람,횡단중,횡단중,신호위반,교차로,교차로내
5703,2013-05-30 23,야간,목,1,1,0,0,0,충북,영동군,차량단독,공작물충돌,공작물충돌,안전운전 의무 불이행,단일로,기타단일로
5704,2013-01-29 23,야간,화,1,1,0,0,0,울산,동구,차대사람,기타,기타,안전운전 의무 불이행,교차로,교차로내
5705,2013-01-19 23,야간,토,1,1,0,0,0,서울,강동구,차대차,기타,기타,안전운전 의무 불이행,교차로,교차로부근
5706,2013-01-19 02,야간,토,1,3,2,0,0,대전,중구,차대차,측면충돌,측면충돌,신호위반,교차로,교차로내
5707,2013-02-15 01,야간,금,1,1,0,0,0,충남,논산시,차량단독,공작물충돌,공작물충돌,안전운전 의무 불이행,교차로,교차로내
5708,2013-03-23 09,주간,토,1,1,0,0,0,전남,해남군,차대사람,기타,기타,안전운전 의무 불이행,단일로,기타단일로
5709,2013-02-17 18,야간,일,1,1,0,0,0,서울,은평구,차대사람,기타,기타,안전운전 의무 불이행,교차로,교차로내
5710,2013-01-22 17,주간,화,1,1,0,0,0,대전,동구,차대사람,차도통행중,차도통행중,안전운전 의무 불이행,단일로,기타단일로
5711,2013-03-04 04,야간,월,1,2,0,0,1,경북,칠곡군,차대차,추돌,진행중 추돌,안전운전 의무 불이행,단일로,기타단일로
5712,2013-09-17 19,야간,화,1,2,1,0,0,경북,군위군,차대사람,횡단중,횡단중,안전운전 의무 불이행,단일로,기타단일로
5713,2013-01-19 05,야간,토,1,1,0,0,0,전남,순천시,차대사람,기타,기타,안전운전 의무 불이행,단일로,기타단일로
5714,2013-01-10 22,야간,목,1,3,1,1,0,서울,강남구,차대차,기타,기타,안전거리 미확보,단일로,기타단일로
5715,2013-06-26 15,주간,수,1,1,0,0,0,전남,함평군,차대차,측면충돌,측면충돌,안전운전 의무 불이행,단일로,기타단일로
5716,2013-03-24 15,주간,일,1,1,0,0,0,충남,공주시,차량단독,공작물충돌,공작물충돌,안전운전 의무 불이행,단일로,기타단일로
5717,2013-01-19 21,야간,토,1,3,0,2,0,대전,중구,차대차,기타,기타,안전운전 의무 불이행,교차로,교차로내
5718,2013-08-29 11,주간,목,1,1,0,0,0,전남,곡성군,차량단독,도로이탈,도로이탈 기타,안전운전 의무 불이행,교차로,교차로부근
5719,2013-01-26 02,야간,토,1,1,0,0,0,울산,울주군,차량단독,공작물충돌,공작물충돌,안전운전 의무 불이행,단일로,횡단보도부근
5720,2013-08-13 19,야간,화,1,1,0,0,0,충북,보은군,차대사람,횡단중,횡단중,보행자 보호의무 위반,교차로,교차로부근
5721,2013-02-11 18,야간,월,1,1,0,0,0,경북,김천시,차대차,기타,기타,안전운전 의무 불이행,단일로,교량위
5722,2013-01-25 22,야간,금,1,1,0,0,0,충남,서산시,차량단독,공작물충돌,공작물충돌,안전운전 의무 불이행,단일로,기타단일로
5723,2013-09-08 08,주간,일,1,1,0,0,0,전남,곡성군,차대차,기타,기타,안전운전 의무 불이행,교차로,교차로내
5724,2013-01-16 06,주간,수,1,1,0,0,0,제주,제주시,차대사람,횡단중,횡단중,안전운전 의무 불이행,교차로,교차로내
5725,2013-01-14 16,주간,월,1,1,0,0,0,경기,고양시,차량단독,공작물충돌,공작물충돌,안전운전 의무 불이행,단일로,기타단일로
5726,2013-01-18 16,주간,금,1,2,1,0,0,강원,춘천시,차대차,측면충돌,측면충돌,안전운전 의무 불이행,단일로,기타단일로
5727,2013-01-13 19,야간,일,1,1,0,0,0,경기,성남시,차대사람,횡단중,횡단중,안전운전 의무 불이행,단일로,기타단일로
5728,2013-01-19 20,야간,토,1,1,0,0,0,전남,순천시,차량단독,기타,기타,안전운전 의무 불이행,단일로,기타단일로
5729,2013-04-26 14,주간,금,1,1,0,0,0,경북,성주군,차량단독,전도전복,전도전복,안전운전 의무 불이행,단일로,기타단일로
5730,2013-02-06 19,야간,수,1,1,0,0,0,대전,대덕구,차대사람,기타,기타,안전운전 의무 불이행,교차로,교차로부근
5731,2013-06-15 17,주간,토,1,1,0,0,0,전남,완도군,차량단독,기타,기타,안전운전 의무 불이행,단일로,기타단일로
5732,2013-06-28 00,야간,금,1,1,0,0,0,강원,영월군,차량단독,기타,기타,안전운전 의무 불이행,단일로,기타단일로
5733,2013-06-15 05,야간,토,1,1,0,0,0,경남,의령군,차량단독,전도전복,전도전복,안전운전 의무 불이행,단일로,기타단일로
5734,2013-09-09 05,야간,월,1,1,0,0,0,전북,김제시,차대사람,차도통행중,차도통행중,안전운전 의무 불이행,단일로,기타단일로
5735,2013-02-07 22,야간,목,1,1,0,0,0,서울,종로구,차대사람,횡단중,횡단중,안전운전 의무 불이행,단일로,기타단일로
5736,2013-04-16 16,주간,화,1,1,0,0,0,전남,영광군,차량단독,기타,기타,안전운전 의무 불이행,단일로,기타단일로
5737,2013-02-13 07,주간,수,1,1,0,0,0,경기,여주시,차대사람,차도통행중,차도통행중,안전운전 의무 불이행,단일로,기타단일로
5738,2013-01-11 03,야간,금,1,3,1,1,0,충북,청주시,차대차,측면충돌,측면충돌,신호위반,교차로,교차로내
5739,2013-09-10 14,주간,화,1,5,3,1,0,전북,고창군,차량단독,전도전복,전도전복,안전운전 의무 불이행,단일로,기타단일로
5740,2013-01-24 19,야간,목,1,1,0,0,0,경기,양주시,차대사람,기타,기타,안전운전 의무 불이행,교차로,교차로내
5741,2013-02-08 09,주간,금,1,1,0,0,0,경기,구리시,차대차,기타,기타,신호위반,교차로,교차로내
5742,2013-09-14 14,주간,토,1,1,0,0,0,전남,곡성군,차대사람,횡단중,횡단중,안전운전 의무 불이행,기타/불명,기타/불명
5743,2013-09-08 19,야간,일,1,1,0,0,0,전북,진안군,차대차,추돌,진행중 추돌,안전운전 의무 불이행,단일로,기타단일로
5744,2013-04-26 18,야간,금,1,2,0,1,0,충남,논산시,차대차,기타,기타,기타,단일로,기타단일로
5745,2013-08-04 05,야간,일,1,2,1,0,0,경북,청송군,차량단독,공작물충돌,공작물충돌,기타,단일로,기타단일로
5746,2013-01-13 19,야간,일,1,1,0,0,0,충남,아산시,차대사람,기타,기타,안전운전 의무 불이행,단일로,기타단일로
5747,2013-02-07 03,야간,목,1,3,2,0,0,인천,중구,차대차,정면충돌,정면충돌,중앙선 침범,단일로,기타단일로
5748,2013-02-13 20,야간,수,1,1,0,0,0,강원,동해시,차대사람,횡단중,횡단중,안전운전 의무 불이행,단일로,기타단일로
5749,2013-02-03 06,주간,일,1,1,0,0,0,경남,창원시(통합),차대사람,횡단중,횡단중,안전운전 의무 불이행,단일로,교량위
5750,2013-06-26 18,야간,수,1,2,1,0,0,강원,철원군,차대차,측면충돌,측면충돌,교차로 통행방법 위반,교차로,교차로내
5751,2013-08-05 19,야간,월,1,1,0,0,0,경북,청송군,차대사람,횡단중,횡단중,안전운전 의무 불이행,교차로,교차로부근
5752,2013-09-02 14,주간,월,1,1,0,0,0,전북,순창군,차량단독,도로이탈,도로이탈 기타,안전운전 의무 불이행,단일로,기타단일로
5753,2013-07-23 12,주간,화,1,1,0,0,0,경북,예천군,차량단독,공작물충돌,공작물충돌,안전운전 의무 불이행,단일로,기타단일로
5754,2013-01-14 23,야간,월,1,1,0,0,0,경기,고양시,차대사람,횡단중,횡단중,안전운전 의무 불이행,단일로,기타단일로
5755,2013-06-21 18,야간,금,1,1,0,0,0,경남,의령군,차대사람,기타,기타,안전운전 의무 불이행,단일로,기타단일로
5756,2013-11-19 10,주간,화,1,2,1,0,0,전북,장수군,차대차,정면충돌,정면충돌,중앙선 침범,단일로,기타단일로
5757,2013-08-02 20,야간,금,1,1,0,0,0,경남,산청군,차대사람,횡단중,횡단중,안전운전 의무 불이행,단일로,기타단일로
5758,2013-04-11 10,주간,목,1,2,1,0,0,전남,무안군,차대차,측면충돌,측면충돌,신호위반,교차로,교차로내
5759,2013-06-29 19,야간,토,1,3,2,0,0,충북,단양군,차대차,기타,기타,안전운전 의무 불이행,교차로,교차로내
5760,2013-04-13 18,야간,토,1,4,3,0,0,경남,거창군,차량단독,공작물충돌,공작물충돌,안전운전 의무 불이행,단일로,기타단일로
5761,2013-01-24 08,주간,목,1,1,0,0,0,경기,포천시,차량단독,공작물충돌,공작물충돌,기타,단일로,기타단일로
5762,2013-01-23 05,야간,수,1,1,0,0,0,대구,중구,차대차,기타,기타,신호위반,교차로,교차로내
5763,2013-04-29 06,주간,월,1,1,0,0,0,대전,대덕구,차량단독,공작물충돌,공작물충돌,안전운전 의무 불이행,단일로,기타단일로
5764,2013-03-07 23,야간,목,1,2,1,0,0,경북,영천시,차대차,추돌,진행중 추돌,안전운전 의무 불이행,단일로,기타단일로
5765,2013-07-05 22,야간,금,1,1,0,0,0,강원,영월군,차량단독,전도전복,전도전복,안전운전 의무 불이행,단일로,기타단일로
5766,2013-03-30 18,야간,토,1,1,0,0,0,전남,해남군,차량단독,도로이탈,도로이탈 기타,안전운전 의무 불이행,단일로,기타단일로
5767,2013-06-18 01,야간,화,1,1,0,0,0,경남,함양군,차량단독,공작물충돌,공작물충돌,안전운전 의무 불이행,단일로,기타단일로
5768,2013-05-01 00,야간,수,1,2,0,1,0,충북,옥천군,차대차,측면충돌,측면충돌,안전운전 의무 불이행,교차로,교차로내
5769,2013-04-26 21,야간,금,1,1,0,0,0,충남,서천군,차대사람,횡단중,횡단중,신호위반,교차로,교차로부근
5770,2013-04-08 05,야간,월,1,2,0,1,0,충북,증평군,차대차,측면충돌,측면충돌,신호위반,교차로,교차로내
5771,2013-03-31 12,주간,일,1,1,0,0,0,전남,해남군,차량단독,기타,기타,안전운전 의무 불이행,단일로,기타단일로
5772,2013-03-09 14,주간,토,1,2,0,1,0,경북,의성군,차대차,추돌,진행중 추돌,안전운전 의무 불이행,단일로,기타단일로
5773,2013-10-14 18,야간,월,1,1,0,0,0,경북,군위군,차대차,추돌,진행중 추돌,안전운전 의무 불이행,단일로,기타단일로
5774,2013-01-21 22,야간,월,1,1,0,0,0,서울,강동구,차대사람,횡단중,횡단중,과속,단일로,기타단일로
5775,2013-10-14 18,야간,월,1,2,1,0,0,경북,군위군,차대사람,기타,기타,과속,단일로,기타단일로
5776,2013-04-19 14,주간,금,1,1,0,0,0,전북,고창군,차량단독,도로이탈,도로이탈 추락,안전운전 의무 불이행,단일로,기타단일로
5777,2013-03-07 13,주간,목,1,2,0,1,0,전북,남원시,차대차,추돌,주정차중 추돌,안전운전 의무 불이행,단일로,기타단일로
5778,2013-06-02 15,주간,일,1,1,0,0,0,경북,청도군,차대차,측면충돌,측면충돌,중앙선 침범,단일로,기타단일로
5779,2013-07-09 20,야간,화,1,2,1,0,0,충북,단양군,차량단독,공작물충돌,공작물충돌,안전운전 의무 불이행,단일로,기타단일로
5780,2013-03-25 20,야간,월,1,1,0,0,0,충남,예산군,차대사람,차도통행중,차도통행중,안전운전 의무 불이행,단일로,기타단일로
5781,2013-02-06 11,주간,수,1,3,1,1,0,강원,양양군,차대차,추돌,주정차중 추돌,안전운전 의무 불이행,교차로,교차로부근
5782,2013-06-09 10,주간,일,1,1,0,0,0,충북,영동군,차량단독,기타,기타,안전운전 의무 불이행,단일로,기타단일로
5783,2013-09-19 18,야간,목,1,1,0,0,0,전북,순창군,차대차,기타,기타,안전운전 의무 불이행,단일로,횡단보도부근
5784,2013-03-16 16,주간,토,1,2,1,0,0,전북,완주군,차량단독,공작물충돌,공작물충돌,안전운전 의무 불이행,단일로,기타단일로
5785,2013-04-19 23,야간,금,1,1,0,0,0,경남,고성군,차대사람,차도통행중,차도통행중,안전운전 의무 불이행,단일로,기타단일로
5786,2013-06-06 07,주간,목,1,1,0,0,0,충남,청양군,차대차,측면충돌,측면충돌,기타,교차로,교차로내
5787,2013-02-21 22,야간,목,2,2,0,0,0,충남,논산시,차대차,정면충돌,정면충돌,중앙선 침범,교차로,교차로부근
5788,2013-03-27 16,주간,수,1,2,1,0,0,충남,예산군,차대차,측면충돌,측면충돌,신호위반,교차로,교차로내
5789,2013-01-19 14,주간,토,1,1,0,0,0,제주,제주시,차대사람,횡단중,횡단중,안전운전 의무 불이행,단일로,기타단일로
5790,2013-01-13 18,야간,일,1,3,0,2,0,광주,광산구,차대차,측면충돌,측면충돌,신호위반,교차로,교차로내
5791,2013-12-08 08,주간,일,1,1,0,0,0,전북,장수군,차대사람,길가장자리구역통행중,길가장자리구역통행중,안전운전 의무 불이행,단일로,기타단일로
5792,2013-02-26 22,야간,화,1,1,0,0,0,경기,양평군,차대차,측면충돌,측면충돌,중앙선 침범,단일로,기타단일로
5793,2013-11-11 18,야간,월,1,1,0,0,0,강원,인제군,차대사람,차도통행중,차도통행중,안전운전 의무 불이행,단일로,기타단일로
5794,2013-01-14 18,야간,월,1,1,0,0,0,경기,용인시,차대사람,차도통행중,차도통행중,안전운전 의무 불이행,단일로,기타단일로
5795,2013-01-30 06,주간,수,1,1,0,0,0,경남,진주시,차대사람,횡단중,횡단중,안전운전 의무 불이행,교차로,교차로내
5796,2013-05-20 03,야간,월,1,4,2,1,0,경남,함안군,차대차,추돌,진행중 추돌,과속,단일로,기타단일로
5797,2013-03-28 23,야간,목,1,2,1,0,0,세종,세종,차량단독,기타,기타,안전운전 의무 불이행,교차로,교차로부근
5798,2013-03-09 07,주간,토,1,2,1,0,0,전북,남원시,차대차,정면충돌,정면충돌,중앙선 침범,단일로,기타단일로
5799,2013-01-17 22,야간,목,1,1,0,0,0,대구,동구,차대사람,횡단중,횡단중,안전운전 의무 불이행,단일로,기타단일로
5800,2013-03-11 19,야간,월,1,1,0,0,0,전남,영암군,차대사람,차도통행중,차도통행중,안전운전 의무 불이행,단일로,기타단일로
5801,2013-03-18 23,야간,월,1,11,8,2,0,경북,문경시,차대차,측면충돌,측면충돌,교차로 통행방법 위반,교차로,교차로내
5802,2013-04-27 12,주간,토,1,1,0,0,0,충남,부여군,차대차,기타,기타,신호위반,교차로,교차로내
5803,2013-04-19 15,주간,금,1,6,3,2,0,전남,무안군,차대차,정면충돌,정면충돌,중앙선 침범,단일로,기타단일로
5804,2013-01-22 07,주간,화,1,1,0,0,0,충남,아산시,차대사람,기타,기타,안전운전 의무 불이행,기타/불명,기타/불명
5805,2013-02-14 12,주간,목,1,1,0,0,0,경기,구리시,차대차,측면충돌,측면충돌,안전운전 의무 불이행,단일로,횡단보도상
5806,2013-01-28 23,야간,월,1,1,0,0,0,울산,울주군,차대사람,기타,기타,안전운전 의무 불이행,단일로,기타단일로
5807,2013-06-10 20,야간,월,1,1,0,0,0,충남,청양군,차대사람,횡단중,횡단중,안전운전 의무 불이행,단일로,기타단일로
5808,2013-01-10 21,야간,목,1,1,0,0,0,서울,송파구,차대사람,기타,기타,안전운전 의무 불이행,교차로,교차로내
5809,2013-02-05 22,야간,화,1,1,0,0,0,전남,광양시,차대사람,길가장자리구역통행중,길가장자리구역통행중,안전운전 의무 불이행,단일로,기타단일로
5810,2013-10-11 16,주간,금,1,1,0,0,0,전북,진안군,차대사람,길가장자리구역통행중,길가장자리구역통행중,안전운전 의무 불이행,단일로,기타단일로
5811,2013-03-04 14,주간,월,1,1,0,0,0,강원,삼척시,차량단독,공작물충돌,공작물충돌,안전운전 의무 불이행,단일로,기타단일로
5812,2013-06-08 23,야간,토,1,2,1,0,0,경남,하동군,차대차,정면충돌,정면충돌,과속,단일로,기타단일로
5813,2013-05-03 14,주간,금,1,11,7,3,0,전남,장흥군,차대차,측면충돌,측면충돌,신호위반,교차로,교차로내
5814,2013-01-15 10,주간,화,1,1,0,0,0,전북,군산시,차량단독,도로이탈,도로이탈 추락,안전운전 의무 불이행,단일로,기타단일로
5815,2013-07-20 23,야간,토,1,2,1,0,0,강원,평창군,차대차,기타,기타,안전운전 의무 불이행,단일로,기타단일로
5816,2013-05-06 17,주간,월,1,2,1,0,0,전남,담양군,차대차,측면충돌,측면충돌,안전운전 의무 불이행,교차로,교차로내
5817,2013-05-29 12,주간,수,1,1,0,0,0,충남,금산군,차대사람,기타,기타,과속,교차로,교차로내
5818,2013-07-01 15,주간,월,1,2,1,0,0,전남,완도군,차대차,정면충돌,정면충돌,중앙선 침범,단일로,기타단일로
5819,2013-09-30 06,주간,월,1,1,0,0,0,전북,순창군,차량단독,공작물충돌,공작물충돌,안전운전 의무 불이행,단일로,기타단일로