교통사고이력ID(사고기록 순서),발생년월일시,주야코드,요일코드,사망자수,부상자수,중상자수,경상자수,부상신고자수,발생지시도코드,발생지시도코드,사고유형대분류코드,사고유형중분류코드,사고유형코드,법규위반코드,도로형태대분류코드,도로로형태코드
5820,2013-07-16 04,야간,화,1,1,0,0,0,충북,단양군,차량단독,전도전복,전도전복,안전운전 의무 불이행,교차로,교차로내
5821,2013-04-30 08,주간,화,1,3,2,0,0,전북,고창군,차대차,정면충돌,정면충돌,중앙선 침범,단일로,기타단일로
5822,2013-06-20 15,주간,목,1,1,0,0,0,경남,함양군,차대차,기타,기타,안전운전 의무 불이행,단일로,기타단일로
5823,2013-10-14 16,주간,월,1,1,0,0,0,전북,진안군,차량단독,전도전복,전도전복,안전운전 의무 불이행,단일로,기타단일로
5824,2013-06-15 03,야간,토,1,1,0,0,0,충남,청양군,차대사람,기타,기타,안전운전 의무 불이행,단일로,기타단일로
5825,2013-05-08 21,야간,수,1,1,0,0,0,경북,성주군,차대사람,기타,기타,안전운전 의무 불이행,교차로,교차로부근
5826,2013-01-20 19,야간,일,1,1,0,0,0,강원,춘천시,차대사람,횡단중,횡단중,안전운전 의무 불이행,교차로,교차로부근
5827,2013-02-19 14,주간,화,1,1,0,0,0,경기,여주시,차대사람,기타,기타,안전운전 의무 불이행,단일로,기타단일로
5828,2013-03-09 16,주간,토,1,1,0,0,0,경기,의왕시,차대차,기타,기타,신호위반,교차로,교차로내
5829,2013-05-19 00,야간,일,1,2,1,0,0,경기,연천군,차량단독,공작물충돌,공작물충돌,안전운전 의무 불이행,단일로,기타단일로
5830,2013-02-01 05,야간,금,1,1,0,0,0,경남,창원시(통합),차대차,추돌,주정차중 추돌,안전운전 의무 불이행,단일로,기타단일로
5831,2013-04-23 20,야간,화,1,1,0,0,0,경남,거창군,차량단독,전도전복,전도전복,안전운전 의무 불이행,단일로,기타단일로
5832,2013-06-06 12,주간,목,1,4,0,3,0,경남,남해군,차대차,추돌,주정차중 추돌,안전운전 의무 불이행,기타/불명,기타/불명
5833,2013-01-17 19,야간,목,1,1,0,0,0,서울,동대문구,차대사람,횡단중,횡단중,안전운전 의무 불이행,교차로,교차로내
5834,2013-10-17 05,야간,목,1,1,0,0,0,충남,홍성군,차대차,추돌,진행중 추돌,안전운전 의무 불이행,단일로,기타단일로
5835,2013-07-01 17,주간,월,1,2,0,1,0,경남,합천군,차대차,기타,기타,안전운전 의무 불이행,교차로,교차로부근
5836,2013-10-18 14,주간,금,1,2,1,0,0,전북,김제시,차대차,추돌,진행중 추돌,안전운전 의무 불이행,단일로,기타단일로
5837,2013-05-18 23,야간,토,1,1,0,0,0,강원,태백시,차대사람,기타,기타,안전운전 의무 불이행,단일로,기타단일로
5838,2013-07-30 10,주간,화,1,1,0,0,0,전남,함평군,차대차,측면충돌,측면충돌,안전운전 의무 불이행,단일로,기타단일로
5839,2013-08-12 16,주간,월,1,2,0,1,0,전남,진도군,차대차,정면충돌,정면충돌,중앙선 침범,단일로,기타단일로
5840,2013-05-20 10,주간,월,1,1,0,0,0,전남,장성군,차대차,측면충돌,측면충돌,중앙선 침범,교차로,교차로내
5841,2013-10-04 10,주간,금,1,10,0,9,0,전북,완주군,차대차,추돌,주정차중 추돌,안전운전 의무 불이행,단일로,터널안
5842,2013-03-05 02,야간,화,1,2,0,1,0,서울,금천구,차대차,추돌,진행중 추돌,안전운전 의무 불이행,단일로,기타단일로
5843,2013-01-21 15,주간,월,1,1,0,0,0,강원,춘천시,차대차,기타,기타,안전운전 의무 불이행,단일로,기타단일로
5844,2013-07-08 07,주간,월,1,1,0,0,0,경남,함양군,차대사람,횡단중,횡단중,안전운전 의무 불이행,단일로,기타단일로
5845,2013-01-30 15,주간,수,1,1,0,0,0,경북,안동시,차대사람,횡단중,횡단중,안전운전 의무 불이행,교차로,교차로내
5846,2013-10-08 17,주간,화,1,3,0,2,0,전남,광양시,차량단독,전도전복,전도전복,안전운전 의무 불이행,기타/불명,기타/불명
5847,2013-08-17 19,야간,토,1,1,0,0,0,전북,무주군,차대차,정면충돌,정면충돌,중앙선 침범,단일로,기타단일로
5848,2013-07-19 13,주간,금,1,1,0,0,0,경남,의령군,차량단독,공작물충돌,공작물충돌,안전운전 의무 불이행,단일로,기타단일로
5849,2013-06-16 22,야간,일,1,1,0,0,0,경남,하동군,차대사람,기타,기타,안전운전 의무 불이행,단일로,기타단일로
5850,2013-05-13 15,주간,월,1,3,1,0,1,경북,성주군,차대차,기타,기타,안전운전 의무 불이행,단일로,기타단일로
5851,2013-04-05 19,야간,금,1,1,0,0,0,충남,예산군,차량단독,공작물충돌,공작물충돌,안전운전 의무 불이행,교차로,교차로내
5852,2013-05-18 20,야간,토,1,6,3,2,0,경북,영덕군,차대차,측면충돌,측면충돌,기타,교차로,교차로내
5853,2013-12-06 15,주간,금,1,1,0,0,0,강원,인제군,차대차,측면충돌,측면충돌,신호위반,교차로,교차로내
5854,2013-04-25 21,야간,목,1,3,2,0,0,경남,거창군,차대차,추돌,진행중 추돌,안전운전 의무 불이행,교차로,교차로내
5855,2013-01-30 19,야간,수,1,1,0,0,0,울산,울주군,차량단독,공작물충돌,공작물충돌,안전운전 의무 불이행,단일로,기타단일로
5856,2013-03-18 19,야간,월,1,3,2,0,0,경북,영천시,차대차,추돌,주정차중 추돌,안전운전 의무 불이행,단일로,기타단일로
5857,2013-10-09 11,주간,수,1,1,0,0,0,전북,순창군,차대차,측면충돌,측면충돌,기타,교차로,교차로내
5858,2013-02-07 01,야간,목,1,3,1,1,0,전남,광양시,차대차,정면충돌,정면충돌,중앙선 침범,교차로,교차로부근
5859,2013-03-21 07,주간,목,1,1,0,0,0,충북,진천군,차대사람,횡단중,횡단중,안전운전 의무 불이행,단일로,기타단일로
5860,2013-10-31 19,야간,목,1,1,0,0,0,전북,진안군,차대차,기타,기타,안전운전 의무 불이행,단일로,기타단일로
5861,2013-06-22 11,주간,토,1,2,1,0,0,충북,영동군,차대차,측면충돌,측면충돌,교차로 통행방법 위반,교차로,교차로내
5862,2013-07-07 16,주간,일,1,1,0,0,0,경남,합천군,차대사람,기타,기타,안전운전 의무 불이행,단일로,기타단일로
5863,2013-03-14 19,야간,목,1,1,0,0,0,경북,상주시,차대차,추돌,진행중 추돌,안전운전 의무 불이행,단일로,기타단일로
5864,2013-10-19 18,야간,토,1,1,0,0,0,전남,곡성군,차대사람,횡단중,횡단중,안전운전 의무 불이행,교차로,교차로내
5865,2013-01-22 00,야간,화,1,1,0,0,0,서울,노원구,차대사람,길가장자리구역통행중,길가장자리구역통행중,안전운전 의무 불이행,단일로,기타단일로
5866,2013-02-21 10,주간,목,1,3,2,0,0,경기,여주시,차대차,기타,기타,기타,교차로,교차로내
5867,2013-04-10 05,야간,수,1,1,0,0,0,충남,공주시,차대사람,횡단중,횡단중,보행자 보호의무 위반,교차로,교차로부근
5868,2013-02-07 00,야간,목,1,1,0,0,0,서울,성동구,차대사람,기타,기타,안전운전 의무 불이행,단일로,기타단일로
5869,2013-01-20 22,야간,일,1,2,1,0,0,제주,제주시,차량단독,기타,기타,안전운전 의무 불이행,단일로,기타단일로
5870,2013-10-03 11,주간,목,1,1,0,0,0,충북,보은군,차량단독,기타,기타,안전운전 의무 불이행,교차로,교차로내
5871,2013-04-28 21,야간,일,1,2,1,0,0,경남,거창군,차대차,정면충돌,정면충돌,중앙선 침범,단일로,기타단일로
5872,2013-01-22 06,주간,화,1,2,0,1,0,경기,안양시,차대사람,기타,기타,안전운전 의무 불이행,단일로,기타단일로
5873,2013-12-13 05,야간,금,1,1,0,0,0,강원,인제군,차대차,정면충돌,정면충돌,중앙선 침범,단일로,기타단일로
5874,2013-03-14 17,주간,목,1,2,0,1,0,전남,영암군,차대차,측면충돌,측면충돌,신호위반,교차로,교차로내
5875,2013-08-18 16,주간,일,1,1,0,0,0,전남,진도군,차대차,기타,기타,안전운전 의무 불이행,단일로,기타단일로
5876,2013-08-14 10,주간,수,2,5,2,1,0,강원,횡성군,차대차,추돌,진행중 추돌,안전운전 의무 불이행,기타/불명,기타/불명
5877,2013-11-05 13,주간,화,1,1,0,0,0,전북,진안군,차량단독,전도전복,전도전복,안전운전 의무 불이행,단일로,기타단일로
5878,2013-08-21 18,야간,수,1,2,1,0,0,전북,무주군,차량단독,전도전복,전도전복,안전운전 의무 불이행,단일로,기타단일로
5879,2013-02-23 20,야간,토,2,5,1,2,0,강원,동해시,차대차,정면충돌,정면충돌,중앙선 침범,단일로,기타단일로
5880,2013-07-03 00,야간,수,1,1,0,0,0,강원,평창군,차량단독,도로이탈,도로이탈 추락,안전운전 의무 불이행,단일로,기타단일로
5881,2013-11-30 18,야간,토,1,3,1,1,0,경북,군위군,차대차,추돌,주정차중 추돌,안전운전 의무 불이행,단일로,기타단일로
5882,2013-06-13 17,주간,목,1,1,0,0,0,인천,강화군,차대차,측면충돌,측면충돌,안전운전 의무 불이행,단일로,기타단일로
5883,2013-04-04 11,주간,목,1,1,0,0,0,세종,세종,차대차,측면충돌,측면충돌,기타,단일로,고가도로위
5884,2013-01-18 13,주간,금,1,1,0,0,0,경기,김포시,차대사람,보도통행중,보도통행중,안전운전 의무 불이행,단일로,기타단일로
5885,2013-02-14 01,야간,목,1,1,0,0,0,강원,속초시,차대사람,길가장자리구역통행중,길가장자리구역통행중,안전운전 의무 불이행,단일로,기타단일로
5886,2013-06-24 15,주간,월,1,2,1,0,0,충북,영동군,차대차,정면충돌,정면충돌,중앙선 침범,단일로,기타단일로
5887,2013-03-20 08,주간,수,1,2,1,0,0,전북,남원시,차대차,기타,기타,신호위반,교차로,교차로내
5888,2013-05-04 11,주간,토,1,1,0,0,0,경남,고성군,차대차,측면충돌,측면충돌,안전운전 의무 불이행,단일로,기타단일로
5889,2013-01-22 02,야간,화,1,1,0,0,0,울산,북구,차량단독,공작물충돌,공작물충돌,안전운전 의무 불이행,단일로,기타단일로
5890,2013-03-15 04,야간,금,1,2,1,0,0,경북,상주시,차대차,추돌,진행중 추돌,안전운전 의무 불이행,단일로,기타단일로
5891,2013-04-20 20,야간,토,1,1,0,0,0,충북,증평군,차대사람,횡단중,횡단중,안전운전 의무 불이행,단일로,기타단일로
5892,2013-01-17 01,야간,목,1,1,0,0,0,인천,서구,차대사람,횡단중,횡단중,안전운전 의무 불이행,교차로,교차로부근
5893,2013-10-04 18,야간,금,1,1,0,0,0,충북,보은군,차대사람,차도통행중,차도통행중,안전운전 의무 불이행,단일로,기타단일로
5894,2013-02-09 10,주간,토,1,1,0,0,0,경북,칠곡군,차량단독,전도전복,전도전복,안전운전 의무 불이행,단일로,기타단일로
5895,2013-07-23 15,주간,화,1,1,0,0,0,강원,철원군,차량단독,공작물충돌,공작물충돌,안전운전 의무 불이행,단일로,기타단일로
5896,2013-01-11 22,야간,금,1,1,0,0,0,대구,북구,차대사람,기타,기타,안전운전 의무 불이행,단일로,기타단일로
5897,2013-05-01 20,야간,수,1,2,1,0,0,경남,거창군,차대차,추돌,주정차중 추돌,안전운전 의무 불이행,단일로,기타단일로
5898,2013-01-21 14,주간,월,1,1,0,0,0,경기,안양시,차대사람,횡단중,횡단중,안전운전 의무 불이행,단일로,기타단일로
5899,2013-05-15 20,야간,수,1,1,0,0,0,전남,고흥군,차량단독,도로이탈,도로이탈 추락,안전운전 의무 불이행,단일로,기타단일로
5900,2013-06-04 20,야간,화,1,1,0,0,0,전남,장성군,차대차,정면충돌,정면충돌,안전운전 의무 불이행,단일로,기타단일로
5901,2013-04-13 16,주간,토,1,1,0,0,0,전남,해남군,차량단독,공작물충돌,공작물충돌,안전운전 의무 불이행,단일로,기타단일로
5902,2013-05-07 10,주간,화,1,1,0,0,0,충남,부여군,차대사람,기타,기타,안전운전 의무 불이행,단일로,기타단일로
5903,2013-01-29 06,주간,화,1,1,0,0,0,경기,이천시,차대사람,기타,기타,안전운전 의무 불이행,교차로,교차로부근
5904,2013-03-13 00,야간,수,1,1,0,0,0,인천,부평구,차대차,기타,기타,안전운전 의무 불이행,단일로,기타단일로
5905,2013-07-03 12,주간,수,1,1,0,0,0,경북,고령군,차량단독,공작물충돌,공작물충돌,안전운전 의무 불이행,단일로,기타단일로
5906,2013-10-28 11,주간,월,1,2,0,1,0,전북,순창군,차대사람,횡단중,횡단중,과속,교차로,교차로내
5907,2013-08-18 14,주간,일,1,3,2,0,0,강원,횡성군,차대차,추돌,주정차중 추돌,안전운전 의무 불이행,단일로,기타단일로
5908,2013-11-03 23,야간,일,1,1,0,0,0,전북,김제시,차대차,추돌,진행중 추돌,안전운전 의무 불이행,단일로,기타단일로
5909,2013-02-24 21,야간,일,1,1,0,0,0,경기,여주시,차대차,정면충돌,정면충돌,중앙선 침범,단일로,기타단일로
5910,2013-01-20 19,야간,일,1,1,0,0,0,경기,화성시,차량단독,공작물충돌,공작물충돌,안전운전 의무 불이행,단일로,기타단일로
5911,2013-09-08 17,주간,일,1,2,1,0,0,전북,임실군,차량단독,공작물충돌,공작물충돌,안전운전 의무 불이행,단일로,기타단일로
5912,2013-05-15 07,주간,수,1,1,0,0,0,전남,영광군,차량단독,기타,기타,안전운전 의무 불이행,단일로,기타단일로
5913,2013-05-17 12,주간,금,1,4,2,1,0,충남,공주시,차대차,추돌,진행중 추돌,안전운전 의무 불이행,단일로,기타단일로
5914,2013-04-14 01,야간,일,1,1,0,0,0,충남,공주시,차대사람,차도통행중,차도통행중,안전운전 의무 불이행,단일로,기타단일로
5915,2013-09-02 15,주간,월,1,2,0,1,0,전북,무주군,차량단독,도로이탈,도로이탈 추락,안전운전 의무 불이행,교차로,교차로내
5916,2013-05-09 07,주간,목,1,1,0,0,0,충남,부여군,차대차,기타,기타,교차로 통행방법 위반,교차로,교차로내
5917,2013-05-13 11,주간,월,2,5,1,2,0,전남,강진군,차대차,추돌,진행중 추돌,안전운전 의무 불이행,단일로,기타단일로
5918,2013-07-04 20,야간,목,1,1,0,0,0,충남,청양군,차대차,정면충돌,정면충돌,중앙선 침범,단일로,기타단일로
5919,2013-02-03 00,야간,일,1,1,0,0,0,경남,창원시(통합),차대사람,기타,기타,안전운전 의무 불이행,단일로,기타단일로
5920,2013-05-21 16,주간,화,1,4,1,2,0,경북,성주군,차대차,측면충돌,측면충돌,안전운전 의무 불이행,교차로,교차로내
5921,2013-02-13 02,야간,수,1,1,0,0,0,충남,당진시,차대차,추돌,주정차중 추돌,안전운전 의무 불이행,교차로,교차로부근
5922,2013-05-10 08,주간,금,1,5,2,2,0,충남,부여군,차대차,측면충돌,측면충돌,기타,교차로,교차로내
5923,2013-05-13 20,야간,월,1,1,0,0,0,전남,강진군,차대사람,차도통행중,차도통행중,안전운전 의무 불이행,단일로,기타단일로
5924,2013-06-17 20,야간,월,1,1,0,0,0,인천,강화군,차대사람,차도통행중,차도통행중,안전운전 의무 불이행,단일로,기타단일로
5925,2013-05-16 07,주간,목,1,2,0,1,0,전남,영광군,차대사람,차도통행중,차도통행중,안전운전 의무 불이행,단일로,기타단일로
5926,2013-07-08 15,주간,월,1,1,0,0,0,전남,보성군,차대사람,길가장자리구역통행중,길가장자리구역통행중,안전운전 의무 불이행,단일로,기타단일로
5927,2013-01-13 16,주간,일,1,1,0,0,0,서울,영등포구,차대차,측면충돌,측면충돌,신호위반,교차로,교차로내
5928,2013-05-29 19,야간,수,1,1,0,0,0,경북,영덕군,차대차,추돌,진행중 추돌,안전운전 의무 불이행,단일로,기타단일로
5929,2013-07-04 23,야간,목,1,1,0,0,0,충남,청양군,차대사람,횡단중,횡단중,안전운전 의무 불이행,단일로,기타단일로
5930,2013-02-23 02,야간,토,1,1,0,0,0,대전,서구,차대사람,차도통행중,차도통행중,안전운전 의무 불이행,단일로,기타단일로
5931,2013-03-15 17,주간,금,1,1,0,0,0,경기,양평군,차대사람,기타,기타,안전운전 의무 불이행,교차로,교차로부근
5932,2013-05-18 22,야간,토,1,4,3,0,0,충남,공주시,차대차,기타,기타,기타,교차로,교차로부근
5933,2013-02-28 11,주간,목,1,1,0,0,0,전북,정읍시,차대차,정면충돌,정면충돌,안전운전 의무 불이행,교차로,교차로부근
5934,2013-01-25 11,주간,금,1,1,0,0,0,충북,청원군,차량단독,기타,기타,안전운전 의무 불이행,단일로,기타단일로
5935,2013-06-18 00,야간,화,1,3,2,0,0,경남,창원시(통합),차대차,정면충돌,정면충돌,중앙선 침범,단일로,기타단일로
5936,2013-05-11 07,주간,토,1,1,0,0,0,충남,부여군,차대사람,기타,기타,안전운전 의무 불이행,단일로,기타단일로
5937,2013-02-03 03,야간,일,1,2,1,0,0,충남,천안시,차량단독,전도전복,전도전복,안전운전 의무 불이행,단일로,교량위
5938,2013-02-28 14,주간,목,1,1,0,0,0,전북,정읍시,차대차,기타,기타,과속,단일로,기타단일로
5939,2013-08-13 17,주간,화,1,1,0,0,0,경남,의령군,차량단독,전도전복,전도전복,안전운전 의무 불이행,단일로,기타단일로
5940,2013-09-16 13,주간,월,1,2,1,0,0,전북,임실군,차대차,정면충돌,정면충돌,중앙선 침범,단일로,기타단일로
5941,2013-03-18 20,야간,월,1,1,0,0,0,경기,양평군,차대사람,횡단중,횡단중,안전운전 의무 불이행,단일로,기타단일로
5942,2013-02-05 06,주간,화,1,2,1,0,0,경남,진주시,차대사람,횡단중,횡단중,보행자 보호의무 위반,교차로,교차로내
5943,2013-08-03 02,야간,토,1,1,0,0,0,전남,완도군,차량단독,기타,기타,안전운전 의무 불이행,교차로,교차로부근
5944,2013-02-12 06,주간,화,1,1,0,0,0,경남,통영시,차대사람,횡단중,횡단중,안전운전 의무 불이행,단일로,횡단보도상
5945,2013-11-07 18,야간,목,1,2,0,1,0,전남,곡성군,차대차,추돌,진행중 추돌,안전운전 의무 불이행,교차로,교차로부근
5946,2013-03-01 06,주간,금,1,1,0,0,0,부산,서구,차대차,기타,기타,안전운전 의무 불이행,단일로,횡단보도상
5947,2013-04-17 10,주간,수,1,1,0,0,0,전남,화순군,차량단독,공작물충돌,공작물충돌,안전운전 의무 불이행,단일로,기타단일로
5948,2013-05-10 08,주간,금,1,1,0,0,0,경남,창녕군,차대차,정면충돌,정면충돌,중앙선 침범,단일로,기타단일로
5949,2013-02-26 06,주간,화,1,1,0,0,0,부산,기장군,차대차,추돌,진행중 추돌,안전운전 의무 불이행,단일로,기타단일로
5950,2013-05-17 13,주간,금,2,5,3,0,0,전남,강진군,차량단독,전도전복,전도전복,안전운전 의무 불이행,교차로,교차로부근
5951,2013-01-31 19,야간,목,1,1,0,0,0,인천,연수구,차대사람,횡단중,횡단중,보행자 보호의무 위반,교차로,교차로내
5952,2013-12-30 17,주간,월,1,2,0,1,0,경북,군위군,차대차,정면충돌,정면충돌,중앙선 침범,단일로,기타단일로
5953,2013-11-13 00,야간,수,1,1,0,0,0,경남,함양군,차대차,추돌,진행중 추돌,안전운전 의무 불이행,단일로,기타단일로
5954,2013-05-14 12,주간,화,1,1,0,0,0,경남,고성군,차대사람,길가장자리구역통행중,길가장자리구역통행중,안전운전 의무 불이행,단일로,기타단일로
5955,2013-03-21 06,주간,목,1,1,0,0,0,경북,상주시,차대차,기타,기타,신호위반,교차로,교차로내
5956,2013-03-12 16,주간,화,1,1,0,0,0,충북,음성군,차량단독,기타,기타,안전운전 의무 불이행,단일로,기타단일로
5957,2013-07-01 09,주간,월,1,1,0,0,0,경북,의성군,차대차,측면충돌,측면충돌,안전운전 의무 불이행,단일로,기타단일로
5958,2013-11-15 21,야간,금,1,1,0,0,0,전북,순창군,차대사람,차도통행중,차도통행중,안전운전 의무 불이행,단일로,기타단일로
5959,2013-02-24 01,야간,일,1,1,0,0,0,경기,구리시,차량단독,공작물충돌,공작물충돌,안전운전 의무 불이행,단일로,횡단보도부근
5960,2013-06-29 17,주간,토,2,4,2,0,0,경남,김해시,차대차,기타,기타,안전운전 의무 불이행,단일로,기타단일로
5961,2013-02-02 03,야간,토,1,2,1,0,0,충남,서산시,차량단독,공작물충돌,공작물충돌,안전운전 의무 불이행,단일로,기타단일로
5962,2013-02-02 06,주간,토,2,5,2,1,0,경기,포천시,차량단독,공작물충돌,공작물충돌,안전운전 의무 불이행,단일로,기타단일로
5963,2013-02-25 08,주간,월,1,1,0,0,0,부산,영도구,차대사람,보도통행중,보도통행중,기타,기타/불명,기타/불명
5964,2013-03-03 18,야간,일,1,1,0,0,0,강원,동해시,차량단독,기타,기타,안전운전 의무 불이행,단일로,기타단일로
5965,2013-04-03 01,야간,수,1,1,0,0,0,충북,진천군,차대사람,기타,기타,안전운전 의무 불이행,단일로,기타단일로
5966,2013-04-18 16,주간,목,1,1,0,0,0,전남,화순군,차량단독,전도전복,전도전복,안전운전 의무 불이행,교차로,교차로부근
5967,2013-10-03 14,주간,목,1,2,1,0,0,전남,구례군,차량단독,기타,기타,안전운전 의무 불이행,단일로,기타단일로
5968,2013-02-02 04,야간,토,1,1,0,0,0,경기,포천시,차량단독,공작물충돌,공작물충돌,안전운전 의무 불이행,단일로,기타단일로
5969,2013-01-31 06,주간,목,1,4,2,1,0,충북,충주시,차대차,추돌,진행중 추돌,안전운전 의무 불이행,단일로,기타단일로
5970,2013-07-20 14,주간,토,1,6,2,3,0,전남,보성군,차대차,측면충돌,측면충돌,교차로 통행방법 위반,교차로,교차로내
5971,2013-02-27 23,야간,수,1,2,1,0,0,인천,부평구,차대사람,기타,기타,신호위반,교차로,교차로부근
5972,2013-09-10 17,주간,화,1,1,0,0,0,경북,예천군,차대차,측면충돌,측면충돌,안전운전 의무 불이행,교차로,교차로내
5973,2013-01-20 01,야간,일,1,1,0,0,0,경기,고양시,차량단독,공작물충돌,공작물충돌,안전운전 의무 불이행,단일로,기타단일로
5974,2013-01-15 22,야간,화,1,1,0,0,0,경기,부천시,차대차,기타,기타,안전운전 의무 불이행,단일로,기타단일로
5975,2013-07-31 16,주간,수,1,3,2,0,0,경남,합천군,차량단독,공작물충돌,공작물충돌,안전운전 의무 불이행,단일로,기타단일로
5976,2013-12-19 08,주간,목,1,1,0,0,0,전북,진안군,차량단독,도로이탈,도로이탈 추락,안전운전 의무 불이행,단일로,교량위
5977,2013-04-18 14,주간,목,1,1,0,0,0,충남,예산군,차대사람,횡단중,횡단중,안전운전 의무 불이행,단일로,기타단일로
5978,2013-05-19 05,야간,일,1,1,0,0,0,경북,울진군,차량단독,공작물충돌,공작물충돌,안전운전 의무 불이행,단일로,기타단일로
5979,2013-11-23 01,야간,토,1,3,2,0,0,전남,보성군,차대차,기타,기타,안전운전 의무 불이행,단일로,터널안
5980,2013-04-30 17,주간,화,1,1,0,0,0,충북,증평군,차대차,기타,기타,안전운전 의무 불이행,교차로,교차로내
5981,2013-02-05 19,야간,화,1,1,0,0,0,경남,진주시,차대사람,보도통행중,보도통행중,보행자 보호의무 위반,단일로,횡단보도상
5982,2013-05-27 22,야간,월,1,1,0,0,0,충남,서천군,차량단독,도로이탈,도로이탈 추락,안전운전 의무 불이행,교차로,교차로부근
5983,2013-11-22 12,주간,금,1,1,0,0,0,전북,남원시,차량단독,공작물충돌,공작물충돌,안전운전 의무 불이행,단일로,기타단일로
5984,2013-01-20 07,주간,일,1,8,2,5,0,경기,고양시,차대차,측면충돌,측면충돌,중앙선 침범,단일로,기타단일로
5985,2013-03-31 16,주간,일,1,1,0,0,0,충남,홍성군,차대차,기타,기타,안전운전 의무 불이행,기타/불명,기타/불명
5986,2013-02-04 03,야간,월,1,1,0,0,0,대전,동구,차량단독,공작물충돌,공작물충돌,안전운전 의무 불이행,단일로,기타단일로
5987,2013-09-08 10,주간,일,1,2,1,0,0,강원,정선군,차량단독,도로이탈,도로이탈 기타,안전운전 의무 불이행,기타/불명,기타/불명
5988,2013-06-17 18,야간,월,1,1,0,0,0,경북,의성군,차량단독,기타,기타,안전운전 의무 불이행,단일로,기타단일로
5989,2013-11-28 18,야간,목,1,1,0,0,0,충남,서산시,차대차,기타,기타,안전운전 의무 불이행,단일로,기타단일로
5990,2013-01-21 07,주간,월,1,1,0,0,0,서울,강서구,차대사람,기타,기타,안전운전 의무 불이행,단일로,기타단일로
5991,2013-05-25 12,주간,토,1,1,0,0,0,전남,영광군,차량단독,공작물충돌,공작물충돌,안전운전 의무 불이행,단일로,기타단일로
5992,2013-06-01 20,야간,토,1,1,0,0,0,전남,장흥군,차대사람,횡단중,횡단중,안전운전 의무 불이행,교차로,교차로내
5993,2013-09-13 20,야간,금,1,2,1,0,0,강원,평창군,차대차,정면충돌,정면충돌,중앙선 침범,단일로,기타단일로
5994,2013-07-24 17,주간,수,1,1,0,0,0,경북,고령군,차량단독,도로이탈,도로이탈 추락,안전운전 의무 불이행,단일로,기타단일로
5995,2013-09-26 11,주간,목,1,1,0,0,0,전북,무주군,차량단독,전도전복,전도전복,안전운전 의무 불이행,단일로,기타단일로
5996,2013-12-16 17,주간,월,1,1,0,0,0,전북,순창군,차대사람,기타,기타,안전운전 의무 불이행,단일로,기타단일로
5997,2013-06-18 15,주간,화,1,1,0,0,0,전남,장성군,차량단독,전도전복,전도전복,안전운전 의무 불이행,단일로,기타단일로
5998,2013-10-18 18,야간,금,2,2,0,0,0,경북,청송군,차대사람,보도통행중,보도통행중,안전운전 의무 불이행,교차로,교차로내
5999,2013-01-25 06,주간,금,1,1,0,0,0,부산,동래구,차량단독,공작물충돌,공작물충돌,안전운전 의무 불이행,교차로,교차로부근
6000,2013-03-27 20,야간,수,1,1,0,0,0,경북,상주시,차대사람,기타,기타,안전운전 의무 불이행,교차로,교차로내
6001,2013-07-30 07,주간,화,1,2,1,0,0,충북,영동군,차대차,정면충돌,정면충돌,중앙선 침범,단일로,기타단일로
6002,2013-04-07 16,주간,일,1,1,0,0,0,전북,김제시,차량단독,도로이탈,도로이탈 기타,안전운전 의무 불이행,단일로,기타단일로
6003,2013-03-15 19,야간,금,1,1,0,0,0,경남,밀양시,차대사람,횡단중,횡단중,안전운전 의무 불이행,단일로,기타단일로
6004,2013-04-22 06,주간,월,1,1,0,0,0,충남,예산군,차량단독,기타,기타,안전운전 의무 불이행,단일로,기타단일로
6005,2013-11-27 21,야간,수,1,2,0,1,0,전북,순창군,차대차,정면충돌,정면충돌,안전운전 의무 불이행,단일로,기타단일로
6006,2013-03-17 01,야간,일,1,1,0,0,0,경남,밀양시,차량단독,공작물충돌,공작물충돌,안전운전 의무 불이행,단일로,기타단일로
6007,2013-07-13 13,주간,토,1,1,0,0,0,경남,남해군,차량단독,전도전복,전도전복,안전운전 의무 불이행,교차로,교차로내
6008,2013-03-23 03,야간,토,1,2,1,0,0,경기,양평군,차대차,정면충돌,정면충돌,중앙선 침범,단일로,기타단일로
6009,2013-03-02 00,야간,토,1,1,0,0,0,경기,화성시,차량단독,전도전복,전도전복,안전운전 의무 불이행,단일로,기타단일로
6010,2013-01-19 02,야간,토,1,1,0,0,0,울산,남구,차량단독,전도전복,전도전복,안전운전 의무 불이행,단일로,기타단일로
6011,2013-05-18 08,주간,토,1,1,0,0,0,경남,창녕군,차대차,기타,기타,안전운전 의무 불이행,교차로,교차로부근
6012,2013-06-05 04,야간,수,1,3,2,0,0,충남,천안시,차대차,추돌,진행중 추돌,안전운전 의무 불이행,단일로,기타단일로
6013,2013-04-23 11,주간,화,1,2,1,0,0,경남,함안군,차대차,정면충돌,정면충돌,중앙선 침범,교차로,교차로내
6014,2013-08-11 12,주간,일,1,1,0,0,0,경남,함양군,차대차,측면충돌,측면충돌,신호위반,교차로,교차로내
6015,2013-10-02 14,주간,수,1,1,0,0,0,경남,산청군,차대차,추돌,진행중 추돌,안전운전 의무 불이행,단일로,기타단일로
6016,2013-07-26 17,주간,금,1,1,0,0,0,강원,횡성군,차대차,기타,기타,기타,교차로,교차로내
6017,2013-08-11 14,주간,일,1,1,0,0,0,경남,합천군,차량단독,공작물충돌,공작물충돌,안전운전 의무 불이행,단일로,기타단일로
6018,2013-05-29 15,주간,수,1,1,0,0,0,전남,강진군,차량단독,기타,기타,안전운전 의무 불이행,단일로,기타단일로
6019,2013-10-14 12,주간,월,1,3,2,0,0,경북,봉화군,차량단독,공작물충돌,공작물충돌,안전운전 의무 불이행,단일로,기타단일로