교통사고이력ID(사고기록 순서),발생년월일시,주야코드,요일코드,사망자수,부상자수,중상자수,경상자수,부상신고자수,발생지시도코드,발생지시도코드,사고유형대분류코드,사고유형중분류코드,사고유형코드,법규위반코드,도로형태대분류코드,도로로형태코드
6020,2013-12-07 05,야간,토,1,1,0,0,0,광주,광산구,차대사람,횡단중,횡단중,과속,단일로,터널안
6021,2013-08-18 05,야간,일,1,1,0,0,0,전남,완도군,차대사람,기타,기타,안전운전 의무 불이행,단일로,기타단일로
6022,2013-01-13 17,주간,일,1,1,0,0,0,충북,청원군,차량단독,전도전복,전도전복,안전운전 의무 불이행,단일로,기타단일로
6023,2013-01-25 06,주간,금,1,1,0,0,0,울산,중구,차대사람,횡단중,횡단중,안전운전 의무 불이행,단일로,횡단보도상
6024,2013-09-11 18,야간,수,1,2,0,1,0,전남,함평군,차량단독,전도전복,전도전복,안전운전 의무 불이행,단일로,기타단일로
6025,2013-06-06 11,주간,목,1,2,1,0,0,전남,장흥군,차량단독,도로이탈,도로이탈 추락,안전운전 의무 불이행,단일로,기타단일로
6026,2013-02-02 10,주간,토,1,1,0,0,0,강원,강릉시,차대사람,횡단중,횡단중,안전운전 의무 불이행,단일로,기타단일로
6027,2013-08-26 15,주간,월,1,1,0,0,0,강원,철원군,차대사람,보도통행중,보도통행중,안전운전 의무 불이행,교차로,교차로내
6028,2013-05-26 20,야간,일,1,2,0,1,0,전남,고흥군,차대차,기타,기타,중앙선 침범,단일로,기타단일로
6029,2013-03-25 07,주간,월,1,2,0,1,0,경북,영주시,차대차,측면충돌,측면충돌,안전운전 의무 불이행,단일로,기타단일로
6030,2013-06-25 23,야간,화,1,2,0,1,0,전남,장성군,차량단독,전도전복,전도전복,안전운전 의무 불이행,단일로,기타단일로
6031,2013-06-19 15,주간,수,1,1,0,0,0,경기,연천군,차대사람,횡단중,횡단중,안전운전 의무 불이행,단일로,기타단일로
6032,2013-07-29 18,야간,월,1,1,0,0,0,강원,횡성군,차량단독,도로이탈,도로이탈 추락,안전운전 의무 불이행,단일로,기타단일로
6033,2013-12-11 19,야간,수,1,4,1,2,0,전북,무주군,차대차,추돌,진행중 추돌,안전거리 미확보,단일로,터널안
6034,2013-02-02 19,야간,토,1,1,0,0,0,경기,이천시,차대사람,횡단중,횡단중,안전운전 의무 불이행,단일로,기타단일로
6035,2013-01-22 07,주간,화,1,1,0,0,0,경북,경산시,차대사람,기타,기타,안전운전 의무 불이행,단일로,기타단일로
6036,2013-01-23 22,야간,수,1,1,0,0,0,경기,화성시,차대차,추돌,주정차중 추돌,안전운전 의무 불이행,단일로,고가도로위
6037,2013-04-11 16,주간,목,1,1,0,0,0,경기,가평군,차대사람,기타,기타,안전운전 의무 불이행,단일로,횡단보도상
6038,2013-02-04 11,주간,월,1,5,1,2,1,경기,포천시,차대차,정면충돌,정면충돌,중앙선 침범,단일로,기타단일로
6039,2013-03-26 01,야간,화,1,1,0,0,0,전남,영암군,차량단독,공작물충돌,공작물충돌,안전운전 의무 불이행,교차로,교차로내
6040,2013-04-26 07,주간,금,1,2,0,1,0,전남,해남군,차대차,측면충돌,측면충돌,기타,교차로,교차로내
6041,2013-02-07 00,야간,목,1,1,0,0,0,경남,창원시(통합),차량단독,공작물충돌,공작물충돌,안전운전 의무 불이행,단일로,기타단일로
6042,2013-09-25 19,야간,수,2,3,1,0,0,경북,예천군,차량단독,도로이탈,도로이탈 추락,안전운전 의무 불이행,단일로,기타단일로
6043,2013-05-30 12,주간,목,1,1,0,0,0,전북,고창군,차량단독,도로이탈,도로이탈 추락,안전운전 의무 불이행,단일로,기타단일로
6044,2013-08-05 11,주간,월,1,3,0,2,0,충남,청양군,차대차,측면충돌,측면충돌,기타,교차로,교차로내
6045,2013-05-17 05,야간,금,2,2,0,0,0,전남,무안군,차대차,측면충돌,측면충돌,중앙선 침범,단일로,기타단일로
6046,2013-07-18 17,주간,목,1,1,0,0,0,경남,함양군,차량단독,전도전복,전도전복,안전운전 의무 불이행,단일로,기타단일로
6047,2013-08-30 00,야간,금,1,2,0,1,0,강원,철원군,차대차,기타,기타,중앙선 침범,교차로,교차로내
6048,2013-01-24 06,주간,목,1,1,0,0,0,전남,목포시,차대사람,기타,기타,안전운전 의무 불이행,단일로,기타단일로
6049,2013-06-12 21,야간,수,1,1,0,0,0,충북,청원군,차대사람,길가장자리구역통행중,길가장자리구역통행중,안전운전 의무 불이행,단일로,기타단일로
6050,2013-09-27 08,주간,금,1,1,0,0,0,강원,횡성군,차대사람,기타,기타,안전운전 의무 불이행,기타/불명,기타/불명
6051,2013-05-06 09,주간,월,1,2,0,1,0,울산,울주군,차대차,추돌,주정차중 추돌,안전운전 의무 불이행,단일로,기타단일로
6052,2013-07-09 23,야간,화,1,2,1,0,0,인천,강화군,차량단독,도로이탈,도로이탈 추락,안전운전 의무 불이행,교차로,교차로부근
6053,2013-08-05 20,야간,월,1,1,0,0,0,충남,청양군,차대사람,길가장자리구역통행중,길가장자리구역통행중,안전운전 의무 불이행,단일로,기타단일로
6054,2013-03-03 00,야간,일,1,1,0,0,0,경기,여주시,차대사람,차도통행중,차도통행중,안전운전 의무 불이행,단일로,기타단일로
6055,2013-01-23 02,야간,수,1,2,1,0,0,경기,김포시,차대차,정면충돌,정면충돌,중앙선 침범,단일로,기타단일로
6056,2013-01-27 20,야간,일,1,1,0,0,0,충남,아산시,차량단독,도로이탈,도로이탈 추락,안전운전 의무 불이행,기타/불명,기타/불명
6057,2013-05-13 21,야간,월,1,1,0,0,0,충북,괴산군,차대사람,횡단중,횡단중,안전운전 의무 불이행,단일로,기타단일로
6058,2013-12-29 20,야간,일,1,2,1,0,0,전북,부안군,차량단독,도로이탈,도로이탈 기타,안전운전 의무 불이행,단일로,기타단일로
6059,2013-05-05 12,주간,일,1,1,0,0,0,전남,화순군,차량단독,도로이탈,도로이탈 추락,안전운전 의무 불이행,교차로,교차로부근
6060,2013-09-03 15,주간,화,1,1,0,0,0,전남,완도군,차량단독,전도전복,전도전복,안전운전 의무 불이행,단일로,기타단일로
6061,2013-03-06 19,야간,수,1,1,0,0,0,인천,부평구,차대차,측면충돌,측면충돌,안전운전 의무 불이행,단일로,기타단일로
6062,2013-06-18 05,야간,화,1,1,0,0,0,경북,성주군,차량단독,공작물충돌,공작물충돌,안전운전 의무 불이행,단일로,기타단일로
6063,2013-01-20 05,야간,일,1,1,0,0,0,대구,달서구,차대차,측면충돌,측면충돌,신호위반,교차로,교차로내
6064,2013-03-11 16,주간,월,1,2,1,0,0,강원,홍천군,차량단독,도로이탈,도로이탈 추락,안전운전 의무 불이행,단일로,기타단일로
6065,2013-08-27 19,야간,화,1,1,0,0,0,경남,함양군,차대사람,횡단중,횡단중,안전운전 의무 불이행,교차로,교차로부근
6066,2013-07-23 18,야간,화,2,2,0,0,0,경남,창원시(통합),차대사람,기타,기타,안전운전 의무 불이행,단일로,기타단일로
6067,2013-09-15 18,야간,일,1,1,0,0,0,강원,영월군,차대차,추돌,주정차중 추돌,안전운전 의무 불이행,기타/불명,기타/불명
6068,2013-07-17 11,주간,수,1,3,1,1,0,충남,금산군,차대사람,기타,기타,안전운전 의무 불이행,단일로,기타단일로
6069,2013-05-26 11,주간,일,1,1,0,0,0,경남,거창군,차대사람,횡단중,횡단중,안전운전 의무 불이행,교차로,교차로내
6070,2013-06-10 20,야간,월,1,2,1,0,0,전남,영광군,차대차,기타,기타,중앙선 침범,단일로,기타단일로
6071,2013-06-01 14,주간,토,1,1,0,0,0,충남,부여군,차대사람,기타,기타,안전운전 의무 불이행,단일로,기타단일로
6072,2013-01-20 19,야간,일,1,2,1,0,0,대구,달서구,차대사람,횡단중,횡단중,안전운전 의무 불이행,단일로,횡단보도상
6073,2013-07-17 14,주간,수,1,1,0,0,0,인천,강화군,차량단독,전도전복,전도전복,안전운전 의무 불이행,단일로,기타단일로
6074,2013-09-30 15,주간,월,1,1,0,0,0,전남,함평군,차대차,측면충돌,측면충돌,과속,교차로,교차로내
6075,2013-10-07 23,야간,월,1,2,1,0,0,강원,원주시,차대차,추돌,진행중 추돌,안전운전 의무 불이행,단일로,기타단일로
6076,2013-04-27 15,주간,토,1,1,0,0,0,세종,세종,차량단독,전도전복,전도전복,안전운전 의무 불이행,교차로,교차로부근
6077,2013-03-18 21,야간,월,1,1,0,0,0,충남,논산시,차대사람,횡단중,횡단중,안전운전 의무 불이행,단일로,기타단일로
6078,2013-08-09 04,야간,금,1,1,0,0,0,경북,청도군,차량단독,공작물충돌,공작물충돌,안전운전 의무 불이행,단일로,기타단일로
6079,2013-04-29 20,야간,월,1,1,0,0,0,경남,함안군,차대사람,길가장자리구역통행중,길가장자리구역통행중,안전운전 의무 불이행,단일로,기타단일로
6080,2013-06-12 21,야간,수,1,1,0,0,0,전남,담양군,차량단독,공작물충돌,공작물충돌,안전운전 의무 불이행,단일로,기타단일로
6081,2013-04-12 10,주간,금,1,1,0,0,0,전북,완주군,차량단독,공작물충돌,공작물충돌,안전운전 의무 불이행,교차로,교차로내
6082,2013-08-29 10,주간,목,1,1,0,0,0,경남,합천군,차량단독,공작물충돌,공작물충돌,안전운전 의무 불이행,단일로,기타단일로
6083,2013-07-30 10,주간,화,1,1,0,0,0,경남,함안군,차대차,기타,기타,과속,단일로,기타단일로
6084,2013-01-29 23,야간,화,1,1,0,0,0,충북,청주시,차대사람,기타,기타,안전운전 의무 불이행,단일로,기타단일로
6085,2013-07-30 17,주간,화,2,4,2,0,0,경남,합천군,차대차,정면충돌,정면충돌,중앙선 침범,기타/불명,기타/불명
6086,2013-07-21 09,주간,일,1,1,0,0,0,충남,금산군,차량단독,공작물충돌,공작물충돌,안전운전 의무 불이행,단일로,기타단일로
6087,2013-01-17 20,야간,목,1,1,0,0,0,부산,부산진구,차대사람,기타,기타,안전운전 의무 불이행,단일로,기타단일로
6088,2013-07-08 18,야간,월,1,1,0,0,0,강원,태백시,차량단독,기타,기타,안전운전 의무 불이행,단일로,기타단일로
6089,2013-10-31 15,주간,목,1,1,0,0,0,전북,무주군,차량단독,공작물충돌,공작물충돌,안전운전 의무 불이행,단일로,기타단일로
6090,2013-08-30 18,야간,금,1,1,0,0,0,경남,합천군,차대사람,기타,기타,안전운전 의무 불이행,단일로,기타단일로
6091,2013-05-24 01,야간,금,1,1,0,0,0,전남,무안군,차대사람,기타,기타,안전운전 의무 불이행,단일로,기타단일로
6092,2013-04-02 20,야간,화,1,1,0,0,0,전남,영암군,차대사람,기타,기타,과속,단일로,기타단일로
6093,2013-01-20 07,주간,일,2,2,0,0,0,경기,용인시,차량단독,전도전복,전도전복,안전운전 의무 불이행,단일로,기타단일로
6094,2013-01-17 19,야간,목,1,1,0,0,0,경기,시흥시,차대사람,횡단중,횡단중,안전운전 의무 불이행,단일로,기타단일로
6095,2013-04-16 12,주간,화,1,2,0,1,0,충북,진천군,차대차,추돌,진행중 추돌,안전거리 미확보,단일로,기타단일로
6096,2013-04-11 02,야간,목,1,1,0,0,0,충남,홍성군,차대사람,차도통행중,차도통행중,안전운전 의무 불이행,단일로,기타단일로
6097,2013-01-16 07,주간,수,1,1,0,0,0,경기,고양시,차대사람,횡단중,횡단중,보행자 보호의무 위반,교차로,교차로내
6098,2013-04-12 09,주간,금,1,1,0,0,0,경북,상주시,차대차,기타,기타,안전운전 의무 불이행,단일로,기타단일로
6099,2013-09-20 20,야간,금,1,1,0,0,0,충북,단양군,차대차,정면충돌,정면충돌,중앙선 침범,단일로,기타단일로
6100,2013-01-23 18,야간,수,1,1,0,0,0,경기,고양시,차대사람,횡단중,횡단중,신호위반,교차로,교차로부근
6101,2013-03-05 19,야간,화,1,1,0,0,0,경북,김천시,차대차,기타,기타,안전운전 의무 불이행,단일로,기타단일로
6102,2013-05-04 00,야간,토,1,2,0,1,0,충남,예산군,차량단독,공작물충돌,공작물충돌,안전운전 의무 불이행,단일로,기타단일로
6103,2013-01-15 13,주간,화,1,1,0,0,0,경기,평택시,차대차,측면충돌,측면충돌,안전운전 의무 불이행,단일로,기타단일로
6104,2013-01-29 13,주간,화,1,1,0,0,0,부산,사하구,차대사람,횡단중,횡단중,보행자 보호의무 위반,교차로,교차로부근
6105,2013-03-25 01,야간,월,1,1,0,0,0,전남,나주시,차대사람,기타,기타,안전운전 의무 불이행,단일로,기타단일로
6106,2013-11-11 16,주간,월,1,1,0,0,0,경북,봉화군,차량단독,공작물충돌,공작물충돌,안전운전 의무 불이행,단일로,기타단일로
6107,2013-01-23 13,주간,수,1,1,0,0,0,제주,제주시,차량단독,공작물충돌,공작물충돌,안전운전 의무 불이행,교차로,교차로내
6108,2013-03-09 03,야간,토,1,1,0,0,0,경북,영천시,차량단독,공작물충돌,공작물충돌,안전운전 의무 불이행,단일로,기타단일로
6109,2013-10-09 18,야간,수,1,1,0,0,0,경북,예천군,차대사람,보도통행중,보도통행중,보행자 보호의무 위반,단일로,횡단보도상
6110,2013-01-30 21,야간,수,1,1,0,0,0,충북,청원군,차대사람,횡단중,횡단중,안전운전 의무 불이행,단일로,기타단일로
6111,2013-05-04 19,야간,토,1,1,0,0,0,충남,예산군,차대사람,기타,기타,안전운전 의무 불이행,단일로,기타단일로
6112,2013-06-26 14,주간,수,1,1,0,0,0,경기,광주시,차대사람,기타,기타,기타,단일로,기타단일로
6113,2013-10-20 01,야간,일,1,1,0,0,0,강원,원주시,차량단독,공작물충돌,공작물충돌,안전운전 의무 불이행,단일로,기타단일로
6114,2013-03-02 23,야간,토,1,4,3,0,0,인천,중구,차량단독,공작물충돌,공작물충돌,안전운전 의무 불이행,교차로,교차로내
6115,2013-10-11 20,야간,금,1,1,0,0,0,경북,예천군,차대차,기타,기타,안전운전 의무 불이행,교차로,교차로내
6116,2013-01-29 13,주간,화,1,1,0,0,0,충남,아산시,차량단독,공작물충돌,공작물충돌,안전운전 의무 불이행,단일로,기타단일로
6117,2013-08-26 05,야간,월,1,1,0,0,0,전남,보성군,차량단독,공작물충돌,공작물충돌,안전운전 의무 불이행,단일로,기타단일로
6118,2013-09-25 09,주간,수,1,1,0,0,0,강원,철원군,차대차,추돌,진행중 추돌,안전운전 의무 불이행,단일로,기타단일로
6119,2013-07-01 00,야간,월,1,2,1,0,0,충북,보은군,차대차,추돌,진행중 추돌,안전거리 미확보,단일로,기타단일로
6120,2013-07-18 06,주간,목,1,1,0,0,0,강원,태백시,차대사람,횡단중,횡단중,보행자 보호의무 위반,단일로,횡단보도상
6121,2013-06-12 20,야간,수,1,1,0,0,0,전남,고흥군,차대사람,기타,기타,중앙선 침범,교차로,교차로부근
6122,2013-08-12 12,주간,월,1,1,0,0,0,강원,평창군,차대차,측면충돌,측면충돌,안전운전 의무 불이행,교차로,교차로내
6123,2013-05-07 19,야간,화,1,1,0,0,0,전북,부안군,차량단독,전도전복,전도전복,안전운전 의무 불이행,단일로,기타단일로
6124,2013-06-18 05,야간,화,1,1,0,0,0,전남,영광군,차량단독,공작물충돌,공작물충돌,안전운전 의무 불이행,교차로,교차로내
6125,2013-05-01 13,주간,수,1,1,0,0,0,충남,공주시,차대차,기타,기타,안전운전 의무 불이행,단일로,기타단일로
6126,2013-03-27 19,야간,수,1,6,1,4,0,경남,밀양시,차대차,기타,기타,중앙선 침범,단일로,기타단일로
6127,2013-01-21 13,주간,월,1,1,0,0,0,전북,전주시,차대사람,횡단중,횡단중,보행자 보호의무 위반,단일로,기타단일로
6128,2013-04-15 07,주간,월,1,12,8,3,0,경북,상주시,차대차,추돌,주정차중 추돌,안전운전 의무 불이행,단일로,기타단일로
6129,2013-11-21 16,주간,목,1,1,0,0,0,경북,봉화군,차대차,추돌,진행중 추돌,안전운전 의무 불이행,단일로,기타단일로
6130,2013-07-02 13,주간,화,1,1,0,0,0,경북,영덕군,차량단독,도로이탈,도로이탈 추락,안전운전 의무 불이행,단일로,기타단일로
6131,2013-04-25 19,야간,목,1,1,0,0,0,전북,김제시,차대사람,횡단중,횡단중,안전운전 의무 불이행,교차로,교차로부근
6132,2013-03-03 22,야간,일,1,1,0,0,0,경기,하남시,차대사람,횡단중,횡단중,안전운전 의무 불이행,단일로,횡단보도부근
6133,2013-01-16 06,주간,수,1,1,0,0,0,대구,북구,차대사람,횡단중,횡단중,안전운전 의무 불이행,단일로,기타단일로
6134,2013-06-12 09,주간,수,1,1,0,0,0,경남,고성군,차량단독,기타,기타,안전운전 의무 불이행,단일로,기타단일로
6135,2013-10-26 16,주간,토,1,3,0,2,0,전남,진도군,차량단독,전도전복,전도전복,안전운전 의무 불이행,단일로,기타단일로
6136,2013-06-10 08,주간,월,1,1,0,0,0,경남,창녕군,차대차,기타,기타,중앙선 침범,단일로,기타단일로
6137,2013-06-04 21,야간,화,1,1,0,0,0,경남,거창군,차대차,추돌,진행중 추돌,과속,단일로,기타단일로
6138,2013-03-21 22,야간,목,1,6,1,4,0,강원,동해시,차대차,정면충돌,정면충돌,중앙선 침범,단일로,기타단일로
6139,2013-01-28 10,주간,월,1,1,0,0,0,경기,화성시,차대사람,차도통행중,차도통행중,안전운전 의무 불이행,교차로,교차로내
6140,2013-12-03 18,야간,화,1,1,0,0,0,전남,구례군,차대사람,차도통행중,차도통행중,안전운전 의무 불이행,단일로,기타단일로
6141,2013-02-01 20,야간,금,1,2,0,1,0,경기,성남시,차대차,추돌,진행중 추돌,중앙선 침범,단일로,기타단일로
6142,2013-01-19 21,야간,토,1,1,0,0,0,경기,남양주시,차대사람,기타,기타,안전운전 의무 불이행,단일로,기타단일로
6143,2013-06-06 14,주간,목,1,1,0,0,0,경남,거창군,차대차,정면충돌,정면충돌,중앙선 침범,단일로,기타단일로
6144,2013-11-10 16,주간,일,1,1,0,0,0,경남,산청군,차량단독,공작물충돌,공작물충돌,안전운전 의무 불이행,단일로,기타단일로
6145,2013-04-07 19,야간,일,1,1,0,0,0,경북,영주시,차량단독,도로이탈,도로이탈 추락,안전운전 의무 불이행,교차로,교차로부근
6146,2013-08-17 13,주간,토,1,1,0,0,0,경남,하동군,차대사람,기타,기타,안전운전 의무 불이행,단일로,기타단일로
6147,2013-08-27 14,주간,화,1,1,0,0,0,충북,영동군,차대차,기타,기타,안전운전 의무 불이행,단일로,기타단일로
6148,2013-10-18 13,주간,금,1,1,0,0,0,강원,정선군,차대차,추돌,진행중 추돌,안전운전 의무 불이행,단일로,기타단일로
6149,2013-05-07 11,주간,화,1,1,0,0,0,세종,세종,차량단독,전도전복,전도전복,안전운전 의무 불이행,단일로,횡단보도부근
6150,2013-03-09 23,야간,토,2,4,2,0,0,부산,기장군,차량단독,공작물충돌,공작물충돌,안전운전 의무 불이행,단일로,기타단일로
6151,2013-01-29 18,야간,화,1,1,0,0,0,경기,광주시,차대사람,보도통행중,보도통행중,안전운전 의무 불이행,단일로,기타단일로
6152,2013-10-25 16,주간,금,2,11,1,7,1,강원,횡성군,차대차,기타,기타,안전운전 의무 불이행,기타/불명,기타/불명
6153,2013-01-21 06,주간,월,1,3,2,0,0,경기,용인시,차대차,측면충돌,측면충돌,신호위반,교차로,교차로내
6154,2013-09-17 20,야간,화,1,1,0,0,0,경남,함양군,차대사람,횡단중,횡단중,안전운전 의무 불이행,교차로,교차로내
6155,2013-03-26 11,주간,화,1,1,0,0,0,전남,나주시,차량단독,공작물충돌,공작물충돌,안전운전 의무 불이행,기타/불명,기타/불명
6156,2013-08-12 11,주간,월,1,1,0,0,0,경북,의성군,차대차,측면충돌,측면충돌,안전운전 의무 불이행,교차로,교차로내
6157,2013-02-14 02,야간,목,1,3,2,0,0,울산,울주군,차대사람,기타,기타,안전운전 의무 불이행,교차로,교차로부근
6158,2013-03-19 13,주간,화,1,1,0,0,0,부산,중구,차대차,측면충돌,측면충돌,신호위반,교차로,교차로내
6159,2013-02-13 16,주간,수,1,1,0,0,0,경남,창원시(통합),차량단독,기타,기타,안전운전 의무 불이행,기타/불명,기타/불명
6160,2013-10-24 16,주간,목,1,1,0,0,0,강원,영월군,차량단독,전도전복,전도전복,안전운전 의무 불이행,단일로,기타단일로
6161,2013-03-20 06,주간,수,1,1,0,0,0,전북,정읍시,차대차,기타,기타,안전운전 의무 불이행,교차로,교차로내
6162,2013-03-04 23,야간,월,1,1,0,0,0,인천,옹진군,차량단독,공작물충돌,공작물충돌,안전운전 의무 불이행,단일로,기타단일로
6163,2013-07-03 21,야간,수,2,5,0,3,0,충남,공주시,차대차,기타,기타,안전운전 의무 불이행,단일로,기타단일로
6164,2013-02-13 17,주간,수,1,1,0,0,0,부산,북구,차대사람,기타,기타,안전운전 의무 불이행,단일로,기타단일로
6165,2013-03-26 20,야간,화,1,27,3,23,0,전남,나주시,차량단독,공작물충돌,공작물충돌,안전운전 의무 불이행,단일로,기타단일로
6166,2013-01-20 22,야간,일,1,1,0,0,0,인천,남구,차대사람,횡단중,횡단중,안전운전 의무 불이행,기타/불명,기타/불명
6167,2013-06-20 18,야간,목,1,2,1,0,0,전남,고흥군,차대차,기타,기타,안전운전 의무 불이행,단일로,기타단일로
6168,2013-06-15 00,야간,토,1,1,0,0,0,경남,고성군,차대사람,횡단중,횡단중,안전운전 의무 불이행,단일로,기타단일로
6169,2013-05-11 00,야간,토,1,2,0,1,0,전남,해남군,차량단독,공작물충돌,공작물충돌,안전운전 의무 불이행,단일로,기타단일로
6170,2013-08-31 22,야간,토,1,1,0,0,0,충남,청양군,차대차,측면충돌,측면충돌,안전운전 의무 불이행,단일로,기타단일로
6171,2013-10-25 22,야간,금,1,1,0,0,0,강원,영월군,차대사람,횡단중,횡단중,안전운전 의무 불이행,단일로,기타단일로
6172,2013-03-09 20,야간,토,1,1,0,0,0,경기,여주시,차대사람,길가장자리구역통행중,길가장자리구역통행중,안전운전 의무 불이행,단일로,기타단일로
6173,2013-07-05 05,야간,금,1,3,1,1,0,충남,공주시,차량단독,공작물충돌,공작물충돌,안전운전 의무 불이행,단일로,기타단일로
6174,2013-06-30 03,야간,일,1,5,1,3,0,충북,옥천군,차대차,추돌,진행중 추돌,안전운전 의무 불이행,단일로,기타단일로
6175,2013-09-02 09,주간,월,1,1,0,0,0,충남,청양군,차대차,측면충돌,측면충돌,기타,교차로,교차로내
6176,2013-04-08 17,주간,월,1,1,0,0,0,경기,양평군,차대차,기타,기타,안전운전 의무 불이행,교차로,교차로부근
6177,2013-10-15 16,주간,화,1,1,0,0,0,경남,의령군,차량단독,기타,기타,기타,단일로,기타단일로
6178,2013-07-06 04,야간,토,1,8,0,7,0,충남,공주시,차대차,추돌,진행중 추돌,안전운전 의무 불이행,단일로,기타단일로
6179,2013-08-27 02,야간,화,1,1,0,0,0,경북,고령군,차량단독,도로이탈,도로이탈 기타,안전운전 의무 불이행,단일로,기타단일로
6180,2013-04-21 20,야간,일,1,1,0,0,0,전북,완주군,차대사람,기타,기타,안전운전 의무 불이행,단일로,기타단일로
6181,2013-09-07 05,야간,토,1,1,0,0,0,전남,보성군,차대사람,차도통행중,차도통행중,안전운전 의무 불이행,단일로,기타단일로
6182,2013-02-10 19,야간,일,1,1,0,0,0,제주,서귀포시,차대사람,횡단중,횡단중,안전운전 의무 불이행,단일로,기타단일로
6183,2013-01-29 22,야간,화,1,1,0,0,0,부산,사상구,차대사람,기타,기타,안전운전 의무 불이행,단일로,횡단보도부근
6184,2013-03-10 19,야간,일,1,1,0,0,0,경기,여주시,차대사람,차도통행중,차도통행중,안전운전 의무 불이행,단일로,기타단일로
6185,2013-11-27 14,주간,수,1,1,0,0,0,전북,임실군,차량단독,공작물충돌,공작물충돌,안전운전 의무 불이행,단일로,기타단일로
6186,2013-09-01 11,주간,일,1,2,1,0,0,충북,영동군,차량단독,도로이탈,도로이탈 추락,안전운전 의무 불이행,교차로,교차로내
6187,2013-01-29 23,야간,화,1,1,0,0,0,경기,화성시,차량단독,공작물충돌,공작물충돌,안전운전 의무 불이행,단일로,기타단일로
6188,2013-06-14 23,야간,금,1,1,0,0,0,경남,창녕군,차대사람,길가장자리구역통행중,길가장자리구역통행중,안전운전 의무 불이행,단일로,기타단일로
6189,2013-01-22 18,야간,화,1,1,0,0,0,강원,원주시,차대사람,기타,기타,안전운전 의무 불이행,단일로,기타단일로
6190,2013-01-28 07,주간,월,1,1,0,0,0,경기,김포시,차대사람,횡단중,횡단중,안전운전 의무 불이행,교차로,교차로내
6191,2013-03-02 14,주간,토,1,1,0,0,0,경북,칠곡군,차량단독,공작물충돌,공작물충돌,안전운전 의무 불이행,단일로,기타단일로
6192,2013-02-08 06,주간,금,1,2,1,0,0,경기,수원시,차대차,추돌,주정차중 추돌,안전운전 의무 불이행,단일로,기타단일로
6193,2013-12-27 13,주간,금,1,2,1,0,0,전남,구례군,차대차,추돌,진행중 추돌,중앙선 침범,단일로,기타단일로
6194,2013-01-28 19,야간,월,1,1,0,0,0,전남,목포시,차대사람,횡단중,횡단중,과속,단일로,기타단일로
6195,2013-01-22 00,야간,화,1,1,0,0,0,인천,남구,차대사람,기타,기타,안전운전 의무 불이행,교차로,교차로부근
6196,2013-01-18 23,야간,금,1,1,0,0,0,경기,시흥시,차대사람,차도통행중,차도통행중,안전운전 의무 불이행,단일로,기타단일로
6197,2013-03-01 04,야간,금,1,1,0,0,0,경기,부천시,차량단독,공작물충돌,공작물충돌,안전운전 의무 불이행,단일로,기타단일로
6198,2013-08-29 05,야간,목,1,1,0,0,0,경남,하동군,차량단독,공작물충돌,공작물충돌,안전운전 의무 불이행,기타/불명,기타/불명
6199,2013-04-11 20,야간,목,1,1,0,0,0,경기,의왕시,차대사람,기타,기타,안전운전 의무 불이행,기타/불명,기타/불명
6200,2013-09-07 14,주간,토,1,2,1,0,0,경북,청도군,차대차,정면충돌,정면충돌,중앙선 침범,단일로,기타단일로
6201,2013-05-01 09,주간,수,1,1,0,0,0,전북,김제시,차대차,기타,기타,중앙선 침범,단일로,기타단일로
6202,2013-11-10 15,주간,일,1,1,0,0,0,강원,정선군,차량단독,전도전복,전도전복,안전운전 의무 불이행,기타/불명,기타/불명
6203,2013-04-02 20,야간,화,1,1,0,0,0,경남,밀양시,차대차,기타,기타,안전운전 의무 불이행,단일로,기타단일로
6204,2013-01-18 21,야간,금,1,1,0,0,0,전북,익산시,차대사람,차도통행중,차도통행중,안전운전 의무 불이행,단일로,기타단일로
6205,2013-10-24 08,주간,목,1,1,0,0,0,경남,의령군,차대차,측면충돌,측면충돌,교차로 통행방법 위반,교차로,교차로내
6206,2013-05-09 12,주간,목,2,4,2,0,0,충남,공주시,차량단독,전도전복,전도전복,안전운전 의무 불이행,단일로,기타단일로
6207,2013-01-30 13,주간,수,1,1,0,0,0,경기,화성시,차대차,추돌,주정차중 추돌,안전운전 의무 불이행,기타/불명,기타/불명
6208,2013-01-28 14,주간,월,1,1,0,0,0,대구,달서구,차대차,측면충돌,측면충돌,안전운전 의무 불이행,교차로,교차로내
6209,2013-10-07 15,주간,월,1,2,1,0,0,전남,완도군,차대차,정면충돌,정면충돌,중앙선 침범,단일로,기타단일로
6210,2013-06-24 12,주간,월,1,1,0,0,0,충남,부여군,차대사람,기타,기타,안전운전 의무 불이행,교차로,교차로내
6211,2013-02-07 10,주간,목,1,1,0,0,0,부산,금정구,차대사람,횡단중,횡단중,안전운전 의무 불이행,단일로,기타단일로
6212,2013-12-09 07,주간,월,1,2,1,0,0,경남,산청군,차대차,측면충돌,측면충돌,교차로 통행방법 위반,교차로,교차로내
6213,2013-12-20 23,야간,금,1,1,0,0,0,전북,임실군,차대차,추돌,주정차중 추돌,안전운전 의무 불이행,단일로,기타단일로
6214,2013-11-12 02,야간,화,2,4,2,0,0,강원,정선군,차량단독,공작물충돌,공작물충돌,과속,단일로,기타단일로
6215,2013-03-24 20,야간,일,1,1,0,0,0,강원,홍천군,차량단독,전도전복,전도전복,안전운전 의무 불이행,단일로,기타단일로
6216,2013-07-17 07,주간,수,1,1,0,0,0,충북,청원군,차대차,추돌,진행중 추돌,안전거리 미확보,단일로,기타단일로
6217,2013-02-27 10,주간,수,1,1,0,0,0,경남,창원시(통합),차대차,기타,기타,안전운전 의무 불이행,단일로,기타단일로