교통사고이력ID(사고기록 순서),발생년월일시,주야코드,요일코드,사망자수,부상자수,중상자수,경상자수,부상신고자수,발생지시도코드,발생지시도코드,사고유형대분류코드,사고유형중분류코드,사고유형코드,법규위반코드,도로형태대분류코드,도로로형태코드
6616,2013-03-13 08,주간,수,1,1,0,0,0,경남,김해시,차량단독,전도전복,전도전복,안전운전 의무 불이행,단일로,기타단일로
6617,2013-02-25 02,야간,월,1,1,0,0,0,부산,금정구,차량단독,공작물충돌,공작물충돌,안전운전 의무 불이행,단일로,기타단일로
6618,2013-10-04 11,주간,금,1,1,0,0,0,경북,성주군,차대차,기타,기타,안전거리 미확보,기타/불명,기타/불명
6619,2013-09-23 13,주간,월,1,7,3,3,0,전남,장흥군,차대차,정면충돌,정면충돌,중앙선 침범,단일로,기타단일로
6620,2013-01-26 17,주간,토,1,2,1,0,0,경기,고양시,차량단독,전도전복,전도전복,안전운전 의무 불이행,단일로,기타단일로
6621,2013-11-20 18,야간,수,1,1,0,0,0,전남,장성군,차대사람,기타,기타,안전운전 의무 불이행,교차로,교차로부근
6622,2013-04-27 14,주간,토,1,6,4,1,0,서울,서초구,차대차,추돌,주정차중 추돌,안전운전 의무 불이행,단일로,기타단일로
6623,2013-10-01 07,주간,화,1,2,1,0,0,경남,고성군,차량단독,공작물충돌,공작물충돌,안전운전 의무 불이행,단일로,교량위
6624,2013-08-29 15,주간,목,1,1,0,0,0,경남,거창군,차량단독,공작물충돌,공작물충돌,안전운전 의무 불이행,단일로,기타단일로
6625,2013-06-17 05,야간,월,1,2,0,1,0,충남,보령시,차량단독,공작물충돌,공작물충돌,안전운전 의무 불이행,단일로,기타단일로
6626,2013-02-06 14,주간,수,1,1,0,0,0,경기,의정부시,차대차,기타,기타,안전운전 의무 불이행,교차로,교차로내
6627,2013-03-14 06,주간,목,1,1,0,0,0,울산,북구,차대사람,횡단중,횡단중,신호위반,교차로,교차로내
6628,2013-08-02 12,주간,금,1,1,0,0,0,전남,화순군,차대차,측면충돌,측면충돌,교차로 통행방법 위반,교차로,교차로내
6629,2013-03-04 08,주간,월,1,2,1,0,0,경기,이천시,차대차,추돌,주정차중 추돌,안전운전 의무 불이행,단일로,기타단일로
6630,2013-03-09 00,야간,토,1,1,0,0,0,경기,안성시,차량단독,도로이탈,도로이탈 추락,안전운전 의무 불이행,단일로,기타단일로
6631,2013-02-18 02,야간,월,1,2,0,1,0,강원,춘천시,차대차,기타,기타,안전운전 의무 불이행,단일로,기타단일로
6632,2013-12-04 17,주간,수,1,1,0,0,0,경북,의성군,차량단독,도로이탈,도로이탈 기타,안전운전 의무 불이행,단일로,기타단일로
6633,2013-07-27 01,야간,토,1,1,0,0,0,충남,예산군,차량단독,기타,기타,안전운전 의무 불이행,단일로,기타단일로
6634,2013-06-14 16,주간,금,1,1,0,0,0,경기,가평군,차대사람,횡단중,횡단중,과속,단일로,기타단일로
6635,2013-03-25 08,주간,월,1,1,0,0,0,충북,제천시,차대사람,기타,기타,안전운전 의무 불이행,교차로,교차로내
6636,2013-07-01 12,주간,월,1,4,2,1,0,대구,달성군,차량단독,공작물충돌,공작물충돌,안전운전 의무 불이행,단일로,기타단일로
6637,2013-10-08 13,주간,화,1,1,0,0,0,경북,성주군,차량단독,도로이탈,도로이탈 추락,안전운전 의무 불이행,단일로,기타단일로
6638,2013-05-26 01,야간,일,1,2,0,1,0,경기,양평군,차대차,정면충돌,정면충돌,중앙선 침범,단일로,기타단일로
6639,2013-06-03 08,주간,월,1,1,0,0,0,강원,삼척시,차대차,측면충돌,측면충돌,중앙선 침범,단일로,기타단일로
6640,2013-05-23 01,야간,목,1,2,0,1,0,충북,음성군,차대차,기타,기타,안전운전 의무 불이행,단일로,기타단일로
6641,2013-10-24 13,주간,목,1,5,4,0,0,경기,여주시,차량단독,공작물충돌,공작물충돌,안전운전 의무 불이행,단일로,기타단일로
6642,2013-06-22 07,주간,토,1,1,0,0,0,전북,김제시,차대사람,기타,기타,안전운전 의무 불이행,단일로,기타단일로
6643,2013-02-14 06,주간,목,1,1,0,0,0,대구,서구,차대사람,횡단중,횡단중,안전운전 의무 불이행,단일로,횡단보도상
6644,2013-02-01 22,야간,금,1,1,0,0,0,경기,남양주시,차대사람,횡단중,횡단중,안전운전 의무 불이행,교차로,교차로부근
6645,2013-03-18 21,야간,월,1,1,0,0,0,충남,당진시,차량단독,도로이탈,도로이탈 추락,안전운전 의무 불이행,단일로,기타단일로
6646,2013-03-23 06,주간,토,1,1,0,0,0,경남,통영시,차대사람,횡단중,횡단중,보행자 보호의무 위반,단일로,기타단일로
6647,2013-04-30 09,주간,화,1,4,2,1,0,경기,수원시,차대차,측면충돌,측면충돌,안전운전 의무 불이행,단일로,기타단일로
6648,2013-03-14 06,주간,목,1,1,0,0,0,서울,금천구,차대사람,횡단중,횡단중,보행자 보호의무 위반,교차로,교차로부근
6649,2013-10-20 15,주간,일,1,1,0,0,0,전남,영광군,차대차,기타,기타,과속,단일로,기타단일로
6650,2013-04-23 20,야간,화,1,1,0,0,0,경북,영천시,차대차,측면충돌,측면충돌,교차로 통행방법 위반,교차로,교차로내
6651,2013-03-17 19,야간,일,1,1,0,0,0,경북,안동시,차대사람,횡단중,횡단중,안전운전 의무 불이행,단일로,기타단일로
6652,2013-12-11 09,주간,수,1,1,0,0,0,경북,의성군,차대차,추돌,주정차중 추돌,안전운전 의무 불이행,단일로,기타단일로
6653,2013-12-22 20,야간,일,1,1,0,0,0,경남,남해군,차량단독,기타,기타,안전운전 의무 불이행,기타/불명,기타/불명
6654,2013-03-24 03,야간,일,1,2,0,1,0,서울,성동구,차량단독,기타,기타,안전운전 의무 불이행,단일로,기타단일로
6655,2013-05-22 11,주간,수,1,1,0,0,0,강원,홍천군,차대사람,횡단중,횡단중,안전운전 의무 불이행,교차로,교차로부근
6656,2013-03-16 08,주간,토,1,1,0,0,0,경남,김해시,차대사람,기타,기타,안전운전 의무 불이행,단일로,기타단일로
6657,2013-12-03 18,야간,화,1,2,0,1,0,전남,장성군,차대차,추돌,주정차중 추돌,안전운전 의무 불이행,단일로,기타단일로
6658,2013-02-07 14,주간,목,1,1,0,0,0,경북,경주시,차대차,기타,기타,안전운전 의무 불이행,교차로,교차로내
6659,2013-06-07 21,야간,금,1,1,0,0,0,전북,완주군,차대사람,횡단중,횡단중,안전운전 의무 불이행,단일로,기타단일로
6660,2013-09-15 05,야간,일,1,5,3,0,1,경북,울진군,차대차,추돌,주정차중 추돌,안전운전 의무 불이행,단일로,기타단일로
6661,2013-03-11 16,주간,월,1,2,0,0,1,제주,서귀포시,차량단독,공작물충돌,공작물충돌,안전운전 의무 불이행,단일로,기타단일로
6662,2013-11-13 10,주간,수,1,1,0,0,0,경북,영덕군,차대사람,기타,기타,안전운전 의무 불이행,단일로,기타단일로
6663,2013-03-08 17,주간,금,1,1,0,0,0,충북,충주시,차대차,추돌,진행중 추돌,안전운전 의무 불이행,교차로,교차로내
6664,2013-02-21 21,야간,목,1,1,0,0,0,경기,안양시,차량단독,전도전복,전도전복,안전운전 의무 불이행,단일로,기타단일로
6665,2013-02-12 23,야간,화,1,1,0,0,0,대구,달서구,차대사람,횡단중,횡단중,안전운전 의무 불이행,교차로,교차로내
6666,2013-09-13 15,주간,금,1,1,0,0,0,전북,고창군,차량단독,도로이탈,도로이탈 추락,안전운전 의무 불이행,단일로,기타단일로
6667,2013-03-09 09,주간,토,1,1,0,0,0,충북,충주시,차대차,측면충돌,측면충돌,안전운전 의무 불이행,기타/불명,기타/불명
6668,2013-09-20 04,야간,금,1,1,0,0,0,전남,고흥군,차대사람,길가장자리구역통행중,길가장자리구역통행중,안전운전 의무 불이행,단일로,기타단일로
6669,2013-07-20 16,주간,토,1,5,2,2,0,전남,해남군,차대차,측면충돌,측면충돌,기타,교차로,교차로내
6670,2013-07-03 13,주간,수,1,1,0,0,0,인천,서구,차량단독,공작물충돌,공작물충돌,안전운전 의무 불이행,단일로,교량위
6671,2013-02-15 16,주간,금,1,1,0,0,0,대구,서구,차량단독,기타,기타,기타,단일로,기타단일로
6672,2013-08-07 04,야간,수,1,1,0,0,0,경남,함안군,차량단독,도로이탈,도로이탈 추락,안전운전 의무 불이행,단일로,기타단일로
6673,2013-11-04 05,야간,월,1,1,0,0,0,경기,여주시,차대차,기타,기타,안전거리 미확보,단일로,기타단일로
6674,2013-11-15 17,주간,금,1,1,0,0,0,인천,강화군,차대차,측면충돌,측면충돌,안전운전 의무 불이행,단일로,기타단일로
6675,2013-03-13 20,야간,수,1,1,0,0,0,경기,안성시,차대사람,횡단중,횡단중,안전운전 의무 불이행,단일로,기타단일로
6676,2013-09-11 17,주간,수,1,1,0,0,0,경남,창녕군,차대차,정면충돌,정면충돌,중앙선 침범,단일로,기타단일로
6677,2013-12-17 13,주간,화,1,1,0,0,0,경북,의성군,차대차,측면충돌,측면충돌,중앙선 침범,단일로,기타단일로
6678,2013-09-22 17,주간,일,1,1,0,0,0,전남,고흥군,차량단독,기타,기타,안전운전 의무 불이행,기타/불명,기타/불명
6679,2013-09-26 19,야간,목,1,1,0,0,0,충남,서천군,차대사람,횡단중,횡단중,안전운전 의무 불이행,기타/불명,기타/불명
6680,2013-05-17 14,주간,금,1,1,0,0,0,전남,나주시,차대차,기타,기타,안전운전 의무 불이행,기타/불명,기타/불명
6681,2013-03-17 16,주간,일,1,2,0,0,1,경남,창원시(통합),차량단독,도로이탈,도로이탈 추락,안전운전 의무 불이행,단일로,기타단일로
6682,2013-08-17 19,야간,토,3,5,1,1,0,전남,화순군,차대차,추돌,진행중 추돌,안전운전 의무 불이행,단일로,기타단일로
6683,2013-07-23 21,야간,화,1,1,0,0,0,전남,해남군,차대사람,횡단중,횡단중,안전운전 의무 불이행,단일로,기타단일로
6684,2013-06-11 13,주간,화,1,1,0,0,0,전북,남원시,차대차,추돌,주정차중 추돌,안전운전 의무 불이행,단일로,기타단일로
6685,2013-03-03 00,야간,일,1,1,0,0,0,경기,성남시,차대사람,횡단중,횡단중,안전운전 의무 불이행,단일로,기타단일로
6686,2013-11-18 08,주간,월,1,1,0,0,0,경북,영덕군,차대차,측면충돌,측면충돌,기타,교차로,교차로내
6687,2013-03-23 21,야간,토,1,1,0,0,0,충남,당진시,차대사람,횡단중,횡단중,안전운전 의무 불이행,단일로,기타단일로
6688,2013-01-28 18,야간,월,1,1,0,0,0,충북,청주시,차대사람,차도통행중,차도통행중,안전운전 의무 불이행,단일로,기타단일로
6689,2013-10-20 13,주간,일,1,1,0,0,0,충북,옥천군,차량단독,전도전복,전도전복,안전운전 의무 불이행,단일로,기타단일로
6690,2013-08-10 17,주간,토,1,2,1,0,0,경남,함안군,차량단독,공작물충돌,공작물충돌,안전운전 의무 불이행,단일로,기타단일로
6691,2013-11-02 17,주간,토,1,1,0,0,0,경남,고성군,차대사람,횡단중,횡단중,안전운전 의무 불이행,단일로,기타단일로
6692,2013-07-08 02,야간,월,1,5,3,1,0,대구,북구,차대차,기타,기타,중앙선 침범,단일로,기타단일로
6693,2013-01-25 18,야간,금,1,1,0,0,0,경북,구미시,차대차,측면충돌,측면충돌,중앙선 침범,단일로,기타단일로
6694,2013-07-08 16,주간,월,1,1,0,0,0,경기,안산시,차대차,기타,기타,중앙선 침범,단일로,기타단일로
6695,2013-12-01 20,야간,일,1,5,2,2,0,충남,금산군,차대차,정면충돌,정면충돌,중앙선 침범,교차로,교차로부근
6696,2013-07-09 12,주간,화,1,5,4,0,0,경북,예천군,차대차,추돌,진행중 추돌,안전운전 의무 불이행,단일로,기타단일로
6697,2013-10-15 21,야간,화,1,1,0,0,0,충북,청원군,차대사람,기타,기타,안전운전 의무 불이행,단일로,기타단일로
6698,2013-06-19 18,야간,수,1,2,1,0,0,전남,영암군,차대차,정면충돌,정면충돌,중앙선 침범,단일로,기타단일로
6699,2013-02-13 21,야간,수,1,1,0,0,0,서울,강서구,차대사람,횡단중,횡단중,안전운전 의무 불이행,단일로,기타단일로
6700,2013-06-02 15,주간,일,1,1,0,0,0,경북,상주시,차대차,추돌,주정차중 추돌,안전운전 의무 불이행,교차로,교차로부근
6701,2013-05-20 16,주간,월,1,1,0,0,0,전북,정읍시,차대사람,차도통행중,차도통행중,안전운전 의무 불이행,교차로,교차로내
6702,2013-10-03 14,주간,목,1,1,0,0,0,전남,고흥군,차대차,추돌,진행중 추돌,과속,단일로,기타단일로
6703,2013-04-26 21,야간,금,1,1,0,0,0,경기,여주시,차대사람,기타,기타,안전운전 의무 불이행,단일로,기타단일로
6704,2013-03-27 18,야간,수,1,1,0,0,0,충남,당진시,차대사람,횡단중,횡단중,안전운전 의무 불이행,단일로,기타단일로
6705,2013-05-07 23,야간,화,1,3,0,2,0,경기,평택시,차대차,추돌,진행중 추돌,안전운전 의무 불이행,단일로,기타단일로
6706,2013-06-25 15,주간,화,1,1,0,0,0,충북,진천군,차대사람,보도통행중,보도통행중,안전운전 의무 불이행,교차로,교차로부근
6707,2013-07-11 12,주간,목,1,2,0,1,0,경기,고양시,차대사람,기타,기타,안전운전 의무 불이행,단일로,기타단일로
6708,2013-03-05 13,주간,화,1,1,0,0,0,경기,성남시,차대사람,횡단중,횡단중,안전운전 의무 불이행,단일로,횡단보도상
6709,2013-04-17 09,주간,수,1,1,0,0,0,강원,양양군,차량단독,공작물충돌,공작물충돌,안전운전 의무 불이행,단일로,기타단일로
6710,2013-06-05 05,야간,수,1,2,1,0,0,충남,홍성군,차대차,측면충돌,측면충돌,신호위반,교차로,교차로내
6711,2013-05-20 06,주간,월,1,1,0,0,0,전남,나주시,차대사람,기타,기타,안전운전 의무 불이행,단일로,기타단일로
6712,2013-07-13 03,야간,토,1,20,5,7,7,경북,경산시,차대차,추돌,진행중 추돌,안전운전 의무 불이행,단일로,교량위
6713,2013-10-11 17,주간,금,1,1,0,0,0,전남,강진군,차대차,기타,기타,중앙선 침범,단일로,기타단일로
6714,2013-07-18 07,주간,목,1,1,0,0,0,세종,세종,차대사람,기타,기타,안전운전 의무 불이행,단일로,기타단일로
6715,2013-06-22 10,주간,토,1,1,0,0,0,경북,영주시,차량단독,기타,기타,안전운전 의무 불이행,단일로,기타단일로
6716,2013-08-12 06,주간,월,2,2,0,0,0,충남,예산군,차대사람,길가장자리구역통행중,길가장자리구역통행중,안전운전 의무 불이행,단일로,기타단일로
6717,2013-06-30 04,야간,일,1,1,0,0,0,충남,보령시,차대사람,횡단중,횡단중,안전운전 의무 불이행,교차로,교차로내
6718,2013-09-22 16,주간,일,1,1,0,0,0,경남,창녕군,차량단독,공작물충돌,공작물충돌,안전운전 의무 불이행,단일로,기타단일로
6719,2013-10-13 18,야간,일,2,3,0,1,0,전남,강진군,차대사람,기타,기타,안전운전 의무 불이행,단일로,기타단일로
6720,2013-07-19 09,주간,금,1,1,0,0,0,세종,세종,차대사람,횡단중,횡단중,안전운전 의무 불이행,단일로,횡단보도부근
6721,2013-02-04 18,야간,월,1,1,0,0,0,경기,남양주시,차대사람,기타,기타,안전운전 의무 불이행,단일로,기타단일로
6722,2013-11-11 06,주간,월,1,1,0,0,0,경남,고성군,차대사람,횡단중,횡단중,안전운전 의무 불이행,단일로,기타단일로
6723,2013-07-26 09,주간,금,1,18,6,11,0,경북,문경시,차대차,측면충돌,측면충돌,교차로 통행방법 위반,교차로,교차로내
6724,2013-05-08 00,야간,수,1,1,0,0,0,서울,서초구,차대사람,횡단중,횡단중,안전운전 의무 불이행,교차로,교차로부근
6725,2013-11-07 09,주간,목,1,1,0,0,0,전남,영광군,차대사람,기타,기타,안전운전 의무 불이행,단일로,기타단일로
6726,2013-02-21 05,야간,목,1,2,0,1,0,서울,마포구,차대차,추돌,주정차중 추돌,안전운전 의무 불이행,단일로,기타단일로
6727,2013-11-02 10,주간,토,1,1,0,0,0,충남,부여군,차량단독,전도전복,전도전복,안전운전 의무 불이행,단일로,기타단일로
6728,2013-09-02 10,주간,월,1,1,0,0,0,충북,괴산군,차대차,추돌,진행중 추돌,안전운전 의무 불이행,단일로,기타단일로
6729,2013-12-18 07,주간,수,1,1,0,0,0,충남,금산군,차대사람,기타,기타,안전운전 의무 불이행,단일로,기타단일로
6730,2013-06-29 00,야간,토,1,1,0,0,0,인천,남동구,차량단독,공작물충돌,공작물충돌,안전운전 의무 불이행,단일로,기타단일로
6731,2013-07-21 20,야간,일,1,1,0,0,0,전북,부안군,차량단독,전도전복,전도전복,안전운전 의무 불이행,교차로,교차로부근
6732,2013-07-05 17,주간,금,1,1,0,0,0,전북,김제시,차대차,측면충돌,측면충돌,중앙선 침범,단일로,기타단일로
6733,2013-03-16 21,야간,토,1,2,1,0,0,울산,울주군,차대차,측면충돌,측면충돌,신호위반,교차로,교차로내
6734,2013-06-07 18,야간,금,1,1,0,0,0,경북,상주시,차량단독,전도전복,전도전복,안전운전 의무 불이행,단일로,기타단일로
6735,2013-03-20 17,주간,수,1,1,0,0,0,서울,구로구,차대사람,횡단중,횡단중,안전운전 의무 불이행,교차로,교차로내
6736,2013-07-31 23,야간,수,1,1,0,0,0,전남,해남군,차량단독,기타,기타,안전운전 의무 불이행,단일로,기타단일로
6737,2013-08-24 19,야간,토,2,3,1,0,0,경남,함안군,차대차,정면충돌,정면충돌,신호위반,교차로,교차로부근
6738,2013-02-04 22,야간,월,1,1,0,0,0,경기,남양주시,차대사람,길가장자리구역통행중,길가장자리구역통행중,안전운전 의무 불이행,교차로,교차로내
6739,2013-05-12 12,주간,일,1,6,0,0,5,경기,용인시,차량단독,전도전복,전도전복,안전운전 의무 불이행,단일로,기타단일로
6740,2013-11-17 18,야간,일,1,2,1,0,0,전남,영광군,차대사람,보도통행중,보도통행중,안전운전 의무 불이행,단일로,기타단일로
6741,2013-06-04 09,주간,화,1,1,0,0,0,강원,홍천군,차대사람,기타,기타,기타,기타/불명,기타/불명
6742,2013-08-24 20,야간,토,1,1,0,0,0,경남,함안군,차대사람,기타,기타,안전운전 의무 불이행,단일로,기타단일로
6743,2013-03-30 17,주간,토,1,1,0,0,0,서울,성동구,차대사람,횡단중,횡단중,안전운전 의무 불이행,단일로,기타단일로
6744,2013-11-16 22,야간,토,1,1,0,0,0,경남,고성군,차대차,측면충돌,측면충돌,안전운전 의무 불이행,단일로,기타단일로
6745,2013-11-20 11,주간,수,1,2,0,0,1,전남,영광군,차대차,측면충돌,측면충돌,안전운전 의무 불이행,교차로,교차로내
6746,2013-07-06 02,야간,토,1,1,0,0,0,전북,김제시,차대사람,기타,기타,안전운전 의무 불이행,단일로,기타단일로
6747,2013-11-07 09,주간,목,1,1,0,0,0,경북,성주군,차대사람,길가장자리구역통행중,길가장자리구역통행중,안전운전 의무 불이행,단일로,기타단일로
6748,2013-03-02 19,야간,토,1,1,0,0,0,경남,거제시,차대사람,횡단중,횡단중,보행자 보호의무 위반,단일로,횡단보도상
6749,2013-09-13 16,주간,금,1,1,0,0,0,전남,무안군,차량단독,도로이탈,도로이탈 추락,안전운전 의무 불이행,교차로,교차로부근
6750,2013-04-01 00,야간,월,1,1,0,0,0,충남,당진시,차대사람,차도통행중,차도통행중,안전운전 의무 불이행,단일로,기타단일로
6751,2013-01-27 19,야간,일,1,1,0,0,0,경기,평택시,차대사람,기타,기타,안전운전 의무 불이행,교차로,교차로내
6752,2013-03-19 17,주간,화,1,1,0,0,0,경기,안성시,차량단독,도로이탈,도로이탈 추락,안전운전 의무 불이행,단일로,기타단일로
6753,2013-09-29 11,주간,일,1,1,0,0,0,경기,과천시,차량단독,기타,기타,안전운전 의무 불이행,단일로,기타단일로
6754,2013-11-08 13,주간,금,1,2,1,0,0,충북,옥천군,차대차,측면충돌,측면충돌,안전운전 의무 불이행,교차로,교차로내
6755,2013-04-01 14,주간,월,1,1,0,0,0,충남,당진시,차대차,추돌,진행중 추돌,안전운전 의무 불이행,단일로,기타단일로
6756,2013-03-12 13,주간,화,1,1,0,0,0,서울,서대문구,차대사람,차도통행중,차도통행중,중앙선 침범,단일로,기타단일로
6757,2013-03-15 16,주간,금,1,1,0,0,0,충북,충주시,차대사람,기타,기타,안전운전 의무 불이행,교차로,교차로부근
6758,2013-02-14 06,주간,목,1,1,0,0,0,제주,제주시,차대사람,횡단중,횡단중,안전운전 의무 불이행,단일로,횡단보도상
6759,2013-06-08 22,야간,토,1,1,0,0,0,강원,동해시,차대사람,횡단중,횡단중,안전운전 의무 불이행,교차로,교차로내
6760,2013-02-21 23,야간,목,1,1,0,0,0,서울,마포구,차대사람,차도통행중,차도통행중,안전운전 의무 불이행,단일로,기타단일로
6761,2013-10-25 22,야간,금,2,2,0,0,0,충북,영동군,차량단독,전도전복,전도전복,안전운전 의무 불이행,단일로,기타단일로
6762,2013-04-02 19,야간,화,1,1,0,0,0,전남,광양시,차대사람,횡단중,횡단중,안전운전 의무 불이행,교차로,교차로부근
6763,2013-03-23 06,주간,토,1,1,0,0,0,경남,창원시(통합),차대사람,횡단중,횡단중,안전운전 의무 불이행,단일로,기타단일로
6764,2013-12-31 18,야간,화,1,1,0,0,0,충남,금산군,차대사람,횡단중,횡단중,보행자 보호의무 위반,단일로,횡단보도상
6765,2013-09-01 12,주간,일,1,1,0,0,0,전남,화순군,차대차,기타,기타,안전운전 의무 불이행,단일로,기타단일로
6766,2013-03-10 04,야간,일,1,1,0,0,0,서울,광진구,차량단독,공작물충돌,공작물충돌,안전운전 의무 불이행,단일로,교량위
6767,2013-11-20 19,야간,수,1,1,0,0,0,경남,고성군,차대사람,길가장자리구역통행중,길가장자리구역통행중,안전운전 의무 불이행,단일로,기타단일로
6768,2013-02-19 21,야간,화,1,1,0,0,0,울산,중구,차대사람,횡단중,횡단중,안전운전 의무 불이행,단일로,기타단일로
6769,2013-01-22 06,주간,화,1,1,0,0,0,대전,유성구,차대사람,기타,기타,안전운전 의무 불이행,단일로,기타단일로
6770,2013-11-13 18,야간,수,1,1,0,0,0,충남,부여군,차대차,정면충돌,정면충돌,안전운전 의무 불이행,교차로,교차로내
6771,2013-07-24 20,야간,수,1,1,0,0,0,경북,상주시,차대사람,기타,기타,안전운전 의무 불이행,단일로,기타단일로
6772,2013-05-09 00,야간,목,1,1,0,0,0,경북,영천시,차량단독,도로이탈,도로이탈 추락,안전운전 의무 불이행,단일로,기타단일로
6773,2013-11-23 15,주간,토,1,1,0,0,0,경남,고성군,차량단독,기타,기타,안전운전 의무 불이행,단일로,기타단일로
6774,2013-06-20 22,야간,목,1,1,0,0,0,경기,의왕시,차대차,추돌,진행중 추돌,안전운전 의무 불이행,단일로,기타단일로
6775,2013-03-27 18,야간,수,1,1,0,0,0,울산,동구,차대차,기타,기타,안전운전 의무 불이행,단일로,기타단일로
6776,2013-10-15 18,야간,화,1,3,1,1,0,경남,거창군,차대차,측면충돌,측면충돌,교차로 통행방법 위반,교차로,교차로내
6777,2013-10-29 18,야간,화,1,1,0,0,0,충남,서천군,차대사람,횡단중,횡단중,안전운전 의무 불이행,단일로,기타단일로
6778,2013-10-17 23,야간,목,1,2,0,1,0,경북,울진군,차대사람,기타,기타,안전운전 의무 불이행,교차로,교차로내
6779,2013-10-18 08,주간,금,1,1,0,0,0,경북,울진군,차량단독,도로이탈,도로이탈 기타,안전운전 의무 불이행,단일로,기타단일로
6780,2013-08-07 22,야간,수,1,1,0,0,0,전남,해남군,차대차,추돌,진행중 추돌,안전운전 의무 불이행,단일로,기타단일로
6781,2013-03-25 11,주간,월,1,1,0,0,0,서울,금천구,차대사람,횡단중,횡단중,안전운전 의무 불이행,단일로,기타단일로
6782,2013-08-24 14,주간,토,1,4,3,0,0,충남,예산군,차대차,정면충돌,정면충돌,안전운전 의무 불이행,교차로,교차로내
6783,2013-10-31 18,야간,목,1,1,0,0,0,전남,강진군,차대사람,횡단중,횡단중,안전운전 의무 불이행,단일로,기타단일로
6784,2013-03-03 19,야간,일,1,1,0,0,0,경북,포항시,차대사람,기타,기타,안전운전 의무 불이행,단일로,횡단보도부근
6785,2013-11-07 15,주간,목,1,2,0,1,0,전남,장흥군,차량단독,도로이탈,도로이탈 추락,안전운전 의무 불이행,단일로,기타단일로
6786,2013-08-01 07,주간,목,1,1,0,0,0,세종,세종,차량단독,전도전복,전도전복,안전운전 의무 불이행,기타/불명,기타/불명
6787,2013-03-11 06,주간,월,1,1,0,0,0,대전,중구,차대사람,횡단중,횡단중,안전운전 의무 불이행,단일로,기타단일로
6788,2013-07-14 01,야간,일,1,1,0,0,0,전북,김제시,차대사람,횡단중,횡단중,안전운전 의무 불이행,단일로,기타단일로
6789,2013-10-22 16,주간,화,1,1,0,0,0,전남,고흥군,차량단독,공작물충돌,공작물충돌,안전운전 의무 불이행,단일로,기타단일로
6790,2013-05-29 18,야간,수,1,1,0,0,0,경기,양평군,차량단독,전도전복,전도전복,안전운전 의무 불이행,단일로,기타단일로
6791,2013-10-16 22,야간,수,1,2,0,1,0,경남,거창군,차량단독,전도전복,전도전복,안전운전 의무 불이행,단일로,기타단일로
6792,2013-11-30 18,야간,토,1,1,0,0,0,전남,영광군,차대차,추돌,진행중 추돌,안전운전 의무 불이행,단일로,기타단일로
6793,2013-09-20 23,야간,금,1,1,0,0,0,전남,무안군,차량단독,전도전복,전도전복,안전운전 의무 불이행,단일로,기타단일로
6794,2013-12-21 23,야간,토,1,2,0,0,1,경기,광주시,차량단독,공작물충돌,공작물충돌,안전운전 의무 불이행,단일로,기타단일로
6795,2013-05-01 08,주간,수,1,1,0,0,0,경기,구리시,차대사람,횡단중,횡단중,안전운전 의무 불이행,교차로,교차로내
6796,2013-03-05 20,야간,화,1,1,0,0,0,서울,양천구,차대차,측면충돌,측면충돌,안전운전 의무 불이행,단일로,기타단일로
6797,2013-11-07 15,주간,목,1,2,1,0,0,충북,청원군,차량단독,전도전복,전도전복,안전운전 의무 불이행,단일로,기타단일로
6798,2013-06-28 23,야간,금,1,1,0,0,0,강원,삼척시,차대사람,횡단중,횡단중,안전운전 의무 불이행,단일로,기타단일로
6799,2013-05-16 18,야간,목,1,2,0,1,0,충남,논산시,차대차,정면충돌,정면충돌,중앙선 침범,단일로,기타단일로
6800,2013-10-19 09,주간,토,1,1,0,0,0,경북,울진군,차량단독,공작물충돌,공작물충돌,안전운전 의무 불이행,단일로,기타단일로
6801,2013-08-05 08,주간,월,1,2,1,0,0,전북,부안군,차대차,기타,기타,기타,교차로,교차로내
6802,2013-04-07 00,야간,일,2,2,0,0,0,전남,광양시,차량단독,공작물충돌,공작물충돌,안전운전 의무 불이행,교차로,교차로부근
6803,2013-01-31 06,주간,목,1,1,0,0,0,광주,북구,차대사람,횡단중,횡단중,안전운전 의무 불이행,단일로,기타단일로
6804,2013-06-01 23,야간,토,1,1,0,0,0,전북,정읍시,차대사람,기타,기타,안전운전 의무 불이행,교차로,교차로내
6805,2013-05-16 20,야간,목,1,1,0,0,0,충남,논산시,차량단독,공작물충돌,공작물충돌,과속,단일로,기타단일로
6806,2013-03-09 10,주간,토,1,1,0,0,0,부산,금정구,차대사람,횡단중,횡단중,안전운전 의무 불이행,단일로,기타단일로
6807,2013-05-04 06,주간,토,1,3,0,2,0,경기,하남시,차대차,측면충돌,측면충돌,신호위반,교차로,교차로내
6808,2013-09-25 16,주간,수,1,1,0,0,0,충북,괴산군,차량단독,전도전복,전도전복,안전운전 의무 불이행,단일로,기타단일로
6809,2013-05-06 15,주간,월,1,1,0,0,0,경북,김천시,차대사람,기타,기타,안전운전 의무 불이행,단일로,기타단일로
6810,2013-03-17 06,주간,일,1,1,0,0,0,서울,서대문구,차대사람,기타,기타,안전운전 의무 불이행,단일로,기타단일로
6811,2013-02-06 05,야간,수,1,1,0,0,0,광주,광산구,차대차,기타,기타,안전운전 의무 불이행,단일로,기타단일로
6812,2013-11-09 08,주간,토,1,1,0,0,0,충남,서천군,차대차,정면충돌,정면충돌,안전운전 의무 불이행,단일로,기타단일로
6813,2013-11-08 14,주간,금,1,1,0,0,0,전남,강진군,차대사람,기타,기타,안전운전 의무 불이행,단일로,기타단일로
6814,2013-10-21 10,주간,월,1,1,0,0,0,경남,거창군,차대차,측면충돌,측면충돌,안전운전 의무 불이행,단일로,기타단일로