교통사고이력ID(사고기록 순서),발생년월일시,주야코드,요일코드,사망자수,부상자수,중상자수,경상자수,부상신고자수,발생지시도코드,발생지시도코드,사고유형대분류코드,사고유형중분류코드,사고유형코드,법규위반코드,도로형태대분류코드,도로로형태코드
6815,2013-07-12 05,야간,금,1,1,0,0,0,전남,영암군,차량단독,도로이탈,도로이탈 추락,안전운전 의무 불이행,단일로,기타단일로
6816,2013-11-10 11,주간,일,1,43,14,28,0,충남,천안시,차대차,추돌,진행중 추돌,안전운전 의무 불이행,단일로,기타단일로
6817,2013-02-05 04,야간,화,1,1,0,0,0,부산,부산진구,차량단독,공작물충돌,공작물충돌,안전운전 의무 불이행,교차로,교차로부근
6818,2013-09-14 12,주간,토,1,1,0,0,0,경남,함안군,차대사람,기타,기타,안전운전 의무 불이행,단일로,기타단일로
6819,2013-12-29 04,야간,일,2,3,0,1,0,경기,광주시,차대차,추돌,진행중 추돌,안전운전 의무 불이행,단일로,기타단일로
6820,2013-01-29 21,야간,화,1,1,0,0,0,경기,평택시,차량단독,공작물충돌,공작물충돌,안전운전 의무 불이행,단일로,기타단일로
6821,2013-02-20 09,주간,수,1,4,3,0,0,서울,강서구,차대차,기타,기타,안전운전 의무 불이행,단일로,기타단일로
6822,2013-04-18 19,야간,목,1,1,0,0,0,경기,부천시,차대사람,기타,기타,안전운전 의무 불이행,단일로,기타단일로
6823,2013-02-19 13,주간,화,1,1,0,0,0,대구,동구,차대차,측면충돌,측면충돌,기타,교차로,교차로내
6824,2013-11-12 13,주간,화,1,1,0,0,0,전남,담양군,차대차,기타,기타,안전운전 의무 불이행,단일로,기타단일로
6825,2013-02-27 11,주간,수,1,1,0,0,0,제주,제주시,차량단독,공작물충돌,공작물충돌,안전운전 의무 불이행,단일로,기타단일로
6826,2013-02-02 13,주간,토,1,1,0,0,0,인천,남동구,차대사람,기타,기타,안전운전 의무 불이행,단일로,기타단일로
6827,2013-04-03 21,야간,수,1,1,0,0,0,경기,포천시,차대사람,횡단중,횡단중,안전운전 의무 불이행,교차로,교차로내
6828,2013-06-03 21,야간,월,1,3,0,2,0,전북,정읍시,차대차,측면충돌,측면충돌,중앙선 침범,단일로,기타단일로
6829,2013-02-12 23,야간,화,1,1,0,0,0,인천,서구,차대사람,횡단중,횡단중,안전운전 의무 불이행,교차로,교차로부근
6830,2013-05-24 06,주간,금,1,2,1,0,0,경기,안성시,차량단독,도로이탈,도로이탈 기타,안전운전 의무 불이행,단일로,기타단일로
6831,2013-12-20 06,주간,금,1,1,0,0,0,전남,영광군,차대사람,길가장자리구역통행중,길가장자리구역통행중,안전운전 의무 불이행,단일로,기타단일로
6832,2013-10-19 18,야간,토,1,1,0,0,0,전북,고창군,차대사람,횡단중,횡단중,보행자 보호의무 위반,단일로,횡단보도상
6833,2013-10-17 21,야간,목,1,1,0,0,0,경남,창녕군,차대차,추돌,진행중 추돌,안전운전 의무 불이행,단일로,기타단일로
6834,2013-02-13 20,야간,수,1,1,0,0,0,경기,용인시,차대사람,횡단중,횡단중,안전운전 의무 불이행,단일로,기타단일로
6835,2013-07-10 20,야간,수,1,1,0,0,0,충남,보령시,차량단독,전도전복,전도전복,안전운전 의무 불이행,교차로,교차로내
6836,2013-06-04 20,야간,화,1,1,0,0,0,전북,정읍시,차대사람,횡단중,횡단중,안전운전 의무 불이행,단일로,기타단일로
6837,2013-07-16 07,주간,화,1,1,0,0,0,전남,영암군,차량단독,도로이탈,도로이탈 추락,안전운전 의무 불이행,단일로,기타단일로
6838,2013-11-14 19,야간,목,1,1,0,0,0,충남,서천군,차대사람,횡단중,횡단중,안전운전 의무 불이행,교차로,교차로내
6839,2013-05-12 09,주간,일,1,1,0,0,0,경기,여주시,차대차,측면충돌,측면충돌,안전운전 의무 불이행,교차로,교차로내
6840,2013-02-16 13,주간,토,1,6,3,2,0,경기,고양시,차대차,측면충돌,측면충돌,신호위반,교차로,교차로내
6841,2013-08-19 12,주간,월,1,1,0,0,0,전남,해남군,차량단독,전도전복,전도전복,안전운전 의무 불이행,단일로,기타단일로
6842,2013-05-27 09,주간,월,1,1,0,0,0,경기,시흥시,차량단독,전도전복,전도전복,안전운전 의무 불이행,단일로,기타단일로
6843,2013-03-26 06,주간,화,1,1,0,0,0,경남,진주시,차대사람,횡단중,횡단중,안전운전 의무 불이행,단일로,기타단일로
6844,2013-02-27 19,야간,수,1,1,0,0,0,제주,제주시,차대사람,횡단중,횡단중,안전운전 의무 불이행,교차로,교차로부근
6845,2013-07-06 19,야간,토,1,1,0,0,0,전북,남원시,차대차,기타,기타,중앙선 침범,단일로,기타단일로
6846,2013-07-17 09,주간,수,1,1,0,0,0,경북,영주시,차대사람,횡단중,횡단중,안전운전 의무 불이행,교차로,교차로내
6847,2013-02-19 02,야간,화,1,3,2,0,0,서울,서초구,차대차,추돌,주정차중 추돌,안전운전 의무 불이행,단일로,기타단일로
6848,2013-07-22 20,야간,월,1,2,0,1,0,전북,김제시,차대차,측면충돌,측면충돌,안전운전 의무 불이행,단일로,기타단일로
6849,2013-05-28 22,야간,화,1,3,0,2,0,경기,평택시,차대차,추돌,주정차중 추돌,안전운전 의무 불이행,단일로,기타단일로
6850,2013-08-11 21,야간,일,1,1,0,0,0,경북,영주시,차대차,추돌,진행중 추돌,안전운전 의무 불이행,단일로,기타단일로
6851,2013-03-30 23,야간,토,1,3,1,0,1,경남,창원시(통합),차대차,측면충돌,측면충돌,신호위반,교차로,교차로내
6852,2013-02-01 01,야간,금,1,2,1,0,0,광주,북구,차대사람,횡단중,횡단중,안전운전 의무 불이행,단일로,기타단일로
6853,2013-03-07 21,야간,목,1,1,0,0,0,경남,거제시,차대사람,기타,기타,안전운전 의무 불이행,단일로,기타단일로
6854,2013-08-11 20,야간,일,1,5,2,2,0,세종,세종,차대차,추돌,진행중 추돌,안전운전 의무 불이행,단일로,기타단일로
6855,2013-03-11 09,주간,월,1,1,0,0,0,부산,금정구,차대사람,차도통행중,차도통행중,안전운전 의무 불이행,교차로,교차로내
6856,2013-05-29 04,야간,수,1,1,0,0,0,경기,의정부시,차대차,추돌,주정차중 추돌,안전운전 의무 불이행,단일로,기타단일로
6857,2013-03-07 20,야간,목,1,2,0,1,0,경남,거제시,차대사람,기타,기타,안전운전 의무 불이행,단일로,기타단일로
6858,2013-10-22 17,주간,화,1,1,0,0,0,전북,고창군,차량단독,기타,기타,안전운전 의무 불이행,단일로,기타단일로
6859,2013-02-26 22,야간,화,1,3,0,1,1,경기,성남시,차대차,측면충돌,측면충돌,안전운전 의무 불이행,교차로,교차로내
6860,2013-07-23 09,주간,화,1,1,0,0,0,전북,김제시,차대사람,횡단중,횡단중,안전운전 의무 불이행,교차로,교차로내
6861,2013-02-21 02,야간,목,1,1,0,0,0,대구,동구,차량단독,공작물충돌,공작물충돌,안전운전 의무 불이행,단일로,기타단일로
6862,2013-08-21 11,주간,수,1,1,0,0,0,전남,해남군,차량단독,전도전복,전도전복,안전운전 의무 불이행,단일로,기타단일로
6863,2013-02-15 14,주간,금,1,1,0,0,0,울산,남구,차대사람,기타,기타,안전운전 의무 불이행,단일로,기타단일로
6864,2013-12-06 17,주간,금,1,1,0,0,0,충남,부여군,차대사람,보도통행중,보도통행중,신호위반,교차로,교차로부근
6865,2013-10-22 15,주간,화,1,1,0,0,0,경남,창녕군,차대사람,기타,기타,안전운전 의무 불이행,단일로,기타단일로
6866,2013-11-21 17,주간,목,1,1,0,0,0,충남,서천군,차대차,측면충돌,측면충돌,안전운전 의무 불이행,교차로,교차로부근
6867,2013-06-04 07,주간,화,1,1,0,0,0,전남,나주시,차량단독,공작물충돌,공작물충돌,안전운전 의무 불이행,단일로,기타단일로
6868,2013-07-09 21,야간,화,1,1,0,0,0,전북,남원시,차대사람,차도통행중,차도통행중,안전운전 의무 불이행,단일로,기타단일로
6869,2013-09-25 22,야간,수,1,1,0,0,0,경남,함안군,차대차,기타,기타,안전운전 의무 불이행,단일로,기타단일로
6870,2013-03-18 19,야간,월,1,1,0,0,0,인천,부평구,차대사람,기타,기타,안전운전 의무 불이행,단일로,기타단일로
6871,2013-11-19 18,야간,화,1,1,0,0,0,전남,담양군,차대사람,횡단중,횡단중,안전운전 의무 불이행,단일로,기타단일로
6872,2013-06-01 07,주간,토,1,1,0,0,0,경기,용인시,차대사람,기타,기타,안전운전 의무 불이행,단일로,기타단일로
6873,2013-06-24 04,야간,월,1,1,0,0,0,충북,음성군,차대차,정면충돌,정면충돌,중앙선 침범,교차로,교차로부근
6874,2013-11-19 18,야간,화,1,1,0,0,0,충북,영동군,차대차,추돌,진행중 추돌,안전운전 의무 불이행,단일로,기타단일로
6875,2013-03-23 19,야간,토,1,1,0,0,0,충남,천안시,차대사람,횡단중,횡단중,안전운전 의무 불이행,단일로,기타단일로
6876,2013-09-26 15,주간,목,1,3,1,1,0,경남,함안군,차대차,측면충돌,측면충돌,신호위반,교차로,교차로내
6877,2013-03-08 19,야간,금,1,1,0,0,0,경남,거제시,차대차,기타,기타,안전운전 의무 불이행,교차로,교차로내
6878,2013-03-30 01,야간,토,1,1,0,0,0,제주,서귀포시,차량단독,공작물충돌,공작물충돌,안전운전 의무 불이행,교차로,교차로부근
6879,2013-03-23 19,야간,토,1,1,0,0,0,충남,천안시,차대사람,횡단중,횡단중,안전운전 의무 불이행,단일로,기타단일로
6880,2013-10-08 19,야간,화,1,3,0,1,1,부산,기장군,차대차,측면충돌,측면충돌,안전거리 미확보,단일로,기타단일로
6881,2013-04-01 20,야간,월,1,1,0,0,0,경남,창원시(통합),차대사람,차도통행중,차도통행중,안전운전 의무 불이행,단일로,기타단일로
6882,2013-08-17 01,야간,토,1,5,2,2,0,경북,문경시,차대차,추돌,주정차중 추돌,안전운전 의무 불이행,단일로,기타단일로
6883,2013-07-06 16,주간,토,1,2,1,0,0,전북,완주군,차량단독,도로이탈,도로이탈 추락,안전운전 의무 불이행,단일로,기타단일로
6884,2013-03-01 00,야간,금,1,1,0,0,0,서울,관악구,차대사람,기타,기타,안전운전 의무 불이행,단일로,기타단일로
6885,2013-02-03 01,야간,일,1,1,0,0,0,충북,청주시,차대사람,차도통행중,차도통행중,과속,교차로,교차로부근
6886,2013-08-15 20,야간,목,1,2,0,1,0,경북,칠곡군,차대사람,기타,기타,안전운전 의무 불이행,단일로,기타단일로
6887,2013-02-07 21,야간,목,1,1,0,0,0,경기,남양주시,차대사람,기타,기타,안전운전 의무 불이행,단일로,기타단일로
6888,2013-01-31 19,야간,목,1,1,0,0,0,경북,구미시,차대차,측면충돌,측면충돌,교차로 통행방법 위반,교차로,교차로내
6889,2013-02-25 21,야간,월,1,1,0,0,0,울산,북구,차량단독,전도전복,전도전복,안전운전 의무 불이행,교차로,교차로부근
6890,2013-04-08 23,야간,월,1,1,0,0,0,경남,창원시(통합),차대차,추돌,진행중 추돌,안전운전 의무 불이행,단일로,기타단일로
6891,2013-08-09 18,야간,금,1,7,0,5,1,경기,광명시,차대차,측면충돌,측면충돌,안전운전 의무 불이행,단일로,기타단일로
6892,2013-06-29 20,야간,토,1,2,0,1,0,강원,동해시,차대차,추돌,진행중 추돌,안전거리 미확보,단일로,기타단일로
6893,2013-03-27 13,주간,수,1,1,0,0,0,경기,안성시,차대차,측면충돌,측면충돌,안전운전 의무 불이행,단일로,기타단일로
6894,2013-03-11 10,주간,월,1,1,0,0,0,충북,청주시,차대사람,횡단중,횡단중,안전운전 의무 불이행,교차로,교차로부근
6895,2013-05-25 14,주간,토,1,1,0,0,0,충남,논산시,차대차,측면충돌,측면충돌,기타,교차로,교차로부근
6896,2013-10-30 14,주간,수,1,1,0,0,0,전북,고창군,차대사람,기타,기타,안전운전 의무 불이행,교차로,교차로내
6897,2013-11-22 17,주간,금,1,1,0,0,0,전남,담양군,차대차,측면충돌,측면충돌,중앙선 침범,단일로,기타단일로
6898,2013-12-23 18,야간,월,1,1,0,0,0,경남,고성군,차대사람,기타,기타,안전운전 의무 불이행,단일로,기타단일로
6899,2013-07-21 23,야간,일,2,4,2,0,0,경기,가평군,차대차,기타,기타,과속,단일로,기타단일로
6900,2013-07-13 11,주간,토,1,1,0,0,0,전북,남원시,차량단독,전도전복,전도전복,안전운전 의무 불이행,단일로,기타단일로
6901,2013-02-02 01,야간,토,1,3,2,0,0,광주,북구,차대차,정면충돌,정면충돌,중앙선 침범,단일로,기타단일로
6902,2013-06-26 08,주간,수,1,1,0,0,0,충북,음성군,차대사람,횡단중,횡단중,보행자 보호의무 위반,교차로,교차로부근
6903,2013-06-06 23,야간,목,1,1,0,0,0,전남,나주시,차량단독,도로이탈,도로이탈 추락,안전운전 의무 불이행,기타/불명,기타/불명
6904,2013-08-12 03,야간,월,1,2,1,0,0,경기,부천시,차대차,추돌,진행중 추돌,과속,단일로,기타단일로
6905,2013-11-23 02,야간,토,1,1,0,0,0,전남,담양군,차량단독,기타,기타,안전운전 의무 불이행,단일로,기타단일로
6906,2013-02-08 20,야간,금,1,1,0,0,0,서울,영등포구,차대사람,횡단중,횡단중,보행자 보호의무 위반,단일로,횡단보도상
6907,2013-09-17 17,주간,화,1,1,0,0,0,충남,예산군,차량단독,공작물충돌,공작물충돌,안전운전 의무 불이행,단일로,기타단일로
6908,2013-10-29 21,야간,화,1,1,0,0,0,경남,창녕군,차대사람,기타,기타,안전운전 의무 불이행,단일로,기타단일로
6909,2013-11-23 18,야간,토,1,1,0,0,0,전남,담양군,차대사람,보도통행중,보도통행중,보행자 보호의무 위반,교차로,교차로내
6910,2013-02-24 18,야간,일,1,1,0,0,0,충남,천안시,차대사람,기타,기타,안전운전 의무 불이행,단일로,기타단일로
6911,2013-02-02 10,주간,토,1,1,0,0,0,광주,북구,차대사람,길가장자리구역통행중,길가장자리구역통행중,안전운전 의무 불이행,단일로,기타단일로
6912,2013-12-04 06,주간,수,1,2,0,1,0,전남,강진군,차대차,추돌,주정차중 추돌,안전운전 의무 불이행,교차로,교차로내
6913,2013-06-28 01,야간,금,1,2,0,1,0,충북,음성군,차대차,정면충돌,정면충돌,중앙선 침범,교차로,교차로부근
6914,2013-01-31 07,주간,목,1,1,0,0,0,경기,평택시,차대사람,횡단중,횡단중,보행자 보호의무 위반,교차로,교차로내
6915,2013-01-24 19,야간,목,1,1,0,0,0,대전,유성구,차대사람,기타,기타,안전운전 의무 불이행,단일로,기타단일로
6916,2013-06-09 18,야간,일,2,2,0,0,0,경남,밀양시,차대차,측면충돌,측면충돌,안전운전 의무 불이행,교차로,교차로내
6917,2013-02-04 02,야간,월,1,1,0,0,0,충북,청주시,차량단독,공작물충돌,공작물충돌,안전운전 의무 불이행,교차로,교차로내
6918,2013-05-20 15,주간,월,1,9,3,5,0,부산,기장군,차대차,측면충돌,측면충돌,안전운전 의무 불이행,교차로,교차로내
6919,2013-12-04 06,주간,수,1,1,0,0,0,충남,서천군,차대사람,횡단중,횡단중,안전운전 의무 불이행,기타/불명,기타/불명
6920,2013-07-26 18,야간,금,1,1,0,0,0,전남,영암군,차량단독,도로이탈,도로이탈 추락,안전운전 의무 불이행,단일로,기타단일로
6921,2013-05-08 12,주간,수,1,1,0,0,0,부산,강서구,차대차,추돌,주정차중 추돌,안전운전 의무 불이행,단일로,교량위
6922,2013-03-30 06,주간,토,1,2,1,0,0,경기,안성시,차대차,측면충돌,측면충돌,신호위반,교차로,교차로내
6923,2013-02-12 16,주간,화,1,1,0,0,0,경기,파주시,차량단독,공작물충돌,공작물충돌,안전운전 의무 불이행,단일로,기타단일로
6924,2013-03-29 19,야간,금,1,1,0,0,0,경남,진주시,차대사람,기타,기타,안전운전 의무 불이행,단일로,기타단일로
6925,2013-04-04 23,야간,목,1,1,0,0,0,울산,동구,차량단독,기타,기타,안전운전 의무 불이행,단일로,기타단일로
6926,2013-07-23 09,주간,화,1,1,0,0,0,충남,보령시,차대사람,횡단중,횡단중,과속,교차로,교차로내
6927,2013-05-28 09,주간,화,1,1,0,0,0,충남,논산시,차대사람,차도통행중,차도통행중,안전운전 의무 불이행,단일로,기타단일로
6928,2013-04-09 14,주간,화,1,1,0,0,0,경기,포천시,차대사람,기타,기타,안전운전 의무 불이행,기타/불명,기타/불명
6929,2013-08-02 09,주간,금,1,2,0,1,0,전북,김제시,차대사람,기타,기타,안전운전 의무 불이행,단일로,기타단일로
6930,2013-09-22 20,야간,일,2,4,2,0,0,충남,예산군,차대차,정면충돌,정면충돌,중앙선 침범,단일로,기타단일로
6931,2013-06-13 09,주간,목,2,2,0,0,0,경기,동두천시,차대차,측면충돌,측면충돌,교차로 통행방법 위반,교차로,교차로내
6932,2013-08-29 07,주간,목,1,1,0,0,0,세종,세종,차대차,기타,기타,교차로 통행방법 위반,교차로,교차로내
6933,2013-10-05 08,주간,토,1,2,1,0,0,경남,함안군,차대차,정면충돌,정면충돌,중앙선 침범,교차로,교차로부근
6934,2013-04-18 20,야간,목,1,1,0,0,0,전남,광양시,차대차,기타,기타,안전운전 의무 불이행,단일로,기타단일로
6935,2013-02-05 07,주간,화,1,1,0,0,0,경기,고양시,차대사람,기타,기타,안전운전 의무 불이행,단일로,기타단일로
6936,2013-02-22 22,야간,금,1,1,0,0,0,경기,김포시,차대사람,차도통행중,차도통행중,안전운전 의무 불이행,교차로,교차로내
6937,2013-05-13 17,주간,월,1,1,0,0,0,경북,김천시,차량단독,기타,기타,안전운전 의무 불이행,단일로,기타단일로
6938,2013-03-21 21,야간,목,1,1,0,0,0,광주,남구,차대사람,횡단중,횡단중,신호위반,단일로,횡단보도상
6939,2013-03-03 11,주간,일,1,1,0,0,0,서울,관악구,차대사람,기타,기타,안전운전 의무 불이행,단일로,기타단일로
6940,2013-07-29 18,야간,월,1,1,0,0,0,전남,영암군,차량단독,기타,기타,안전운전 의무 불이행,단일로,기타단일로
6941,2013-02-14 15,주간,목,1,1,0,0,0,전북,군산시,차대차,기타,기타,신호위반,교차로,교차로내
6942,2013-08-27 05,야간,화,2,2,0,0,0,경북,문경시,차대차,추돌,진행중 추돌,안전운전 의무 불이행,단일로,기타단일로
6943,2013-01-31 22,야간,목,1,1,0,0,0,서울,송파구,차대사람,차도통행중,차도통행중,안전운전 의무 불이행,교차로,교차로부근
6944,2013-04-27 17,주간,토,1,1,0,0,0,경기,부천시,차대차,정면충돌,정면충돌,신호위반,교차로,교차로부근
6945,2013-08-03 05,야간,토,1,3,2,0,0,충북,진천군,차대사람,기타,기타,안전운전 의무 불이행,교차로,교차로부근
6946,2013-07-02 05,야간,화,1,1,0,0,0,충북,음성군,차대사람,횡단중,횡단중,안전운전 의무 불이행,단일로,기타단일로
6947,2013-05-10 09,주간,금,1,5,1,3,0,강원,양양군,차대차,측면충돌,측면충돌,중앙선 침범,교차로,교차로부근
6948,2013-03-11 15,주간,월,1,1,0,0,0,경북,포항시,차량단독,공작물충돌,공작물충돌,안전운전 의무 불이행,단일로,기타단일로
6949,2013-06-13 18,야간,목,1,1,0,0,0,전남,나주시,차대차,기타,기타,기타,교차로,교차로내
6950,2013-12-15 10,주간,일,1,3,2,0,0,충남,서천군,차대차,정면충돌,정면충돌,중앙선 침범,단일로,기타단일로
6951,2013-07-03 18,야간,수,1,1,0,0,0,충북,음성군,차대차,기타,기타,중앙선 침범,단일로,기타단일로
6952,2013-10-28 03,야간,월,2,2,0,0,0,경남,김해시,차량단독,기타,기타,안전운전 의무 불이행,단일로,기타단일로
6953,2013-03-07 20,야간,목,1,1,0,0,0,부산,사하구,차량단독,공작물충돌,공작물충돌,안전운전 의무 불이행,교차로,교차로부근
6954,2013-03-25 08,주간,월,1,2,1,0,0,충남,아산시,차대차,측면충돌,측면충돌,신호위반,교차로,교차로내
6955,2013-02-19 02,야간,화,1,1,0,0,0,경북,경주시,차대차,기타,기타,안전운전 의무 불이행,교차로,교차로내
6956,2013-10-28 14,주간,월,1,20,6,11,2,부산,금정구,차대차,추돌,주정차중 추돌,과속,단일로,기타단일로
6957,2013-03-05 09,주간,화,1,1,0,0,0,경기,광주시,차대차,측면충돌,측면충돌,안전운전 의무 불이행,단일로,기타단일로
6958,2013-03-29 10,주간,금,1,1,0,0,0,경기,용인시,차대사람,횡단중,횡단중,안전운전 의무 불이행,교차로,교차로내
6959,2013-06-10 13,주간,월,1,1,0,0,0,경기,용인시,차대사람,기타,기타,안전운전 의무 불이행,단일로,기타단일로
6960,2013-10-23 20,야간,수,1,1,0,0,0,전남,무안군,차량단독,공작물충돌,공작물충돌,안전운전 의무 불이행,단일로,기타단일로
6961,2013-03-29 00,야간,금,1,2,0,1,0,충북,충주시,차대차,추돌,주정차중 추돌,안전운전 의무 불이행,교차로,교차로부근
6962,2013-10-19 18,야간,토,1,4,3,0,0,충북,괴산군,차량단독,공작물충돌,공작물충돌,안전운전 의무 불이행,단일로,기타단일로
6963,2013-11-08 07,주간,금,1,1,0,0,0,경남,창녕군,차량단독,공작물충돌,공작물충돌,안전운전 의무 불이행,교차로,교차로내
6964,2013-03-13 16,주간,수,1,6,5,0,0,서울,강남구,차대차,측면충돌,측면충돌,중앙선 침범,단일로,기타단일로
6965,2013-04-06 19,야간,토,1,16,2,13,0,서울,구로구,차대사람,기타,기타,안전운전 의무 불이행,단일로,기타단일로
6966,2013-08-27 07,주간,화,1,2,1,0,0,경기,시흥시,차대차,기타,기타,안전운전 의무 불이행,단일로,기타단일로
6967,2013-07-06 06,주간,토,1,1,0,0,0,충북,음성군,차대차,기타,기타,기타,교차로,교차로내
6968,2013-07-29 07,주간,월,1,2,1,0,0,충남,보령시,차대차,정면충돌,정면충돌,중앙선 침범,단일로,기타단일로
6969,2013-07-18 20,야간,목,1,2,1,0,0,전북,완주군,차대사람,차도통행중,차도통행중,안전운전 의무 불이행,단일로,기타단일로
6970,2013-10-21 09,주간,월,1,1,0,0,0,충북,괴산군,차량단독,공작물충돌,공작물충돌,안전운전 의무 불이행,교차로,교차로부근
6971,2013-08-02 11,주간,금,1,1,0,0,0,전남,영암군,차량단독,공작물충돌,공작물충돌,안전운전 의무 불이행,단일로,기타단일로
6972,2013-03-16 17,주간,토,1,1,0,0,0,경기,안양시,차대사람,기타,기타,안전운전 의무 불이행,단일로,기타단일로
6973,2013-12-31 09,주간,화,1,1,0,0,0,충남,서천군,차량단독,공작물충돌,공작물충돌,안전운전 의무 불이행,기타/불명,기타/불명
6974,2013-10-10 18,야간,목,1,1,0,0,0,전남,화순군,차대사람,횡단중,횡단중,안전운전 의무 불이행,단일로,기타단일로
6975,2013-07-19 20,야간,금,1,1,0,0,0,전북,완주군,차대차,기타,기타,안전운전 의무 불이행,단일로,기타단일로
6976,2013-06-25 17,주간,화,1,1,0,0,0,경기,양평군,차대사람,횡단중,횡단중,중앙선 침범,단일로,기타단일로
6977,2013-05-22 10,주간,수,1,1,0,0,0,경기,여주시,차대사람,기타,기타,안전운전 의무 불이행,단일로,기타단일로
6978,2013-07-10 10,주간,수,1,1,0,0,0,대구,북구,차대차,측면충돌,측면충돌,안전운전 의무 불이행,단일로,횡단보도부근
6979,2013-03-02 22,야간,토,1,1,0,0,0,서울,마포구,차대사람,횡단중,횡단중,안전운전 의무 불이행,단일로,기타단일로
6980,2013-03-16 07,주간,토,1,1,0,0,0,부산,금정구,차대사람,횡단중,횡단중,보행자 보호의무 위반,단일로,기타단일로
6981,2013-02-02 06,주간,토,1,1,0,0,0,경기,평택시,차대사람,횡단중,횡단중,안전운전 의무 불이행,교차로,교차로부근
6982,2013-08-04 18,야간,일,1,1,0,0,0,전남,영암군,차량단독,전도전복,전도전복,안전운전 의무 불이행,단일로,기타단일로
6983,2013-08-12 18,야간,월,1,1,0,0,0,전북,김제시,차대차,측면충돌,측면충돌,안전운전 의무 불이행,단일로,기타단일로
6984,2013-10-26 12,주간,토,1,1,0,0,0,전남,무안군,차량단독,도로이탈,도로이탈 추락,안전운전 의무 불이행,단일로,기타단일로
6985,2013-04-14 01,야간,일,1,2,1,0,0,경남,김해시,차대차,추돌,주정차중 추돌,안전운전 의무 불이행,단일로,기타단일로
6986,2013-03-04 22,야간,월,1,1,0,0,0,전남,여수시,차량단독,공작물충돌,공작물충돌,안전운전 의무 불이행,단일로,교량위
6987,2013-02-19 08,주간,화,1,1,0,0,0,경기,용인시,차량단독,공작물충돌,공작물충돌,안전운전 의무 불이행,단일로,기타단일로
6988,2013-02-08 18,야간,금,1,2,1,0,0,전북,익산시,차량단독,전도전복,전도전복,안전운전 의무 불이행,단일로,기타단일로
6989,2013-06-19 15,주간,수,1,1,0,0,0,경남,밀양시,차량단독,공작물충돌,공작물충돌,안전운전 의무 불이행,단일로,기타단일로
6990,2013-03-10 19,야간,일,1,1,0,0,0,강원,춘천시,차대사람,횡단중,횡단중,안전운전 의무 불이행,단일로,횡단보도상
6991,2013-07-07 00,야간,일,1,5,4,0,0,충남,홍성군,차량단독,도로이탈,도로이탈 추락,과속,단일로,기타단일로
6992,2013-08-06 01,야간,화,2,3,1,0,0,전남,영암군,차량단독,공작물충돌,공작물충돌,안전운전 의무 불이행,단일로,기타단일로
6993,2013-04-18 09,주간,목,1,1,0,0,0,경남,통영시,차대사람,차도통행중,차도통행중,안전운전 의무 불이행,단일로,기타단일로
6994,2013-02-15 17,주간,금,1,3,2,0,0,경기,파주시,차대차,추돌,진행중 추돌,안전운전 의무 불이행,단일로,기타단일로
6995,2013-12-25 06,주간,수,1,3,2,0,0,대전,서구,차대차,기타,기타,중앙선 침범,단일로,기타단일로
6996,2013-11-22 06,주간,금,2,5,0,3,0,경기,과천시,차대차,기타,기타,안전운전 의무 불이행,단일로,기타단일로
6997,2013-05-02 23,야간,목,1,4,0,3,0,인천,중구,차대차,측면충돌,측면충돌,신호위반,교차로,교차로내
6998,2013-02-06 10,주간,수,1,1,0,0,0,충북,청주시,차대사람,횡단중,횡단중,신호위반,단일로,기타단일로
6999,2013-09-17 19,야간,화,1,4,1,1,1,전남,해남군,차대차,기타,기타,중앙선 침범,단일로,기타단일로
7000,2013-04-14 16,주간,일,1,1,0,0,0,충남,당진시,차량단독,도로이탈,도로이탈 기타,안전운전 의무 불이행,단일로,기타단일로
7001,2013-05-11 01,야간,토,1,2,1,0,0,경북,칠곡군,차대차,추돌,진행중 추돌,안전운전 의무 불이행,단일로,기타단일로
7002,2013-09-04 05,야간,수,1,2,1,0,0,경북,김천시,차대차,추돌,진행중 추돌,안전운전 의무 불이행,단일로,기타단일로
7003,2013-02-13 01,야간,수,1,1,0,0,0,전북,전주시,차대사람,보도통행중,보도통행중,보행자 보호의무 위반,단일로,기타단일로
7004,2013-07-14 05,야간,일,1,2,1,0,0,경북,상주시,차대차,추돌,진행중 추돌,안전운전 의무 불이행,단일로,기타단일로
7005,2013-12-20 20,야간,금,1,5,3,1,0,전남,고흥군,차대차,기타,기타,중앙선 침범,단일로,기타단일로
7006,2013-02-17 01,야간,일,1,2,0,1,0,경기,오산시,차대차,기타,기타,신호위반,교차로,교차로내
7007,2013-04-19 23,야간,금,1,1,0,0,0,경기,포천시,차량단독,공작물충돌,공작물충돌,안전운전 의무 불이행,단일로,기타단일로
7008,2013-02-19 13,주간,화,1,1,0,0,0,강원,원주시,차대사람,횡단중,횡단중,안전운전 의무 불이행,교차로,교차로부근
7009,2013-09-20 15,주간,금,1,1,0,0,0,전남,해남군,차대차,기타,기타,안전운전 의무 불이행,단일로,기타단일로
7010,2013-04-03 20,야간,수,1,1,0,0,0,경남,창원시(통합),차량단독,공작물충돌,공작물충돌,안전운전 의무 불이행,단일로,기타단일로
7011,2013-07-15 18,야간,월,1,2,0,1,0,강원,동해시,차대차,정면충돌,정면충돌,중앙선 침범,단일로,기타단일로
7012,2013-12-22 03,야간,일,1,1,0,0,0,전남,고흥군,차량단독,전도전복,전도전복,안전운전 의무 불이행,단일로,기타단일로
7013,2013-06-18 09,주간,화,1,2,1,0,0,경기,이천시,차대차,측면충돌,측면충돌,안전운전 의무 불이행,단일로,기타단일로
7014,2013-03-05 10,주간,화,1,1,0,0,0,서울,마포구,차대사람,횡단중,횡단중,안전운전 의무 불이행,교차로,교차로내
7015,2013-09-24 02,야간,화,1,2,1,0,0,전남,해남군,차대차,추돌,주정차중 추돌,안전운전 의무 불이행,단일로,기타단일로