교통사고이력ID(사고기록 순서),발생년월일시,주야코드,요일코드,사망자수,부상자수,중상자수,경상자수,부상신고자수,발생지시도코드,발생지시도코드,사고유형대분류코드,사고유형중분류코드,사고유형코드,법규위반코드,도로형태대분류코드,도로로형태코드
7215,2013-03-26 15,주간,화,1,1,0,0,0,서울,노원구,차대사람,보도통행중,보도통행중,중앙선 침범,단일로,기타단일로
7216,2013-09-26 20,야간,목,1,3,0,2,0,충북,진천군,차대차,추돌,주정차중 추돌,안전운전 의무 불이행,교차로,교차로부근
7217,2013-02-22 02,야간,금,1,2,0,1,0,경기,남양주시,차량단독,공작물충돌,공작물충돌,안전운전 의무 불이행,단일로,기타단일로
7218,2013-03-16 21,야간,토,1,1,0,0,0,전남,여수시,차대사람,횡단중,횡단중,신호위반,교차로,교차로내
7219,2013-06-30 12,주간,일,1,3,2,0,0,부산,영도구,차량단독,공작물충돌,공작물충돌,안전운전 의무 불이행,단일로,기타단일로
7220,2013-03-28 11,주간,목,1,1,0,0,0,경기,안산시,차대차,측면충돌,측면충돌,기타,단일로,기타단일로
7221,2013-12-19 07,주간,목,1,3,2,0,0,경남,함안군,차대차,정면충돌,정면충돌,중앙선 침범,단일로,기타단일로
7222,2013-12-13 17,주간,금,1,1,0,0,0,충남,예산군,차대사람,횡단중,횡단중,안전운전 의무 불이행,단일로,기타단일로
7223,2013-03-11 09,주간,월,1,1,0,0,0,서울,중랑구,차대차,추돌,진행중 추돌,안전운전 의무 불이행,단일로,기타단일로
7224,2013-10-29 20,야간,화,1,2,0,1,0,충남,공주시,차대차,추돌,진행중 추돌,안전운전 의무 불이행,기타/불명,기타/불명
7225,2013-04-16 08,주간,화,1,1,0,0,0,광주,남구,차대사람,차도통행중,차도통행중,안전운전 의무 불이행,단일로,기타단일로
7226,2013-10-21 10,주간,월,1,1,0,0,0,전북,부안군,차대사람,기타,기타,안전운전 의무 불이행,교차로,교차로부근
7227,2013-02-18 09,주간,월,1,1,0,0,0,광주,서구,차대사람,횡단중,횡단중,안전운전 의무 불이행,단일로,기타단일로
7228,2013-12-20 08,주간,금,1,5,2,2,0,경남,함안군,차대차,기타,기타,안전운전 의무 불이행,단일로,기타단일로
7229,2013-05-17 04,야간,금,1,1,0,0,0,대전,대덕구,차대차,측면충돌,측면충돌,과속,단일로,기타단일로
7230,2013-04-15 20,야간,월,1,1,0,0,0,대전,동구,차대사람,횡단중,횡단중,안전운전 의무 불이행,단일로,횡단보도부근
7231,2013-04-01 14,주간,월,1,1,0,0,0,서울,강남구,차대사람,기타,기타,안전운전 의무 불이행,단일로,기타단일로
7232,2013-03-12 11,주간,화,1,1,0,0,0,서울,강서구,차대사람,기타,기타,보행자 보호의무 위반,교차로,교차로부근
7233,2013-08-09 07,주간,금,1,1,0,0,0,전북,정읍시,차대차,정면충돌,정면충돌,중앙선 침범,단일로,기타단일로
7234,2013-05-07 21,야간,화,1,1,0,0,0,경남,김해시,차대사람,기타,기타,안전운전 의무 불이행,단일로,기타단일로
7235,2013-02-10 17,주간,일,1,9,0,8,0,경기,평택시,차대차,측면충돌,측면충돌,신호위반,교차로,교차로내
7236,2013-04-28 17,주간,일,2,6,0,4,0,서울,구로구,차대차,측면충돌,측면충돌,안전운전 의무 불이행,단일로,기타단일로
7237,2013-06-05 03,야간,수,1,1,0,0,0,대구,달성군,차량단독,공작물충돌,공작물충돌,안전운전 의무 불이행,교차로,교차로내
7238,2013-07-05 17,주간,금,1,1,0,0,0,충남,논산시,차대차,기타,기타,교차로 통행방법 위반,교차로,교차로내
7239,2013-06-27 13,주간,목,1,1,0,0,0,경기,여주시,차량단독,전도전복,전도전복,안전운전 의무 불이행,단일로,기타단일로
7240,2013-12-24 23,야간,화,1,1,0,0,0,전남,화순군,차대사람,차도통행중,차도통행중,보행자 보호의무 위반,단일로,횡단보도부근
7241,2013-10-22 09,주간,화,1,1,0,0,0,경북,문경시,차대차,기타,기타,안전운전 의무 불이행,단일로,횡단보도부근
7242,2013-10-01 08,주간,화,1,2,1,0,0,충북,진천군,차대차,측면충돌,측면충돌,교차로 통행방법 위반,교차로,교차로내
7243,2013-02-18 23,야간,월,1,1,0,0,0,경기,시흥시,차량단독,전도전복,전도전복,안전운전 의무 불이행,단일로,고가도로위
7244,2013-09-16 12,주간,월,1,1,0,0,0,경북,영주시,차대차,측면충돌,측면충돌,신호위반,교차로,교차로내
7245,2013-08-26 16,주간,월,1,1,0,0,0,강원,동해시,차대차,측면충돌,측면충돌,안전운전 의무 불이행,교차로,교차로내
7246,2013-02-13 04,야간,수,1,8,3,4,0,경북,구미시,차대차,측면충돌,측면충돌,신호위반,교차로,교차로내
7247,2013-03-12 18,야간,화,1,6,4,1,0,경기,김포시,차대차,기타,기타,중앙선 침범,단일로,기타단일로
7248,2013-09-21 22,야간,토,1,1,0,0,0,전남,영암군,차대차,기타,기타,안전운전 의무 불이행,단일로,기타단일로
7249,2013-07-09 10,주간,화,1,1,0,0,0,부산,기장군,차대차,측면충돌,측면충돌,안전운전 의무 불이행,교차로,교차로부근
7250,2013-05-23 11,주간,목,1,2,1,0,0,전남,광양시,차대차,측면충돌,측면충돌,신호위반,교차로,교차로내
7251,2013-06-24 20,야간,월,1,1,0,0,0,경북,김천시,차대사람,기타,기타,안전운전 의무 불이행,단일로,횡단보도상
7252,2013-03-24 00,야간,일,1,1,0,0,0,제주,제주시,차대사람,횡단중,횡단중,안전운전 의무 불이행,단일로,기타단일로
7253,2013-05-02 12,주간,목,1,1,0,0,0,경남,창원시(통합),차대차,측면충돌,측면충돌,안전운전 의무 불이행,교차로,교차로내
7254,2013-08-21 19,야간,수,1,1,0,0,0,충북,음성군,차대차,측면충돌,측면충돌,신호위반,교차로,교차로내
7255,2013-08-18 00,야간,일,1,1,0,0,0,경북,상주시,차대차,기타,기타,안전운전 의무 불이행,단일로,기타단일로
7256,2013-06-25 12,주간,화,1,3,1,1,0,광주,동구,차대사람,횡단중,횡단중,중앙선 침범,단일로,횡단보도상
7257,2013-07-24 21,야간,수,1,13,7,5,0,전남,나주시,차량단독,기타,기타,기타,단일로,기타단일로
7258,2013-10-28 18,야간,월,2,2,0,0,0,경북,문경시,차대차,추돌,주정차중 추돌,안전운전 의무 불이행,단일로,기타단일로
7259,2013-09-06 09,주간,금,1,1,0,0,0,전북,완주군,차량단독,도로이탈,도로이탈 추락,안전운전 의무 불이행,단일로,기타단일로
7260,2013-10-27 08,주간,일,1,6,4,0,1,경북,경산시,차량단독,공작물충돌,공작물충돌,안전운전 의무 불이행,단일로,기타단일로
7261,2013-08-13 14,주간,화,1,1,0,0,0,전북,정읍시,차대차,측면충돌,측면충돌,중앙선 침범,단일로,기타단일로
7262,2013-11-05 21,야간,화,1,1,0,0,0,세종,세종,차량단독,전도전복,전도전복,안전운전 의무 불이행,단일로,기타단일로
7263,2013-04-21 12,주간,일,1,1,0,0,0,울산,울주군,차량단독,공작물충돌,공작물충돌,안전운전 의무 불이행,단일로,기타단일로
7264,2013-02-27 23,야간,수,1,1,0,0,0,서울,강남구,차대사람,횡단중,횡단중,안전운전 의무 불이행,단일로,횡단보도상
7265,2013-04-14 13,주간,일,1,1,0,0,0,충남,서산시,차량단독,전도전복,전도전복,안전운전 의무 불이행,단일로,기타단일로
7266,2013-09-07 19,야간,토,1,1,0,0,0,전북,완주군,차대차,기타,기타,안전운전 의무 불이행,단일로,기타단일로
7267,2013-02-14 00,야간,목,1,1,0,0,0,경북,구미시,차대사람,기타,기타,안전운전 의무 불이행,교차로,교차로부근
7268,2013-08-03 16,주간,토,1,1,0,0,0,경기,양평군,차량단독,전도전복,전도전복,안전운전 의무 불이행,단일로,기타단일로
7269,2013-04-28 18,야간,일,4,6,2,0,0,제주,서귀포시,차량단독,전도전복,전도전복,안전운전 의무 불이행,단일로,기타단일로
7270,2013-09-08 04,야간,일,1,2,0,1,0,전북,완주군,차대차,정면충돌,정면충돌,중앙선 침범,단일로,기타단일로
7271,2013-06-12 02,야간,수,1,1,0,0,0,경북,칠곡군,차량단독,전도전복,전도전복,안전운전 의무 불이행,단일로,기타단일로
7272,2013-02-20 15,주간,수,1,1,0,0,0,경기,시흥시,차대사람,횡단중,횡단중,신호위반,단일로,횡단보도상
7273,2013-07-07 21,야간,일,1,1,0,0,0,부산,영도구,차대사람,횡단중,횡단중,보행자 보호의무 위반,단일로,횡단보도부근
7274,2013-03-27 15,주간,수,1,1,0,0,0,강원,춘천시,차량단독,전도전복,전도전복,안전운전 의무 불이행,단일로,기타단일로
7275,2013-11-09 09,주간,토,1,1,0,0,0,충남,공주시,차량단독,도로이탈,도로이탈 기타,안전운전 의무 불이행,단일로,기타단일로
7276,2013-03-05 12,주간,화,1,1,0,0,0,경기,의정부시,차대차,추돌,진행중 추돌,안전운전 의무 불이행,단일로,기타단일로
7277,2013-09-23 05,야간,월,1,2,1,0,0,경북,영주시,차대차,추돌,진행중 추돌,과속,단일로,교량위
7278,2013-03-31 00,야간,일,1,3,2,0,0,서울,강동구,차량단독,공작물충돌,공작물충돌,안전운전 의무 불이행,교차로,교차로부근
7279,2013-03-25 16,주간,월,1,2,0,1,0,경남,김해시,차대차,정면충돌,정면충돌,중앙선 침범,단일로,기타단일로
7280,2013-10-30 16,주간,수,1,1,0,0,0,경북,문경시,차량단독,전도전복,전도전복,안전운전 의무 불이행,단일로,기타단일로
7281,2013-06-23 19,야간,일,1,3,1,1,0,부산,강서구,차량단독,공작물충돌,공작물충돌,안전운전 의무 불이행,교차로,교차로내
7282,2013-03-31 06,주간,일,1,1,0,0,0,서울,강동구,차대차,추돌,주정차중 추돌,안전운전 의무 불이행,단일로,기타단일로
7283,2013-05-18 18,야간,토,1,1,0,0,0,경기,포천시,차량단독,공작물충돌,공작물충돌,안전운전 의무 불이행,단일로,기타단일로
7284,2013-06-20 09,주간,목,1,1,0,0,0,인천,부평구,차대차,측면충돌,측면충돌,안전운전 의무 불이행,교차로,교차로내
7285,2013-04-09 13,주간,화,1,1,0,0,0,경기,수원시,차대사람,보도통행중,보도통행중,기타,단일로,기타단일로
7286,2013-05-07 20,야간,화,1,1,0,0,0,경북,안동시,차대사람,횡단중,횡단중,안전운전 의무 불이행,단일로,기타단일로
7287,2013-04-22 12,주간,월,1,1,0,0,0,경남,진주시,차대차,측면충돌,측면충돌,안전운전 의무 불이행,단일로,기타단일로
7288,2013-09-24 15,주간,화,1,1,0,0,0,경북,영주시,차대차,추돌,주정차중 추돌,안전운전 의무 불이행,단일로,기타단일로
7289,2013-09-14 19,야간,토,1,2,0,1,0,경기,가평군,차대사람,길가장자리구역통행중,길가장자리구역통행중,안전운전 의무 불이행,단일로,기타단일로
7290,2013-03-24 05,야간,일,1,1,0,0,0,부산,사상구,차량단독,공작물충돌,공작물충돌,안전운전 의무 불이행,단일로,기타단일로
7291,2013-11-03 06,주간,일,1,11,8,2,0,대구,달성군,차량단독,공작물충돌,공작물충돌,안전운전 의무 불이행,단일로,기타단일로
7292,2013-03-26 19,야간,화,1,3,2,0,0,제주,제주시,차대차,추돌,진행중 추돌,안전운전 의무 불이행,단일로,기타단일로
7293,2013-05-08 00,야간,수,1,1,0,0,0,경북,안동시,차대차,기타,기타,안전운전 의무 불이행,단일로,기타단일로
7294,2013-04-22 18,야간,월,1,2,1,0,0,울산,울주군,차대차,기타,기타,안전거리 미확보,교차로,교차로내
7295,2013-05-08 07,주간,수,1,1,0,0,0,서울,금천구,차대사람,횡단중,횡단중,안전운전 의무 불이행,교차로,교차로내
7296,2013-02-23 23,야간,토,1,2,1,0,0,경기,남양주시,차량단독,공작물충돌,공작물충돌,안전운전 의무 불이행,단일로,기타단일로
7297,2013-03-29 23,야간,금,1,8,2,5,0,경기,광주시,차대차,정면충돌,정면충돌,중앙선 침범,단일로,기타단일로
7298,2013-05-12 02,야간,일,1,1,0,0,0,경남,김해시,차대차,기타,기타,안전운전 의무 불이행,기타/불명,기타/불명
7299,2013-04-30 23,야간,화,1,1,0,0,0,경기,안성시,차대사람,횡단중,횡단중,안전운전 의무 불이행,단일로,기타단일로
7300,2013-09-10 00,야간,화,1,1,0,0,0,경기,의왕시,차량단독,기타,기타,기타,단일로,기타단일로
7301,2013-03-06 00,야간,수,2,2,0,0,0,인천,서구,차량단독,공작물충돌,공작물충돌,과속,교차로,교차로부근
7302,2013-02-19 04,야간,화,1,1,0,0,0,인천,남동구,차대사람,횡단중,횡단중,안전운전 의무 불이행,단일로,기타단일로
7303,2013-10-13 05,야간,일,1,1,0,0,0,충북,진천군,차량단독,공작물충돌,공작물충돌,안전운전 의무 불이행,단일로,기타단일로
7304,2013-06-12 10,주간,수,1,1,0,0,0,대구,달성군,차대차,측면충돌,측면충돌,중앙선 침범,단일로,기타단일로
7305,2013-04-29 02,야간,월,1,2,0,1,0,서울,서대문구,차대차,추돌,진행중 추돌,안전운전 의무 불이행,단일로,터널안
7306,2013-07-06 19,야간,토,1,2,1,0,0,경기,여주시,차량단독,공작물충돌,공작물충돌,안전운전 의무 불이행,단일로,기타단일로
7307,2013-08-26 20,야간,월,1,1,0,0,0,충북,음성군,차대사람,횡단중,횡단중,안전운전 의무 불이행,단일로,기타단일로
7308,2013-03-27 02,야간,수,1,1,0,0,0,경남,김해시,차대차,정면충돌,정면충돌,안전운전 의무 불이행,단일로,기타단일로
7309,2013-05-17 05,야간,금,1,4,1,1,1,충남,당진시,차량단독,공작물충돌,공작물충돌,안전운전 의무 불이행,단일로,기타단일로
7310,2013-11-15 15,주간,금,1,1,0,0,0,세종,세종,차대차,기타,기타,신호위반,교차로,교차로내
7311,2013-09-16 16,주간,월,1,1,0,0,0,경기,가평군,차량단독,전도전복,전도전복,안전운전 의무 불이행,교차로,교차로부근
7312,2013-05-17 10,주간,금,1,1,0,0,0,충남,당진시,차량단독,전도전복,전도전복,안전운전 의무 불이행,교차로,교차로내
7313,2013-09-09 01,야간,월,1,1,0,0,0,강원,동해시,차량단독,공작물충돌,공작물충돌,안전운전 의무 불이행,교차로,교차로내
7314,2013-11-16 06,주간,토,1,1,0,0,0,충남,공주시,차대사람,횡단중,횡단중,안전운전 의무 불이행,단일로,기타단일로
7315,2013-03-23 22,야간,토,1,1,0,0,0,경남,김해시,차량단독,기타,기타,안전운전 의무 불이행,단일로,기타단일로
7316,2013-05-18 04,야간,토,1,1,0,0,0,충남,아산시,차대사람,횡단중,횡단중,신호위반,교차로,교차로내
7317,2013-09-16 11,주간,월,1,1,0,0,0,충남,보령시,차대사람,횡단중,횡단중,안전운전 의무 불이행,단일로,기타단일로
7318,2013-11-09 04,야간,토,1,3,1,1,0,경북,영천시,차대차,추돌,주정차중 추돌,안전운전 의무 불이행,단일로,기타단일로
7319,2013-03-22 23,야간,금,1,1,0,0,0,울산,북구,차대사람,횡단중,횡단중,안전운전 의무 불이행,단일로,기타단일로
7320,2013-04-16 12,주간,화,1,1,0,0,0,대전,중구,차대차,측면충돌,측면충돌,신호위반,교차로,교차로내
7321,2013-03-14 16,주간,목,1,1,0,0,0,제주,제주시,차대사람,횡단중,횡단중,보행자 보호의무 위반,교차로,교차로부근
7322,2013-02-25 04,야간,월,1,1,0,0,0,경기,남양주시,차대사람,기타,기타,안전운전 의무 불이행,단일로,기타단일로
7323,2013-04-17 04,야간,수,1,1,0,0,0,강원,강릉시,차대사람,횡단중,횡단중,안전운전 의무 불이행,단일로,기타단일로
7324,2013-08-06 19,야간,화,1,1,0,0,0,경기,동두천시,차대사람,횡단중,횡단중,안전운전 의무 불이행,단일로,횡단보도상
7325,2013-04-24 00,야간,수,1,1,0,0,0,경기,이천시,차대사람,횡단중,횡단중,안전운전 의무 불이행,단일로,기타단일로
7326,2013-09-09 22,야간,월,2,2,0,0,0,강원,삼척시,차량단독,공작물충돌,공작물충돌,안전운전 의무 불이행,단일로,기타단일로
7327,2013-09-10 05,야간,화,1,8,2,5,0,강원,삼척시,차량단독,전도전복,전도전복,안전운전 의무 불이행,단일로,기타단일로
7328,2013-02-23 18,야간,토,1,1,0,0,0,경기,부천시,차대사람,기타,기타,안전운전 의무 불이행,교차로,교차로부근
7329,2013-07-11 10,주간,목,1,2,0,1,0,경기,여주시,차대차,측면충돌,측면충돌,교차로 통행방법 위반,교차로,교차로내
7330,2013-05-07 08,주간,화,1,6,0,4,1,서울,구로구,차대차,추돌,주정차중 추돌,안전운전 의무 불이행,단일로,기타단일로
7331,2013-10-09 20,야간,수,1,1,0,0,0,전북,김제시,차대차,추돌,진행중 추돌,안전운전 의무 불이행,단일로,기타단일로
7332,2013-05-03 06,주간,금,1,2,1,0,0,경기,안성시,차대차,정면충돌,정면충돌,중앙선 침범,단일로,기타단일로
7333,2013-09-19 09,주간,목,1,7,3,3,0,전북,완주군,차대사람,차도통행중,차도통행중,안전운전 의무 불이행,단일로,기타단일로
7334,2013-02-19 20,야간,화,1,1,0,0,0,경기,고양시,차대차,측면충돌,측면충돌,안전운전 의무 불이행,단일로,기타단일로
7335,2013-11-12 05,야간,화,1,2,0,1,0,경북,문경시,차대차,추돌,주정차중 추돌,안전운전 의무 불이행,단일로,기타단일로
7336,2013-11-21 06,주간,목,1,2,1,0,0,경기,시흥시,차대차,측면충돌,측면충돌,안전운전 의무 불이행,단일로,기타단일로
7337,2013-02-14 16,주간,목,1,1,0,0,0,대구,북구,차대차,추돌,진행중 추돌,안전운전 의무 불이행,단일로,기타단일로
7338,2013-05-23 14,주간,목,1,1,0,0,0,경남,통영시,차대차,추돌,진행중 추돌,안전운전 의무 불이행,단일로,기타단일로
7339,2013-10-11 17,주간,금,1,1,0,0,0,전북,김제시,차량단독,전도전복,전도전복,안전운전 의무 불이행,단일로,기타단일로
7340,2013-05-22 20,야간,수,1,1,0,0,0,충남,아산시,차대사람,길가장자리구역통행중,길가장자리구역통행중,안전운전 의무 불이행,단일로,기타단일로
7341,2013-11-23 01,야간,토,1,2,1,0,0,경기,시흥시,차대차,기타,기타,안전운전 의무 불이행,단일로,기타단일로
7342,2013-11-20 06,주간,수,1,1,0,0,0,세종,세종,차대사람,횡단중,횡단중,신호위반,교차로,교차로내
7343,2013-03-10 13,주간,일,1,1,0,0,0,경기,수원시,차대사람,기타,기타,안전운전 의무 불이행,교차로,교차로부근
7344,2013-05-13 15,주간,월,1,1,0,0,0,서울,강북구,차대차,기타,기타,안전운전 의무 불이행,단일로,기타단일로
7345,2013-04-22 16,주간,월,1,1,0,0,0,대전,동구,차대차,측면충돌,측면충돌,안전운전 의무 불이행,단일로,기타단일로
7346,2013-03-18 06,주간,월,1,1,0,0,0,서울,강서구,차대사람,횡단중,횡단중,안전운전 의무 불이행,단일로,기타단일로
7347,2013-04-01 13,주간,월,1,1,0,0,0,부산,해운대구,차대차,측면충돌,측면충돌,신호위반,단일로,횡단보도상
7348,2013-09-20 05,야간,금,1,1,0,0,0,충남,보령시,차량단독,공작물충돌,공작물충돌,안전운전 의무 불이행,단일로,기타단일로
7349,2013-03-29 15,주간,금,1,1,0,0,0,제주,제주시,차대차,기타,기타,신호위반,교차로,교차로내
7350,2013-04-06 01,야간,토,1,2,1,0,0,전남,순천시,차대사람,횡단중,횡단중,안전운전 의무 불이행,교차로,교차로부근
7351,2013-02-24 02,야간,일,1,1,0,0,0,전북,익산시,차대사람,기타,기타,안전운전 의무 불이행,단일로,기타단일로
7352,2013-03-07 20,야간,목,1,1,0,0,0,경기,용인시,차대사람,기타,기타,안전운전 의무 불이행,교차로,교차로부근
7353,2013-07-16 03,야간,화,1,1,0,0,0,부산,영도구,차량단독,공작물충돌,공작물충돌,안전운전 의무 불이행,단일로,기타단일로
7354,2013-04-10 23,야간,수,1,1,0,0,0,충북,청주시,차대사람,횡단중,횡단중,보행자 보호의무 위반,교차로,교차로내
7355,2013-10-14 05,야간,월,1,1,0,0,0,전북,김제시,차량단독,공작물충돌,공작물충돌,안전운전 의무 불이행,단일로,기타단일로
7356,2013-05-18 21,야간,토,1,1,0,0,0,경남,창원시(통합),차대차,기타,기타,안전운전 의무 불이행,단일로,기타단일로
7357,2013-09-03 10,주간,화,1,1,0,0,0,충북,음성군,차대사람,기타,기타,안전운전 의무 불이행,교차로,교차로내
7358,2013-05-03 05,야간,금,1,1,0,0,0,인천,계양구,차대사람,횡단중,횡단중,안전운전 의무 불이행,단일로,기타단일로
7359,2013-03-17 00,야간,일,1,1,0,0,0,서울,용산구,차량단독,공작물충돌,공작물충돌,안전운전 의무 불이행,단일로,기타단일로
7360,2013-10-23 11,주간,수,1,1,0,0,0,충북,진천군,차대차,정면충돌,정면충돌,중앙선 침범,단일로,기타단일로
7361,2013-03-07 01,야간,목,1,2,1,0,0,전북,군산시,차대차,기타,기타,교차로 통행방법 위반,교차로,교차로내
7362,2013-04-27 17,주간,토,1,4,2,1,0,경남,진주시,차대차,측면충돌,측면충돌,신호위반,교차로,교차로내
7363,2013-04-07 02,야간,일,1,1,0,0,0,경북,포항시,차대사람,횡단중,횡단중,안전운전 의무 불이행,단일로,횡단보도상
7364,2013-04-07 19,야간,일,1,1,0,0,0,경북,포항시,차량단독,도로이탈,도로이탈 추락,안전운전 의무 불이행,단일로,기타단일로
7365,2013-09-07 04,야간,토,1,1,0,0,0,충남,홍성군,차량단독,공작물충돌,공작물충돌,안전운전 의무 불이행,교차로,교차로부근
7366,2013-02-18 08,주간,월,1,1,0,0,0,경북,구미시,차대사람,횡단중,횡단중,보행자 보호의무 위반,교차로,교차로부근
7367,2013-03-09 00,야간,토,1,2,1,0,0,경기,용인시,차대차,측면충돌,측면충돌,신호위반,교차로,교차로내
7368,2013-05-20 10,주간,월,1,2,0,1,0,충남,당진시,차대차,정면충돌,정면충돌,중앙선 침범,단일로,기타단일로
7369,2013-08-22 09,주간,목,1,1,0,0,0,경기,양평군,차대차,측면충돌,측면충돌,안전운전 의무 불이행,교차로,교차로내
7370,2013-05-21 02,야간,화,1,1,0,0,0,충남,당진시,차대차,추돌,주정차중 추돌,안전운전 의무 불이행,단일로,기타단일로
7371,2013-06-16 21,야간,일,1,2,1,0,0,대구,달성군,차대차,측면충돌,측면충돌,중앙선 침범,단일로,기타단일로
7372,2013-11-18 18,야간,월,1,1,0,0,0,경북,문경시,차대차,측면충돌,측면충돌,안전운전 의무 불이행,교차로,교차로내
7373,2013-08-07 21,야간,수,1,1,0,0,0,경기,화성시,차대차,추돌,진행중 추돌,안전운전 의무 불이행,기타/불명,기타/불명
7374,2013-05-14 09,주간,화,1,1,0,0,0,서울,금천구,차대사람,횡단중,횡단중,안전운전 의무 불이행,단일로,기타단일로
7375,2013-10-28 05,야간,월,1,1,0,0,0,충북,진천군,차대사람,차도통행중,차도통행중,안전운전 의무 불이행,단일로,기타단일로
7376,2013-09-05 18,야간,목,1,1,0,0,0,충북,음성군,차대사람,기타,기타,안전운전 의무 불이행,교차로,교차로내
7377,2013-04-07 02,야간,일,1,7,6,0,0,서울,양천구,차대차,정면충돌,정면충돌,중앙선 침범,단일로,기타단일로
7378,2013-09-27 17,주간,금,1,1,0,0,0,경기,가평군,차량단독,공작물충돌,공작물충돌,안전운전 의무 불이행,단일로,기타단일로
7379,2013-09-27 10,주간,금,1,2,0,1,0,충남,보령시,차대차,측면충돌,측면충돌,기타,교차로,교차로내
7380,2013-02-22 02,야간,금,1,1,0,0,0,경기,고양시,차량단독,공작물충돌,공작물충돌,안전운전 의무 불이행,단일로,기타단일로
7381,2013-07-19 21,야간,금,1,1,0,0,0,경기,여주시,차대사람,기타,기타,안전운전 의무 불이행,교차로,교차로부근
7382,2013-05-21 09,주간,화,1,1,0,0,0,충남,당진시,차대차,측면충돌,측면충돌,교차로 통행방법 위반,교차로,교차로부근
7383,2013-04-28 19,야간,일,1,1,0,0,0,경기,이천시,차량단독,도로이탈,도로이탈 기타,안전운전 의무 불이행,단일로,기타단일로
7384,2013-07-19 22,야간,금,1,4,0,3,0,경기,여주시,차량단독,도로이탈,도로이탈 기타,안전운전 의무 불이행,단일로,기타단일로
7385,2013-10-23 10,주간,수,1,1,0,0,0,전남,영암군,차대사람,차도통행중,차도통행중,신호위반,교차로,교차로내
7386,2013-06-20 21,야간,목,1,1,0,0,0,경북,칠곡군,차대사람,길가장자리구역통행중,길가장자리구역통행중,안전운전 의무 불이행,단일로,기타단일로
7387,2013-07-07 20,야간,일,1,1,0,0,0,부산,강서구,차대사람,횡단중,횡단중,과속,단일로,횡단보도부근
7388,2013-03-27 08,주간,수,1,1,0,0,0,부산,사상구,차대차,추돌,주정차중 추돌,안전거리 미확보,단일로,기타단일로
7389,2013-05-15 20,야간,수,1,1,0,0,0,경북,안동시,차대사람,기타,기타,안전운전 의무 불이행,단일로,기타단일로
7390,2013-05-27 16,주간,월,1,1,0,0,0,충남,아산시,차량단독,전도전복,전도전복,안전운전 의무 불이행,단일로,기타단일로
7391,2013-05-20 21,야간,월,1,4,3,0,0,경남,김해시,차량단독,기타,기타,안전운전 의무 불이행,교차로,교차로내
7392,2013-05-20 00,야간,월,1,1,0,0,0,경남,창원시(통합),차대사람,횡단중,횡단중,안전운전 의무 불이행,단일로,기타단일로
7393,2013-05-20 17,주간,월,1,6,0,5,0,울산,동구,차대차,기타,기타,중앙선 침범,단일로,기타단일로
7394,2013-11-26 08,주간,화,1,1,0,0,0,경북,경주시,차량단독,공작물충돌,공작물충돌,안전운전 의무 불이행,단일로,기타단일로
7395,2013-05-12 22,야간,일,2,4,2,0,0,경남,창원시(통합),차대차,기타,기타,신호위반,교차로,교차로내
7396,2013-03-22 22,야간,금,1,1,0,0,0,전남,목포시,차대사람,횡단중,횡단중,안전운전 의무 불이행,단일로,기타단일로
7397,2013-06-25 13,주간,화,1,1,0,0,0,서울,성북구,차대사람,횡단중,횡단중,신호위반,교차로,교차로부근
7398,2013-08-15 10,주간,목,1,5,0,4,0,경남,밀양시,차대차,추돌,진행중 추돌,안전운전 의무 불이행,교차로,교차로부근
7399,2013-06-07 10,주간,금,1,1,0,0,0,대전,대덕구,차대사람,기타,기타,안전운전 의무 불이행,단일로,기타단일로
7400,2013-03-28 07,주간,목,1,1,0,0,0,울산,북구,차량단독,공작물충돌,공작물충돌,안전운전 의무 불이행,단일로,기타단일로
7401,2013-05-29 04,야간,수,1,1,0,0,0,충남,아산시,차대사람,횡단중,횡단중,안전운전 의무 불이행,기타/불명,기타/불명
7402,2013-05-21 20,야간,화,1,1,0,0,0,경남,김해시,차대사람,기타,기타,안전운전 의무 불이행,단일로,기타단일로
7403,2013-03-28 07,주간,목,1,1,0,0,0,울산,중구,차대차,측면충돌,측면충돌,안전운전 의무 불이행,단일로,기타단일로
7404,2013-07-12 13,주간,금,2,3,1,0,0,부산,강서구,차대차,정면충돌,정면충돌,중앙선 침범,단일로,기타단일로
7405,2013-04-22 11,주간,월,1,1,0,0,0,서울,광진구,차대사람,횡단중,횡단중,과속,단일로,기타단일로
7406,2013-11-24 20,야간,일,1,1,0,0,0,전북,부안군,차대차,기타,기타,안전운전 의무 불이행,단일로,기타단일로
7407,2013-04-11 20,야간,목,1,1,0,0,0,서울,강남구,차대사람,횡단중,횡단중,안전운전 의무 불이행,교차로,교차로부근
7408,2013-08-16 12,주간,금,1,1,0,0,0,경기,동두천시,차대차,추돌,진행중 추돌,안전운전 의무 불이행,단일로,기타단일로
7409,2013-05-14 07,주간,화,1,1,0,0,0,경남,창원시(통합),차대차,측면충돌,측면충돌,안전운전 의무 불이행,교차로,교차로내
7410,2013-03-04 03,야간,월,1,1,0,0,0,서울,영등포구,차대사람,기타,기타,안전운전 의무 불이행,단일로,기타단일로
7411,2013-03-19 06,주간,화,1,1,0,0,0,서울,용산구,차대사람,횡단중,횡단중,보행자 보호의무 위반,단일로,횡단보도상
7412,2013-03-29 23,야간,금,1,1,0,0,0,서울,관악구,차대사람,기타,기타,안전운전 의무 불이행,단일로,기타단일로
7413,2013-12-07 19,야간,토,1,1,0,0,0,충남,공주시,차대차,추돌,진행중 추돌,안전운전 의무 불이행,단일로,기타단일로
7414,2013-07-22 19,야간,월,1,1,0,0,0,부산,영도구,차대사람,횡단중,횡단중,안전운전 의무 불이행,교차로,교차로내