교통사고이력ID(사고기록 순서),발생년월일시,주야코드,요일코드,사망자수,부상자수,중상자수,경상자수,부상신고자수,발생지시도코드,발생지시도코드,사고유형대분류코드,사고유형중분류코드,사고유형코드,법규위반코드,도로형태대분류코드,도로로형태코드
7415,2013-06-23 20,야간,일,1,1,0,0,0,강원,양양군,차대차,추돌,진행중 추돌,안전운전 의무 불이행,단일로,기타단일로
7416,2013-05-02 16,주간,목,1,1,0,0,0,울산,울주군,차량단독,공작물충돌,공작물충돌,안전운전 의무 불이행,단일로,기타단일로
7417,2013-02-24 00,야간,일,1,1,0,0,0,충북,청주시,차대사람,길가장자리구역통행중,길가장자리구역통행중,안전운전 의무 불이행,단일로,기타단일로
7418,2013-12-18 18,야간,수,1,1,0,0,0,전남,해남군,차대사람,기타,기타,안전운전 의무 불이행,단일로,기타단일로
7419,2013-09-07 21,야간,토,2,4,1,1,0,경북,상주시,차량단독,전도전복,전도전복,안전운전 의무 불이행,교차로,교차로부근
7420,2013-03-03 00,야간,일,1,1,0,0,0,전북,전주시,차량단독,전도전복,전도전복,안전운전 의무 불이행,단일로,기타단일로
7421,2013-11-30 14,주간,토,2,3,1,0,0,경북,고령군,차대차,정면충돌,정면충돌,중앙선 침범,단일로,기타단일로
7422,2013-03-09 00,야간,토,1,1,0,0,0,전북,전주시,차대사람,횡단중,횡단중,안전운전 의무 불이행,교차로,교차로부근
7423,2013-09-27 12,주간,금,1,1,0,0,0,강원,삼척시,차량단독,전도전복,전도전복,안전운전 의무 불이행,기타/불명,기타/불명
7424,2013-04-28 06,주간,일,1,2,0,1,0,대전,동구,차대차,측면충돌,측면충돌,신호위반,교차로,교차로내
7425,2013-08-14 00,야간,수,1,1,0,0,0,경기,용인시,차대차,기타,기타,안전운전 의무 불이행,단일로,기타단일로
7426,2013-04-08 19,야간,월,1,2,1,0,0,경북,포항시,차대차,추돌,진행중 추돌,안전운전 의무 불이행,단일로,기타단일로
7427,2013-07-16 21,야간,화,1,1,0,0,0,부산,강서구,차량단독,공작물충돌,공작물충돌,안전운전 의무 불이행,단일로,교량위
7428,2013-07-01 00,야간,월,1,1,0,0,0,부산,동구,차대사람,기타,기타,안전운전 의무 불이행,단일로,기타단일로
7429,2013-08-14 15,주간,수,1,2,0,1,0,경기,이천시,차대차,추돌,진행중 추돌,안전운전 의무 불이행,단일로,기타단일로
7430,2013-11-28 22,야간,목,1,1,0,0,0,전북,부안군,차량단독,공작물충돌,공작물충돌,안전운전 의무 불이행,단일로,기타단일로
7431,2013-08-09 16,주간,금,1,2,0,0,1,경북,영천시,차량단독,전도전복,전도전복,안전운전 의무 불이행,기타/불명,기타/불명
7432,2013-12-15 19,야간,일,1,1,0,0,0,충남,공주시,차대사람,길가장자리구역통행중,길가장자리구역통행중,안전운전 의무 불이행,단일로,기타단일로
7433,2013-02-23 14,주간,토,1,2,1,0,0,경기,고양시,차량단독,공작물충돌,공작물충돌,안전운전 의무 불이행,단일로,기타단일로
7434,2013-08-16 01,야간,금,1,3,2,0,0,경기,안성시,차대차,추돌,진행중 추돌,안전운전 의무 불이행,단일로,기타단일로
7435,2013-03-13 00,야간,수,1,1,0,0,0,인천,서구,차대사람,차도통행중,차도통행중,안전운전 의무 불이행,단일로,기타단일로
7436,2013-10-08 20,야간,화,1,12,1,10,0,충남,보령시,차대차,기타,기타,중앙선 침범,단일로,기타단일로
7437,2013-02-28 23,야간,목,1,1,0,0,0,경기,부천시,차대사람,횡단중,횡단중,안전운전 의무 불이행,교차로,교차로부근
7438,2013-03-10 10,주간,일,1,12,7,4,0,전북,군산시,차대차,추돌,진행중 추돌,기타,단일로,기타단일로
7439,2013-03-09 06,주간,토,1,1,0,0,0,경기,파주시,차량단독,기타,기타,안전운전 의무 불이행,단일로,기타단일로
7440,2013-08-28 06,주간,수,1,1,0,0,0,경기,양평군,차량단독,공작물충돌,공작물충돌,안전운전 의무 불이행,단일로,교량위
7441,2013-04-02 10,주간,화,1,1,0,0,0,부산,사상구,차대차,추돌,주정차중 추돌,안전운전 의무 불이행,단일로,기타단일로
7442,2013-07-01 19,야간,월,1,1,0,0,0,경남,사천시,차대차,기타,기타,안전운전 의무 불이행,단일로,기타단일로
7443,2013-06-27 14,주간,목,1,1,0,0,0,경북,칠곡군,차대사람,보도통행중,보도통행중,신호위반,교차로,교차로내
7444,2013-03-11 19,야간,월,1,1,0,0,0,경기,용인시,차대사람,횡단중,횡단중,안전운전 의무 불이행,단일로,기타단일로
7445,2013-08-16 18,야간,금,1,1,0,0,0,전남,나주시,차량단독,전도전복,전도전복,안전운전 의무 불이행,단일로,기타단일로
7446,2013-07-02 17,주간,화,1,1,0,0,0,부산,동구,차대사람,횡단중,횡단중,보행자 보호의무 위반,단일로,횡단보도상
7447,2013-07-20 14,주간,토,1,1,0,0,0,부산,강서구,차대차,추돌,진행중 추돌,안전운전 의무 불이행,단일로,기타단일로
7448,2013-03-13 14,주간,수,1,1,0,0,0,인천,서구,차대사람,횡단중,횡단중,안전운전 의무 불이행,교차로,교차로내
7449,2013-04-05 19,야간,금,1,1,0,0,0,강원,춘천시,차대사람,기타,기타,안전운전 의무 불이행,단일로,기타단일로
7450,2013-04-02 14,주간,화,1,1,0,0,0,경남,양산시,차대차,추돌,주정차중 추돌,안전운전 의무 불이행,기타/불명,기타/불명
7451,2013-10-10 16,주간,목,1,3,2,0,0,경기,가평군,차량단독,공작물충돌,공작물충돌,안전운전 의무 불이행,교차로,교차로내
7452,2013-08-04 01,야간,일,1,1,0,0,0,부산,기장군,차량단독,공작물충돌,공작물충돌,안전운전 의무 불이행,단일로,기타단일로
7453,2013-12-05 18,야간,목,1,1,0,0,0,경북,문경시,차량단독,공작물충돌,공작물충돌,안전운전 의무 불이행,단일로,기타단일로
7454,2013-05-16 07,주간,목,1,1,0,0,0,경기,양주시,차량단독,공작물충돌,공작물충돌,안전운전 의무 불이행,단일로,기타단일로
7455,2013-04-12 14,주간,금,1,2,1,0,0,전남,순천시,차량단독,공작물충돌,공작물충돌,안전운전 의무 불이행,단일로,기타단일로
7456,2013-06-28 22,야간,금,1,1,0,0,0,경북,칠곡군,차대사람,기타,기타,안전운전 의무 불이행,단일로,기타단일로
7457,2013-09-18 08,주간,수,1,2,0,1,0,충북,음성군,차대차,측면충돌,측면충돌,신호위반,교차로,교차로내
7458,2013-02-19 19,야간,화,1,1,0,0,0,대구,북구,차대사람,기타,기타,안전운전 의무 불이행,단일로,기타단일로
7459,2013-05-12 13,주간,일,1,1,0,0,0,제주,서귀포시,차량단독,기타,기타,안전운전 의무 불이행,단일로,기타단일로
7460,2013-02-09 04,야간,토,1,1,0,0,0,대전,유성구,차량단독,공작물충돌,공작물충돌,안전운전 의무 불이행,단일로,기타단일로
7461,2013-07-12 20,야간,금,1,1,0,0,0,경기,하남시,차량단독,기타,기타,안전운전 의무 불이행,단일로,기타단일로
7462,2013-06-05 20,야간,수,1,1,0,0,0,충북,제천시,차대사람,기타,기타,안전운전 의무 불이행,단일로,기타단일로
7463,2013-10-16 19,야간,수,1,1,0,0,0,전북,완주군,차대차,기타,기타,안전운전 의무 불이행,교차로,교차로부근
7464,2013-08-13 00,야간,화,1,1,0,0,0,충남,논산시,차량단독,전도전복,전도전복,안전운전 의무 불이행,기타/불명,기타/불명
7465,2013-04-02 22,야간,화,1,1,0,0,0,경남,양산시,차대사람,횡단중,횡단중,안전운전 의무 불이행,기타/불명,기타/불명
7466,2013-09-11 16,주간,수,1,1,0,0,0,경북,상주시,차량단독,전도전복,전도전복,안전운전 의무 불이행,단일로,기타단일로
7467,2013-10-05 17,주간,토,1,1,0,0,0,전북,남원시,차량단독,전도전복,전도전복,안전운전 의무 불이행,교차로,교차로내
7468,2013-10-14 05,야간,월,1,2,0,1,0,충남,보령시,차대차,추돌,진행중 추돌,안전운전 의무 불이행,단일로,기타단일로
7469,2013-06-30 13,주간,일,1,1,0,0,0,경북,칠곡군,차대사람,기타,기타,안전운전 의무 불이행,단일로,기타단일로
7470,2013-12-15 10,주간,일,1,3,2,0,0,경북,경주시,차량단독,도로이탈,도로이탈 추락,안전운전 의무 불이행,단일로,기타단일로
7471,2013-10-01 11,주간,화,1,1,0,0,0,강원,동해시,차대사람,보도통행중,보도통행중,기타,단일로,기타단일로
7472,2013-05-03 01,야간,금,1,1,0,0,0,대전,중구,차대사람,횡단중,횡단중,안전운전 의무 불이행,교차로,교차로부근
7473,2013-06-24 20,야간,월,1,2,1,0,0,대구,달성군,차대사람,횡단중,횡단중,보행자 보호의무 위반,교차로,교차로내
7474,2013-05-06 16,주간,월,1,2,1,0,0,경기,이천시,차대차,측면충돌,측면충돌,기타,교차로,교차로내
7475,2013-08-19 18,야간,월,1,1,0,0,0,전남,나주시,차대차,추돌,주정차중 추돌,안전운전 의무 불이행,단일로,기타단일로
7476,2013-08-23 04,야간,금,1,2,1,0,0,경남,밀양시,차대차,측면충돌,측면충돌,안전운전 의무 불이행,교차로,교차로부근
7477,2013-05-07 05,야간,화,1,1,0,0,0,충북,충주시,차대차,기타,기타,신호위반,교차로,교차로내
7478,2013-11-05 11,주간,화,1,1,0,0,0,전북,김제시,차대차,측면충돌,측면충돌,기타,교차로,교차로내
7479,2013-10-18 19,야간,금,1,1,0,0,0,전북,완주군,차대사람,횡단중,횡단중,안전운전 의무 불이행,단일로,기타단일로
7480,2013-10-07 15,주간,월,1,2,1,0,0,전북,남원시,차량단독,기타,기타,안전운전 의무 불이행,교차로,교차로부근
7481,2013-10-14 20,야간,월,1,3,1,1,0,충남,보령시,차대차,측면충돌,측면충돌,신호위반,교차로,교차로내
7482,2013-10-15 19,야간,화,1,1,0,0,0,경기,가평군,차대사람,횡단중,횡단중,안전운전 의무 불이행,교차로,교차로부근
7483,2013-12-20 05,야간,금,1,2,0,1,0,경북,청도군,차대차,추돌,주정차중 추돌,안전운전 의무 불이행,단일로,기타단일로
7484,2013-11-06 16,주간,수,1,1,0,0,0,전북,김제시,차대사람,횡단중,횡단중,안전운전 의무 불이행,교차로,교차로부근
7485,2013-05-27 12,주간,월,1,1,0,0,0,경남,김해시,차량단독,도로이탈,도로이탈 추락,안전운전 의무 불이행,단일로,기타단일로
7486,2013-03-13 03,야간,수,1,3,0,2,0,부산,남구,차대차,추돌,진행중 추돌,과속,단일로,교량위
7487,2013-05-02 03,야간,목,2,3,1,0,0,인천,연수구,차대차,정면충돌,정면충돌,중앙선 침범,단일로,기타단일로
7488,2013-08-16 09,주간,금,1,6,5,0,0,충남,논산시,차대차,정면충돌,정면충돌,중앙선 침범,단일로,기타단일로
7489,2013-05-16 09,주간,목,2,5,2,1,0,경남,창원시(통합),차대사람,기타,기타,기타,단일로,횡단보도부근
7490,2013-08-23 04,야간,금,1,1,0,0,0,서울,강동구,차대차,추돌,진행중 추돌,안전운전 의무 불이행,단일로,기타단일로
7491,2013-07-25 09,주간,목,1,1,0,0,0,부산,강서구,차대사람,횡단중,횡단중,안전운전 의무 불이행,단일로,횡단보도상
7492,2013-08-23 07,주간,금,1,1,0,0,0,경기,안성시,차량단독,공작물충돌,공작물충돌,안전운전 의무 불이행,단일로,기타단일로
7493,2013-04-04 17,주간,목,1,2,0,1,0,경북,포항시,차대차,측면충돌,측면충돌,안전운전 의무 불이행,교차로,교차로내
7494,2013-05-06 05,야간,월,1,1,0,0,0,광주,남구,차대차,측면충돌,측면충돌,신호위반,교차로,교차로내
7495,2013-12-24 20,야간,화,1,1,0,0,0,경북,청도군,차량단독,전도전복,전도전복,안전운전 의무 불이행,단일로,기타단일로
7496,2013-04-09 08,주간,화,1,1,0,0,0,충북,청원군,차량단독,전도전복,전도전복,안전운전 의무 불이행,단일로,기타단일로
7497,2013-05-07 15,주간,화,1,1,0,0,0,경기,이천시,차대차,정면충돌,정면충돌,중앙선 침범,교차로,교차로부근
7498,2013-06-21 12,주간,금,1,1,0,0,0,서울,중구,차대사람,횡단중,횡단중,안전운전 의무 불이행,단일로,횡단보도상
7499,2013-12-22 23,야간,일,1,1,0,0,0,경기,김포시,차량단독,공작물충돌,공작물충돌,안전운전 의무 불이행,단일로,기타단일로
7500,2013-12-28 06,주간,토,1,2,1,0,0,경북,고령군,차대차,정면충돌,정면충돌,중앙선 침범,단일로,터널안
7501,2013-05-14 06,주간,화,1,1,0,0,0,제주,서귀포시,차량단독,전도전복,전도전복,안전운전 의무 불이행,단일로,기타단일로
7502,2013-04-05 00,야간,금,1,1,0,0,0,경남,양산시,차대사람,기타,기타,안전운전 의무 불이행,단일로,기타단일로
7503,2013-06-05 20,야간,수,1,1,0,0,0,경기,포천시,차대사람,횡단중,횡단중,안전운전 의무 불이행,단일로,기타단일로
7504,2013-02-25 22,야간,월,1,1,0,0,0,경기,고양시,차량단독,공작물충돌,공작물충돌,안전운전 의무 불이행,단일로,기타단일로
7505,2013-04-02 08,주간,화,1,3,1,1,0,경기,화성시,차대차,측면충돌,측면충돌,교차로 통행방법 위반,교차로,교차로내
7506,2013-03-25 12,주간,월,1,1,0,0,0,충남,천안시,차대차,측면충돌,측면충돌,안전운전 의무 불이행,교차로,교차로내
7507,2013-04-05 03,야간,금,1,1,0,0,0,부산,사상구,차대차,기타,기타,중앙선 침범,단일로,기타단일로
7508,2013-07-22 08,주간,월,1,1,0,0,0,경북,김천시,차대차,측면충돌,측면충돌,안전운전 의무 불이행,단일로,기타단일로
7509,2013-11-16 13,주간,토,1,1,0,0,0,충북,진천군,차대차,측면충돌,측면충돌,중앙선 침범,단일로,기타단일로
7510,2013-04-02 12,주간,화,1,1,0,0,0,전남,여수시,차대사람,횡단중,횡단중,안전운전 의무 불이행,단일로,기타단일로
7511,2013-12-18 18,야간,수,1,1,0,0,0,경북,문경시,차대사람,기타,기타,안전운전 의무 불이행,단일로,기타단일로
7512,2013-10-12 14,주간,토,1,4,1,2,0,강원,삼척시,차대차,정면충돌,정면충돌,중앙선 침범,단일로,기타단일로
7513,2013-11-16 17,주간,토,1,1,0,0,0,충북,진천군,차대차,측면충돌,측면충돌,중앙선 침범,교차로,교차로부근
7514,2013-05-04 14,주간,토,1,1,0,0,0,인천,연수구,차대사람,횡단중,횡단중,안전운전 의무 불이행,교차로,교차로부근
7515,2013-05-20 12,주간,월,1,1,0,0,0,경기,양주시,차대차,추돌,진행중 추돌,신호위반,교차로,교차로내
7516,2013-07-31 12,주간,수,1,1,0,0,0,광주,동구,차대사람,기타,기타,안전운전 의무 불이행,단일로,기타단일로
7517,2013-05-07 09,주간,화,1,1,0,0,0,대전,중구,차대사람,기타,기타,안전운전 의무 불이행,교차로,교차로부근
7518,2013-06-07 21,야간,금,1,1,0,0,0,경남,통영시,차대사람,차도통행중,차도통행중,안전운전 의무 불이행,단일로,기타단일로
7519,2013-04-06 00,야간,토,1,2,1,0,0,서울,관악구,차대차,기타,기타,과속,단일로,기타단일로
7520,2013-10-21 02,야간,월,1,1,0,0,0,서울,은평구,차량단독,공작물충돌,공작물충돌,안전운전 의무 불이행,단일로,기타단일로
7521,2013-05-12 01,야간,일,1,2,1,0,0,부산,북구,차량단독,공작물충돌,공작물충돌,안전운전 의무 불이행,단일로,기타단일로
7522,2013-05-20 11,주간,월,1,1,0,0,0,경남,창원시(통합),차대차,기타,기타,안전운전 의무 불이행,교차로,교차로부근
7523,2013-05-21 23,야간,화,1,1,0,0,0,서울,구로구,차대사람,횡단중,횡단중,과속,단일로,기타단일로
7524,2013-06-13 12,주간,목,1,1,0,0,0,서울,도봉구,차대사람,기타,기타,안전운전 의무 불이행,단일로,기타단일로
7525,2013-09-12 18,야간,목,1,1,0,0,0,경기,양평군,차대사람,횡단중,횡단중,안전운전 의무 불이행,단일로,기타단일로
7526,2013-06-26 23,야간,수,1,1,0,0,0,서울,중구,차대사람,보도통행중,보도통행중,기타,단일로,기타단일로
7527,2013-09-30 10,주간,월,1,1,0,0,0,충남,홍성군,차대사람,기타,기타,안전운전 의무 불이행,교차로,교차로부근
7528,2013-10-27 08,주간,일,1,4,3,0,0,충남,보령시,차대차,정면충돌,정면충돌,중앙선 침범,단일로,기타단일로
7529,2013-03-24 01,야간,일,2,3,1,0,0,경기,고양시,차량단독,공작물충돌,공작물충돌,안전운전 의무 불이행,단일로,기타단일로
7530,2013-08-28 13,주간,수,1,5,3,1,0,경기,구리시,차대차,추돌,주정차중 추돌,안전운전 의무 불이행,단일로,기타단일로
7531,2013-03-12 07,주간,화,1,1,0,0,0,경기,오산시,차대사람,횡단중,횡단중,과속,교차로,교차로내
7532,2013-10-25 18,야간,금,1,1,0,0,0,서울,은평구,차대차,정면충돌,정면충돌,중앙선 침범,단일로,기타단일로
7533,2013-03-03 05,야간,일,1,1,0,0,0,대구,수성구,차량단독,기타,기타,안전운전 의무 불이행,단일로,기타단일로
7534,2013-11-03 14,주간,일,1,3,0,2,0,경북,영주시,차대사람,기타,기타,중앙선 침범,단일로,기타단일로
7535,2013-06-14 08,주간,금,1,1,0,0,0,대전,대덕구,차량단독,전도전복,전도전복,안전운전 의무 불이행,단일로,기타단일로
7536,2013-05-01 11,주간,수,1,2,1,0,0,충남,서산시,차량단독,공작물충돌,공작물충돌,안전운전 의무 불이행,단일로,기타단일로
7537,2013-12-29 23,야간,일,1,1,0,0,0,경북,문경시,차량단독,도로이탈,도로이탈 추락,안전운전 의무 불이행,단일로,기타단일로
7538,2013-10-01 19,야간,화,1,1,0,0,0,충남,홍성군,차대차,기타,기타,안전운전 의무 불이행,단일로,기타단일로
7539,2013-10-03 11,주간,목,1,1,0,0,0,전북,정읍시,차대사람,기타,기타,안전운전 의무 불이행,단일로,기타단일로
7540,2013-04-24 11,주간,수,1,1,0,0,0,충북,청주시,차대차,기타,기타,신호위반,교차로,교차로부근
7541,2013-04-07 01,야간,일,1,1,0,0,0,울산,중구,차대사람,횡단중,횡단중,안전운전 의무 불이행,교차로,교차로부근
7542,2013-03-31 00,야간,일,1,1,0,0,0,전남,목포시,차량단독,공작물충돌,공작물충돌,안전운전 의무 불이행,단일로,기타단일로
7543,2013-02-21 06,주간,목,1,3,1,1,0,경기,평택시,차대차,정면충돌,정면충돌,중앙선 침범,단일로,기타단일로
7544,2013-06-23 21,야간,일,1,1,0,0,0,경기,군포시,차대차,측면충돌,측면충돌,신호위반,교차로,교차로내
7545,2013-08-30 16,주간,금,1,1,0,0,0,충남,논산시,차대차,정면충돌,정면충돌,기타,단일로,기타단일로
7546,2013-03-19 02,야간,화,1,1,0,0,0,인천,서구,차대사람,기타,기타,안전운전 의무 불이행,단일로,기타단일로
7547,2013-04-17 12,주간,수,1,1,0,0,0,경북,포항시,차대차,기타,기타,안전운전 의무 불이행,단일로,기타단일로
7548,2013-02-23 21,야간,토,1,1,0,0,0,경기,수원시,차대사람,기타,기타,안전운전 의무 불이행,단일로,기타단일로
7549,2013-04-26 08,주간,금,1,1,0,0,0,경기,수원시,차대차,추돌,진행중 추돌,안전운전 의무 불이행,단일로,기타단일로
7550,2013-10-02 22,야간,수,1,1,0,0,0,충남,홍성군,차대사람,횡단중,횡단중,안전운전 의무 불이행,단일로,기타단일로
7551,2013-08-03 17,주간,토,1,1,0,0,0,부산,강서구,차대사람,기타,기타,안전운전 의무 불이행,단일로,기타단일로
7552,2013-11-26 11,주간,화,1,4,0,3,0,전남,영암군,차대사람,기타,기타,안전운전 의무 불이행,기타/불명,기타/불명
7553,2013-03-09 07,주간,토,1,1,0,0,0,서울,영등포구,차대사람,횡단중,횡단중,안전운전 의무 불이행,단일로,기타단일로
7554,2013-04-13 00,야간,토,1,22,5,16,0,경기,광주시,차대차,정면충돌,정면충돌,중앙선 침범,단일로,기타단일로
7555,2013-03-10 05,야간,일,1,1,0,0,0,전북,전주시,차량단독,공작물충돌,공작물충돌,안전운전 의무 불이행,단일로,기타단일로
7556,2013-02-28 22,야간,목,1,1,0,0,0,광주,서구,차대차,정면충돌,정면충돌,신호위반,교차로,교차로내
7557,2013-07-04 05,야간,목,1,1,0,0,0,경기,부천시,차대사람,횡단중,횡단중,안전운전 의무 불이행,단일로,기타단일로
7558,2013-08-30 17,주간,금,1,4,3,0,0,전남,나주시,차량단독,공작물충돌,공작물충돌,기타,단일로,기타단일로
7559,2013-08-30 20,야간,금,1,1,0,0,0,부산,중구,차대사람,차도통행중,차도통행중,안전운전 의무 불이행,단일로,기타단일로
7560,2013-08-31 05,야간,토,1,1,0,0,0,충남,논산시,차대사람,차도통행중,차도통행중,안전운전 의무 불이행,단일로,기타단일로
7561,2013-06-05 17,주간,수,1,1,0,0,0,경남,창원시(통합),차대사람,횡단중,횡단중,안전운전 의무 불이행,단일로,횡단보도상
7562,2013-03-15 14,주간,금,1,1,0,0,0,경기,파주시,차대사람,기타,기타,안전운전 의무 불이행,교차로,교차로내
7563,2013-08-31 16,주간,토,1,2,1,0,0,충남,논산시,차대차,추돌,진행중 추돌,안전운전 의무 불이행,단일로,기타단일로
7564,2013-05-13 20,야간,월,1,1,0,0,0,경기,이천시,차대차,정면충돌,정면충돌,중앙선 침범,단일로,기타단일로
7565,2013-09-02 05,야간,월,1,1,0,0,0,전남,나주시,차대사람,기타,기타,안전운전 의무 불이행,단일로,기타단일로
7566,2013-06-09 04,야간,일,1,4,3,0,0,울산,동구,차량단독,공작물충돌,공작물충돌,안전운전 의무 불이행,단일로,기타단일로
7567,2013-06-12 17,주간,수,1,2,1,0,0,경기,포천시,차대차,추돌,진행중 추돌,안전거리 미확보,단일로,기타단일로
7568,2013-05-10 02,야간,금,1,1,0,0,0,대전,동구,차대사람,횡단중,횡단중,신호위반,단일로,횡단보도상
7569,2013-08-04 09,주간,일,1,1,0,0,0,경북,김천시,차대차,측면충돌,측면충돌,기타,교차로,교차로내
7570,2013-02-24 17,주간,일,1,3,2,0,0,경북,구미시,차대차,정면충돌,정면충돌,안전운전 의무 불이행,교차로,교차로내
7571,2013-11-02 21,야간,토,1,1,0,0,0,충남,보령시,차대사람,횡단중,횡단중,보행자 보호의무 위반,단일로,기타단일로
7572,2013-05-27 09,주간,월,1,1,0,0,0,서울,구로구,차대사람,횡단중,횡단중,신호위반,단일로,횡단보도상
7573,2013-05-29 07,주간,수,1,1,0,0,0,경남,창원시(통합),차량단독,공작물충돌,공작물충돌,안전운전 의무 불이행,단일로,기타단일로
7574,2013-03-27 16,주간,수,1,2,1,0,0,제주,제주시,차량단독,기타,기타,안전운전 의무 불이행,단일로,기타단일로
7575,2013-09-02 16,주간,월,1,1,0,0,0,전남,나주시,차량단독,공작물충돌,공작물충돌,안전운전 의무 불이행,교차로,교차로내
7576,2013-05-20 02,야간,월,1,3,2,0,0,충남,천안시,차대차,정면충돌,정면충돌,중앙선 침범,단일로,지하차도(도로)내
7577,2013-04-23 03,야간,화,1,2,1,0,0,서울,강남구,차량단독,기타,기타,안전운전 의무 불이행,단일로,기타단일로
7578,2013-02-24 20,야간,일,1,1,0,0,0,경북,구미시,차대사람,횡단중,횡단중,안전운전 의무 불이행,단일로,기타단일로
7579,2013-04-11 00,야간,목,1,1,0,0,0,경북,포항시,차대차,기타,기타,안전운전 의무 불이행,교차로,교차로부근
7580,2013-04-12 07,주간,금,1,1,0,0,0,강원,춘천시,차량단독,전도전복,전도전복,안전운전 의무 불이행,단일로,기타단일로
7581,2013-11-07 18,야간,목,1,1,0,0,0,경북,영주시,차대사람,기타,기타,안전운전 의무 불이행,단일로,기타단일로
7582,2013-05-31 20,야간,금,1,3,0,2,0,전남,광양시,차량단독,공작물충돌,공작물충돌,안전운전 의무 불이행,단일로,기타단일로
7583,2013-07-07 02,야간,일,1,2,1,0,0,경기,부천시,차량단독,주정차차량 충돌,주정차차량 충돌,과속,단일로,기타단일로
7584,2013-03-28 01,야간,목,1,4,0,2,1,서울,서초구,차대차,기타,기타,안전거리 미확보,단일로,기타단일로
7585,2013-04-27 22,야간,토,1,1,0,0,0,경기,수원시,차대사람,차도통행중,차도통행중,안전운전 의무 불이행,교차로,교차로내
7586,2013-09-05 14,주간,목,1,1,0,0,0,부산,중구,차대사람,횡단중,횡단중,보행자 보호의무 위반,단일로,횡단보도상
7587,2013-10-11 12,주간,금,1,1,0,0,0,전북,정읍시,차대사람,보도통행중,보도통행중,보행자 보호의무 위반,교차로,교차로내
7588,2013-03-02 06,주간,토,1,1,0,0,0,광주,서구,차대사람,횡단중,횡단중,신호위반,단일로,횡단보도상
7589,2013-08-24 01,야간,토,1,1,0,0,0,부산,기장군,차대사람,차도통행중,차도통행중,안전운전 의무 불이행,단일로,기타단일로
7590,2013-04-12 17,주간,금,1,1,0,0,0,강원,춘천시,차대사람,횡단중,횡단중,과속,단일로,횡단보도상
7591,2013-03-08 05,야간,금,1,3,1,1,0,경기,남양주시,차대사람,기타,기타,기타,단일로,기타단일로
7592,2013-03-18 06,주간,월,1,1,0,0,0,경기,파주시,차량단독,공작물충돌,공작물충돌,안전운전 의무 불이행,단일로,기타단일로
7593,2013-06-05 01,야간,수,1,1,0,0,0,충남,당진시,차대사람,기타,기타,안전운전 의무 불이행,교차로,교차로부근
7594,2013-09-06 10,주간,금,1,1,0,0,0,충남,논산시,차대차,기타,기타,안전운전 의무 불이행,단일로,기타단일로
7595,2013-11-11 08,주간,월,1,1,0,0,0,전북,완주군,차대사람,기타,기타,안전운전 의무 불이행,단일로,기타단일로
7596,2013-03-05 10,주간,화,1,1,0,0,0,대구,수성구,차대차,측면충돌,측면충돌,신호위반,교차로,교차로내
7597,2013-07-02 05,야간,화,2,4,1,1,0,인천,중구,차량단독,도로이탈,도로이탈 추락,안전운전 의무 불이행,교차로,교차로부근
7598,2013-04-21 04,야간,일,1,2,1,0,0,경남,거제시,차량단독,공작물충돌,공작물충돌,안전운전 의무 불이행,단일로,기타단일로
7599,2013-04-15 09,주간,월,1,1,0,0,0,부산,사하구,차대차,측면충돌,측면충돌,안전거리 미확보,교차로,교차로부근
7600,2013-08-24 00,야간,토,1,1,0,0,0,경기,여주시,차대사람,기타,기타,안전운전 의무 불이행,단일로,기타단일로
7601,2013-11-07 23,야간,목,1,1,0,0,0,서울,은평구,차대사람,차도통행중,차도통행중,안전운전 의무 불이행,단일로,기타단일로
7602,2013-05-22 23,야간,수,1,1,0,0,0,충남,천안시,차대사람,횡단중,횡단중,안전운전 의무 불이행,기타/불명,기타/불명
7603,2013-11-08 17,주간,금,1,1,0,0,0,충남,보령시,차대차,추돌,진행중 추돌,안전운전 의무 불이행,단일로,터널안
7604,2013-09-09 18,야간,월,1,1,0,0,0,경남,밀양시,차량단독,도로이탈,도로이탈 추락,안전운전 의무 불이행,단일로,기타단일로
7605,2013-12-06 18,야간,금,1,2,1,0,0,전남,영암군,차대사람,길가장자리구역통행중,길가장자리구역통행중,안전운전 의무 불이행,단일로,기타단일로
7606,2013-10-02 14,주간,수,1,1,0,0,0,경북,상주시,차량단독,기타,기타,안전운전 의무 불이행,단일로,기타단일로
7607,2013-12-04 21,야간,수,1,1,0,0,0,전북,김제시,차대차,정면충돌,정면충돌,중앙선 침범,단일로,기타단일로
7608,2013-09-24 11,주간,화,1,2,1,0,0,경기,양평군,차량단독,공작물충돌,공작물충돌,안전운전 의무 불이행,단일로,기타단일로
7609,2013-04-14 05,야간,일,1,1,0,0,0,강원,춘천시,차량단독,공작물충돌,공작물충돌,안전운전 의무 불이행,단일로,기타단일로
7610,2013-02-23 02,야간,토,1,1,0,0,0,경기,평택시,차량단독,공작물충돌,공작물충돌,안전운전 의무 불이행,교차로,교차로부근
7611,2013-09-07 06,주간,토,1,1,0,0,0,경기,시흥시,차량단독,전도전복,전도전복,안전운전 의무 불이행,단일로,기타단일로
7612,2013-03-18 09,주간,월,1,1,0,0,0,전북,군산시,차대차,추돌,진행중 추돌,안전운전 의무 불이행,단일로,기타단일로
7613,2013-04-21 21,야간,일,1,1,0,0,0,전남,순천시,차대사람,횡단중,횡단중,안전운전 의무 불이행,단일로,횡단보도부근
7614,2013-06-20 18,야간,목,1,2,1,0,0,충남,아산시,차대차,정면충돌,정면충돌,중앙선 침범,단일로,기타단일로
7615,2013-03-18 14,주간,월,1,2,1,0,0,경기,파주시,차대차,정면충돌,정면충돌,안전운전 의무 불이행,교차로,교차로부근