교통사고이력ID(사고기록 순서),발생년월일시,주야코드,요일코드,사망자수,부상자수,중상자수,경상자수,부상신고자수,발생지시도코드,발생지시도코드,사고유형대분류코드,사고유형중분류코드,사고유형코드,법규위반코드,도로형태대분류코드,도로로형태코드
7616,2013-04-27 22,야간,토,1,2,1,0,0,충북,청주시,차대차,측면충돌,측면충돌,안전운전 의무 불이행,교차로,교차로부근
7617,2013-05-13 03,야간,월,1,1,0,0,0,인천,연수구,차량단독,공작물충돌,공작물충돌,안전운전 의무 불이행,단일로,기타단일로
7618,2013-03-05 19,야간,화,1,1,0,0,0,전북,익산시,차대사람,기타,기타,안전운전 의무 불이행,단일로,기타단일로
7619,2013-07-29 19,야간,월,1,1,0,0,0,서울,종로구,차대사람,기타,기타,안전운전 의무 불이행,단일로,기타단일로
7620,2013-03-27 21,야간,수,1,1,0,0,0,경북,경산시,차대사람,기타,기타,안전운전 의무 불이행,단일로,기타단일로
7621,2013-04-28 12,주간,일,1,1,0,0,0,충북,청주시,차대사람,횡단중,횡단중,안전운전 의무 불이행,단일로,기타단일로
7622,2013-06-19 16,주간,수,1,1,0,0,0,충북,제천시,차대차,기타,기타,안전운전 의무 불이행,교차로,교차로부근
7623,2013-06-05 17,주간,수,1,1,0,0,0,경북,안동시,차대사람,기타,기타,과속,단일로,기타단일로
7624,2013-10-17 13,주간,목,2,3,1,0,0,전북,정읍시,차대차,측면충돌,측면충돌,신호위반,교차로,교차로내
7625,2013-09-19 09,주간,목,1,1,0,0,0,경기,동두천시,차량단독,공작물충돌,공작물충돌,안전운전 의무 불이행,단일로,기타단일로
7626,2013-08-28 16,주간,수,1,1,0,0,0,경기,여주시,차대차,기타,기타,중앙선 침범,단일로,기타단일로
7627,2013-06-21 00,야간,금,1,1,0,0,0,충북,제천시,차량단독,전도전복,전도전복,안전운전 의무 불이행,단일로,기타단일로
7628,2013-05-02 19,야간,목,1,1,0,0,0,부산,금정구,차대차,측면충돌,측면충돌,안전운전 의무 불이행,단일로,기타단일로
7629,2013-04-09 20,야간,화,1,1,0,0,0,전남,여수시,차대사람,횡단중,횡단중,안전운전 의무 불이행,교차로,교차로내
7630,2013-05-18 21,야간,토,1,1,0,0,0,경기,이천시,차대사람,횡단중,횡단중,안전운전 의무 불이행,단일로,기타단일로
7631,2013-11-10 10,주간,일,1,5,4,0,0,경기,가평군,차대차,정면충돌,정면충돌,중앙선 침범,단일로,기타단일로
7632,2013-06-25 21,야간,화,1,1,0,0,0,전남,광양시,차대사람,횡단중,횡단중,안전운전 의무 불이행,단일로,횡단보도부근
7633,2013-09-10 06,주간,화,1,5,4,0,0,경기,군포시,차대차,추돌,진행중 추돌,안전운전 의무 불이행,단일로,기타단일로
7634,2013-05-24 17,주간,금,1,2,1,0,0,경기,안성시,차량단독,도로이탈,도로이탈 추락,안전운전 의무 불이행,단일로,기타단일로
7635,2013-05-26 20,야간,일,1,1,0,0,0,제주,서귀포시,차대사람,횡단중,횡단중,보행자 보호의무 위반,단일로,횡단보도상
7636,2013-03-18 22,야간,월,1,2,0,1,0,전북,군산시,차대차,기타,기타,안전운전 의무 불이행,단일로,기타단일로
7637,2013-11-20 09,주간,수,1,1,0,0,0,전북,완주군,차대사람,횡단중,횡단중,보행자 보호의무 위반,교차로,교차로부근
7638,2013-06-03 22,야간,월,1,3,2,0,0,경남,창원시(통합),차대사람,기타,기타,안전운전 의무 불이행,단일로,기타단일로
7639,2013-04-22 02,야간,월,1,4,3,0,0,경기,안산시,차대차,기타,기타,신호위반,교차로,교차로내
7640,2013-11-06 00,야간,수,1,1,0,0,0,전북,남원시,차량단독,도로이탈,도로이탈 기타,안전운전 의무 불이행,단일로,기타단일로
7641,2013-07-20 08,주간,토,1,2,1,0,0,경북,칠곡군,차대사람,횡단중,횡단중,신호위반,교차로,교차로내
7642,2013-09-05 15,주간,목,1,2,1,0,0,경북,영천시,차량단독,도로이탈,도로이탈 추락,안전운전 의무 불이행,단일로,기타단일로
7643,2013-08-03 20,야간,토,1,1,0,0,0,서울,종로구,차대사람,차도통행중,차도통행중,안전운전 의무 불이행,단일로,횡단보도상
7644,2013-07-19 13,주간,금,1,1,0,0,0,강원,속초시,차대차,측면충돌,측면충돌,기타,교차로,교차로내
7645,2013-02-28 19,야간,목,1,1,0,0,0,광주,북구,차대사람,기타,기타,신호위반,단일로,횡단보도상
7646,2013-03-05 06,주간,화,1,1,0,0,0,충북,청주시,차대사람,기타,기타,안전운전 의무 불이행,단일로,기타단일로
7647,2013-06-12 23,야간,수,1,1,0,0,0,경남,창원시(통합),차대사람,횡단중,횡단중,안전운전 의무 불이행,단일로,횡단보도상
7648,2013-06-23 10,주간,일,1,1,0,0,0,경남,통영시,차대사람,횡단중,횡단중,안전운전 의무 불이행,교차로,교차로내
7649,2013-11-05 05,야간,화,1,1,0,0,0,강원,동해시,차대차,측면충돌,측면충돌,안전운전 의무 불이행,교차로,교차로내
7650,2013-03-22 05,야간,금,2,2,0,0,0,인천,남구,차대차,기타,기타,안전운전 의무 불이행,단일로,기타단일로
7651,2013-09-12 03,야간,목,1,1,0,0,0,경기,하남시,차대사람,기타,기타,과속,단일로,기타단일로
7652,2013-04-23 19,야간,화,1,1,0,0,0,전남,순천시,차대사람,기타,기타,안전운전 의무 불이행,교차로,교차로부근
7653,2013-04-20 21,야간,토,1,2,1,0,0,충북,청주시,차대사람,횡단중,횡단중,안전운전 의무 불이행,단일로,기타단일로
7654,2013-09-12 19,야간,목,2,25,3,4,16,경기,의정부시,차대차,추돌,주정차중 추돌,안전운전 의무 불이행,단일로,기타단일로
7655,2013-05-23 06,주간,목,1,6,0,4,1,충북,충주시,차대차,기타,기타,안전운전 의무 불이행,교차로,교차로부근
7656,2013-06-14 21,야간,금,1,1,0,0,0,경남,창원시(통합),차대사람,보도통행중,보도통행중,신호위반,단일로,기타단일로
7657,2013-12-23 17,주간,월,1,1,0,0,0,충북,진천군,차대사람,길가장자리구역통행중,길가장자리구역통행중,안전운전 의무 불이행,단일로,기타단일로
7658,2013-04-14 06,주간,일,1,1,0,0,0,서울,관악구,차대사람,횡단중,횡단중,안전운전 의무 불이행,단일로,기타단일로
7659,2013-04-29 22,야간,월,1,1,0,0,0,부산,연제구,차대사람,횡단중,횡단중,안전운전 의무 불이행,단일로,기타단일로
7660,2013-10-21 12,주간,월,1,1,0,0,0,전북,정읍시,차대차,추돌,진행중 추돌,안전운전 의무 불이행,교차로,교차로내
7661,2013-10-03 05,야간,목,1,1,0,0,0,경기,양평군,차대사람,횡단중,횡단중,과속,단일로,기타단일로
7662,2013-05-12 07,주간,일,1,2,0,1,0,강원,강릉시,차대차,추돌,주정차중 추돌,안전운전 의무 불이행,단일로,기타단일로
7663,2013-07-27 23,야간,토,1,3,0,2,0,경북,칠곡군,차대차,정면충돌,정면충돌,중앙선 침범,단일로,기타단일로
7664,2013-04-06 00,야간,토,1,1,0,0,0,경기,김포시,차량단독,전도전복,전도전복,안전운전 의무 불이행,단일로,기타단일로
7665,2013-11-21 18,야간,목,1,1,0,0,0,경북,영주시,차대사람,차도통행중,차도통행중,안전운전 의무 불이행,단일로,기타단일로
7666,2013-11-21 18,야간,목,1,1,0,0,0,경북,영주시,차대사람,보도통행중,보도통행중,보행자 보호의무 위반,교차로,교차로내
7667,2013-10-21 14,주간,월,1,1,0,0,0,전북,정읍시,차량단독,기타,기타,안전운전 의무 불이행,단일로,기타단일로
7668,2013-10-25 18,야간,금,1,1,0,0,0,강원,홍천군,차대사람,횡단중,횡단중,안전운전 의무 불이행,단일로,기타단일로
7669,2013-11-17 23,야간,일,1,1,0,0,0,강원,삼척시,차량단독,도로이탈,도로이탈 기타,안전운전 의무 불이행,단일로,기타단일로
7670,2013-05-15 21,야간,수,1,1,0,0,0,대구,중구,차대차,측면충돌,측면충돌,교차로 통행방법 위반,교차로,교차로내
7671,2013-05-21 20,야간,화,1,2,0,1,0,울산,울주군,차대사람,차도통행중,차도통행중,안전운전 의무 불이행,단일로,횡단보도상
7672,2013-05-25 04,야간,토,1,1,0,0,0,인천,부평구,차대사람,기타,기타,기타,단일로,기타단일로
7673,2013-07-30 17,주간,화,1,1,0,0,0,경남,사천시,차대차,측면충돌,측면충돌,교차로 통행방법 위반,교차로,교차로내
7674,2013-08-27 12,주간,화,1,1,0,0,0,광주,동구,차대사람,횡단중,횡단중,안전운전 의무 불이행,단일로,횡단보도상
7675,2013-04-07 18,야간,일,1,1,0,0,0,전남,신안군,차량단독,전도전복,전도전복,안전운전 의무 불이행,단일로,기타단일로
7676,2013-05-13 18,야간,월,1,1,0,0,0,충남,태안군,차대차,측면충돌,측면충돌,안전운전 의무 불이행,교차로,교차로내
7677,2013-08-20 01,야간,화,1,1,0,0,0,경북,김천시,차대사람,기타,기타,보행자 보호의무 위반,교차로,교차로내
7678,2013-05-13 23,야간,월,2,4,2,0,0,충남,서산시,차량단독,공작물충돌,공작물충돌,안전운전 의무 불이행,교차로,교차로부근
7679,2013-06-21 10,주간,금,1,1,0,0,0,울산,동구,차대사람,횡단중,횡단중,안전운전 의무 불이행,교차로,교차로내
7680,2013-08-20 02,야간,화,1,1,0,0,0,경북,김천시,차량단독,전도전복,전도전복,안전운전 의무 불이행,단일로,기타단일로
7681,2013-06-08 05,야간,토,1,1,0,0,0,서울,서대문구,차량단독,전도전복,전도전복,안전운전 의무 불이행,단일로,기타단일로
7682,2013-09-07 12,주간,토,1,1,0,0,0,부산,영도구,차대차,기타,기타,중앙선 침범,단일로,기타단일로
7683,2013-08-01 05,야간,목,2,6,4,0,0,경남,사천시,차대차,추돌,진행중 추돌,안전운전 의무 불이행,단일로,기타단일로
7684,2013-04-15 17,주간,월,3,18,12,3,0,전남,여수시,차대차,추돌,진행중 추돌,과속,단일로,터널안
7685,2013-10-26 18,야간,토,1,1,0,0,0,충남,홍성군,차대사람,횡단중,횡단중,안전운전 의무 불이행,단일로,기타단일로
7686,2013-07-19 08,주간,금,1,1,0,0,0,대구,달성군,차대차,측면충돌,측면충돌,안전운전 의무 불이행,교차로,교차로내
7687,2013-06-15 07,주간,토,1,2,1,0,0,충남,당진시,차대차,정면충돌,정면충돌,중앙선 침범,단일로,기타단일로
7688,2013-07-12 04,야간,금,1,1,0,0,0,인천,중구,차대차,측면충돌,측면충돌,신호위반,교차로,교차로내
7689,2013-03-22 15,주간,금,1,1,0,0,0,강원,원주시,차량단독,도로이탈,도로이탈 추락,안전운전 의무 불이행,기타/불명,기타/불명
7690,2013-07-01 12,주간,월,1,1,0,0,0,충남,아산시,차대차,추돌,진행중 추돌,안전운전 의무 불이행,단일로,기타단일로
7691,2013-07-01 21,야간,월,1,1,0,0,0,충남,아산시,차대사람,횡단중,횡단중,안전운전 의무 불이행,단일로,횡단보도상
7692,2013-05-03 09,주간,금,1,1,0,0,0,경기,안양시,차대사람,보도통행중,보도통행중,보행자 보호의무 위반,교차로,교차로부근
7693,2013-06-27 18,야간,목,1,1,0,0,0,서울,도봉구,차대차,측면충돌,측면충돌,기타,단일로,기타단일로
7694,2013-06-14 05,야간,금,1,1,0,0,0,서울,강북구,차량단독,공작물충돌,공작물충돌,안전운전 의무 불이행,단일로,기타단일로
7695,2013-03-09 12,주간,토,1,1,0,0,0,대구,수성구,차대차,추돌,주정차중 추돌,신호위반,교차로,교차로내
7696,2013-04-22 06,주간,월,1,1,0,0,0,부산,사하구,차량단독,전도전복,전도전복,안전운전 의무 불이행,단일로,기타단일로
7697,2013-10-18 17,주간,금,1,1,0,0,0,충남,홍성군,차량단독,전도전복,전도전복,안전운전 의무 불이행,단일로,기타단일로
7698,2013-04-25 08,주간,목,1,1,0,0,0,서울,노원구,차대사람,기타,기타,안전운전 의무 불이행,단일로,기타단일로
7699,2013-11-13 12,주간,수,1,1,0,0,0,경기,의왕시,차대사람,횡단중,횡단중,안전운전 의무 불이행,교차로,교차로부근
7700,2013-09-24 13,주간,화,1,1,0,0,0,충남,논산시,차대차,정면충돌,정면충돌,안전운전 의무 불이행,단일로,기타단일로
7701,2013-04-23 14,주간,화,1,4,0,3,0,충북,청주시,차대차,추돌,주정차중 추돌,안전운전 의무 불이행,교차로,교차로부근
7702,2013-12-07 23,야간,토,1,2,1,0,0,경기,가평군,차량단독,공작물충돌,공작물충돌,안전운전 의무 불이행,단일로,기타단일로
7703,2013-06-24 12,주간,월,1,1,0,0,0,경남,창원시(통합),차량단독,전도전복,전도전복,안전운전 의무 불이행,교차로,교차로부근
7704,2013-10-28 21,야간,월,1,1,0,0,0,충남,홍성군,차대사람,기타,기타,안전운전 의무 불이행,단일로,기타단일로
7705,2013-03-23 07,주간,토,1,1,0,0,0,경기,용인시,차량단독,전도전복,전도전복,안전운전 의무 불이행,단일로,기타단일로
7706,2013-03-28 07,주간,목,1,1,0,0,0,경북,경주시,차대차,기타,기타,안전운전 의무 불이행,교차로,교차로내
7707,2013-03-16 14,주간,토,1,1,0,0,0,서울,영등포구,차대차,측면충돌,측면충돌,안전거리 미확보,단일로,기타단일로
7708,2013-04-04 23,야간,목,1,3,2,0,0,서울,용산구,차대사람,보도통행중,보도통행중,기타,교차로,교차로부근
7709,2013-09-18 05,야간,수,1,1,0,0,0,전남,나주시,차대사람,횡단중,횡단중,보행자 보호의무 위반,단일로,횡단보도상
7710,2013-07-03 10,주간,수,1,1,0,0,0,충남,아산시,차대사람,기타,기타,안전운전 의무 불이행,교차로,교차로부근
7711,2013-04-23 19,야간,화,1,1,0,0,0,경기,광주시,차대사람,횡단중,횡단중,안전운전 의무 불이행,교차로,교차로부근
7712,2013-02-18 06,주간,월,1,1,0,0,0,대전,유성구,차대사람,기타,기타,과속,단일로,기타단일로
7713,2013-07-02 03,야간,화,1,2,1,0,0,경남,통영시,차량단독,공작물충돌,공작물충돌,안전운전 의무 불이행,단일로,기타단일로
7714,2013-05-18 10,주간,토,1,1,0,0,0,충남,태안군,차대차,측면충돌,측면충돌,신호위반,교차로,교차로내
7715,2013-03-20 15,주간,수,1,1,0,0,0,대구,달서구,차대사람,횡단중,횡단중,안전운전 의무 불이행,교차로,교차로내
7716,2013-06-25 11,주간,화,1,2,1,0,0,경남,창원시(통합),차대차,추돌,진행중 추돌,안전운전 의무 불이행,단일로,기타단일로
7717,2013-04-20 15,주간,토,1,1,0,0,0,경남,양산시,차량단독,공작물충돌,공작물충돌,안전운전 의무 불이행,단일로,기타단일로
7718,2013-11-26 13,주간,화,1,1,0,0,0,강원,삼척시,차대차,추돌,주정차중 추돌,안전운전 의무 불이행,단일로,터널안
7719,2013-04-08 16,주간,월,1,1,0,0,0,서울,강서구,차대차,기타,기타,안전운전 의무 불이행,단일로,기타단일로
7720,2013-06-17 15,주간,월,1,1,0,0,0,충남,당진시,차대차,추돌,진행중 추돌,교차로 통행방법 위반,교차로,교차로내
7721,2013-04-06 05,야간,토,1,1,0,0,0,대구,동구,차대사람,횡단중,횡단중,안전운전 의무 불이행,단일로,횡단보도부근
7722,2013-06-01 00,야간,토,1,1,0,0,0,충남,천안시,차대사람,횡단중,횡단중,보행자 보호의무 위반,단일로,기타단일로
7723,2013-09-14 12,주간,토,1,1,0,0,0,경기,여주시,차량단독,공작물충돌,공작물충돌,안전운전 의무 불이행,단일로,기타단일로
7724,2013-05-25 08,주간,토,1,2,1,0,0,대전,동구,차량단독,도로이탈,도로이탈 기타,안전운전 의무 불이행,단일로,기타단일로
7725,2013-06-02 01,야간,일,1,1,0,0,0,경기,안성시,차대사람,기타,기타,안전운전 의무 불이행,단일로,기타단일로
7726,2013-03-28 04,야간,목,1,1,0,0,0,경기,의정부시,차대사람,횡단중,횡단중,안전운전 의무 불이행,단일로,횡단보도상
7727,2013-10-09 13,주간,수,1,1,0,0,0,경기,동두천시,차대사람,횡단중,횡단중,보행자 보호의무 위반,단일로,횡단보도상
7728,2013-04-19 14,주간,금,1,1,0,0,0,울산,북구,차대차,측면충돌,측면충돌,신호위반,교차로,교차로내
7729,2013-10-20 01,야간,일,1,1,0,0,0,경북,상주시,차대차,기타,기타,안전운전 의무 불이행,단일로,기타단일로
7730,2013-06-26 10,주간,수,1,1,0,0,0,경기,포천시,차대차,측면충돌,측면충돌,안전운전 의무 불이행,교차로,교차로내
7731,2013-04-28 13,주간,일,1,1,0,0,0,경기,성남시,차대사람,기타,기타,안전운전 의무 불이행,단일로,기타단일로
7732,2013-04-25 00,야간,목,1,2,1,0,0,충북,청주시,차대차,추돌,주정차중 추돌,안전운전 의무 불이행,교차로,교차로부근
7733,2013-05-12 12,주간,일,1,1,0,0,0,부산,금정구,차량단독,공작물충돌,공작물충돌,안전운전 의무 불이행,단일로,고가도로위
7734,2013-07-25 14,주간,목,1,1,0,0,0,서울,성북구,차대사람,횡단중,횡단중,보행자 보호의무 위반,단일로,횡단보도상
7735,2013-05-26 04,야간,일,1,1,0,0,0,울산,울주군,차대사람,기타,기타,안전운전 의무 불이행,단일로,기타단일로
7736,2013-09-21 00,야간,토,1,1,0,0,0,경북,영천시,차량단독,기타,기타,안전운전 의무 불이행,단일로,기타단일로
7737,2013-04-04 20,야간,목,1,1,0,0,0,제주,제주시,차대사람,횡단중,횡단중,안전운전 의무 불이행,단일로,기타단일로
7738,2013-09-21 15,주간,토,2,5,2,1,0,경기,화성시,차량단독,공작물충돌,공작물충돌,안전운전 의무 불이행,단일로,기타단일로
7739,2013-10-04 07,주간,금,1,1,0,0,0,경남,밀양시,차대차,측면충돌,측면충돌,기타,단일로,기타단일로
7740,2013-04-19 11,주간,금,1,1,0,0,0,전남,여수시,차대사람,횡단중,횡단중,안전운전 의무 불이행,단일로,횡단보도상
7741,2013-06-18 19,야간,화,1,1,0,0,0,서울,관악구,차대사람,횡단중,횡단중,신호위반,교차로,교차로내
7742,2013-12-10 16,주간,화,1,1,0,0,0,전북,완주군,차대차,추돌,진행중 추돌,안전운전 의무 불이행,단일로,기타단일로
7743,2013-07-01 13,주간,월,1,1,0,0,0,서울,성동구,차대사람,기타,기타,신호위반,교차로,교차로내
7744,2013-11-05 18,야간,화,1,1,0,0,0,충북,음성군,차대차,추돌,진행중 추돌,안전운전 의무 불이행,단일로,기타단일로
7745,2013-03-21 04,야간,목,1,2,1,0,0,대구,달서구,차대차,추돌,주정차중 추돌,안전운전 의무 불이행,단일로,기타단일로
7746,2013-11-20 09,주간,수,1,1,0,0,0,강원,동해시,차대사람,횡단중,횡단중,안전운전 의무 불이행,교차로,교차로내
7747,2013-09-17 08,주간,화,1,1,0,0,0,경기,여주시,차량단독,전도전복,전도전복,안전운전 의무 불이행,단일로,기타단일로
7748,2013-02-18 17,주간,월,1,2,1,0,0,대전,유성구,차대차,측면충돌,측면충돌,안전운전 의무 불이행,교차로,교차로내
7749,2013-05-07 16,주간,화,1,2,1,0,0,충북,청원군,차대차,측면충돌,측면충돌,교차로 통행방법 위반,교차로,교차로내
7750,2013-03-28 22,야간,목,1,1,0,0,0,인천,서구,차대사람,기타,기타,중앙선 침범,단일로,기타단일로
7751,2013-04-29 21,야간,월,1,1,0,0,0,전남,순천시,차대사람,기타,기타,과속,단일로,기타단일로
7752,2013-04-23 18,야간,화,1,4,3,0,0,경북,포항시,차대차,측면충돌,측면충돌,교차로 통행방법 위반,교차로,교차로내
7753,2013-05-05 18,야간,일,1,1,0,0,0,부산,연제구,차대차,기타,기타,기타,단일로,횡단보도상
7754,2013-12-15 00,야간,일,1,4,3,0,0,전북,완주군,차대차,기타,기타,교차로 통행방법 위반,교차로,교차로내
7755,2013-06-18 14,주간,화,1,1,0,0,0,서울,강북구,차대사람,횡단중,횡단중,안전운전 의무 불이행,단일로,기타단일로
7756,2013-02-28 04,야간,목,1,1,0,0,0,서울,강동구,차대사람,횡단중,횡단중,안전운전 의무 불이행,교차로,교차로부근
7757,2013-05-20 14,주간,월,1,2,1,0,0,충남,서산시,차대차,정면충돌,정면충돌,중앙선 침범,교차로,교차로부근
7758,2013-10-14 11,주간,월,1,1,0,0,0,경기,동두천시,차대사람,횡단중,횡단중,안전운전 의무 불이행,단일로,횡단보도상
7759,2013-07-14 22,야간,일,1,1,0,0,0,경기,군포시,차대차,기타,기타,기타,단일로,횡단보도상
7760,2013-03-24 14,주간,일,1,1,0,0,0,전북,군산시,차대차,측면충돌,측면충돌,기타,교차로,교차로내
7761,2013-11-02 18,야간,토,1,2,0,1,0,전북,정읍시,차대차,추돌,진행중 추돌,안전운전 의무 불이행,단일로,기타단일로
7762,2013-07-01 07,주간,월,1,1,0,0,0,울산,북구,차대차,추돌,주정차중 추돌,안전운전 의무 불이행,단일로,기타단일로
7763,2013-05-06 10,주간,월,1,2,1,0,0,서울,강남구,차대사람,횡단중,횡단중,안전운전 의무 불이행,교차로,교차로내
7764,2013-11-14 11,주간,목,1,1,0,0,0,강원,홍천군,차대사람,기타,기타,과속,단일로,횡단보도상
7765,2013-09-15 20,야간,일,1,2,0,1,0,부산,기장군,차대차,기타,기타,중앙선 침범,단일로,기타단일로
7766,2013-08-07 10,주간,수,1,3,0,2,0,경북,칠곡군,차대차,측면충돌,측면충돌,신호위반,교차로,교차로내
7767,2013-10-17 19,야간,목,1,2,1,0,0,경기,양평군,차대차,추돌,진행중 추돌,안전운전 의무 불이행,단일로,기타단일로
7768,2013-09-27 18,야간,금,1,1,0,0,0,전남,나주시,차대사람,횡단중,횡단중,안전운전 의무 불이행,교차로,교차로내
7769,2013-09-23 05,야간,월,1,4,3,0,0,경기,여주시,차대차,정면충돌,정면충돌,신호위반,교차로,교차로내
7770,2013-05-07 00,야간,화,1,1,0,0,0,부산,동래구,차대사람,길가장자리구역통행중,길가장자리구역통행중,안전운전 의무 불이행,단일로,기타단일로
7771,2013-09-23 05,야간,월,1,1,0,0,0,경기,여주시,차대사람,횡단중,횡단중,중앙선 침범,교차로,교차로내
7772,2013-11-25 19,야간,월,1,1,0,0,0,전북,남원시,차대사람,차도통행중,차도통행중,과속,교차로,교차로내
7773,2013-03-17 21,야간,일,1,1,0,0,0,경기,남양주시,차대사람,기타,기타,안전운전 의무 불이행,단일로,기타단일로
7774,2013-08-09 01,야간,금,1,1,0,0,0,경북,칠곡군,차량단독,기타,기타,안전운전 의무 불이행,단일로,기타단일로
7775,2013-06-10 06,주간,월,1,1,0,0,0,경남,창원시(통합),차대차,기타,기타,신호위반,교차로,교차로내
7776,2013-04-08 21,야간,월,1,1,0,0,0,대구,동구,차대차,기타,기타,안전운전 의무 불이행,단일로,기타단일로
7777,2013-10-10 19,야간,목,1,1,0,0,0,대전,서구,차대사람,기타,기타,안전운전 의무 불이행,단일로,기타단일로
7778,2013-08-01 16,주간,목,1,1,0,0,0,대전,대덕구,차대사람,기타,기타,안전운전 의무 불이행,단일로,기타단일로
7779,2013-07-09 22,야간,화,1,4,2,1,0,전남,광양시,차량단독,전도전복,전도전복,안전운전 의무 불이행,단일로,기타단일로
7780,2013-06-06 20,야간,목,1,1,0,0,0,충남,천안시,차대사람,횡단중,횡단중,안전운전 의무 불이행,단일로,기타단일로
7781,2013-10-12 00,야간,토,1,1,0,0,0,대전,서구,차대사람,기타,기타,안전운전 의무 불이행,단일로,기타단일로
7782,2013-09-29 02,야간,일,1,3,2,0,0,경기,안양시,차대차,추돌,주정차중 추돌,안전운전 의무 불이행,단일로,터널안
7783,2013-09-23 22,야간,월,1,1,0,0,0,경북,영천시,차대차,추돌,진행중 추돌,안전운전 의무 불이행,단일로,기타단일로
7784,2013-06-30 08,주간,일,1,2,1,0,0,경남,창원시(통합),차대차,기타,기타,기타,단일로,기타단일로
7785,2013-09-30 00,야간,월,1,3,2,0,0,서울,서초구,차대차,정면충돌,정면충돌,안전운전 의무 불이행,단일로,기타단일로
7786,2013-07-27 20,야간,토,1,1,0,0,0,대구,달성군,차량단독,전도전복,전도전복,안전운전 의무 불이행,단일로,기타단일로
7787,2013-04-28 07,주간,일,1,2,1,0,0,제주,제주시,차대차,추돌,진행중 추돌,안전운전 의무 불이행,단일로,기타단일로
7788,2013-05-16 11,주간,목,1,1,0,0,0,부산,금정구,차대사람,기타,기타,안전운전 의무 불이행,단일로,기타단일로
7789,2013-05-31 20,야간,금,1,1,0,0,0,대전,동구,차대차,측면충돌,측면충돌,안전거리 미확보,교차로,교차로내
7790,2013-10-09 17,주간,수,1,1,0,0,0,충남,논산시,차량단독,도로이탈,도로이탈 추락,안전운전 의무 불이행,단일로,기타단일로
7791,2013-05-10 00,야간,금,1,1,0,0,0,부산,연제구,차대사람,횡단중,횡단중,안전운전 의무 불이행,단일로,기타단일로
7792,2013-04-20 18,야간,토,1,1,0,0,0,경기,화성시,차량단독,공작물충돌,공작물충돌,안전운전 의무 불이행,단일로,기타단일로
7793,2013-05-10 03,야간,금,1,1,0,0,0,부산,연제구,차량단독,공작물충돌,공작물충돌,안전운전 의무 불이행,단일로,기타단일로
7794,2013-03-27 16,주간,수,1,1,0,0,0,경기,용인시,차대사람,차도통행중,차도통행중,안전운전 의무 불이행,단일로,기타단일로
7795,2013-12-29 23,야간,일,1,1,0,0,0,경기,가평군,차대사람,차도통행중,차도통행중,안전운전 의무 불이행,단일로,기타단일로
7796,2013-06-16 12,주간,일,1,1,0,0,0,경기,양주시,차량단독,전도전복,전도전복,안전운전 의무 불이행,단일로,기타단일로
7797,2013-04-20 20,야간,토,1,1,0,0,0,경기,화성시,차대차,추돌,진행중 추돌,안전운전 의무 불이행,단일로,기타단일로
7798,2013-10-10 18,야간,목,1,1,0,0,0,충남,논산시,차대사람,횡단중,횡단중,보행자 보호의무 위반,단일로,횡단보도상
7799,2013-06-03 15,주간,월,1,2,1,0,0,경기,이천시,차량단독,도로이탈,도로이탈 기타,안전운전 의무 불이행,교차로,교차로부근
7800,2013-05-11 00,야간,토,1,1,0,0,0,충북,청주시,차대사람,보도통행중,보도통행중,보행자 보호의무 위반,단일로,기타단일로
7801,2013-10-05 19,야간,토,1,1,0,0,0,전남,나주시,차량단독,공작물충돌,공작물충돌,안전운전 의무 불이행,단일로,기타단일로
7802,2013-04-14 22,야간,일,1,1,0,0,0,경기,김포시,차대사람,횡단중,횡단중,안전운전 의무 불이행,교차로,교차로부근
7803,2013-04-21 10,주간,일,1,2,1,0,0,경기,화성시,차량단독,전도전복,전도전복,안전운전 의무 불이행,단일로,기타단일로
7804,2013-07-05 04,야간,금,1,2,0,1,0,경남,창원시(통합),차대사람,횡단중,횡단중,보행자 보호의무 위반,단일로,횡단보도상
7805,2013-07-02 21,야간,화,1,1,0,0,0,경남,창원시(통합),차대사람,차도통행중,차도통행중,안전거리 미확보,단일로,기타단일로
7806,2013-10-06 08,주간,일,1,1,0,0,0,전남,나주시,차대차,측면충돌,측면충돌,교차로 통행방법 위반,교차로,교차로부근
7807,2013-09-09 19,야간,월,1,1,0,0,0,부산,강서구,차대차,기타,기타,안전운전 의무 불이행,단일로,기타단일로
7808,2013-10-24 18,야간,목,2,2,0,0,0,경기,양평군,차대차,추돌,진행중 추돌,안전운전 의무 불이행,단일로,기타단일로
7809,2013-06-02 15,주간,일,1,1,0,0,0,경남,진주시,차량단독,도로이탈,도로이탈 기타,안전운전 의무 불이행,단일로,기타단일로
7810,2013-07-07 05,야간,일,1,1,0,0,0,울산,동구,차대차,추돌,진행중 추돌,안전운전 의무 불이행,단일로,기타단일로
7811,2013-10-23 16,주간,수,1,13,3,0,9,경기,동두천시,차대차,기타,기타,중앙선 침범,단일로,기타단일로
7812,2013-06-04 20,야간,화,1,1,0,0,0,대전,동구,차대사람,횡단중,횡단중,안전운전 의무 불이행,교차로,교차로부근
7813,2013-12-23 00,야간,월,1,2,1,0,0,경북,영주시,차대차,추돌,주정차중 추돌,안전운전 의무 불이행,단일로,기타단일로
7814,2013-03-07 19,야간,목,1,3,2,0,0,경북,구미시,차대차,기타,기타,중앙선 침범,단일로,기타단일로
7815,2013-04-01 11,주간,월,1,1,0,0,0,경북,경주시,차대차,정면충돌,정면충돌,중앙선 침범,단일로,기타단일로
7816,2013-06-07 01,야간,금,1,2,1,0,0,인천,부평구,차대차,정면충돌,정면충돌,중앙선 침범,교차로,교차로부근