교통사고이력ID(사고기록 순서),발생년월일시,주야코드,요일코드,사망자수,부상자수,중상자수,경상자수,부상신고자수,발생지시도코드,발생지시도코드,사고유형대분류코드,사고유형중분류코드,사고유형코드,법규위반코드,도로형태대분류코드,도로로형태코드
7817,2013-12-28 10,주간,토,1,1,0,0,0,전북,완주군,차량단독,공작물충돌,공작물충돌,안전운전 의무 불이행,단일로,기타단일로
7818,2013-09-12 05,야간,목,1,4,0,2,1,부산,강서구,차대차,추돌,주정차중 추돌,기타,교차로,교차로부근
7819,2013-10-07 19,야간,월,1,1,0,0,0,전남,나주시,차량단독,도로이탈,도로이탈 추락,안전운전 의무 불이행,단일로,기타단일로
7820,2013-10-24 17,주간,목,1,1,0,0,0,부산,서구,차대사람,횡단중,횡단중,안전운전 의무 불이행,단일로,기타단일로
7821,2013-11-17 19,야간,일,1,1,0,0,0,충북,음성군,차대사람,횡단중,횡단중,안전운전 의무 불이행,단일로,기타단일로
7822,2013-05-04 09,주간,토,1,2,0,1,0,경기,성남시,차량단독,공작물충돌,공작물충돌,안전운전 의무 불이행,단일로,기타단일로
7823,2013-05-12 22,야간,일,1,1,0,0,0,경기,수원시,차대사람,횡단중,횡단중,안전운전 의무 불이행,단일로,기타단일로
7824,2013-04-11 05,야간,목,1,1,0,0,0,제주,제주시,차대사람,횡단중,횡단중,보행자 보호의무 위반,단일로,기타단일로
7825,2013-04-26 21,야간,금,1,1,0,0,0,경남,양산시,차대차,측면충돌,측면충돌,중앙선 침범,기타/불명,기타/불명
7826,2013-05-07 08,주간,화,1,2,1,0,0,경남,거제시,차대사람,횡단중,횡단중,신호위반,교차로,교차로내
7827,2013-04-15 22,야간,월,1,1,0,0,0,전남,신안군,차량단독,도로이탈,도로이탈 추락,안전운전 의무 불이행,단일로,기타단일로
7828,2013-11-10 23,야간,일,1,1,0,0,0,전북,정읍시,차량단독,기타,기타,안전운전 의무 불이행,교차로,교차로내
7829,2013-07-09 21,야간,화,2,4,2,0,0,울산,동구,차량단독,전도전복,전도전복,안전운전 의무 불이행,단일로,기타단일로
7830,2013-03-03 00,야간,일,1,3,2,0,0,경기,평택시,차대차,측면충돌,측면충돌,신호위반,교차로,교차로내
7831,2013-04-27 03,야간,토,1,1,0,0,0,경남,양산시,차대사람,차도통행중,차도통행중,안전운전 의무 불이행,단일로,기타단일로
7832,2013-06-02 00,야간,일,1,1,0,0,0,경기,안양시,차량단독,공작물충돌,공작물충돌,안전운전 의무 불이행,단일로,기타단일로
7833,2013-04-15 22,야간,월,1,1,0,0,0,서울,강서구,차대사람,횡단중,횡단중,안전운전 의무 불이행,단일로,기타단일로
7834,2013-06-26 16,주간,수,1,1,0,0,0,경북,안동시,차량단독,도로이탈,도로이탈 추락,안전운전 의무 불이행,교차로,교차로내
7835,2013-07-26 20,야간,금,1,1,0,0,0,인천,동구,차대사람,횡단중,횡단중,안전운전 의무 불이행,단일로,기타단일로
7836,2013-03-12 06,주간,화,1,1,0,0,0,인천,남동구,차대사람,기타,기타,안전운전 의무 불이행,단일로,기타단일로
7837,2013-06-08 11,주간,토,1,2,1,0,0,경기,성남시,차대사람,횡단중,횡단중,안전운전 의무 불이행,단일로,기타단일로
7838,2013-05-06 12,주간,월,1,2,0,1,0,경기,안산시,차대차,추돌,진행중 추돌,안전운전 의무 불이행,단일로,기타단일로
7839,2013-07-01 06,주간,월,1,1,0,0,0,경남,창원시(통합),차량단독,전도전복,전도전복,안전운전 의무 불이행,단일로,기타단일로
7840,2013-11-17 17,주간,일,1,1,0,0,0,충남,홍성군,차대사람,횡단중,횡단중,안전운전 의무 불이행,단일로,기타단일로
7841,2013-06-29 22,야간,토,1,1,0,0,0,충남,당진시,차량단독,기타,기타,안전운전 의무 불이행,단일로,기타단일로
7842,2013-04-13 03,야간,토,1,1,0,0,0,서울,용산구,차대사람,횡단중,횡단중,안전운전 의무 불이행,교차로,교차로부근
7843,2013-06-06 17,주간,목,1,1,0,0,0,경남,진주시,차대차,측면충돌,측면충돌,신호위반,단일로,기타단일로
7844,2013-06-10 11,주간,월,1,2,1,0,0,충북,충주시,차대차,추돌,진행중 추돌,안전운전 의무 불이행,교차로,교차로내
7845,2013-09-12 06,주간,목,1,4,3,0,0,경북,김천시,차대차,측면충돌,측면충돌,안전거리 미확보,단일로,기타단일로
7846,2013-03-14 23,야간,목,1,1,0,0,0,경기,시흥시,차대차,추돌,주정차중 추돌,안전운전 의무 불이행,단일로,기타단일로
7847,2013-10-21 16,주간,월,1,1,0,0,0,대전,서구,차대차,추돌,주정차중 추돌,중앙선 침범,단일로,기타단일로
7848,2013-04-14 00,야간,일,1,2,1,0,0,대구,동구,차대사람,횡단중,횡단중,안전운전 의무 불이행,단일로,횡단보도상
7849,2013-06-16 23,야간,일,1,1,0,0,0,경남,창원시(통합),차대사람,기타,기타,안전운전 의무 불이행,교차로,교차로내
7850,2013-06-08 06,주간,토,1,1,0,0,0,경남,진주시,차대사람,기타,기타,안전운전 의무 불이행,교차로,교차로내
7851,2013-04-30 23,야간,화,1,1,0,0,0,경기,성남시,차대사람,차도통행중,차도통행중,안전운전 의무 불이행,교차로,교차로부근
7852,2013-10-07 22,야간,월,2,3,0,1,0,경북,영천시,차대차,추돌,진행중 추돌,안전운전 의무 불이행,단일로,기타단일로
7853,2013-04-28 01,야간,일,1,1,0,0,0,강원,춘천시,차대사람,차도통행중,차도통행중,안전운전 의무 불이행,단일로,기타단일로
7854,2013-10-16 11,주간,수,1,2,0,1,0,전남,나주시,차량단독,공작물충돌,공작물충돌,안전운전 의무 불이행,단일로,기타단일로
7855,2013-08-24 23,야간,토,1,1,0,0,0,경북,칠곡군,차대차,기타,기타,안전운전 의무 불이행,단일로,횡단보도상
7856,2013-06-13 12,주간,목,1,1,0,0,0,경기,안성시,차량단독,전도전복,전도전복,안전운전 의무 불이행,교차로,교차로내
7857,2013-07-13 00,야간,토,1,1,0,0,0,경남,창원시(통합),차대사람,보도통행중,보도통행중,보행자 보호의무 위반,교차로,교차로내
7858,2013-05-07 04,야간,화,1,1,0,0,0,부산,해운대구,차량단독,공작물충돌,공작물충돌,안전운전 의무 불이행,단일로,기타단일로
7859,2013-10-12 03,야간,토,1,2,0,1,0,경기,안성시,차대차,추돌,진행중 추돌,안전운전 의무 불이행,단일로,기타단일로
7860,2013-05-02 22,야간,목,1,1,0,0,0,부산,사상구,차대사람,기타,기타,안전운전 의무 불이행,단일로,기타단일로
7861,2013-03-04 22,야간,월,1,2,0,1,0,경기,평택시,차대차,기타,기타,안전운전 의무 불이행,단일로,기타단일로
7862,2013-03-05 16,주간,화,1,1,0,0,0,서울,송파구,차대사람,횡단중,횡단중,안전운전 의무 불이행,단일로,기타단일로
7863,2013-04-13 21,야간,토,1,1,0,0,0,경기,고양시,차대차,측면충돌,측면충돌,중앙선 침범,단일로,기타단일로
7864,2013-10-03 09,주간,목,1,1,0,0,0,부산,기장군,차량단독,공작물충돌,공작물충돌,안전운전 의무 불이행,단일로,횡단보도부근
7865,2013-07-03 21,야간,수,1,1,0,0,0,서울,금천구,차대사람,차도통행중,차도통행중,안전운전 의무 불이행,단일로,기타단일로
7866,2013-09-19 21,야간,목,1,1,0,0,0,부산,강서구,차대사람,횡단중,횡단중,안전운전 의무 불이행,기타/불명,기타/불명
7867,2013-10-12 19,야간,토,1,7,6,0,0,경기,용인시,차대차,추돌,진행중 추돌,안전운전 의무 불이행,단일로,기타단일로
7868,2013-10-20 18,야간,일,1,1,0,0,0,전남,나주시,차량단독,도로이탈,도로이탈 기타,안전운전 의무 불이행,교차로,교차로부근
7869,2013-05-05 09,주간,일,1,1,0,0,0,부산,사하구,차량단독,공작물충돌,공작물충돌,안전운전 의무 불이행,단일로,기타단일로
7870,2013-07-10 20,야간,수,1,4,1,2,0,경기,포천시,차대차,측면충돌,측면충돌,신호위반,교차로,교차로내
7871,2013-04-16 18,야간,화,1,1,0,0,0,대구,동구,차량단독,공작물충돌,공작물충돌,안전운전 의무 불이행,단일로,기타단일로
7872,2013-03-10 18,야간,일,1,1,0,0,0,광주,북구,차대사람,횡단중,횡단중,안전운전 의무 불이행,단일로,기타단일로
7873,2013-03-10 19,야간,일,1,1,0,0,0,광주,북구,차대사람,횡단중,횡단중,안전운전 의무 불이행,교차로,교차로부근
7874,2013-05-11 04,야간,토,1,1,0,0,0,서울,양천구,차량단독,공작물충돌,공작물충돌,안전운전 의무 불이행,단일로,기타단일로
7875,2013-10-15 07,주간,화,1,11,3,5,2,경기,오산시,차대차,추돌,주정차중 추돌,안전운전 의무 불이행,단일로,기타단일로
7876,2013-03-27 00,야간,수,1,1,0,0,0,경기,화성시,차량단독,기타,기타,안전운전 의무 불이행,단일로,기타단일로
7877,2013-03-16 04,야간,토,1,1,0,0,0,대구,수성구,차대사람,횡단중,횡단중,안전운전 의무 불이행,교차로,교차로내
7878,2013-03-14 09,주간,목,1,1,0,0,0,광주,서구,차량단독,기타,기타,안전운전 의무 불이행,단일로,기타단일로
7879,2013-05-25 17,주간,토,1,1,0,0,0,부산,금정구,차대차,기타,기타,안전운전 의무 불이행,교차로,교차로내
7880,2013-05-17 08,주간,금,1,1,0,0,0,충북,청주시,차대사람,기타,기타,안전운전 의무 불이행,교차로,교차로내
7881,2013-04-20 21,야간,토,1,1,0,0,0,대구,서구,차대사람,기타,기타,안전운전 의무 불이행,교차로,교차로내
7882,2013-07-16 19,야간,화,1,1,0,0,0,경남,창원시(통합),차대사람,기타,기타,안전운전 의무 불이행,단일로,기타단일로
7883,2013-04-02 17,주간,화,1,1,0,0,0,경기,파주시,차대사람,기타,기타,안전운전 의무 불이행,교차로,교차로부근
7884,2013-05-15 09,주간,수,1,1,0,0,0,서울,강남구,차대사람,기타,기타,안전운전 의무 불이행,단일로,기타단일로
7885,2013-06-26 02,야간,수,1,19,5,13,0,서울,구로구,차대차,추돌,주정차중 추돌,안전운전 의무 불이행,단일로,기타단일로
7886,2013-11-11 08,주간,월,1,2,1,0,0,경기,양평군,차대차,정면충돌,정면충돌,안전운전 의무 불이행,단일로,기타단일로
7887,2013-10-04 17,주간,금,1,1,0,0,0,경기,여주시,차량단독,기타,기타,안전운전 의무 불이행,기타/불명,기타/불명
7888,2013-05-04 21,야간,토,1,1,0,0,0,경북,포항시,차대사람,기타,기타,안전운전 의무 불이행,단일로,기타단일로
7889,2013-06-13 02,야간,목,1,1,0,0,0,경기,이천시,차대차,추돌,주정차중 추돌,안전운전 의무 불이행,단일로,기타단일로
7890,2013-11-25 06,주간,월,1,1,0,0,0,전북,정읍시,차대차,추돌,진행중 추돌,과속,단일로,기타단일로
7891,2013-07-27 09,주간,토,1,5,1,3,0,경남,통영시,차량단독,전도전복,전도전복,안전운전 의무 불이행,단일로,기타단일로
7892,2013-06-13 02,야간,목,1,2,1,0,0,경기,용인시,차량단독,공작물충돌,공작물충돌,안전운전 의무 불이행,단일로,기타단일로
7893,2013-07-12 22,야간,금,1,1,0,0,0,경기,포천시,차대사람,기타,기타,안전운전 의무 불이행,단일로,기타단일로
7894,2013-07-27 20,야간,토,1,1,0,0,0,경남,통영시,차대사람,횡단중,횡단중,안전운전 의무 불이행,단일로,기타단일로
7895,2013-07-21 10,주간,일,1,1,0,0,0,충남,아산시,차대차,측면충돌,측면충돌,신호위반,교차로,교차로내
7896,2013-06-21 12,주간,금,1,1,0,0,0,제주,서귀포시,차대차,측면충돌,측면충돌,신호위반,교차로,교차로내
7897,2013-03-16 10,주간,토,1,2,0,1,0,충북,청주시,차대사람,횡단중,횡단중,보행자 보호의무 위반,교차로,교차로내
7898,2013-04-03 08,주간,수,1,1,0,0,0,강원,원주시,차대차,추돌,진행중 추돌,기타,단일로,기타단일로
7899,2013-06-02 07,주간,일,1,1,0,0,0,충북,충주시,차대사람,길가장자리구역통행중,길가장자리구역통행중,안전운전 의무 불이행,교차로,교차로내
7900,2013-11-14 00,야간,목,1,1,0,0,0,경기,양평군,차대사람,기타,기타,안전운전 의무 불이행,단일로,기타단일로
7901,2013-04-23 15,주간,화,1,1,0,0,0,경기,김포시,차대차,기타,기타,안전운전 의무 불이행,기타/불명,기타/불명
7902,2013-08-21 03,야간,수,2,3,1,0,0,대전,대덕구,차대차,측면충돌,측면충돌,안전운전 의무 불이행,단일로,기타단일로
7903,2013-04-05 20,야간,금,1,2,1,0,0,경북,경주시,차량단독,기타,기타,안전운전 의무 불이행,단일로,기타단일로
7904,2013-06-14 01,야간,금,1,1,0,0,0,경남,진주시,차대사람,기타,기타,안전운전 의무 불이행,교차로,교차로내
7905,2013-06-21 18,야간,금,1,1,0,0,0,제주,서귀포시,차량단독,기타,기타,기타,교차로,교차로부근
7906,2013-05-11 22,야간,토,1,1,0,0,0,경기,안산시,차량단독,도로이탈,도로이탈 기타,안전운전 의무 불이행,단일로,기타단일로
7907,2013-05-04 02,야간,토,1,4,2,1,0,경남,양산시,차대차,기타,기타,신호위반,교차로,교차로내
7908,2013-04-18 12,주간,목,1,2,1,0,0,충남,천안시,차대차,측면충돌,측면충돌,기타,교차로,교차로내
7909,2013-04-30 06,주간,화,1,1,0,0,0,경기,화성시,차대사람,횡단중,횡단중,안전운전 의무 불이행,단일로,기타단일로
7910,2013-11-08 08,주간,금,1,10,2,7,0,대전,서구,차대사람,기타,기타,안전운전 의무 불이행,단일로,기타단일로
7911,2013-03-17 22,야간,일,1,1,0,0,0,경기,시흥시,차대사람,횡단중,횡단중,안전운전 의무 불이행,교차로,교차로부근
7912,2013-05-19 06,주간,일,2,4,1,1,0,충북,청주시,차대차,기타,기타,중앙선 침범,단일로,기타단일로
7913,2013-07-10 18,야간,수,1,1,0,0,0,경남,창원시(통합),차대차,측면충돌,측면충돌,안전운전 의무 불이행,단일로,기타단일로
7914,2013-09-02 19,야간,월,1,1,0,0,0,경북,칠곡군,차대사람,기타,기타,안전운전 의무 불이행,단일로,기타단일로
7915,2013-04-22 15,주간,월,1,1,0,0,0,전남,신안군,차대사람,기타,기타,안전운전 의무 불이행,단일로,기타단일로
7916,2013-07-11 05,야간,목,1,1,0,0,0,서울,금천구,차대사람,기타,기타,안전운전 의무 불이행,단일로,기타단일로
7917,2013-04-29 19,야간,월,1,1,0,0,0,전남,여수시,차대사람,횡단중,횡단중,안전운전 의무 불이행,단일로,횡단보도상
7918,2013-10-18 19,야간,금,1,1,0,0,0,경기,여주시,차대사람,횡단중,횡단중,안전운전 의무 불이행,단일로,기타단일로
7919,2013-03-29 15,주간,금,1,2,0,1,0,경기,오산시,차대차,추돌,주정차중 추돌,중앙선 침범,단일로,기타단일로
7920,2013-09-05 09,주간,목,1,47,28,11,7,인천,부평구,차대차,추돌,주정차중 추돌,안전운전 의무 불이행,단일로,기타단일로
7921,2013-05-03 05,야간,금,1,1,0,0,0,울산,중구,차대사람,기타,기타,신호위반,단일로,횡단보도상
7922,2013-06-12 23,야간,수,1,1,0,0,0,부산,북구,차대사람,횡단중,횡단중,안전운전 의무 불이행,단일로,기타단일로
7923,2013-03-16 03,야간,토,1,1,0,0,0,인천,남동구,차량단독,기타,기타,안전운전 의무 불이행,기타/불명,기타/불명
7924,2013-10-23 04,야간,수,1,3,1,1,0,경기,화성시,차대차,추돌,진행중 추돌,안전운전 의무 불이행,단일로,기타단일로
7925,2013-10-23 11,주간,수,1,1,0,0,0,서울,송파구,차량단독,공작물충돌,공작물충돌,안전운전 의무 불이행,단일로,기타단일로
7926,2013-04-19 23,야간,금,1,1,0,0,0,대구,동구,차대사람,기타,기타,안전운전 의무 불이행,단일로,기타단일로
7927,2013-12-01 12,주간,일,1,1,0,0,0,전북,정읍시,차량단독,공작물충돌,공작물충돌,안전운전 의무 불이행,교차로,교차로부근
7928,2013-04-30 20,야간,화,1,1,0,0,0,전남,여수시,차대사람,기타,기타,안전운전 의무 불이행,교차로,교차로부근
7929,2013-03-13 14,주간,수,1,1,0,0,0,경기,고양시,차대사람,횡단중,횡단중,안전운전 의무 불이행,단일로,기타단일로
7930,2013-08-13 22,야간,화,1,1,0,0,0,대구,달성군,차대사람,기타,기타,안전운전 의무 불이행,단일로,기타단일로
7931,2013-07-17 00,야간,수,1,1,0,0,0,경기,포천시,차대차,기타,기타,안전운전 의무 불이행,교차로,교차로내
7932,2013-10-11 00,야간,금,1,1,0,0,0,광주,동구,차대사람,횡단중,횡단중,안전운전 의무 불이행,단일로,기타단일로
7933,2013-08-22 12,주간,목,1,1,0,0,0,경기,부천시,차대사람,길가장자리구역통행중,길가장자리구역통행중,안전운전 의무 불이행,단일로,기타단일로
7934,2013-09-03 20,야간,화,1,1,0,0,0,경남,사천시,차대사람,차도통행중,차도통행중,안전운전 의무 불이행,교차로,교차로내
7935,2013-03-19 13,주간,화,1,1,0,0,0,경기,시흥시,차대사람,횡단중,횡단중,안전운전 의무 불이행,교차로,교차로내
7936,2013-05-16 06,주간,목,1,1,0,0,0,서울,양천구,차대차,측면충돌,측면충돌,안전운전 의무 불이행,단일로,횡단보도부근
7937,2013-05-14 15,주간,화,1,2,0,1,0,전남,순천시,차량단독,도로이탈,도로이탈 기타,안전운전 의무 불이행,단일로,기타단일로
7938,2013-11-07 19,야간,목,1,3,0,2,0,충남,논산시,차대사람,횡단중,횡단중,안전운전 의무 불이행,단일로,기타단일로
7939,2013-12-06 13,주간,금,1,1,0,0,0,전북,정읍시,차대차,추돌,진행중 추돌,안전운전 의무 불이행,단일로,기타단일로
7940,2013-03-28 20,야간,목,1,1,0,0,0,전북,전주시,차량단독,공작물충돌,공작물충돌,안전운전 의무 불이행,교차로,교차로부근
7941,2013-11-23 08,주간,토,1,2,0,1,0,경기,양평군,차량단독,도로이탈,도로이탈 추락,안전운전 의무 불이행,단일로,기타단일로
7942,2013-11-01 17,주간,금,1,1,0,0,0,전남,나주시,차량단독,전도전복,전도전복,안전운전 의무 불이행,단일로,기타단일로
7943,2013-06-17 23,야간,월,1,1,0,0,0,충북,충주시,차대사람,기타,기타,안전운전 의무 불이행,단일로,기타단일로
7944,2013-05-23 09,주간,목,1,1,0,0,0,경기,안양시,차대사람,기타,기타,기타,단일로,기타단일로
7945,2013-03-29 03,야간,금,1,1,0,0,0,전북,전주시,차대사람,횡단중,횡단중,안전운전 의무 불이행,단일로,기타단일로
7946,2013-07-25 07,주간,목,1,2,1,0,0,충남,아산시,차대차,정면충돌,정면충돌,중앙선 침범,단일로,기타단일로
7947,2013-08-16 21,야간,금,1,1,0,0,0,대구,달성군,차대사람,길가장자리구역통행중,길가장자리구역통행중,안전운전 의무 불이행,단일로,기타단일로
7948,2013-12-07 18,야간,토,1,1,0,0,0,전북,정읍시,차대사람,기타,기타,안전운전 의무 불이행,단일로,기타단일로
7949,2013-06-10 07,주간,월,1,1,0,0,0,대구,중구,차대사람,기타,기타,보행자 보호의무 위반,단일로,횡단보도상
7950,2013-09-10 00,야간,화,1,1,0,0,0,인천,부평구,차대사람,횡단중,횡단중,안전운전 의무 불이행,교차로,교차로부근
7951,2013-06-26 19,야간,수,1,1,0,0,0,제주,서귀포시,차대사람,횡단중,횡단중,보행자 보호의무 위반,교차로,교차로내
7952,2013-07-25 16,주간,목,1,1,0,0,0,충남,아산시,차량단독,공작물충돌,공작물충돌,안전운전 의무 불이행,교차로,교차로부근
7953,2013-09-13 01,야간,금,1,1,0,0,0,서울,종로구,차대사람,기타,기타,안전운전 의무 불이행,교차로,교차로부근
7954,2013-06-25 23,야간,화,1,1,0,0,0,충남,천안시,차대사람,횡단중,횡단중,안전운전 의무 불이행,단일로,기타단일로
7955,2013-05-13 23,야간,월,1,2,1,0,0,서울,노원구,차대사람,횡단중,횡단중,안전운전 의무 불이행,단일로,기타단일로
7956,2013-11-10 21,야간,일,1,1,0,0,0,충남,논산시,차량단독,공작물충돌,공작물충돌,안전운전 의무 불이행,단일로,기타단일로
7957,2013-07-20 03,야간,토,1,1,0,0,0,경남,김해시,차량단독,공작물충돌,공작물충돌,안전운전 의무 불이행,단일로,기타단일로
7958,2013-07-24 05,야간,수,1,1,0,0,0,경남,창원시(통합),차대사람,기타,기타,신호위반,교차로,교차로내
7959,2013-05-09 08,주간,목,1,1,0,0,0,경북,포항시,차대차,기타,기타,안전운전 의무 불이행,교차로,교차로내
7960,2013-10-24 17,주간,목,1,1,0,0,0,경북,영천시,차대사람,기타,기타,안전운전 의무 불이행,단일로,기타단일로
7961,2013-11-12 08,주간,화,1,1,0,0,0,충남,논산시,차대차,추돌,진행중 추돌,안전운전 의무 불이행,교차로,교차로부근
7962,2013-07-16 11,주간,화,2,3,0,1,0,충남,당진시,차대차,정면충돌,정면충돌,안전운전 의무 불이행,단일로,기타단일로
7963,2013-06-23 17,주간,일,2,4,1,1,0,경기,안성시,차대차,정면충돌,정면충돌,중앙선 침범,단일로,기타단일로
7964,2013-08-14 22,야간,수,1,1,0,0,0,인천,옹진군,차대사람,길가장자리구역통행중,길가장자리구역통행중,안전운전 의무 불이행,기타/불명,기타/불명
7965,2013-06-19 22,야간,수,1,1,0,0,0,경기,이천시,차대사람,차도통행중,차도통행중,안전운전 의무 불이행,단일로,기타단일로
7966,2013-06-06 04,야간,목,1,1,0,0,0,대구,남구,차대사람,횡단중,횡단중,안전운전 의무 불이행,단일로,횡단보도부근
7967,2013-04-23 21,야간,화,1,5,0,4,0,서울,용산구,차대차,정면충돌,정면충돌,중앙선 침범,단일로,교량위
7968,2013-11-13 18,야간,수,1,1,0,0,0,충남,논산시,차대차,추돌,진행중 추돌,안전운전 의무 불이행,단일로,기타단일로
7969,2013-06-26 21,야간,수,1,2,1,0,0,충남,천안시,차대사람,기타,기타,안전운전 의무 불이행,단일로,기타단일로
7970,2013-04-26 01,야간,금,1,2,1,0,0,서울,강서구,차대차,기타,기타,중앙선 침범,단일로,기타단일로
7971,2013-09-29 00,야간,일,1,1,0,0,0,서울,중구,차대사람,기타,기타,안전운전 의무 불이행,단일로,기타단일로
7972,2013-05-15 16,주간,수,1,1,0,0,0,서울,강동구,차대사람,기타,기타,안전운전 의무 불이행,기타/불명,기타/불명
7973,2013-03-30 12,주간,토,1,2,1,0,0,전북,전주시,차대차,추돌,진행중 추돌,안전운전 의무 불이행,단일로,기타단일로
7974,2013-04-30 09,주간,화,1,4,2,1,0,경기,광명시,차대차,측면충돌,측면충돌,신호위반,교차로,교차로부근
7975,2013-04-12 22,야간,금,1,2,0,0,1,인천,남구,차대차,기타,기타,안전운전 의무 불이행,단일로,기타단일로
7976,2013-11-03 09,주간,일,1,1,0,0,0,서울,서초구,차대사람,기타,기타,안전운전 의무 불이행,교차로,교차로내
7977,2013-06-29 12,주간,토,1,2,1,0,0,제주,서귀포시,차량단독,기타,기타,안전운전 의무 불이행,교차로,교차로내
7978,2013-04-18 10,주간,목,1,1,0,0,0,경북,경산시,차대사람,기타,기타,안전운전 의무 불이행,단일로,기타단일로
7979,2013-05-11 03,야간,토,1,1,0,0,0,경남,양산시,차대사람,횡단중,횡단중,안전운전 의무 불이행,단일로,기타단일로
7980,2013-03-22 07,주간,금,1,1,0,0,0,경기,시흥시,차대차,추돌,진행중 추돌,안전운전 의무 불이행,단일로,기타단일로
7981,2013-09-18 23,야간,수,1,1,0,0,0,인천,부평구,차대차,측면충돌,측면충돌,안전운전 의무 불이행,단일로,기타단일로
7982,2013-06-22 12,주간,토,1,1,0,0,0,충북,충주시,차량단독,도로이탈,도로이탈 기타,안전운전 의무 불이행,단일로,기타단일로
7983,2013-12-03 07,주간,화,1,1,0,0,0,부산,서구,차대차,기타,기타,안전운전 의무 불이행,교차로,교차로부근
7984,2013-06-17 15,주간,월,1,1,0,0,0,대전,중구,차대사람,횡단중,횡단중,보행자 보호의무 위반,교차로,교차로내
7985,2013-06-24 07,주간,월,1,1,0,0,0,경남,진주시,차대차,측면충돌,측면충돌,안전운전 의무 불이행,교차로,교차로내
7986,2013-10-01 14,주간,화,1,3,1,1,0,경기,동두천시,차대차,기타,기타,중앙선 침범,교차로,교차로부근
7987,2013-11-06 21,야간,수,1,1,0,0,0,서울,서초구,차대사람,기타,기타,보행자 보호의무 위반,단일로,횡단보도상
7988,2013-08-23 08,주간,금,1,1,0,0,0,대구,달성군,차대사람,기타,기타,안전운전 의무 불이행,단일로,기타단일로
7989,2013-04-30 22,야간,화,1,1,0,0,0,서울,마포구,차대사람,횡단중,횡단중,안전운전 의무 불이행,단일로,기타단일로
7990,2013-05-19 01,야간,일,1,1,0,0,0,전남,순천시,차대사람,기타,기타,안전운전 의무 불이행,단일로,기타단일로
7991,2013-07-01 12,주간,월,1,2,0,0,1,경남,창원시(통합),차대차,기타,기타,안전운전 의무 불이행,교차로,교차로내
7992,2013-09-26 10,주간,목,1,1,0,0,0,경기,구리시,차대사람,기타,기타,안전운전 의무 불이행,교차로,교차로부근
7993,2013-05-25 10,주간,토,1,1,0,0,0,경기,수원시,차대차,측면충돌,측면충돌,신호위반,교차로,교차로내
7994,2013-08-04 17,주간,일,1,1,0,0,0,충북,제천시,차대차,기타,기타,중앙선 침범,단일로,기타단일로
7995,2013-07-23 08,주간,화,1,1,0,0,0,충남,아산시,차대차,기타,기타,신호위반,교차로,교차로부근
7996,2013-04-09 05,야간,화,1,1,0,0,0,전북,전주시,차대사람,횡단중,횡단중,보행자 보호의무 위반,교차로,교차로부근
7997,2013-08-04 21,야간,일,2,3,1,0,0,전남,광양시,차대차,측면충돌,측면충돌,중앙선 침범,단일로,기타단일로
7998,2013-07-27 14,주간,토,1,3,0,1,1,경남,창원시(통합),차대차,추돌,주정차중 추돌,안전운전 의무 불이행,교차로,교차로부근
7999,2013-11-25 00,야간,월,1,3,2,0,0,부산,중구,차대사람,횡단중,횡단중,보행자 보호의무 위반,단일로,기타단일로
8000,2013-12-27 19,야간,금,1,1,0,0,0,충남,홍성군,차대사람,기타,기타,안전운전 의무 불이행,단일로,기타단일로
8001,2013-07-22 19,야간,월,2,7,4,1,0,충남,당진시,차대차,정면충돌,정면충돌,중앙선 침범,단일로,기타단일로
8002,2013-06-09 20,야간,일,1,5,1,3,0,충남,서산시,차대차,추돌,주정차중 추돌,안전운전 의무 불이행,교차로,교차로부근
8003,2013-07-09 21,야간,화,1,1,0,0,0,서울,구로구,차대사람,기타,기타,안전운전 의무 불이행,단일로,기타단일로
8004,2013-04-18 03,야간,목,1,1,0,0,0,울산,남구,차대사람,기타,기타,과속,단일로,기타단일로
8005,2013-04-12 02,야간,금,1,2,1,0,0,경북,경주시,차량단독,공작물충돌,공작물충돌,안전운전 의무 불이행,단일로,기타단일로
8006,2013-11-04 12,주간,월,1,1,0,0,0,부산,영도구,차대사람,횡단중,횡단중,안전운전 의무 불이행,단일로,횡단보도부근
8007,2013-08-01 02,야간,목,1,2,1,0,0,경남,창원시(통합),차량단독,공작물충돌,공작물충돌,안전운전 의무 불이행,교차로,교차로내
8008,2013-02-28 19,야간,목,1,1,0,0,0,대전,유성구,차대사람,횡단중,횡단중,안전운전 의무 불이행,단일로,기타단일로
8009,2013-11-07 03,야간,목,2,2,0,0,0,경기,성남시,차대차,추돌,주정차중 추돌,안전운전 의무 불이행,단일로,기타단일로
8010,2013-05-20 18,야간,월,1,1,0,0,0,전남,순천시,차대사람,차도통행중,차도통행중,안전운전 의무 불이행,교차로,교차로내
8011,2013-07-24 07,주간,수,1,3,1,1,0,충남,당진시,차대차,기타,기타,안전거리 미확보,단일로,기타단일로
8012,2013-06-29 22,야간,토,1,1,0,0,0,인천,부평구,차대차,추돌,진행중 추돌,안전운전 의무 불이행,단일로,기타단일로
8013,2013-05-16 03,야간,목,1,1,0,0,0,경기,광주시,차량단독,공작물충돌,공작물충돌,안전운전 의무 불이행,단일로,기타단일로
8014,2013-06-20 07,주간,목,1,1,0,0,0,대전,중구,차대사람,보도통행중,보도통행중,보행자 보호의무 위반,단일로,기타단일로
8015,2013-11-13 16,주간,수,1,1,0,0,0,경기,여주시,차대차,정면충돌,정면충돌,중앙선 침범,단일로,기타단일로
8016,2013-08-11 05,야간,일,1,1,0,0,0,경남,창원시(통합),차대차,기타,기타,안전운전 의무 불이행,교차로,교차로부근