교통사고이력ID(사고기록 순서),발생년월일시,주야코드,요일코드,사망자수,부상자수,중상자수,경상자수,부상신고자수,발생지시도코드,발생지시도코드,사고유형대분류코드,사고유형중분류코드,사고유형코드,법규위반코드,도로형태대분류코드,도로로형태코드
8017,2013-04-19 00,야간,금,1,3,2,0,0,인천,서구,차대차,기타,기타,신호위반,교차로,교차로내
8018,2013-06-26 22,야간,수,1,1,0,0,0,충북,충주시,차대사람,횡단중,횡단중,안전운전 의무 불이행,기타/불명,기타/불명
8019,2013-05-17 15,주간,금,1,1,0,0,0,경기,광주시,차량단독,전도전복,전도전복,안전운전 의무 불이행,교차로,교차로내
8020,2013-05-03 12,주간,금,1,1,0,0,0,전남,목포시,차대사람,횡단중,횡단중,보행자 보호의무 위반,단일로,횡단보도상
8021,2013-07-20 11,주간,토,1,1,0,0,0,서울,강북구,차대사람,차도통행중,차도통행중,안전운전 의무 불이행,교차로,교차로내
8022,2013-09-23 08,주간,월,1,1,0,0,0,서울,종로구,차대사람,기타,기타,안전운전 의무 불이행,단일로,기타단일로
8023,2013-03-24 21,야간,일,1,1,0,0,0,경기,시흥시,차대사람,횡단중,횡단중,신호위반,교차로,교차로내
8024,2013-07-06 01,야간,토,1,1,0,0,0,경남,창원시(통합),차대사람,기타,기타,안전운전 의무 불이행,단일로,기타단일로
8025,2013-06-21 00,야간,금,1,3,1,1,0,인천,연수구,차대차,측면충돌,측면충돌,신호위반,교차로,교차로부근
8026,2013-06-28 07,주간,금,1,2,1,0,0,부산,북구,차대사람,기타,기타,안전운전 의무 불이행,교차로,교차로부근
8027,2013-05-06 23,야간,월,1,1,0,0,0,경기,광명시,차대차,정면충돌,정면충돌,중앙선 침범,단일로,기타단일로
8028,2013-12-03 15,주간,화,1,3,1,1,0,충남,논산시,차대차,추돌,진행중 추돌,안전운전 의무 불이행,단일로,기타단일로
8029,2013-04-09 19,야간,화,1,1,0,0,0,전북,군산시,차대사람,횡단중,횡단중,안전운전 의무 불이행,교차로,교차로내
8030,2013-05-10 09,주간,금,1,1,0,0,0,전남,여수시,차량단독,공작물충돌,공작물충돌,안전운전 의무 불이행,단일로,기타단일로
8031,2013-05-29 03,야간,수,1,1,0,0,0,경기,수원시,차대사람,기타,기타,안전운전 의무 불이행,단일로,기타단일로
8032,2013-05-29 08,주간,수,1,1,0,0,0,서울,강남구,차대차,추돌,진행중 추돌,교차로 통행방법 위반,교차로,교차로부근
8033,2013-04-14 02,야간,일,1,2,1,0,0,경북,경주시,차량단독,전도전복,전도전복,안전운전 의무 불이행,단일로,기타단일로
8034,2013-12-08 23,야간,일,1,1,0,0,0,충남,논산시,차대사람,기타,기타,안전운전 의무 불이행,단일로,기타단일로
8035,2013-05-11 20,야간,토,1,1,0,0,0,서울,관악구,차대사람,기타,기타,안전운전 의무 불이행,단일로,기타단일로
8036,2013-11-14 05,야간,목,1,1,0,0,0,광주,동구,차대사람,기타,기타,신호위반,기타/불명,기타/불명
8037,2013-12-23 21,야간,월,1,2,1,0,0,경북,상주시,차량단독,도로이탈,도로이탈 추락,안전운전 의무 불이행,단일로,기타단일로
8038,2013-12-17 18,야간,화,1,1,0,0,0,경기,동두천시,차대사람,횡단중,횡단중,안전운전 의무 불이행,단일로,기타단일로
8039,2013-05-07 09,주간,화,1,1,0,0,0,서울,마포구,차대사람,기타,기타,안전운전 의무 불이행,단일로,기타단일로
8040,2013-11-09 20,야간,토,1,2,1,0,0,부산,기장군,차량단독,전도전복,전도전복,안전운전 의무 불이행,단일로,기타단일로
8041,2013-08-15 01,야간,목,1,1,0,0,0,경남,창원시(통합),차대사람,기타,기타,안전운전 의무 불이행,교차로,교차로부근
8042,2013-06-29 20,야간,토,1,1,0,0,0,충북,충주시,차대차,기타,기타,신호위반,교차로,교차로부근
8043,2013-08-06 21,야간,화,1,1,0,0,0,경남,창원시(통합),차대사람,기타,기타,안전운전 의무 불이행,단일로,기타단일로
8044,2013-07-23 00,야간,화,1,1,0,0,0,서울,서대문구,차대사람,횡단중,횡단중,과속,단일로,기타단일로
8045,2013-06-15 20,야간,토,1,3,1,1,0,강원,강릉시,차대차,기타,기타,신호위반,교차로,교차로내
8046,2013-08-11 16,주간,일,1,5,4,0,0,충남,아산시,차대차,정면충돌,정면충돌,중앙선 침범,단일로,기타단일로
8047,2013-08-08 12,주간,목,1,1,0,0,0,경남,창원시(통합),차대차,측면충돌,측면충돌,교차로 통행방법 위반,교차로,교차로내
8048,2013-07-01 20,야간,월,1,1,0,0,0,경기,이천시,차량단독,공작물충돌,공작물충돌,안전운전 의무 불이행,단일로,기타단일로
8049,2013-12-09 22,야간,월,1,1,0,0,0,경남,밀양시,차대사람,기타,기타,안전운전 의무 불이행,단일로,기타단일로
8050,2013-10-17 02,야간,목,1,1,0,0,0,서울,중구,차대사람,횡단중,횡단중,안전운전 의무 불이행,단일로,기타단일로
8051,2013-05-13 00,야간,월,1,2,1,0,0,전남,여수시,차대사람,횡단중,횡단중,안전운전 의무 불이행,단일로,기타단일로
8052,2013-07-02 22,야간,화,1,1,0,0,0,경기,이천시,차대차,추돌,주정차중 추돌,안전운전 의무 불이행,교차로,교차로부근
8053,2013-07-26 08,주간,금,1,1,0,0,0,경북,안동시,차대차,추돌,진행중 추돌,안전운전 의무 불이행,단일로,기타단일로
8054,2013-09-07 10,주간,토,1,1,0,0,0,강원,양양군,차량단독,공작물충돌,공작물충돌,안전운전 의무 불이행,단일로,기타단일로
8055,2013-08-09 09,주간,금,1,1,0,0,0,경남,창원시(통합),차대차,측면충돌,측면충돌,교차로 통행방법 위반,교차로,교차로내
8056,2013-04-15 19,야간,월,1,1,0,0,0,경북,경주시,차량단독,공작물충돌,공작물충돌,안전운전 의무 불이행,단일로,기타단일로
8057,2013-12-17 06,주간,화,1,1,0,0,0,충남,논산시,차대사람,횡단중,횡단중,과속,단일로,횡단보도상
8058,2013-05-13 17,주간,월,1,6,3,1,1,전남,여수시,차대차,추돌,진행중 추돌,안전운전 의무 불이행,단일로,기타단일로
8059,2013-05-16 23,야간,목,1,1,0,0,0,충북,청원군,차대사람,횡단중,횡단중,안전운전 의무 불이행,단일로,기타단일로
8060,2013-08-23 04,야간,금,1,3,2,0,0,경남,창원시(통합),차대사람,횡단중,횡단중,안전운전 의무 불이행,교차로,교차로내
8061,2013-12-18 14,주간,수,1,4,2,1,0,충남,논산시,차대차,측면충돌,측면충돌,교차로 통행방법 위반,교차로,교차로내
8062,2013-07-02 11,주간,화,1,3,2,0,0,경기,성남시,차대차,정면충돌,정면충돌,중앙선 침범,단일로,고가도로위
8063,2013-09-29 19,야간,일,1,1,0,0,0,경남,사천시,차대사람,횡단중,횡단중,안전운전 의무 불이행,교차로,교차로부근
8064,2013-05-08 19,야간,수,1,1,0,0,0,서울,마포구,차대사람,기타,기타,안전운전 의무 불이행,단일로,기타단일로
8065,2013-06-27 04,야간,목,1,1,0,0,0,인천,연수구,차대사람,횡단중,횡단중,안전운전 의무 불이행,교차로,교차로내
8066,2013-05-21 07,주간,화,1,1,0,0,0,경북,포항시,차대차,측면충돌,측면충돌,안전운전 의무 불이행,단일로,기타단일로
8067,2013-12-18 22,야간,수,1,1,0,0,0,충남,계룡시,차대사람,횡단중,횡단중,안전운전 의무 불이행,교차로,교차로부근
8068,2013-05-05 09,주간,일,1,1,0,0,0,서울,강서구,차대차,기타,기타,안전운전 의무 불이행,교차로,교차로부근
8069,2013-10-06 21,야간,일,1,1,0,0,0,인천,부평구,차대사람,횡단중,횡단중,신호위반,단일로,횡단보도상
8070,2013-09-09 15,주간,월,1,1,0,0,0,강원,속초시,차대사람,횡단중,횡단중,안전운전 의무 불이행,단일로,기타단일로
8071,2013-07-12 04,야간,금,2,11,8,1,0,경남,창원시(통합),차대차,측면충돌,측면충돌,교차로 통행방법 위반,교차로,교차로내
8072,2013-09-30 13,주간,월,1,1,0,0,0,경남,사천시,차대차,기타,기타,기타,교차로,교차로내
8073,2013-07-27 20,야간,토,1,2,1,0,0,경북,안동시,차대사람,횡단중,횡단중,신호위반,교차로,교차로내
8074,2013-05-19 06,주간,일,1,1,0,0,0,경남,양산시,차대사람,횡단중,횡단중,안전운전 의무 불이행,단일로,기타단일로
8075,2013-06-28 04,야간,금,1,1,0,0,0,인천,연수구,차대차,측면충돌,측면충돌,안전운전 의무 불이행,교차로,교차로내
8076,2013-07-07 08,주간,일,2,12,8,2,0,경남,진주시,차량단독,전도전복,전도전복,안전운전 의무 불이행,단일로,기타단일로
8077,2013-05-01 10,주간,수,1,1,0,0,0,경기,고양시,차대차,추돌,진행중 추돌,안전거리 미확보,단일로,기타단일로
8078,2013-07-15 06,주간,월,1,2,0,1,0,제주,서귀포시,차대차,기타,기타,신호위반,교차로,교차로내
8079,2013-05-14 23,야간,화,1,1,0,0,0,서울,관악구,차대차,기타,기타,안전운전 의무 불이행,단일로,기타단일로
8080,2013-05-25 23,야간,토,1,2,1,0,0,전남,순천시,차대사람,길가장자리구역통행중,길가장자리구역통행중,안전운전 의무 불이행,단일로,기타단일로
8081,2013-10-05 00,야간,토,1,1,0,0,0,경기,하남시,차대사람,횡단중,횡단중,과속,교차로,교차로부근
8082,2013-10-02 03,야간,수,1,1,0,0,0,경남,사천시,차대사람,기타,기타,안전운전 의무 불이행,단일로,기타단일로
8083,2013-11-19 17,주간,화,1,2,1,0,0,경북,영천시,차대차,추돌,진행중 추돌,안전운전 의무 불이행,단일로,기타단일로
8084,2013-11-06 11,주간,수,1,1,0,0,0,부산,강서구,차량단독,공작물충돌,공작물충돌,안전운전 의무 불이행,단일로,기타단일로
8085,2013-10-04 05,야간,금,1,1,0,0,0,대구,북구,차대사람,횡단중,횡단중,안전운전 의무 불이행,단일로,횡단보도부근
8086,2013-08-18 08,주간,일,1,1,0,0,0,충남,아산시,차량단독,전도전복,전도전복,안전운전 의무 불이행,교차로,교차로내
8087,2013-12-06 19,야간,금,1,1,0,0,0,경기,여주시,차량단독,기타,기타,안전운전 의무 불이행,단일로,기타단일로
8088,2013-05-26 23,야간,일,1,1,0,0,0,전남,순천시,차대차,기타,기타,교차로 통행방법 위반,교차로,교차로내
8089,2013-03-27 00,야간,수,1,1,0,0,0,대구,수성구,차대사람,횡단중,횡단중,과속,단일로,횡단보도상
8090,2013-10-04 16,주간,금,1,1,0,0,0,경북,칠곡군,차대사람,횡단중,횡단중,안전운전 의무 불이행,단일로,기타단일로
8091,2013-05-28 16,주간,화,1,1,0,0,0,경남,거제시,차량단독,전도전복,전도전복,안전운전 의무 불이행,단일로,기타단일로
8092,2013-12-23 13,주간,월,1,1,0,0,0,충남,논산시,차대사람,횡단중,횡단중,안전운전 의무 불이행,교차로,교차로내
8093,2013-08-19 15,주간,월,1,1,0,0,0,전남,광양시,차대사람,횡단중,횡단중,신호위반,교차로,교차로부근
8094,2013-07-05 06,주간,금,1,2,0,0,1,충북,충주시,차량단독,공작물충돌,공작물충돌,안전운전 의무 불이행,단일로,기타단일로
8095,2013-07-06 19,야간,토,1,1,0,0,0,경기,이천시,차량단독,공작물충돌,공작물충돌,안전운전 의무 불이행,교차로,교차로부근
8096,2013-03-18 15,주간,월,1,1,0,0,0,대구,북구,차대차,기타,기타,안전운전 의무 불이행,단일로,기타단일로
8097,2013-05-04 22,야간,토,1,1,0,0,0,제주,제주시,차대사람,횡단중,횡단중,과속,단일로,기타단일로
8098,2013-08-10 20,야간,토,1,1,0,0,0,경남,김해시,차대사람,횡단중,횡단중,안전운전 의무 불이행,단일로,기타단일로
8099,2013-09-17 10,주간,화,1,1,0,0,0,서울,성북구,차대사람,차도통행중,차도통행중,안전운전 의무 불이행,교차로,교차로내
8100,2013-11-24 23,야간,일,1,3,1,1,0,부산,기장군,차대차,정면충돌,정면충돌,중앙선 침범,교차로,교차로부근
8101,2013-07-11 07,주간,목,4,6,2,0,0,경남,진주시,차대차,측면충돌,측면충돌,중앙선 침범,교차로,교차로부근
8102,2013-05-21 16,주간,화,1,1,0,0,0,충북,청주시,차대사람,횡단중,횡단중,안전운전 의무 불이행,교차로,교차로내
8103,2013-04-18 13,주간,목,1,1,0,0,0,경북,경주시,차대사람,길가장자리구역통행중,길가장자리구역통행중,안전운전 의무 불이행,단일로,기타단일로
8104,2013-07-11 09,주간,목,1,1,0,0,0,경남,진주시,차대차,측면충돌,측면충돌,기타,교차로,교차로내
8105,2013-08-01 08,주간,목,1,1,0,0,0,경북,안동시,차량단독,공작물충돌,공작물충돌,안전운전 의무 불이행,기타/불명,기타/불명
8106,2013-08-09 12,주간,금,1,3,1,0,1,충남,당진시,차대차,정면충돌,정면충돌,중앙선 침범,단일로,기타단일로
8107,2013-05-16 17,주간,목,1,1,0,0,0,경기,화성시,차대차,추돌,진행중 추돌,기타,단일로,기타단일로
8108,2013-05-28 19,야간,화,1,1,0,0,0,전남,순천시,차량단독,도로이탈,도로이탈 추락,안전운전 의무 불이행,기타/불명,기타/불명
8109,2013-08-22 04,야간,목,1,1,0,0,0,충남,아산시,차대사람,기타,기타,안전운전 의무 불이행,단일로,기타단일로
8110,2013-03-05 19,야간,화,1,1,0,0,0,대전,유성구,차대사람,횡단중,횡단중,안전운전 의무 불이행,교차로,교차로부근
8111,2013-12-11 17,주간,수,1,1,0,0,0,전남,나주시,차대사람,기타,기타,안전운전 의무 불이행,교차로,교차로부근
8112,2013-11-28 18,야간,목,1,1,0,0,0,부산,기장군,차대차,추돌,주정차중 추돌,안전운전 의무 불이행,단일로,기타단일로
8113,2013-06-25 01,야간,화,1,2,1,0,0,충남,서산시,차대차,측면충돌,측면충돌,기타,교차로,교차로내
8114,2013-08-24 04,야간,토,1,1,0,0,0,충남,아산시,차대차,추돌,진행중 추돌,안전운전 의무 불이행,단일로,기타단일로
8115,2013-08-27 06,주간,화,1,1,0,0,0,경남,통영시,차대사람,기타,기타,안전운전 의무 불이행,단일로,기타단일로
8116,2013-07-15 21,야간,월,1,1,0,0,0,경기,안성시,차대차,정면충돌,정면충돌,중앙선 침범,단일로,기타단일로
8117,2013-12-03 22,야간,화,1,1,0,0,0,경기,평택시,차대차,추돌,주정차중 추돌,안전운전 의무 불이행,단일로,기타단일로
8118,2013-04-18 18,야간,목,1,1,0,0,0,강원,원주시,차대차,측면충돌,측면충돌,신호위반,교차로,교차로내
8119,2013-11-13 05,야간,수,1,3,2,0,0,부산,강서구,차대차,기타,기타,과속,기타/불명,기타/불명
8120,2013-04-26 23,야간,금,1,3,1,1,0,인천,서구,차대차,정면충돌,정면충돌,중앙선 침범,교차로,교차로부근
8121,2013-05-12 01,야간,일,1,1,0,0,0,전남,신안군,차량단독,전도전복,전도전복,안전운전 의무 불이행,단일로,기타단일로
8122,2013-09-25 19,야간,수,1,1,0,0,0,경기,부천시,차대사람,횡단중,횡단중,보행자 보호의무 위반,교차로,교차로내
8123,2013-07-22 03,야간,월,1,1,0,0,0,제주,서귀포시,차량단독,기타,기타,안전운전 의무 불이행,단일로,기타단일로
8124,2013-05-28 15,주간,화,1,1,0,0,0,경기,광주시,차대사람,기타,기타,안전운전 의무 불이행,단일로,기타단일로
8125,2013-12-10 06,주간,화,1,1,0,0,0,서울,서초구,차대사람,횡단중,횡단중,보행자 보호의무 위반,교차로,교차로내
8126,2013-12-05 15,주간,목,1,1,0,0,0,부산,영도구,차대사람,기타,기타,안전운전 의무 불이행,단일로,기타단일로
8127,2013-09-19 02,야간,목,1,1,0,0,0,강원,양양군,차대차,추돌,주정차중 추돌,안전운전 의무 불이행,단일로,교량위
8128,2013-07-22 13,주간,월,1,2,1,0,0,제주,서귀포시,차량단독,공작물충돌,공작물충돌,안전운전 의무 불이행,단일로,기타단일로
8129,2013-08-14 21,야간,수,1,1,0,0,0,충남,당진시,차대사람,차도통행중,차도통행중,안전운전 의무 불이행,단일로,기타단일로
8130,2013-04-16 04,야간,화,1,2,1,0,0,경기,안산시,차량단독,공작물충돌,공작물충돌,안전운전 의무 불이행,단일로,기타단일로
8131,2013-07-16 00,야간,화,1,2,1,0,0,울산,울주군,차대차,추돌,주정차중 추돌,안전운전 의무 불이행,단일로,기타단일로
8132,2013-07-05 19,야간,금,1,1,0,0,0,대전,중구,차대사람,길가장자리구역통행중,길가장자리구역통행중,안전운전 의무 불이행,단일로,기타단일로
8133,2013-07-21 18,야간,일,1,2,0,0,1,경남,창원시(통합),차대차,측면충돌,측면충돌,기타,단일로,기타단일로
8134,2013-10-19 15,주간,토,1,1,0,0,0,인천,부평구,차대사람,기타,기타,안전운전 의무 불이행,단일로,기타단일로
8135,2013-08-15 19,야간,목,1,1,0,0,0,충남,당진시,차대사람,기타,기타,안전운전 의무 불이행,단일로,기타단일로
8136,2013-10-12 16,주간,토,1,2,0,1,0,경남,사천시,차대차,측면충돌,측면충돌,교차로 통행방법 위반,교차로,교차로내
8137,2013-05-23 17,주간,목,1,1,0,0,0,강원,춘천시,차대차,기타,기타,안전운전 의무 불이행,단일로,기타단일로
8138,2013-06-10 05,야간,월,1,1,0,0,0,충북,청원군,차량단독,기타,기타,안전운전 의무 불이행,단일로,기타단일로
8139,2013-03-17 22,야간,일,1,1,0,0,0,경기,평택시,차대차,측면충돌,측면충돌,안전운전 의무 불이행,단일로,기타단일로
8140,2013-11-02 17,주간,토,1,4,2,1,0,경북,김천시,차대차,측면충돌,측면충돌,안전운전 의무 불이행,단일로,기타단일로
8141,2013-06-11 11,주간,화,1,1,0,0,0,서울,강남구,차대차,기타,기타,안전운전 의무 불이행,단일로,기타단일로
8142,2013-09-30 09,주간,월,1,1,0,0,0,경기,부천시,차대차,측면충돌,측면충돌,안전운전 의무 불이행,교차로,교차로내
8143,2013-10-13 18,야간,일,1,1,0,0,0,경남,사천시,차대사람,횡단중,횡단중,보행자 보호의무 위반,단일로,횡단보도상
8144,2013-04-19 20,야간,금,1,1,0,0,0,전북,군산시,차대사람,보도통행중,보도통행중,보행자 보호의무 위반,단일로,횡단보도상
8145,2013-12-04 18,야간,수,1,1,0,0,0,부산,기장군,차대차,추돌,주정차중 추돌,안전운전 의무 불이행,단일로,기타단일로
8146,2013-12-09 16,주간,월,1,1,0,0,0,경기,용인시,차대사람,기타,기타,안전운전 의무 불이행,단일로,기타단일로
8147,2013-03-18 06,주간,월,1,1,0,0,0,경기,평택시,차대사람,횡단중,횡단중,안전운전 의무 불이행,교차로,교차로내
8148,2013-12-24 09,주간,화,2,3,1,0,0,전남,나주시,차량단독,도로이탈,도로이탈 기타,안전운전 의무 불이행,단일로,기타단일로
8149,2013-04-23 05,야간,화,3,4,1,0,0,경북,경주시,차량단독,공작물충돌,공작물충돌,안전운전 의무 불이행,기타/불명,기타/불명
8150,2013-06-01 17,주간,토,1,1,0,0,0,서울,강동구,차대차,정면충돌,정면충돌,안전운전 의무 불이행,단일로,기타단일로
8151,2013-05-17 16,주간,금,1,1,0,0,0,경기,광명시,차대차,추돌,진행중 추돌,신호위반,교차로,교차로내
8152,2013-03-22 07,주간,금,1,1,0,0,0,경북,구미시,차량단독,공작물충돌,공작물충돌,안전운전 의무 불이행,단일로,기타단일로
8153,2013-04-25 12,주간,목,1,2,1,0,0,경기,파주시,차량단독,기타,기타,안전운전 의무 불이행,단일로,기타단일로
8154,2013-11-19 18,야간,화,1,1,0,0,0,부산,강서구,차대사람,기타,기타,안전운전 의무 불이행,단일로,기타단일로
8155,2013-07-14 16,주간,일,1,1,0,0,0,충북,충주시,차량단독,공작물충돌,공작물충돌,안전운전 의무 불이행,단일로,기타단일로
8156,2013-12-12 02,야간,목,1,1,0,0,0,경기,군포시,차대차,추돌,진행중 추돌,안전운전 의무 불이행,단일로,기타단일로
8157,2013-04-11 17,주간,목,1,1,0,0,0,광주,광산구,차대사람,기타,기타,보행자 보호의무 위반,교차로,교차로부근
8158,2013-06-29 13,주간,토,1,8,5,2,0,충남,태안군,차대차,정면충돌,정면충돌,중앙선 침범,단일로,기타단일로
8159,2013-03-29 20,야간,금,1,2,1,0,0,광주,서구,차대차,기타,기타,보행자 보호의무 위반,단일로,횡단보도상
8160,2013-06-29 18,야간,토,1,4,3,0,0,충남,태안군,차대차,정면충돌,정면충돌,중앙선 침범,단일로,기타단일로
8161,2013-09-09 22,야간,월,1,1,0,0,0,경남,창원시(통합),차대차,기타,기타,안전운전 의무 불이행,단일로,기타단일로
8162,2013-08-26 18,야간,월,1,1,0,0,0,충북,제천시,차대차,기타,기타,안전운전 의무 불이행,교차로,교차로내
8163,2013-04-01 05,야간,월,1,2,1,0,0,전북,익산시,차량단독,도로이탈,도로이탈 기타,과속,단일로,기타단일로
8164,2013-09-04 14,주간,수,1,1,0,0,0,경남,통영시,차량단독,공작물충돌,공작물충돌,안전운전 의무 불이행,단일로,기타단일로
8165,2013-06-03 03,야간,월,1,1,0,0,0,서울,강동구,차량단독,기타,기타,안전운전 의무 불이행,단일로,기타단일로
8166,2013-11-09 07,주간,토,1,1,0,0,0,경북,김천시,차량단독,전도전복,전도전복,안전운전 의무 불이행,교차로,교차로내
8167,2013-05-17 11,주간,금,1,1,0,0,0,경기,김포시,차대차,측면충돌,측면충돌,안전거리 미확보,단일로,기타단일로
8168,2013-06-07 12,주간,금,1,1,0,0,0,제주,제주시,차량단독,기타,기타,안전운전 의무 불이행,단일로,기타단일로
8169,2013-11-09 09,주간,토,1,1,0,0,0,경북,김천시,차대차,측면충돌,측면충돌,교차로 통행방법 위반,교차로,교차로내
8170,2013-08-23 04,야간,금,1,1,0,0,0,경남,창원시(통합),차대사람,횡단중,횡단중,안전운전 의무 불이행,단일로,기타단일로
8171,2013-05-27 14,주간,월,1,1,0,0,0,울산,중구,차량단독,공작물충돌,공작물충돌,안전운전 의무 불이행,단일로,기타단일로
8172,2013-09-01 03,야간,일,1,1,0,0,0,충남,아산시,차대사람,횡단중,횡단중,안전운전 의무 불이행,단일로,기타단일로
8173,2013-12-30 18,야간,월,1,1,0,0,0,전남,나주시,차대사람,차도통행중,차도통행중,안전운전 의무 불이행,단일로,기타단일로
8174,2013-04-12 17,주간,금,1,1,0,0,0,광주,광산구,차대차,측면충돌,측면충돌,교차로 통행방법 위반,교차로,교차로내
8175,2013-06-16 04,야간,일,1,2,0,1,0,부산,연제구,차대사람,횡단중,횡단중,과속,교차로,교차로부근
8176,2013-07-16 13,주간,화,2,2,0,0,0,충북,충주시,차대차,추돌,진행중 추돌,신호위반,교차로,교차로내
8177,2013-06-30 22,야간,일,1,1,0,0,0,강원,강릉시,차대차,기타,기타,안전운전 의무 불이행,단일로,기타단일로
8178,2013-12-11 05,야간,수,1,1,0,0,0,부산,기장군,차대사람,횡단중,횡단중,신호위반,교차로,교차로내
8179,2013-04-14 16,주간,일,1,3,0,2,0,전북,전주시,차대차,정면충돌,정면충돌,과속,단일로,기타단일로
8180,2013-12-09 18,야간,월,1,3,1,1,0,경북,영천시,차대차,기타,기타,안전운전 의무 불이행,단일로,기타단일로
8181,2013-10-19 16,주간,토,1,3,2,0,0,경남,사천시,차대차,추돌,진행중 추돌,기타,단일로,기타단일로
8182,2013-10-13 05,야간,일,1,1,0,0,0,서울,성북구,차대사람,보도통행중,보도통행중,신호위반,단일로,횡단보도상
8183,2013-05-31 14,주간,금,1,1,0,0,0,경기,성남시,차대사람,기타,기타,안전운전 의무 불이행,교차로,교차로내
8184,2013-10-26 06,주간,토,1,1,0,0,0,인천,부평구,차대사람,횡단중,횡단중,안전운전 의무 불이행,단일로,횡단보도상
8185,2013-04-22 16,주간,월,1,1,0,0,0,부산,남구,차대사람,횡단중,횡단중,신호위반,단일로,횡단보도상
8186,2013-12-19 00,야간,목,1,2,1,0,0,경기,남양주시,차대차,추돌,주정차중 추돌,안전운전 의무 불이행,단일로,기타단일로
8187,2013-08-13 05,야간,화,1,1,0,0,0,경북,안동시,차량단독,기타,기타,안전운전 의무 불이행,교차로,교차로부근
8188,2013-10-23 10,주간,수,1,1,0,0,0,경기,부천시,차대차,측면충돌,측면충돌,안전거리 미확보,단일로,기타단일로
8189,2013-10-25 03,야간,금,1,1,0,0,0,경북,칠곡군,차대사람,기타,기타,안전운전 의무 불이행,단일로,기타단일로
8190,2013-05-19 22,야간,일,1,1,0,0,0,경기,김포시,차대사람,기타,기타,안전운전 의무 불이행,단일로,기타단일로
8191,2013-10-22 03,야간,화,1,1,0,0,0,서울,종로구,차대사람,보도통행중,보도통행중,안전운전 의무 불이행,단일로,기타단일로
8192,2013-06-06 05,야간,목,1,1,0,0,0,경남,김해시,차량단독,전도전복,전도전복,안전운전 의무 불이행,단일로,기타단일로
8193,2013-04-13 20,야간,토,1,1,0,0,0,경기,남양주시,차대사람,횡단중,횡단중,안전운전 의무 불이행,단일로,기타단일로
8194,2013-05-29 00,야간,수,1,2,1,0,0,충북,청주시,차대차,측면충돌,측면충돌,교차로 통행방법 위반,교차로,교차로내
8195,2013-03-23 20,야간,토,1,1,0,0,0,경기,수원시,차대사람,기타,기타,신호위반,교차로,교차로내
8196,2013-05-29 11,주간,수,1,1,0,0,0,충북,청주시,차량단독,공작물충돌,공작물충돌,안전운전 의무 불이행,단일로,기타단일로
8197,2013-03-25 16,주간,월,1,1,0,0,0,경북,구미시,차대사람,횡단중,횡단중,안전운전 의무 불이행,단일로,기타단일로
8198,2013-04-20 23,야간,토,2,2,0,0,0,서울,강남구,차대차,정면충돌,정면충돌,안전운전 의무 불이행,단일로,고가도로위
8199,2013-09-22 16,주간,일,1,2,0,1,0,인천,중구,차량단독,전도전복,전도전복,안전운전 의무 불이행,단일로,기타단일로
8200,2013-03-20 22,야간,수,1,1,0,0,0,경기,평택시,차량단독,공작물충돌,공작물충돌,안전운전 의무 불이행,단일로,기타단일로
8201,2013-04-20 05,야간,토,1,1,0,0,0,경기,안산시,차대사람,횡단중,횡단중,안전운전 의무 불이행,단일로,기타단일로
8202,2013-06-11 05,야간,화,1,4,2,1,0,경북,포항시,차대차,기타,기타,안전운전 의무 불이행,단일로,기타단일로
8203,2013-04-02 18,야간,화,1,1,0,0,0,인천,남동구,차대사람,기타,기타,안전운전 의무 불이행,교차로,교차로내
8204,2013-06-18 23,야간,화,1,1,0,0,0,부산,수영구,차대사람,횡단중,횡단중,안전운전 의무 불이행,단일로,횡단보도상
8205,2013-10-01 22,야간,화,1,1,0,0,0,강원,속초시,차대차,추돌,진행중 추돌,안전운전 의무 불이행,단일로,기타단일로
8206,2013-05-14 03,야간,화,1,1,0,0,0,제주,제주시,차대차,추돌,주정차중 추돌,안전운전 의무 불이행,단일로,기타단일로
8207,2013-07-03 23,야간,수,1,3,0,2,0,충남,서산시,차량단독,전도전복,전도전복,안전운전 의무 불이행,단일로,기타단일로
8208,2013-05-15 13,주간,수,1,1,0,0,0,서울,서초구,차대차,기타,기타,안전운전 의무 불이행,교차로,교차로내
8209,2013-06-10 20,야간,월,1,1,0,0,0,경남,거제시,차대차,측면충돌,측면충돌,안전운전 의무 불이행,교차로,교차로내
8210,2013-12-28 21,야간,토,1,4,0,3,0,광주,동구,차대차,측면충돌,측면충돌,신호위반,교차로,교차로내
8211,2013-07-26 10,주간,금,1,1,0,0,0,경남,진주시,차대차,측면충돌,측면충돌,교차로 통행방법 위반,교차로,교차로부근
8212,2013-05-27 09,주간,월,1,3,1,1,0,경기,화성시,차대차,정면충돌,정면충돌,중앙선 침범,단일로,기타단일로
8213,2013-09-09 09,주간,월,1,1,0,0,0,서울,성동구,차대사람,횡단중,횡단중,보행자 보호의무 위반,교차로,교차로부근
8214,2013-12-12 19,야간,목,1,1,0,0,0,경기,남양주시,차량단독,공작물충돌,공작물충돌,안전운전 의무 불이행,단일로,기타단일로
8215,2013-08-15 06,주간,목,1,3,1,1,0,서울,강북구,차대차,기타,기타,안전거리 미확보,교차로,교차로내
8216,2013-11-11 06,주간,월,1,1,0,0,0,경기,구리시,차대사람,횡단중,횡단중,안전운전 의무 불이행,단일로,기타단일로
8217,2013-07-04 16,주간,목,1,1,0,0,0,충남,서산시,차대차,기타,기타,신호위반,교차로,교차로내
8218,2013-11-29 16,주간,금,1,1,0,0,0,부산,강서구,차대차,기타,기타,안전운전 의무 불이행,단일로,기타단일로