교통사고이력ID(사고기록 순서),발생년월일시,주야코드,요일코드,사망자수,부상자수,중상자수,경상자수,부상신고자수,발생지시도코드,발생지시도코드,사고유형대분류코드,사고유형중분류코드,사고유형코드,법규위반코드,도로형태대분류코드,도로로형태코드
8219,2013-08-28 19,야간,수,1,1,0,0,0,서울,금천구,차대사람,횡단중,횡단중,안전운전 의무 불이행,단일로,횡단보도부근
8220,2013-06-18 21,야간,화,1,1,0,0,0,충북,청주시,차대사람,기타,기타,안전운전 의무 불이행,교차로,교차로부근
8221,2013-10-29 22,야간,화,1,1,0,0,0,경북,칠곡군,차대사람,기타,기타,안전운전 의무 불이행,교차로,교차로내
8222,2013-04-28 17,주간,일,1,3,1,1,0,경북,경주시,차대차,기타,기타,안전운전 의무 불이행,교차로,교차로내
8223,2013-08-31 19,야간,토,1,1,0,0,0,충남,당진시,차대사람,횡단중,횡단중,보행자 보호의무 위반,교차로,교차로부근
8224,2013-06-12 13,주간,수,1,2,1,0,0,제주,제주시,차량단독,기타,기타,안전운전 의무 불이행,단일로,기타단일로
8225,2013-10-19 15,주간,토,1,1,0,0,0,서울,은평구,차대사람,횡단중,횡단중,안전운전 의무 불이행,단일로,기타단일로
8226,2013-04-29 01,야간,월,1,1,0,0,0,경북,경주시,차대사람,기타,기타,안전운전 의무 불이행,단일로,기타단일로
8227,2013-10-28 00,야간,월,1,1,0,0,0,서울,종로구,차대사람,보도통행중,보도통행중,안전운전 의무 불이행,단일로,횡단보도상
8228,2013-05-03 19,야간,금,1,3,0,2,0,인천,남구,차대차,기타,기타,중앙선 침범,단일로,기타단일로
8229,2013-12-16 10,주간,월,1,2,1,0,0,경북,영천시,차대차,정면충돌,정면충돌,중앙선 침범,단일로,기타단일로
8230,2013-09-16 03,야간,월,1,2,0,1,0,울산,북구,차량단독,공작물충돌,공작물충돌,안전운전 의무 불이행,단일로,기타단일로
8231,2013-06-12 09,주간,수,1,1,0,0,0,경남,거제시,차대사람,횡단중,횡단중,안전운전 의무 불이행,교차로,교차로내
8232,2013-09-12 05,야간,목,1,1,0,0,0,서울,성동구,차대사람,기타,기타,안전운전 의무 불이행,단일로,기타단일로
8233,2013-06-27 03,야간,목,1,1,0,0,0,부산,동래구,차대사람,기타,기타,안전운전 의무 불이행,단일로,기타단일로
8234,2013-05-19 17,주간,일,1,1,0,0,0,제주,제주시,차대사람,횡단중,횡단중,안전운전 의무 불이행,단일로,기타단일로
8235,2013-07-30 12,주간,화,1,1,0,0,0,울산,울주군,차대사람,기타,기타,안전운전 의무 불이행,교차로,교차로내
8236,2013-05-02 15,주간,목,1,1,0,0,0,경기,파주시,차량단독,공작물충돌,공작물충돌,안전운전 의무 불이행,단일로,기타단일로
8237,2013-09-12 09,주간,목,1,2,1,0,0,전남,광양시,차대차,정면충돌,정면충돌,중앙선 침범,단일로,기타단일로
8238,2013-05-05 00,야간,일,1,2,0,1,0,서울,동대문구,차대차,기타,기타,중앙선 침범,단일로,기타단일로
8239,2013-03-26 01,야간,화,1,1,0,0,0,서울,송파구,차대사람,횡단중,횡단중,안전운전 의무 불이행,단일로,기타단일로
8240,2013-06-14 00,야간,금,1,2,1,0,0,제주,제주시,차대차,추돌,진행중 추돌,안전운전 의무 불이행,단일로,기타단일로
8241,2013-07-23 17,주간,화,1,1,0,0,0,부산,북구,차대사람,기타,기타,보행자 보호의무 위반,단일로,횡단보도부근
8242,2013-09-30 15,주간,월,1,1,0,0,0,인천,동구,차대차,측면충돌,측면충돌,안전운전 의무 불이행,교차로,교차로내
8243,2013-12-04 20,야간,수,1,1,0,0,0,부산,강서구,차량단독,도로이탈,도로이탈 추락,안전운전 의무 불이행,단일로,교량위
8244,2013-05-16 15,주간,목,1,1,0,0,0,경기,고양시,차대차,측면충돌,측면충돌,안전거리 미확보,단일로,횡단보도상
8245,2013-06-03 22,야간,월,1,1,0,0,0,경남,양산시,차대사람,횡단중,횡단중,신호위반,교차로,교차로내
8246,2013-10-05 23,야간,토,1,1,0,0,0,대구,달성군,차량단독,전도전복,전도전복,안전운전 의무 불이행,교차로,교차로부근
8247,2013-06-09 12,주간,일,1,1,0,0,0,제주,제주시,차량단독,공작물충돌,공작물충돌,안전운전 의무 불이행,단일로,기타단일로
8248,2013-03-27 08,주간,수,1,1,0,0,0,대구,북구,차대사람,횡단중,횡단중,안전운전 의무 불이행,단일로,횡단보도부근
8249,2013-05-26 02,야간,일,1,1,0,0,0,전남,목포시,차대차,기타,기타,과속,단일로,기타단일로
8250,2013-07-26 14,주간,금,1,1,0,0,0,경기,이천시,차대차,기타,기타,안전운전 의무 불이행,단일로,기타단일로
8251,2013-06-04 21,야간,화,1,4,3,0,0,경남,양산시,차대차,측면충돌,측면충돌,안전운전 의무 불이행,교차로,교차로내
8252,2013-05-14 13,주간,화,1,2,1,0,0,경북,경산시,차량단독,공작물충돌,공작물충돌,안전운전 의무 불이행,단일로,기타단일로
8253,2013-06-05 20,야간,수,1,1,0,0,0,경남,양산시,차대차,정면충돌,정면충돌,중앙선 침범,기타/불명,기타/불명
8254,2013-04-24 21,야간,수,1,1,0,0,0,대구,달서구,차대사람,횡단중,횡단중,신호위반,교차로,교차로내
8255,2013-05-30 13,주간,목,1,1,0,0,0,서울,관악구,차대사람,횡단중,횡단중,과속,단일로,기타단일로
8256,2013-10-09 19,야간,수,1,1,0,0,0,대구,달성군,차량단독,공작물충돌,공작물충돌,안전운전 의무 불이행,단일로,기타단일로
8257,2013-11-30 19,야간,토,1,1,0,0,0,경북,김천시,차대사람,기타,기타,안전운전 의무 불이행,단일로,기타단일로
8258,2013-05-28 00,야간,화,1,1,0,0,0,전남,목포시,차량단독,공작물충돌,공작물충돌,안전운전 의무 불이행,교차로,교차로내
8259,2013-04-29 03,야간,월,1,1,0,0,0,전북,전주시,차대차,기타,기타,안전운전 의무 불이행,단일로,기타단일로
8260,2013-06-10 18,야간,월,1,1,0,0,0,부산,사하구,차대차,기타,기타,중앙선 침범,단일로,기타단일로
8261,2013-07-13 16,주간,토,1,1,0,0,0,부산,금정구,차대차,기타,기타,안전운전 의무 불이행,단일로,기타단일로
8262,2013-03-30 23,야간,토,1,1,0,0,0,광주,북구,차대사람,기타,기타,안전운전 의무 불이행,교차로,교차로부근
8263,2013-06-11 05,야간,화,1,1,0,0,0,경기,성남시,차대사람,횡단중,횡단중,신호위반,교차로,교차로부근
8264,2013-06-16 11,주간,일,1,2,1,0,0,경남,김해시,차대차,기타,기타,안전운전 의무 불이행,단일로,기타단일로
8265,2013-12-31 18,야간,화,1,1,0,0,0,경북,영천시,차대사람,횡단중,횡단중,안전운전 의무 불이행,단일로,기타단일로
8266,2013-10-17 17,주간,목,1,1,0,0,0,강원,양양군,차량단독,도로이탈,도로이탈 추락,안전운전 의무 불이행,단일로,기타단일로
8267,2013-11-26 06,주간,화,1,1,0,0,0,대전,대덕구,차대사람,횡단중,횡단중,안전운전 의무 불이행,단일로,기타단일로
8268,2013-08-17 22,야간,토,1,1,0,0,0,경기,양주시,차대사람,기타,기타,안전운전 의무 불이행,단일로,기타단일로
8269,2013-08-08 01,야간,목,1,2,1,0,0,울산,울주군,차대차,정면충돌,정면충돌,중앙선 침범,단일로,기타단일로
8270,2013-09-18 07,주간,수,1,1,0,0,0,서울,도봉구,차대사람,횡단중,횡단중,보행자 보호의무 위반,단일로,횡단보도상
8271,2013-04-28 03,야간,일,1,1,0,0,0,대구,달서구,차대사람,횡단중,횡단중,안전운전 의무 불이행,단일로,기타단일로
8272,2013-06-09 19,야간,일,1,1,0,0,0,충북,청주시,차대사람,보도통행중,보도통행중,기타,단일로,기타단일로
8273,2013-06-17 08,주간,월,1,1,0,0,0,경기,광주시,차량단독,기타,기타,안전운전 의무 불이행,단일로,기타단일로
8274,2013-11-01 01,야간,금,1,1,0,0,0,경기,부천시,차량단독,전도전복,전도전복,안전운전 의무 불이행,단일로,기타단일로
8275,2013-11-01 20,야간,금,1,1,0,0,0,서울,성북구,차대사람,길가장자리구역통행중,길가장자리구역통행중,안전운전 의무 불이행,교차로,교차로내
8276,2013-06-28 21,야간,금,1,2,1,0,0,충북,청주시,차대차,추돌,진행중 추돌,안전운전 의무 불이행,단일로,기타단일로
8277,2013-11-17 01,야간,일,1,1,0,0,0,경남,사천시,차량단독,공작물충돌,공작물충돌,안전운전 의무 불이행,단일로,기타단일로
8278,2013-08-30 09,주간,금,1,2,0,1,0,경북,안동시,차대차,기타,기타,중앙선 침범,단일로,기타단일로
8279,2013-05-22 15,주간,수,1,2,1,0,0,서울,용산구,차량단독,도로이탈,도로이탈 추락,안전운전 의무 불이행,단일로,교량위
8280,2013-04-02 08,주간,화,1,1,0,0,0,광주,북구,차량단독,공작물충돌,공작물충돌,안전운전 의무 불이행,교차로,교차로내
8281,2013-08-14 00,야간,수,1,2,1,0,0,충남,천안시,차대차,기타,기타,신호위반,교차로,교차로내
8282,2013-06-28 12,주간,금,1,1,0,0,0,부산,수영구,차대사람,횡단중,횡단중,안전운전 의무 불이행,단일로,기타단일로
8283,2013-07-27 08,주간,토,1,3,2,0,0,경기,용인시,차대차,정면충돌,정면충돌,중앙선 침범,단일로,기타단일로
8284,2013-06-21 03,야간,금,3,4,1,0,0,경북,포항시,차량단독,기타,기타,안전운전 의무 불이행,교차로,교차로내
8285,2013-08-10 15,주간,토,1,2,0,1,0,울산,울주군,차대차,추돌,진행중 추돌,교차로 통행방법 위반,교차로,교차로내
8286,2013-08-14 20,야간,수,1,2,0,1,0,제주,서귀포시,차대사람,횡단중,횡단중,안전운전 의무 불이행,단일로,기타단일로
8287,2013-12-10 09,주간,화,1,1,0,0,0,경북,김천시,차량단독,공작물충돌,공작물충돌,안전운전 의무 불이행,단일로,기타단일로
8288,2013-09-29 04,야간,일,1,1,0,0,0,전남,광양시,차량단독,공작물충돌,공작물충돌,안전운전 의무 불이행,교차로,교차로부근
8289,2013-03-27 22,야간,수,1,1,0,0,0,경기,평택시,차대사람,차도통행중,차도통행중,안전운전 의무 불이행,교차로,교차로부근
8290,2013-09-06 17,주간,금,1,1,0,0,0,경기,포천시,차대사람,기타,기타,안전거리 미확보,단일로,기타단일로
8291,2013-11-25 13,주간,월,1,1,0,0,0,인천,부평구,차대사람,기타,기타,안전운전 의무 불이행,교차로,교차로내
8292,2013-12-06 21,야간,금,1,1,0,0,0,서울,중구,차대사람,기타,기타,안전운전 의무 불이행,교차로,교차로내
8293,2013-09-06 21,야간,금,1,2,0,1,0,경기,포천시,차대차,측면충돌,측면충돌,신호위반,교차로,교차로내
8294,2013-08-28 05,야간,수,1,1,0,0,0,서울,구로구,차대사람,횡단중,횡단중,안전운전 의무 불이행,단일로,기타단일로
8295,2013-10-15 07,주간,화,1,1,0,0,0,인천,중구,차대차,정면충돌,정면충돌,중앙선 침범,교차로,교차로부근
8296,2013-09-11 22,야간,수,1,1,0,0,0,서울,서대문구,차대사람,기타,기타,안전운전 의무 불이행,단일로,기타단일로
8297,2013-06-09 10,주간,일,1,1,0,0,0,경기,화성시,차량단독,공작물충돌,공작물충돌,안전운전 의무 불이행,단일로,기타단일로
8298,2013-05-26 04,야간,일,1,1,0,0,0,대구,서구,차대사람,횡단중,횡단중,안전운전 의무 불이행,단일로,기타단일로
8299,2013-09-14 19,야간,토,1,1,0,0,0,경남,김해시,차대사람,횡단중,횡단중,안전운전 의무 불이행,교차로,교차로부근
8300,2013-06-02 17,주간,일,1,1,0,0,0,전남,신안군,차대차,측면충돌,측면충돌,교차로 통행방법 위반,교차로,교차로내
8301,2013-03-31 21,야간,일,1,1,0,0,0,대구,북구,차대차,추돌,주정차중 추돌,안전운전 의무 불이행,단일로,횡단보도부근
8302,2013-09-29 01,야간,일,1,1,0,0,0,경기,군포시,차대사람,기타,기타,안전운전 의무 불이행,기타/불명,기타/불명
8303,2013-12-01 10,주간,일,1,1,0,0,0,부산,동구,차대사람,기타,기타,안전운전 의무 불이행,교차로,교차로내
8304,2013-08-29 20,야간,목,1,2,1,0,0,서울,구로구,차대사람,횡단중,횡단중,안전운전 의무 불이행,단일로,기타단일로
8305,2013-08-14 03,야간,수,1,1,0,0,0,인천,부평구,차대차,정면충돌,정면충돌,중앙선 침범,단일로,기타단일로
8306,2013-08-10 19,야간,토,1,1,0,0,0,경기,성남시,차대사람,기타,기타,안전운전 의무 불이행,교차로,교차로부근
8307,2013-09-19 21,야간,목,1,1,0,0,0,충남,당진시,차대사람,기타,기타,안전운전 의무 불이행,단일로,기타단일로
8308,2013-08-16 18,야간,금,1,2,0,0,1,인천,계양구,차량단독,공작물충돌,공작물충돌,안전운전 의무 불이행,단일로,기타단일로
8309,2013-06-03 07,주간,월,1,1,0,0,0,전남,목포시,차대사람,횡단중,횡단중,안전운전 의무 불이행,단일로,기타단일로
8310,2013-08-18 05,야간,일,1,1,0,0,0,충남,천안시,차대사람,기타,기타,안전운전 의무 불이행,교차로,교차로내
8311,2013-08-30 10,주간,금,1,1,0,0,0,서울,구로구,차량단독,기타,기타,안전운전 의무 불이행,교차로,교차로내
8312,2013-04-04 20,야간,목,1,2,1,0,0,광주,북구,차대차,기타,기타,안전운전 의무 불이행,기타/불명,기타/불명
8313,2013-06-03 20,야간,월,1,5,3,1,0,전남,신안군,차대차,기타,기타,안전운전 의무 불이행,기타/불명,기타/불명
8314,2013-03-29 05,야간,금,1,1,0,0,0,경기,평택시,차량단독,공작물충돌,공작물충돌,중앙선 침범,단일로,기타단일로
8315,2013-05-11 17,주간,토,1,1,0,0,0,경기,파주시,차대차,기타,기타,안전운전 의무 불이행,단일로,기타단일로
8316,2013-08-17 15,주간,토,1,1,0,0,0,경남,진주시,차대차,측면충돌,측면충돌,신호위반,교차로,교차로내
8317,2013-05-03 12,주간,금,1,1,0,0,0,강원,원주시,차대사람,횡단중,횡단중,신호위반,단일로,기타단일로
8318,2013-08-11 20,야간,일,1,1,0,0,0,경기,성남시,차대차,측면충돌,측면충돌,안전운전 의무 불이행,교차로,교차로부근
8319,2013-05-01 05,야간,수,1,1,0,0,0,대구,달서구,차대차,측면충돌,측면충돌,안전운전 의무 불이행,교차로,교차로내
8320,2013-05-04 15,주간,토,1,1,0,0,0,전북,전주시,차대차,측면충돌,측면충돌,신호위반,교차로,교차로내
8321,2013-08-07 15,주간,수,1,1,0,0,0,부산,북구,차대사람,횡단중,횡단중,안전운전 의무 불이행,단일로,횡단보도부근
8322,2013-07-22 05,야간,월,1,1,0,0,0,강원,강릉시,차대사람,횡단중,횡단중,보행자 보호의무 위반,단일로,횡단보도상
8323,2013-06-17 15,주간,월,2,2,0,0,0,경기,성남시,차대차,기타,기타,안전운전 의무 불이행,교차로,교차로부근
8324,2013-09-14 23,야간,토,1,1,0,0,0,서울,서대문구,차대사람,기타,기타,안전운전 의무 불이행,단일로,기타단일로
8325,2013-09-10 21,야간,화,1,1,0,0,0,경기,포천시,차대사람,횡단중,횡단중,안전운전 의무 불이행,단일로,기타단일로
8326,2013-10-12 18,야간,토,1,1,0,0,0,경남,통영시,차대사람,횡단중,횡단중,안전운전 의무 불이행,교차로,교차로내
8327,2013-08-12 20,야간,월,3,5,1,1,0,경기,성남시,차대차,추돌,주정차중 추돌,안전운전 의무 불이행,단일로,기타단일로
8328,2013-06-04 20,야간,화,1,1,0,0,0,전남,목포시,차대사람,차도통행중,차도통행중,안전운전 의무 불이행,교차로,교차로내
8329,2013-12-31 04,야간,화,1,2,0,1,0,부산,강서구,차대차,기타,기타,신호위반,교차로,교차로내
8330,2013-08-04 22,야간,일,1,1,0,0,0,인천,연수구,차량단독,전도전복,전도전복,안전운전 의무 불이행,단일로,교량위
8331,2013-09-29 07,주간,일,1,1,0,0,0,경남,창원시(통합),차대차,측면충돌,측면충돌,중앙선 침범,교차로,교차로부근
8332,2013-11-25 14,주간,월,1,1,0,0,0,경북,칠곡군,차량단독,공작물충돌,공작물충돌,안전운전 의무 불이행,단일로,기타단일로
8333,2013-06-04 09,주간,화,1,1,0,0,0,대구,달서구,차대사람,기타,기타,보행자 보호의무 위반,단일로,횡단보도상
8334,2013-10-05 18,야간,토,1,1,0,0,0,충남,아산시,차대사람,횡단중,횡단중,안전운전 의무 불이행,단일로,기타단일로
8335,2013-12-18 19,야간,수,1,1,0,0,0,경북,김천시,차대차,측면충돌,측면충돌,안전운전 의무 불이행,단일로,기타단일로
8336,2013-10-15 13,주간,화,1,1,0,0,0,경남,통영시,차대차,추돌,주정차중 추돌,안전운전 의무 불이행,단일로,기타단일로
8337,2013-11-15 16,주간,금,1,3,2,0,0,서울,은평구,차대사람,기타,기타,안전운전 의무 불이행,단일로,기타단일로
8338,2013-07-05 06,주간,금,1,1,0,0,0,충북,청원군,차량단독,공작물충돌,공작물충돌,안전운전 의무 불이행,단일로,기타단일로
8339,2013-10-06 18,야간,일,1,1,0,0,0,충남,아산시,차대사람,횡단중,횡단중,안전운전 의무 불이행,단일로,기타단일로
8340,2013-07-19 11,주간,금,1,1,0,0,0,충남,태안군,차대차,기타,기타,안전운전 의무 불이행,교차로,교차로부근
8341,2013-05-04 05,야간,토,1,2,1,0,0,강원,원주시,차대차,측면충돌,측면충돌,중앙선 침범,단일로,기타단일로
8342,2013-11-01 16,주간,금,1,1,0,0,0,강원,양양군,차량단독,공작물충돌,공작물충돌,안전운전 의무 불이행,단일로,기타단일로
8343,2013-06-04 14,주간,화,1,2,0,1,0,서울,강서구,차대사람,기타,기타,안전거리 미확보,단일로,기타단일로
8344,2013-06-29 22,야간,토,1,2,0,1,0,경북,포항시,차량단독,공작물충돌,공작물충돌,안전운전 의무 불이행,단일로,기타단일로
8345,2013-06-26 23,야간,수,1,1,0,0,0,부산,사상구,차량단독,공작물충돌,공작물충돌,안전운전 의무 불이행,교차로,교차로부근
8346,2013-09-04 05,야간,수,1,1,0,0,0,서울,강북구,차대사람,횡단중,횡단중,신호위반,교차로,교차로내
8347,2013-08-17 17,주간,토,1,1,0,0,0,울산,울주군,차대차,정면충돌,정면충돌,중앙선 침범,단일로,기타단일로
8348,2013-09-17 06,주간,화,1,1,0,0,0,서울,서대문구,차대사람,기타,기타,안전운전 의무 불이행,교차로,교차로부근
8349,2013-07-23 15,주간,화,1,2,1,0,0,강원,강릉시,차량단독,공작물충돌,공작물충돌,안전운전 의무 불이행,단일로,기타단일로
8350,2013-10-11 08,주간,금,2,2,0,0,0,울산,동구,차대차,측면충돌,측면충돌,교차로 통행방법 위반,교차로,교차로내
8351,2013-05-20 18,야간,월,1,1,0,0,0,울산,남구,차대사람,기타,기타,안전운전 의무 불이행,기타/불명,기타/불명
8352,2013-08-13 10,주간,화,1,1,0,0,0,충북,충주시,차대차,추돌,진행중 추돌,기타,교차로,교차로내
8353,2013-03-31 00,야간,일,1,1,0,0,0,경기,평택시,차대사람,기타,기타,안전운전 의무 불이행,교차로,교차로부근
8354,2013-06-28 04,야간,금,1,1,0,0,0,부산,사상구,차대사람,기타,기타,안전운전 의무 불이행,단일로,기타단일로
8355,2013-06-27 09,주간,목,1,3,1,1,0,서울,노원구,차대차,측면충돌,측면충돌,중앙선 침범,단일로,기타단일로
8356,2013-08-21 12,주간,수,1,1,0,0,0,충남,천안시,차대차,추돌,진행중 추돌,신호위반,교차로,교차로내
8357,2013-08-24 13,주간,토,1,1,0,0,0,광주,남구,차량단독,기타,기타,안전운전 의무 불이행,단일로,기타단일로
8358,2013-10-08 08,주간,화,1,4,1,2,0,충남,아산시,차대차,측면충돌,측면충돌,신호위반,교차로,교차로내
8359,2013-10-23 13,주간,수,1,1,0,0,0,인천,동구,차대사람,횡단중,횡단중,안전운전 의무 불이행,교차로,교차로내
8360,2013-06-29 09,주간,토,1,1,0,0,0,경북,포항시,차대사람,기타,기타,안전운전 의무 불이행,교차로,교차로부근
8361,2013-08-23 00,야간,금,1,1,0,0,0,경기,안성시,차량단독,전도전복,전도전복,안전운전 의무 불이행,단일로,기타단일로
8362,2013-10-04 06,주간,금,1,2,1,0,0,충북,제천시,차대사람,횡단중,횡단중,보행자 보호의무 위반,교차로,교차로부근
8363,2013-07-08 00,야간,월,1,1,0,0,0,충북,청원군,차대사람,횡단중,횡단중,안전운전 의무 불이행,교차로,교차로부근
8364,2013-08-06 18,야간,화,1,1,0,0,0,대전,중구,차대사람,횡단중,횡단중,안전운전 의무 불이행,단일로,기타단일로
8365,2013-12-02 12,주간,월,1,1,0,0,0,경북,칠곡군,차량단독,공작물충돌,공작물충돌,안전운전 의무 불이행,단일로,기타단일로
8366,2013-04-25 23,야간,목,1,1,0,0,0,서울,영등포구,차대사람,기타,기타,안전운전 의무 불이행,단일로,기타단일로
8367,2013-11-08 19,야간,금,1,1,0,0,0,강원,속초시,차대사람,횡단중,횡단중,안전운전 의무 불이행,교차로,교차로내
8368,2013-10-11 08,주간,금,1,1,0,0,0,전남,광양시,차대사람,기타,기타,안전운전 의무 불이행,기타/불명,기타/불명
8369,2013-10-11 09,주간,금,1,2,1,0,0,전남,광양시,차대차,정면충돌,정면충돌,중앙선 침범,단일로,기타단일로
8370,2013-10-27 05,야간,일,1,1,0,0,0,경남,창원시(통합),차대사람,기타,기타,안전운전 의무 불이행,단일로,기타단일로
8371,2013-09-28 17,주간,토,1,1,0,0,0,충남,당진시,차대차,측면충돌,측면충돌,신호위반,교차로,교차로내
8372,2013-10-09 19,야간,수,1,1,0,0,0,경기,군포시,차대사람,횡단중,횡단중,안전운전 의무 불이행,단일로,기타단일로
8373,2013-08-29 08,주간,목,1,3,2,0,0,경기,양주시,차대차,추돌,진행중 추돌,중앙선 침범,단일로,기타단일로
8374,2013-10-08 04,야간,화,1,2,1,0,0,서울,성동구,차대차,측면충돌,측면충돌,안전운전 의무 불이행,단일로,기타단일로
8375,2013-06-13 20,야간,목,1,2,0,1,0,전남,여수시,차대차,추돌,진행중 추돌,기타,단일로,기타단일로
8376,2013-04-15 14,주간,월,1,8,2,5,0,전북,익산시,차대차,기타,기타,기타,교차로,교차로내
8377,2013-05-05 07,주간,일,1,2,1,0,0,경기,화성시,차량단독,전도전복,전도전복,안전운전 의무 불이행,교차로,교차로내
8378,2013-06-09 18,야간,일,1,1,0,0,0,제주,제주시,차대차,측면충돌,측면충돌,중앙선 침범,단일로,기타단일로
8379,2013-10-05 10,주간,토,1,1,0,0,0,서울,도봉구,차대차,추돌,진행중 추돌,신호위반,단일로,횡단보도상
8380,2013-07-27 22,야간,토,1,1,0,0,0,충남,서산시,차량단독,전도전복,전도전복,안전운전 의무 불이행,단일로,기타단일로
8381,2013-12-06 07,주간,금,1,1,0,0,0,서울,종로구,차대사람,횡단중,횡단중,신호위반,단일로,기타단일로
8382,2013-10-15 02,야간,화,1,1,0,0,0,울산,동구,차량단독,공작물충돌,공작물충돌,안전운전 의무 불이행,단일로,기타단일로
8383,2013-05-08 01,야간,수,1,1,0,0,0,경기,용인시,차대사람,기타,기타,안전운전 의무 불이행,교차로,교차로내
8384,2013-05-13 20,야간,월,1,1,0,0,0,경북,경주시,차대사람,횡단중,횡단중,안전운전 의무 불이행,단일로,기타단일로
8385,2013-07-02 11,주간,화,1,1,0,0,0,경북,포항시,차대사람,기타,기타,안전운전 의무 불이행,단일로,기타단일로
8386,2013-12-09 06,주간,월,1,2,1,0,0,경북,칠곡군,차량단독,전도전복,전도전복,안전운전 의무 불이행,단일로,교량위
8387,2013-04-16 20,야간,화,1,1,0,0,0,전북,익산시,차대사람,차도통행중,차도통행중,안전운전 의무 불이행,교차로,교차로내
8388,2013-09-01 18,야간,일,1,3,0,2,0,경기,양주시,차대차,측면충돌,측면충돌,안전운전 의무 불이행,단일로,기타단일로
8389,2013-11-26 09,주간,화,1,1,0,0,0,경기,부천시,차대사람,횡단중,횡단중,보행자 보호의무 위반,단일로,횡단보도상
8390,2013-10-30 19,야간,수,1,1,0,0,0,경남,창원시(통합),차대사람,횡단중,횡단중,신호위반,단일로,횡단보도상
8391,2013-07-01 13,주간,월,1,1,0,0,0,경남,거제시,차대사람,기타,기타,안전운전 의무 불이행,단일로,기타단일로
8392,2013-10-24 18,야간,목,1,1,0,0,0,경남,통영시,차대사람,길가장자리구역통행중,길가장자리구역통행중,안전운전 의무 불이행,단일로,기타단일로
8393,2013-07-12 18,야간,금,1,1,0,0,0,충북,청원군,차량단독,기타,기타,안전운전 의무 불이행,교차로,교차로부근
8394,2013-09-02 16,주간,월,1,3,2,0,0,대전,동구,차량단독,공작물충돌,공작물충돌,안전운전 의무 불이행,단일로,기타단일로
8395,2013-06-01 10,주간,토,2,2,0,0,0,경기,고양시,차대차,기타,기타,안전운전 의무 불이행,단일로,기타단일로
8396,2013-12-12 09,주간,목,1,1,0,0,0,경기,부천시,차량단독,기타,기타,안전운전 의무 불이행,단일로,기타단일로
8397,2013-04-11 04,야간,목,1,1,0,0,0,경기,고양시,차량단독,전도전복,전도전복,안전운전 의무 불이행,단일로,기타단일로
8398,2013-10-16 08,주간,수,1,1,0,0,0,전남,광양시,차대차,측면충돌,측면충돌,안전운전 의무 불이행,교차로,교차로내
8399,2013-08-31 19,야간,토,1,1,0,0,0,광주,남구,차대사람,기타,기타,안전운전 의무 불이행,교차로,교차로부근
8400,2013-06-26 16,주간,수,1,1,0,0,0,전남,순천시,차대차,기타,기타,안전운전 의무 불이행,단일로,기타단일로
8401,2013-08-18 21,야간,일,1,1,0,0,0,충북,충주시,차대사람,길가장자리구역통행중,길가장자리구역통행중,안전운전 의무 불이행,단일로,기타단일로
8402,2013-05-18 05,야간,토,1,1,0,0,0,경기,의정부시,차량단독,공작물충돌,공작물충돌,안전운전 의무 불이행,단일로,기타단일로
8403,2013-09-22 21,야간,일,1,1,0,0,0,경기,포천시,차대사람,보도통행중,보도통행중,안전운전 의무 불이행,교차로,교차로내
8404,2013-09-23 18,야간,월,1,2,0,1,0,경기,포천시,차대차,정면충돌,정면충돌,중앙선 침범,단일로,기타단일로
8405,2013-07-07 18,야간,일,1,1,0,0,0,경북,포항시,차량단독,공작물충돌,공작물충돌,안전운전 의무 불이행,단일로,기타단일로
8406,2013-07-19 23,야간,금,1,1,0,0,0,경기,수원시,차량단독,기타,기타,안전운전 의무 불이행,교차로,교차로내
8407,2013-10-03 16,주간,목,1,1,0,0,0,충남,당진시,차대차,측면충돌,측면충돌,교차로 통행방법 위반,교차로,교차로내
8408,2013-12-02 18,야간,월,1,1,0,0,0,경기,부천시,차대사람,횡단중,횡단중,안전운전 의무 불이행,단일로,횡단보도상
8409,2013-09-03 02,야간,화,1,1,0,0,0,경기,양주시,차량단독,공작물충돌,공작물충돌,안전운전 의무 불이행,단일로,기타단일로
8410,2013-11-01 00,야간,금,1,1,0,0,0,인천,옹진군,차대사람,길가장자리구역통행중,길가장자리구역통행중,안전운전 의무 불이행,단일로,교량위
8411,2013-08-13 17,주간,화,1,1,0,0,0,대전,중구,차량단독,공작물충돌,공작물충돌,안전운전 의무 불이행,단일로,기타단일로
8412,2013-08-20 05,야간,화,1,1,0,0,0,충북,충주시,차대차,측면충돌,측면충돌,안전운전 의무 불이행,단일로,기타단일로
8413,2013-09-04 19,야간,수,1,2,0,0,1,경남,진주시,차대사람,차도통행중,차도통행중,안전운전 의무 불이행,단일로,기타단일로
8414,2013-05-19 01,야간,일,1,3,2,0,0,경기,의정부시,차대차,정면충돌,정면충돌,중앙선 침범,기타/불명,기타/불명
8415,2013-07-15 04,야간,월,1,3,1,1,0,충북,청주시,차대차,측면충돌,측면충돌,신호위반,교차로,교차로내
8416,2013-08-29 07,주간,목,1,1,0,0,0,충남,천안시,차대사람,기타,기타,안전운전 의무 불이행,단일로,기타단일로
8417,2013-05-13 09,주간,월,1,1,0,0,0,경기,수원시,차대차,추돌,주정차중 추돌,안전운전 의무 불이행,교차로,교차로부근
8418,2013-06-12 09,주간,수,1,2,0,1,0,제주,제주시,차대차,측면충돌,측면충돌,안전거리 미확보,교차로,교차로부근
8419,2013-07-06 23,야간,토,1,1,0,0,0,서울,양천구,차대사람,기타,기타,안전운전 의무 불이행,단일로,기타단일로