교통사고이력ID(사고기록 순서),발생년월일시,주야코드,요일코드,사망자수,부상자수,중상자수,경상자수,부상신고자수,발생지시도코드,발생지시도코드,사고유형대분류코드,사고유형중분류코드,사고유형코드,법규위반코드,도로형태대분류코드,도로로형태코드
8420,2013-11-14 01,야간,목,1,1,0,0,0,서울,중구,차대사람,횡단중,횡단중,안전운전 의무 불이행,단일로,기타단일로
8421,2013-10-15 22,야간,화,1,2,1,0,0,충북,제천시,차대차,기타,기타,과속,단일로,기타단일로
8422,2013-09-27 20,야간,금,1,2,0,1,0,경기,포천시,차대차,측면충돌,측면충돌,신호위반,교차로,교차로내
8423,2013-10-31 17,주간,목,1,1,0,0,0,경남,통영시,차대사람,횡단중,횡단중,신호위반,교차로,교차로부근
8424,2013-06-03 20,야간,월,1,1,0,0,0,대구,동구,차대사람,횡단중,횡단중,안전운전 의무 불이행,단일로,횡단보도상
8425,2013-06-24 00,야간,월,1,1,0,0,0,울산,중구,차대사람,횡단중,횡단중,안전운전 의무 불이행,단일로,기타단일로
8426,2013-05-12 13,주간,일,1,1,0,0,0,전북,전주시,차대사람,기타,기타,기타,단일로,기타단일로
8427,2013-10-11 08,주간,금,1,1,0,0,0,서울,도봉구,차대사람,횡단중,횡단중,보행자 보호의무 위반,교차로,교차로내
8428,2013-11-19 17,주간,화,1,1,0,0,0,강원,속초시,차대사람,횡단중,횡단중,보행자 보호의무 위반,단일로,횡단보도상
8429,2013-09-03 21,야간,화,1,1,0,0,0,울산,울주군,차대사람,기타,기타,안전운전 의무 불이행,단일로,기타단일로
8430,2013-04-03 20,야간,수,1,1,0,0,0,경기,평택시,차대차,기타,기타,신호위반,교차로,교차로내
8431,2013-05-18 21,야간,토,1,1,0,0,0,경북,경주시,차대차,기타,기타,안전운전 의무 불이행,단일로,기타단일로
8432,2013-10-20 17,주간,일,2,2,0,0,0,경남,창원시(통합),차량단독,전도전복,전도전복,안전운전 의무 불이행,단일로,기타단일로
8433,2013-08-03 23,야간,토,1,1,0,0,0,충남,태안군,차량단독,도로이탈,도로이탈 추락,안전운전 의무 불이행,단일로,기타단일로
8434,2013-10-26 18,야간,토,1,1,0,0,0,울산,동구,차대사람,기타,기타,안전운전 의무 불이행,교차로,교차로내
8435,2013-05-14 22,야간,화,1,1,0,0,0,전북,군산시,차대사람,횡단중,횡단중,안전운전 의무 불이행,교차로,교차로부근
8436,2013-07-06 23,야간,토,1,1,0,0,0,경남,김해시,차대차,측면충돌,측면충돌,안전거리 미확보,단일로,기타단일로
8437,2013-06-08 12,주간,토,1,1,0,0,0,서울,중랑구,차대차,측면충돌,측면충돌,신호위반,교차로,교차로내
8438,2013-09-04 11,주간,수,1,1,0,0,0,제주,서귀포시,차대차,기타,기타,안전운전 의무 불이행,단일로,기타단일로
8439,2013-06-24 18,야간,월,1,1,0,0,0,경기,화성시,차대차,추돌,진행중 추돌,안전운전 의무 불이행,단일로,기타단일로
8440,2013-04-17 09,주간,수,1,1,0,0,0,대구,수성구,차대차,기타,기타,안전운전 의무 불이행,단일로,기타단일로
8441,2013-10-03 05,야간,목,1,1,0,0,0,서울,서대문구,차량단독,공작물충돌,공작물충돌,안전운전 의무 불이행,단일로,기타단일로
8442,2013-10-21 14,주간,월,1,1,0,0,0,경남,창원시(통합),차대차,측면충돌,측면충돌,안전거리 미확보,단일로,기타단일로
8443,2013-09-04 01,야간,수,1,1,0,0,0,서울,동작구,차대사람,기타,기타,안전운전 의무 불이행,교차로,교차로부근
8444,2013-08-26 22,야간,월,1,2,0,1,0,경기,이천시,차대사람,횡단중,횡단중,안전운전 의무 불이행,교차로,교차로부근
8445,2013-08-07 05,야간,수,2,3,1,0,0,충남,태안군,차대사람,기타,기타,안전운전 의무 불이행,단일로,기타단일로
8446,2013-10-18 19,야간,금,1,1,0,0,0,충남,아산시,차량단독,도로이탈,도로이탈 기타,안전운전 의무 불이행,단일로,기타단일로
8447,2013-06-10 04,야간,월,1,1,0,0,0,서울,중랑구,차대사람,횡단중,횡단중,안전운전 의무 불이행,단일로,횡단보도상
8448,2013-11-09 16,주간,토,1,1,0,0,0,인천,옹진군,차대사람,기타,기타,안전운전 의무 불이행,단일로,기타단일로
8449,2013-06-19 10,주간,수,1,2,0,1,0,전남,신안군,차대차,정면충돌,정면충돌,중앙선 침범,단일로,기타단일로
8450,2013-11-16 01,야간,토,1,1,0,0,0,경남,창원시(통합),차대사람,기타,기타,안전운전 의무 불이행,단일로,고가도로위
8451,2013-06-26 09,주간,수,2,25,1,22,0,경기,화성시,차대차,측면충돌,측면충돌,신호위반,교차로,교차로내
8452,2013-08-07 22,야간,수,2,6,4,0,0,대구,중구,차대차,기타,기타,중앙선 침범,단일로,기타단일로
8453,2013-09-02 20,야간,월,1,1,0,0,0,경기,성남시,차대사람,횡단중,횡단중,안전운전 의무 불이행,교차로,교차로부근
8454,2013-10-26 01,야간,토,1,1,0,0,0,전남,광양시,차량단독,공작물충돌,공작물충돌,안전운전 의무 불이행,교차로,교차로내
8455,2013-11-19 20,야간,화,1,1,0,0,0,서울,중구,차대차,측면충돌,측면충돌,안전거리 미확보,단일로,기타단일로
8456,2013-10-12 16,주간,토,1,1,0,0,0,경남,김해시,차대사람,기타,기타,보행자 보호의무 위반,교차로,교차로내
8457,2013-10-24 05,야간,목,1,2,1,0,0,경남,창원시(통합),차대차,정면충돌,정면충돌,중앙선 침범,단일로,기타단일로
8458,2013-05-15 14,주간,수,1,1,0,0,0,경기,안산시,차대차,기타,기타,중앙선 침범,단일로,기타단일로
8459,2013-06-15 00,야간,토,1,1,0,0,0,서울,강서구,차대사람,횡단중,횡단중,안전운전 의무 불이행,단일로,횡단보도상
8460,2013-05-06 15,주간,월,1,1,0,0,0,전북,전주시,차대차,기타,기타,안전운전 의무 불이행,단일로,횡단보도상
8461,2013-10-25 02,야간,금,2,2,0,0,0,경남,창원시(통합),차대차,측면충돌,측면충돌,신호위반,교차로,교차로내
8462,2013-10-26 11,주간,토,1,1,0,0,0,경남,창원시(통합),차대사람,횡단중,횡단중,안전운전 의무 불이행,단일로,기타단일로
8463,2013-11-13 19,야간,수,1,2,1,0,0,대구,달성군,차대사람,횡단중,횡단중,안전운전 의무 불이행,단일로,기타단일로
8464,2013-04-22 11,주간,월,1,1,0,0,0,충북,청주시,차대사람,기타,기타,안전운전 의무 불이행,단일로,기타단일로
8465,2013-10-27 10,주간,일,1,1,0,0,0,전남,광양시,차대사람,기타,기타,안전운전 의무 불이행,단일로,기타단일로
8466,2013-08-26 12,주간,월,1,1,0,0,0,인천,연수구,차량단독,공작물충돌,공작물충돌,안전운전 의무 불이행,교차로,교차로부근
8467,2013-06-13 19,야간,목,1,1,0,0,0,서울,서초구,차대차,기타,기타,안전거리 미확보,단일로,기타단일로
8468,2013-09-07 06,주간,토,1,1,0,0,0,충남,천안시,차대차,추돌,주정차중 추돌,안전운전 의무 불이행,단일로,기타단일로
8469,2013-04-20 19,야간,토,1,1,0,0,0,광주,서구,차대사람,횡단중,횡단중,보행자 보호의무 위반,단일로,기타단일로
8470,2013-07-16 16,주간,화,1,1,0,0,0,경기,안산시,차대사람,기타,기타,안전운전 의무 불이행,교차로,교차로내
8471,2013-09-14 03,야간,토,1,1,0,0,0,대전,동구,차대사람,횡단중,횡단중,과속,단일로,기타단일로
8472,2013-07-09 23,야간,화,1,2,1,0,0,경기,광주시,차대차,정면충돌,정면충돌,중앙선 침범,단일로,기타단일로
8473,2013-10-29 05,야간,화,1,1,0,0,0,경남,창원시(통합),차대차,기타,기타,신호위반,교차로,교차로내
8474,2013-05-22 18,야간,수,1,1,0,0,0,경북,경주시,차대사람,기타,기타,안전운전 의무 불이행,교차로,교차로부근
8475,2013-07-07 22,야간,일,1,1,0,0,0,서울,강동구,차대사람,기타,기타,안전운전 의무 불이행,기타/불명,기타/불명
8476,2013-07-13 12,주간,토,1,2,1,0,0,제주,제주시,차대차,정면충돌,정면충돌,중앙선 침범,단일로,기타단일로
8477,2013-09-23 06,주간,월,1,1,0,0,0,서울,구로구,차대사람,횡단중,횡단중,신호위반,단일로,횡단보도상
8478,2013-05-23 05,야간,목,1,1,0,0,0,경북,경주시,차대차,기타,기타,안전운전 의무 불이행,기타/불명,기타/불명
8479,2013-11-17 19,야간,일,1,1,0,0,0,대구,달성군,차량단독,공작물충돌,공작물충돌,안전운전 의무 불이행,단일로,기타단일로
8480,2013-10-16 16,주간,수,1,1,0,0,0,충남,당진시,차대사람,기타,기타,안전운전 의무 불이행,단일로,기타단일로
8481,2013-09-14 20,야간,토,1,1,0,0,0,경기,양주시,차대사람,차도통행중,차도통행중,안전운전 의무 불이행,단일로,기타단일로
8482,2013-09-16 01,야간,월,1,1,0,0,0,경기,양주시,차량단독,기타,기타,안전운전 의무 불이행,교차로,교차로부근
8483,2013-09-14 05,야간,토,1,2,1,0,0,울산,울주군,차대차,정면충돌,정면충돌,중앙선 침범,단일로,기타단일로
8484,2013-12-18 09,주간,수,1,3,0,2,0,경기,부천시,차대차,추돌,진행중 추돌,안전거리 미확보,단일로,기타단일로
8485,2013-05-19 05,야간,일,1,1,0,0,0,전북,군산시,차량단독,공작물충돌,공작물충돌,안전운전 의무 불이행,교차로,교차로내
8486,2013-10-17 17,주간,목,1,2,1,0,0,경남,김해시,차대차,정면충돌,정면충돌,중앙선 침범,단일로,기타단일로
8487,2013-05-12 11,주간,일,1,1,0,0,0,전북,군산시,차량단독,기타,기타,기타,단일로,기타단일로
8488,2013-08-31 12,주간,토,1,1,0,0,0,경기,이천시,차대차,측면충돌,측면충돌,안전운전 의무 불이행,단일로,기타단일로
8489,2013-10-18 18,야간,금,1,2,1,0,0,서울,관악구,차대사람,횡단중,횡단중,신호위반,단일로,횡단보도상
8490,2013-06-17 21,야간,월,1,2,0,1,0,서울,강서구,차대사람,기타,기타,안전운전 의무 불이행,기타/불명,기타/불명
8491,2013-04-13 14,주간,토,1,2,1,0,0,경북,구미시,차대사람,기타,기타,보행자 보호의무 위반,교차로,교차로내
8492,2013-10-29 10,주간,화,1,1,0,0,0,서울,성동구,차량단독,공작물충돌,공작물충돌,안전운전 의무 불이행,단일로,기타단일로
8493,2013-05-26 03,야간,일,1,1,0,0,0,경기,파주시,차대차,추돌,진행중 추돌,안전운전 의무 불이행,교차로,교차로내
8494,2013-09-02 06,주간,월,1,1,0,0,0,충북,충주시,차대차,추돌,진행중 추돌,신호위반,교차로,교차로내
8495,2013-07-13 06,주간,토,1,2,0,1,0,경기,광주시,차대차,추돌,진행중 추돌,과속,단일로,기타단일로
8496,2013-11-28 11,주간,목,1,1,0,0,0,경남,창원시(통합),차대차,측면충돌,측면충돌,안전운전 의무 불이행,교차로,교차로내
8497,2013-07-06 09,주간,토,1,1,0,0,0,경기,성남시,차대차,추돌,진행중 추돌,안전운전 의무 불이행,단일로,기타단일로
8498,2013-11-05 16,주간,화,1,1,0,0,0,전남,광양시,차량단독,기타,기타,안전운전 의무 불이행,기타/불명,기타/불명
8499,2013-12-07 17,주간,토,1,1,0,0,0,강원,속초시,차대사람,횡단중,횡단중,안전운전 의무 불이행,단일로,횡단보도부근
8500,2013-12-25 23,야간,수,1,1,0,0,0,서울,은평구,차대차,정면충돌,정면충돌,안전운전 의무 불이행,교차로,교차로부근
8501,2013-09-27 16,주간,금,1,1,0,0,0,서울,구로구,차대사람,횡단중,횡단중,안전운전 의무 불이행,단일로,기타단일로
8502,2013-10-21 17,주간,월,1,1,0,0,0,경남,김해시,차대차,기타,기타,안전운전 의무 불이행,단일로,기타단일로
8503,2013-10-24 23,야간,목,1,2,1,0,0,충남,아산시,차량단독,공작물충돌,공작물충돌,안전운전 의무 불이행,단일로,기타단일로
8504,2013-07-17 04,야간,수,1,1,0,0,0,서울,양천구,차대사람,기타,기타,안전운전 의무 불이행,교차로,교차로내
8505,2013-11-30 21,야간,토,1,1,0,0,0,경남,창원시(통합),차대사람,차도통행중,차도통행중,안전운전 의무 불이행,교차로,교차로내
8506,2013-05-16 21,야간,목,1,1,0,0,0,경기,화성시,차대사람,길가장자리구역통행중,길가장자리구역통행중,안전운전 의무 불이행,단일로,기타단일로
8507,2013-04-14 19,야간,일,1,2,1,0,0,경북,구미시,차대차,기타,기타,중앙선 침범,단일로,기타단일로
8508,2013-06-25 14,주간,화,1,1,0,0,0,전남,신안군,차대차,정면충돌,정면충돌,중앙선 침범,단일로,기타단일로
8509,2013-09-01 21,야간,일,1,1,0,0,0,경기,이천시,차대사람,횡단중,횡단중,안전운전 의무 불이행,단일로,기타단일로
8510,2013-07-03 04,야간,수,1,1,0,0,0,경기,화성시,차대사람,횡단중,횡단중,안전운전 의무 불이행,단일로,기타단일로
8511,2013-11-07 21,야간,목,1,2,0,1,0,경남,창원시(통합),차대차,측면충돌,측면충돌,안전운전 의무 불이행,단일로,기타단일로
8512,2013-09-13 01,야간,금,1,1,0,0,0,인천,계양구,차량단독,공작물충돌,공작물충돌,안전운전 의무 불이행,단일로,기타단일로
8513,2013-05-22 08,주간,수,1,1,0,0,0,전북,군산시,차대사람,횡단중,횡단중,안전운전 의무 불이행,교차로,교차로내
8514,2013-09-16 12,주간,월,1,1,0,0,0,경기,성남시,차대차,기타,기타,안전운전 의무 불이행,교차로,교차로부근
8515,2013-11-27 15,주간,수,1,1,0,0,0,인천,동구,차대차,기타,기타,안전운전 의무 불이행,교차로,교차로내
8516,2013-07-17 15,주간,수,1,1,0,0,0,부산,사상구,차대사람,기타,기타,안전운전 의무 불이행,단일로,기타단일로
8517,2013-09-22 00,야간,일,1,1,0,0,0,울산,울주군,차량단독,전도전복,전도전복,안전운전 의무 불이행,단일로,기타단일로
8518,2013-04-13 00,야간,토,1,1,0,0,0,서울,송파구,차대차,측면충돌,측면충돌,신호위반,교차로,교차로내
8519,2013-11-11 20,야간,월,1,1,0,0,0,경남,창원시(통합),차대사람,횡단중,횡단중,안전운전 의무 불이행,단일로,기타단일로
8520,2013-07-10 17,주간,수,1,2,0,1,0,전남,순천시,차대차,추돌,진행중 추돌,안전거리 미확보,교차로,교차로내
8521,2013-05-20 19,야간,월,1,1,0,0,0,부산,남구,차대사람,기타,기타,안전운전 의무 불이행,교차로,교차로내
8522,2013-06-07 03,야간,금,1,3,1,1,0,울산,남구,차대차,추돌,진행중 추돌,안전운전 의무 불이행,단일로,교량위
8523,2013-06-13 19,야간,목,1,1,0,0,0,대구,동구,차대차,추돌,진행중 추돌,안전운전 의무 불이행,단일로,기타단일로
8524,2013-07-25 20,야간,목,1,1,0,0,0,부산,연제구,차대차,기타,기타,안전운전 의무 불이행,단일로,기타단일로
8525,2013-05-28 00,야간,화,1,2,0,1,0,경북,경주시,차대차,정면충돌,정면충돌,중앙선 침범,단일로,기타단일로
8526,2013-05-09 13,주간,목,1,1,0,0,0,서울,영등포구,차량단독,전도전복,전도전복,안전운전 의무 불이행,단일로,기타단일로
8527,2013-06-14 08,주간,금,1,4,0,3,0,대구,동구,차대차,기타,기타,안전운전 의무 불이행,교차로,교차로내
8528,2013-12-17 17,주간,화,1,1,0,0,0,강원,양양군,차대사람,횡단중,횡단중,안전운전 의무 불이행,교차로,교차로부근
8529,2013-09-26 12,주간,목,1,1,0,0,0,광주,남구,차대차,기타,기타,안전운전 의무 불이행,교차로,교차로부근
8530,2013-11-15 17,주간,금,1,1,0,0,0,울산,북구,차대사람,기타,기타,안전운전 의무 불이행,단일로,기타단일로
8531,2013-11-20 18,야간,수,1,1,0,0,0,경남,통영시,차대사람,횡단중,횡단중,안전운전 의무 불이행,단일로,기타단일로
8532,2013-10-27 06,주간,일,1,3,0,2,0,충남,당진시,차대차,추돌,진행중 추돌,안전거리 미확보,단일로,기타단일로
8533,2013-12-18 15,주간,수,1,1,0,0,0,강원,양양군,차량단독,공작물충돌,공작물충돌,안전운전 의무 불이행,단일로,기타단일로
8534,2013-05-20 16,주간,월,1,1,0,0,0,경기,화성시,차대차,기타,기타,안전운전 의무 불이행,단일로,기타단일로
8535,2013-07-20 03,야간,토,1,2,1,0,0,제주,제주시,차량단독,공작물충돌,공작물충돌,안전운전 의무 불이행,단일로,기타단일로
8536,2013-11-16 01,야간,토,1,1,0,0,0,울산,동구,차량단독,전도전복,전도전복,안전운전 의무 불이행,단일로,기타단일로
8537,2013-04-20 04,야간,토,1,1,0,0,0,경기,고양시,차량단독,공작물충돌,공작물충돌,안전운전 의무 불이행,교차로,교차로내
8538,2013-05-01 11,주간,수,1,1,0,0,0,경기,시흥시,차대사람,횡단중,횡단중,안전운전 의무 불이행,단일로,기타단일로
8539,2013-04-19 07,주간,금,1,2,1,0,0,광주,북구,차대사람,기타,기타,중앙선 침범,교차로,교차로부근
8540,2013-05-28 23,야간,화,1,1,0,0,0,경북,경주시,차대사람,횡단중,횡단중,안전운전 의무 불이행,교차로,교차로부근
8541,2013-05-25 23,야간,토,1,1,0,0,0,경기,수원시,차대사람,횡단중,횡단중,신호위반,단일로,횡단보도상
8542,2013-05-29 03,야간,수,1,5,4,0,0,경북,경주시,차대차,기타,기타,중앙선 침범,교차로,교차로부근
8543,2013-07-12 10,주간,금,1,1,0,0,0,전남,순천시,차대차,측면충돌,측면충돌,신호위반,교차로,교차로내
8544,2013-10-01 12,주간,화,1,2,1,0,0,경남,진주시,차대차,기타,기타,중앙선 침범,교차로,교차로부근
8545,2013-10-17 18,야간,목,1,1,0,0,0,경기,포천시,차대사람,기타,기타,안전운전 의무 불이행,단일로,기타단일로
8546,2013-05-26 06,주간,일,1,2,0,1,0,전북,군산시,차대차,측면충돌,측면충돌,신호위반,교차로,교차로내
8547,2013-10-18 23,야간,금,1,1,0,0,0,경기,포천시,차대사람,횡단중,횡단중,안전운전 의무 불이행,단일로,기타단일로
8548,2013-09-04 05,야간,수,1,1,0,0,0,대전,중구,차대사람,횡단중,횡단중,안전운전 의무 불이행,단일로,기타단일로
8549,2013-06-04 03,야간,화,1,1,0,0,0,인천,남구,차대차,추돌,주정차중 추돌,안전운전 의무 불이행,단일로,기타단일로
8550,2013-08-11 08,주간,일,1,1,0,0,0,부산,동래구,차대차,추돌,진행중 추돌,안전거리 미확보,교차로,교차로부근
8551,2013-06-20 21,야간,목,1,1,0,0,0,서울,용산구,차량단독,공작물충돌,공작물충돌,기타,단일로,기타단일로
8552,2013-04-01 15,주간,월,1,1,0,0,0,대전,유성구,차대사람,횡단중,횡단중,안전운전 의무 불이행,단일로,기타단일로
8553,2013-09-26 17,주간,목,1,1,0,0,0,제주,서귀포시,차대사람,횡단중,횡단중,보행자 보호의무 위반,단일로,기타단일로
8554,2013-09-30 21,야간,월,1,1,0,0,0,광주,남구,차대사람,길가장자리구역통행중,길가장자리구역통행중,안전운전 의무 불이행,기타/불명,기타/불명
8555,2013-05-30 19,야간,목,1,1,0,0,0,경북,경주시,차대차,추돌,진행중 추돌,안전운전 의무 불이행,단일로,기타단일로
8556,2013-09-12 14,주간,목,1,1,0,0,0,인천,연수구,차대차,기타,기타,안전운전 의무 불이행,단일로,기타단일로
8557,2013-07-15 11,주간,월,1,1,0,0,0,전남,순천시,차대차,기타,기타,안전운전 의무 불이행,교차로,교차로내
8558,2013-11-02 17,주간,토,1,1,0,0,0,경남,창원시(통합),차대차,추돌,진행중 추돌,안전운전 의무 불이행,교차로,교차로부근
8559,2013-06-01 08,주간,토,1,1,0,0,0,경기,파주시,차대사람,횡단중,횡단중,안전운전 의무 불이행,단일로,횡단보도부근
8560,2013-11-22 18,야간,금,1,1,0,0,0,경남,창원시(통합),차대차,측면충돌,측면충돌,안전운전 의무 불이행,단일로,기타단일로
8561,2013-08-13 04,야간,화,1,1,0,0,0,부산,동래구,차대사람,차도통행중,차도통행중,안전운전 의무 불이행,단일로,횡단보도부근
8562,2013-09-11 05,야간,수,1,1,0,0,0,부산,북구,차대차,측면충돌,측면충돌,기타,단일로,횡단보도상
8563,2013-10-05 21,야간,토,1,1,0,0,0,경남,진주시,차대차,기타,기타,안전거리 미확보,단일로,기타단일로
8564,2013-09-28 12,주간,토,1,1,0,0,0,경기,안성시,차대차,측면충돌,측면충돌,기타,교차로,교차로내
8565,2013-12-09 23,야간,월,1,1,0,0,0,인천,중구,차대사람,기타,기타,안전운전 의무 불이행,교차로,교차로내
8566,2013-05-15 03,야간,수,1,1,0,0,0,경기,남양주시,차대사람,횡단중,횡단중,안전운전 의무 불이행,교차로,교차로부근
8567,2013-07-22 20,야간,월,1,1,0,0,0,경남,김해시,차대사람,횡단중,횡단중,안전운전 의무 불이행,단일로,횡단보도상
8568,2013-11-26 13,주간,화,1,1,0,0,0,경남,창원시(통합),차대사람,차도통행중,차도통행중,안전운전 의무 불이행,단일로,기타단일로
8569,2013-11-05 05,야간,화,1,1,0,0,0,충남,아산시,차대차,추돌,주정차중 추돌,안전운전 의무 불이행,기타/불명,기타/불명
8570,2013-07-08 03,야간,월,1,2,0,1,0,울산,중구,차량단독,공작물충돌,공작물충돌,안전운전 의무 불이행,단일로,기타단일로
8571,2013-04-28 00,야간,일,1,1,0,0,0,광주,서구,차대사람,기타,기타,안전운전 의무 불이행,교차로,교차로부근
8572,2013-11-21 23,야간,목,1,1,0,0,0,울산,동구,차대차,기타,기타,신호위반,교차로,교차로내
8573,2013-06-11 15,주간,화,1,1,0,0,0,울산,남구,차대사람,횡단중,횡단중,안전운전 의무 불이행,교차로,교차로부근
8574,2013-05-24 14,주간,금,1,1,0,0,0,경기,용인시,차대차,측면충돌,측면충돌,신호위반,교차로,교차로내
8575,2013-09-29 07,주간,일,3,5,2,0,0,제주,서귀포시,차대차,측면충돌,측면충돌,안전운전 의무 불이행,교차로,교차로내
8576,2013-11-19 18,야간,화,1,2,0,1,0,전남,광양시,차대차,추돌,주정차중 추돌,안전운전 의무 불이행,단일로,기타단일로
8577,2013-11-01 08,주간,금,1,1,0,0,0,충남,당진시,차량단독,도로이탈,도로이탈 기타,안전운전 의무 불이행,교차로,교차로부근
8578,2013-09-27 22,야간,금,1,1,0,0,0,서울,서초구,차량단독,기타,기타,안전운전 의무 불이행,단일로,기타단일로
8579,2013-06-28 08,주간,금,1,10,2,6,1,서울,강서구,차대차,측면충돌,측면충돌,안전거리 미확보,단일로,기타단일로
8580,2013-04-20 03,야간,토,3,4,1,0,0,경북,구미시,차량단독,공작물충돌,공작물충돌,안전운전 의무 불이행,단일로,기타단일로
8581,2013-04-18 05,야간,목,1,1,0,0,0,대구,북구,차대사람,기타,기타,안전운전 의무 불이행,단일로,횡단보도부근
8582,2013-09-30 12,주간,월,1,1,0,0,0,경기,안성시,차대사람,횡단중,횡단중,보행자 보호의무 위반,교차로,교차로부근
8583,2013-06-01 15,주간,토,1,1,0,0,0,경북,경주시,차대차,기타,기타,안전운전 의무 불이행,단일로,기타단일로
8584,2013-09-30 23,야간,월,1,1,0,0,0,충남,천안시,차대차,추돌,진행중 추돌,안전운전 의무 불이행,단일로,기타단일로
8585,2013-11-29 10,주간,금,1,1,0,0,0,경남,통영시,차량단독,기타,기타,안전운전 의무 불이행,단일로,기타단일로
8586,2013-07-14 06,주간,일,1,2,1,0,0,충북,청원군,차량단독,공작물충돌,공작물충돌,안전운전 의무 불이행,교차로,교차로부근
8587,2013-10-10 18,야간,목,1,1,0,0,0,경남,진주시,차대사람,차도통행중,차도통행중,안전운전 의무 불이행,단일로,기타단일로
8588,2013-10-01 19,야간,화,1,1,0,0,0,경기,안성시,차대사람,기타,기타,안전운전 의무 불이행,단일로,기타단일로
8589,2013-10-04 08,주간,금,1,1,0,0,0,울산,울주군,차대사람,횡단중,횡단중,안전운전 의무 불이행,교차로,교차로내
8590,2013-09-03 16,주간,화,1,1,0,0,0,경기,용인시,차대사람,횡단중,횡단중,중앙선 침범,단일로,횡단보도상
8591,2013-10-11 00,야간,금,1,1,0,0,0,서울,구로구,차대사람,기타,기타,안전운전 의무 불이행,교차로,교차로내
8592,2013-08-05 17,주간,월,1,4,0,3,0,경기,성남시,차대사람,기타,기타,기타,단일로,기타단일로
8593,2013-06-03 10,주간,월,1,4,1,2,0,경북,경주시,차대차,기타,기타,안전운전 의무 불이행,기타/불명,기타/불명
8594,2013-07-26 14,주간,금,1,2,0,1,0,경북,포항시,차대차,측면충돌,측면충돌,안전운전 의무 불이행,교차로,교차로부근
8595,2013-10-27 13,주간,일,1,1,0,0,0,경기,포천시,차량단독,공작물충돌,공작물충돌,안전운전 의무 불이행,단일로,기타단일로
8596,2013-07-07 19,야간,일,1,1,0,0,0,전남,여수시,차대사람,기타,기타,안전운전 의무 불이행,단일로,기타단일로
8597,2013-10-05 17,주간,토,1,2,1,0,0,울산,울주군,차량단독,공작물충돌,공작물충돌,안전운전 의무 불이행,단일로,기타단일로
8598,2013-09-14 19,야간,토,1,1,0,0,0,충북,충주시,차대사람,기타,기타,보행자 보호의무 위반,단일로,기타단일로
8599,2013-06-07 14,주간,금,1,1,0,0,0,서울,동대문구,차대사람,기타,기타,안전운전 의무 불이행,교차로,교차로부근
8600,2013-07-28 03,야간,일,1,1,0,0,0,부산,사상구,차대사람,횡단중,횡단중,안전운전 의무 불이행,단일로,기타단일로
8601,2013-11-25 00,야간,월,1,1,0,0,0,경남,창원시(통합),차량단독,공작물충돌,공작물충돌,안전운전 의무 불이행,단일로,기타단일로
8602,2013-11-09 22,야간,토,1,1,0,0,0,충남,아산시,차량단독,공작물충돌,공작물충돌,안전운전 의무 불이행,단일로,교량위
8603,2013-11-08 23,야간,금,1,2,1,0,0,경남,김해시,차량단독,도로이탈,도로이탈 기타,안전운전 의무 불이행,교차로,교차로내
8604,2013-12-23 13,주간,월,1,1,0,0,0,서울,중구,차대사람,기타,기타,안전운전 의무 불이행,단일로,기타단일로
8605,2013-08-03 06,주간,토,1,2,1,0,0,경기,안산시,차대차,측면충돌,측면충돌,신호위반,교차로,교차로내
8606,2013-10-02 07,주간,수,1,1,0,0,0,충남,천안시,차대사람,횡단중,횡단중,보행자 보호의무 위반,단일로,기타단일로
8607,2013-08-11 07,주간,일,1,1,0,0,0,충북,청주시,차대차,기타,기타,신호위반,교차로,교차로내
8608,2013-06-21 02,야간,금,1,1,0,0,0,경북,경산시,차량단독,전도전복,전도전복,안전운전 의무 불이행,교차로,교차로내
8609,2013-06-15 08,주간,토,1,1,0,0,0,울산,남구,차대사람,기타,기타,보행자 보호의무 위반,단일로,횡단보도상
8610,2013-12-25 04,야간,수,1,1,0,0,0,서울,중구,차대차,기타,기타,안전거리 미확보,교차로,교차로내
8611,2013-12-09 01,야간,월,1,1,0,0,0,경남,창원시(통합),차량단독,공작물충돌,공작물충돌,안전운전 의무 불이행,단일로,기타단일로
8612,2013-04-21 00,야간,일,1,1,0,0,0,경기,수원시,차대사람,횡단중,횡단중,신호위반,교차로,교차로내
8613,2013-07-03 17,주간,수,1,2,1,0,0,경기,김포시,차대차,측면충돌,측면충돌,과속,교차로,교차로내
8614,2013-06-11 17,주간,화,2,3,0,1,0,인천,남구,차대차,정면충돌,정면충돌,중앙선 침범,단일로,기타단일로
8615,2013-06-30 10,주간,일,1,1,0,0,0,서울,중랑구,차대사람,기타,기타,안전운전 의무 불이행,단일로,기타단일로
8616,2013-06-27 22,야간,목,1,2,1,0,0,경기,고양시,차대사람,보도통행중,보도통행중,안전운전 의무 불이행,단일로,기타단일로
8617,2013-08-21 23,야간,수,1,1,0,0,0,부산,동래구,차량단독,전도전복,전도전복,안전운전 의무 불이행,단일로,기타단일로
8618,2013-12-20 05,야간,금,1,1,0,0,0,인천,중구,차량단독,전도전복,전도전복,안전운전 의무 불이행,교차로,교차로부근
8619,2013-08-30 08,주간,금,1,1,0,0,0,충남,태안군,차대사람,길가장자리구역통행중,길가장자리구역통행중,안전운전 의무 불이행,단일로,기타단일로
8620,2013-10-10 18,야간,목,1,1,0,0,0,광주,남구,차대사람,횡단중,횡단중,안전운전 의무 불이행,교차로,교차로부근
8621,2013-04-27 04,야간,토,1,1,0,0,0,경기,고양시,차량단독,공작물충돌,공작물충돌,안전운전 의무 불이행,단일로,기타단일로