교통사고이력ID(사고기록 순서),발생년월일시,주야코드,요일코드,사망자수,부상자수,중상자수,경상자수,부상신고자수,발생지시도코드,발생지시도코드,사고유형대분류코드,사고유형중분류코드,사고유형코드,법규위반코드,도로형태대분류코드,도로로형태코드
8622,2013-11-01 10,주간,금,1,1,0,0,0,경기,포천시,차량단독,전도전복,전도전복,안전운전 의무 불이행,단일로,기타단일로
8623,2013-07-04 10,주간,목,1,1,0,0,0,경기,김포시,차대사람,기타,기타,안전운전 의무 불이행,단일로,기타단일로
8624,2013-07-29 03,야간,월,1,1,0,0,0,서울,강동구,차량단독,공작물충돌,공작물충돌,안전운전 의무 불이행,단일로,기타단일로
8625,2013-07-08 18,야간,월,1,1,0,0,0,전남,신안군,차량단독,기타,기타,안전운전 의무 불이행,단일로,기타단일로
8626,2013-06-18 21,야간,화,2,2,0,0,0,인천,서구,차량단독,공작물충돌,공작물충돌,안전운전 의무 불이행,단일로,기타단일로
8627,2013-08-03 21,야간,토,1,1,0,0,0,경북,포항시,차대사람,기타,기타,안전운전 의무 불이행,단일로,기타단일로
8628,2013-05-31 12,주간,금,1,1,0,0,0,전북,전주시,차대사람,횡단중,횡단중,보행자 보호의무 위반,교차로,교차로내
8629,2013-11-14 06,주간,목,1,1,0,0,0,충남,아산시,차대사람,횡단중,횡단중,안전운전 의무 불이행,단일로,기타단일로
8630,2013-07-04 23,야간,목,1,1,0,0,0,경기,김포시,차대사람,차도통행중,차도통행중,안전운전 의무 불이행,단일로,기타단일로
8631,2013-07-29 22,야간,월,1,1,0,0,0,부산,사하구,차대사람,횡단중,횡단중,안전운전 의무 불이행,단일로,기타단일로
8632,2013-07-22 06,주간,월,2,3,1,0,0,경남,양산시,차량단독,공작물충돌,공작물충돌,안전운전 의무 불이행,단일로,기타단일로
8633,2013-09-20 05,야간,금,1,1,0,0,0,부산,북구,차대차,추돌,주정차중 추돌,안전운전 의무 불이행,단일로,기타단일로
8634,2013-06-24 05,야간,월,1,1,0,0,0,경북,경산시,차량단독,공작물충돌,공작물충돌,안전운전 의무 불이행,교차로,교차로내
8635,2013-05-04 07,주간,토,1,2,1,0,0,인천,남동구,차량단독,공작물충돌,공작물충돌,안전운전 의무 불이행,단일로,기타단일로
8636,2013-08-10 05,야간,토,1,1,0,0,0,부산,수영구,차대사람,횡단중,횡단중,신호위반,단일로,기타단일로
8637,2013-11-04 08,주간,월,1,1,0,0,0,경기,포천시,차량단독,공작물충돌,공작물충돌,안전운전 의무 불이행,단일로,기타단일로
8638,2013-08-22 02,야간,목,1,1,0,0,0,충남,서산시,차량단독,전도전복,전도전복,안전운전 의무 불이행,교차로,교차로내
8639,2013-05-19 14,주간,일,1,1,0,0,0,광주,광산구,차대사람,횡단중,횡단중,안전운전 의무 불이행,단일로,기타단일로
8640,2013-06-17 22,야간,월,1,1,0,0,0,울산,남구,차대사람,횡단중,횡단중,안전운전 의무 불이행,단일로,기타단일로
8641,2013-10-11 07,주간,금,1,1,0,0,0,제주,서귀포시,차량단독,공작물충돌,공작물충돌,안전운전 의무 불이행,단일로,기타단일로
8642,2013-09-09 02,야간,월,1,1,0,0,0,대구,남구,차대사람,기타,기타,안전운전 의무 불이행,교차로,교차로부근
8643,2013-11-30 10,주간,토,1,1,0,0,0,경기,군포시,차대사람,횡단중,횡단중,보행자 보호의무 위반,단일로,횡단보도상
8644,2013-12-19 05,야간,목,1,1,0,0,0,대구,북구,차대차,측면충돌,측면충돌,안전운전 의무 불이행,교차로,교차로부근
8645,2013-07-18 09,주간,목,1,1,0,0,0,부산,해운대구,차대사람,기타,기타,안전운전 의무 불이행,단일로,기타단일로
8646,2013-08-09 20,야간,금,1,1,0,0,0,경기,안산시,차대차,추돌,주정차중 추돌,안전운전 의무 불이행,단일로,기타단일로
8647,2013-10-15 05,야간,화,1,1,0,0,0,경기,양주시,차대차,측면충돌,측면충돌,기타,단일로,기타단일로
8648,2013-09-16 21,야간,월,1,1,0,0,0,대전,중구,차대차,측면충돌,측면충돌,중앙선 침범,단일로,기타단일로
8649,2013-12-05 17,주간,목,1,1,0,0,0,전남,광양시,차대차,측면충돌,측면충돌,교차로 통행방법 위반,교차로,교차로내
8650,2013-10-26 13,주간,토,1,1,0,0,0,경북,안동시,차대차,기타,기타,안전운전 의무 불이행,교차로,교차로부근
8651,2013-08-24 09,주간,토,1,1,0,0,0,강원,강릉시,차대차,측면충돌,측면충돌,중앙선 침범,단일로,기타단일로
8652,2013-10-12 02,야간,토,1,1,0,0,0,서울,동작구,차대사람,기타,기타,안전운전 의무 불이행,단일로,기타단일로
8653,2013-11-19 14,주간,화,1,1,0,0,0,경남,창원시(통합),차량단독,전도전복,전도전복,안전운전 의무 불이행,단일로,기타단일로
8654,2013-12-06 23,야간,금,1,2,1,0,0,울산,동구,차대차,기타,기타,신호위반,교차로,교차로내
8655,2013-07-07 21,야간,일,1,9,5,3,0,제주,제주시,차대차,측면충돌,측면충돌,신호위반,교차로,교차로내
8656,2013-09-27 04,야간,금,1,1,0,0,0,인천,연수구,차량단독,기타,기타,안전운전 의무 불이행,단일로,기타단일로
8657,2013-06-27 22,야간,목,1,1,0,0,0,충남,천안시,차대차,기타,기타,신호위반,교차로,교차로내
8658,2013-12-23 04,야간,월,1,1,0,0,0,대구,달성군,차량단독,도로이탈,도로이탈 추락,안전운전 의무 불이행,단일로,기타단일로
8659,2013-05-31 03,야간,금,1,1,0,0,0,부산,수영구,차대사람,차도통행중,차도통행중,안전운전 의무 불이행,단일로,기타단일로
8660,2013-11-08 13,주간,금,1,1,0,0,0,서울,서대문구,차대사람,횡단중,횡단중,안전운전 의무 불이행,단일로,횡단보도상
8661,2013-07-18 01,야간,목,1,1,0,0,0,서울,마포구,차대사람,기타,기타,안전운전 의무 불이행,교차로,교차로부근
8662,2013-06-10 05,야간,월,1,2,0,1,0,경기,의정부시,차대차,추돌,진행중 추돌,교차로 통행방법 위반,교차로,교차로내
8663,2013-07-02 00,야간,화,1,1,0,0,0,경기,고양시,차량단독,전도전복,전도전복,안전운전 의무 불이행,단일로,기타단일로
8664,2013-08-03 09,주간,토,1,1,0,0,0,경북,포항시,차대차,측면충돌,측면충돌,교차로 통행방법 위반,교차로,교차로내
8665,2013-07-12 04,야간,금,1,1,0,0,0,경기,광명시,차량단독,기타,기타,안전운전 의무 불이행,단일로,기타단일로
8666,2013-09-26 19,야간,목,1,2,0,1,0,경기,이천시,차대사람,횡단중,횡단중,안전운전 의무 불이행,단일로,기타단일로
8667,2013-10-22 06,주간,화,1,1,0,0,0,대전,동구,차대사람,차도통행중,차도통행중,안전운전 의무 불이행,단일로,기타단일로
8668,2013-07-02 04,야간,화,1,1,0,0,0,서울,용산구,차대사람,기타,기타,중앙선 침범,단일로,기타단일로
8669,2013-07-15 00,야간,월,1,1,0,0,0,전남,목포시,차대사람,횡단중,횡단중,안전운전 의무 불이행,단일로,기타단일로
8670,2013-06-10 12,주간,월,1,1,0,0,0,경북,경주시,차대차,측면충돌,측면충돌,안전운전 의무 불이행,단일로,기타단일로
8671,2013-06-01 17,주간,토,1,1,0,0,0,강원,원주시,차대차,측면충돌,측면충돌,안전운전 의무 불이행,교차로,교차로부근
8672,2013-11-22 06,주간,금,1,1,0,0,0,충남,당진시,차대차,추돌,주정차중 추돌,안전운전 의무 불이행,단일로,기타단일로
8673,2013-06-14 21,야간,금,1,1,0,0,0,서울,동대문구,차대사람,기타,기타,안전운전 의무 불이행,교차로,교차로내
8674,2013-07-18 03,야간,목,1,1,0,0,0,울산,중구,차량단독,공작물충돌,공작물충돌,안전운전 의무 불이행,교차로,교차로내
8675,2013-10-21 12,주간,월,1,1,0,0,0,경남,창원시(통합),차대사람,기타,기타,안전운전 의무 불이행,교차로,교차로내
8676,2013-06-08 08,주간,토,1,1,0,0,0,전북,군산시,차대차,추돌,진행중 추돌,안전운전 의무 불이행,단일로,기타단일로
8677,2013-10-28 21,야간,월,1,1,0,0,0,경북,안동시,차대사람,횡단중,횡단중,안전운전 의무 불이행,기타/불명,기타/불명
8678,2013-07-16 15,주간,화,1,1,0,0,0,전남,여수시,차대사람,횡단중,횡단중,안전운전 의무 불이행,교차로,교차로내
8679,2013-07-22 20,야간,월,1,1,0,0,0,경기,화성시,차대사람,기타,기타,안전운전 의무 불이행,기타/불명,기타/불명
8680,2013-12-29 05,야간,일,2,2,0,0,0,대구,달성군,차량단독,기타,기타,안전운전 의무 불이행,단일로,기타단일로
8681,2013-05-04 04,야간,토,1,2,1,0,0,대구,수성구,차대차,추돌,진행중 추돌,안전운전 의무 불이행,단일로,기타단일로
8682,2013-12-29 11,주간,일,1,3,1,1,0,대구,달성군,차대차,추돌,주정차중 추돌,안전운전 의무 불이행,단일로,기타단일로
8683,2013-09-27 11,주간,금,1,1,0,0,0,충북,충주시,차량단독,공작물충돌,공작물충돌,안전운전 의무 불이행,단일로,교량위
8684,2013-04-20 00,야간,토,1,1,0,0,0,경기,평택시,차대사람,횡단중,횡단중,안전운전 의무 불이행,단일로,기타단일로
8685,2013-08-07 02,야간,수,2,2,0,0,0,경남,거제시,차량단독,공작물충돌,공작물충돌,안전운전 의무 불이행,단일로,기타단일로
8686,2013-11-25 02,야간,월,1,1,0,0,0,충남,당진시,차량단독,공작물충돌,공작물충돌,안전운전 의무 불이행,단일로,기타단일로
8687,2013-06-05 01,야간,수,1,1,0,0,0,경기,용인시,차대사람,횡단중,횡단중,안전운전 의무 불이행,단일로,기타단일로
8688,2013-10-28 19,야간,월,1,1,0,0,0,경남,진주시,차대사람,차도통행중,차도통행중,안전운전 의무 불이행,단일로,기타단일로
8689,2013-08-23 15,주간,금,1,1,0,0,0,서울,강남구,차대차,기타,기타,안전운전 의무 불이행,교차로,교차로내
8690,2013-07-20 02,야간,토,1,1,0,0,0,서울,마포구,차대차,기타,기타,안전운전 의무 불이행,교차로,교차로부근
8691,2013-06-12 02,야간,수,1,1,0,0,0,경북,경주시,차대사람,기타,기타,안전운전 의무 불이행,단일로,기타단일로
8692,2013-09-29 08,주간,일,4,4,0,0,0,충북,충주시,차량단독,공작물충돌,공작물충돌,안전운전 의무 불이행,단일로,기타단일로
8693,2013-07-28 22,야간,일,1,4,2,1,0,전남,순천시,차대차,기타,기타,안전운전 의무 불이행,단일로,기타단일로
8694,2013-06-21 19,야간,금,1,1,0,0,0,울산,남구,차대사람,기타,기타,안전운전 의무 불이행,단일로,기타단일로
8695,2013-11-13 19,야간,수,1,1,0,0,0,경기,포천시,차대차,기타,기타,안전운전 의무 불이행,단일로,기타단일로
8696,2013-11-28 18,야간,목,1,1,0,0,0,충남,아산시,차대사람,횡단중,횡단중,안전운전 의무 불이행,기타/불명,기타/불명
8697,2013-10-18 18,야간,금,1,1,0,0,0,서울,동작구,차대사람,횡단중,횡단중,안전운전 의무 불이행,교차로,교차로내
8698,2013-10-25 15,주간,금,1,1,0,0,0,대전,동구,차대사람,횡단중,횡단중,안전운전 의무 불이행,단일로,기타단일로
8699,2013-08-23 21,야간,금,1,1,0,0,0,충북,청원군,차대차,추돌,주정차중 추돌,안전운전 의무 불이행,교차로,교차로부근
8700,2013-07-06 06,주간,토,1,1,0,0,0,대구,서구,차대사람,횡단중,횡단중,과속,단일로,기타단일로
8701,2013-08-31 13,주간,토,1,1,0,0,0,강원,강릉시,차량단독,공작물충돌,공작물충돌,안전운전 의무 불이행,단일로,기타단일로
8702,2013-05-13 23,야간,월,1,1,0,0,0,경기,시흥시,차대사람,횡단중,횡단중,과속,교차로,교차로내
8703,2013-07-24 21,야간,수,1,1,0,0,0,경기,화성시,차대차,기타,기타,안전운전 의무 불이행,단일로,기타단일로
8704,2013-11-26 19,야간,화,1,2,1,0,0,충남,당진시,차대차,정면충돌,정면충돌,중앙선 침범,기타/불명,기타/불명
8705,2013-08-28 00,야간,수,1,1,0,0,0,부산,금정구,차대사람,횡단중,횡단중,안전운전 의무 불이행,단일로,횡단보도상
8706,2013-11-26 18,야간,화,1,1,0,0,0,충남,당진시,차대사람,길가장자리구역통행중,길가장자리구역통행중,안전운전 의무 불이행,단일로,기타단일로
8707,2013-10-04 02,야간,금,1,1,0,0,0,인천,연수구,차량단독,공작물충돌,공작물충돌,안전운전 의무 불이행,교차로,교차로내
8708,2013-10-01 17,주간,화,1,1,0,0,0,경기,이천시,차대차,측면충돌,측면충돌,신호위반,교차로,교차로내
8709,2013-07-07 02,야간,일,1,1,0,0,0,대구,서구,차대사람,기타,기타,안전운전 의무 불이행,단일로,기타단일로
8710,2013-11-02 06,주간,토,1,3,0,2,0,경북,안동시,차대차,추돌,진행중 추돌,안전운전 의무 불이행,단일로,기타단일로
8711,2013-08-10 22,야간,토,1,1,0,0,0,경남,거제시,차대사람,횡단중,횡단중,보행자 보호의무 위반,단일로,횡단보도부근
8712,2013-10-21 18,야간,월,1,2,1,0,0,울산,울주군,차대차,기타,기타,안전운전 의무 불이행,단일로,기타단일로
8713,2013-06-07 00,야간,금,1,1,0,0,0,경기,안산시,차대사람,횡단중,횡단중,안전운전 의무 불이행,단일로,기타단일로
8714,2013-07-17 16,주간,수,1,1,0,0,0,전남,목포시,차대사람,기타,기타,안전운전 의무 불이행,단일로,기타단일로
8715,2013-06-11 01,야간,화,1,1,0,0,0,전북,군산시,차량단독,공작물충돌,공작물충돌,안전운전 의무 불이행,단일로,기타단일로
8716,2013-12-12 14,주간,목,1,1,0,0,0,경남,창원시(통합),차대사람,보도통행중,보도통행중,보행자 보호의무 위반,교차로,교차로부근
8717,2013-10-20 01,야간,일,1,1,0,0,0,경기,안성시,차량단독,공작물충돌,공작물충돌,안전운전 의무 불이행,교차로,교차로내
8718,2013-07-21 05,야간,일,1,1,0,0,0,전남,여수시,차량단독,전도전복,전도전복,교차로 통행방법 위반,교차로,교차로내
8719,2013-07-31 01,야간,수,1,1,0,0,0,충북,청원군,차량단독,공작물충돌,공작물충돌,안전운전 의무 불이행,교차로,교차로내
8720,2013-06-09 01,야간,일,1,3,0,2,0,전북,전주시,차대사람,횡단중,횡단중,과속,단일로,기타단일로
8721,2013-06-07 20,야간,금,1,1,0,0,0,경기,용인시,차대차,정면충돌,정면충돌,중앙선 침범,단일로,기타단일로
8722,2013-06-25 03,야간,화,1,1,0,0,0,울산,남구,차대차,측면충돌,측면충돌,신호위반,교차로,교차로내
8723,2013-08-12 19,야간,월,1,1,0,0,0,경북,포항시,차대사람,횡단중,횡단중,중앙선 침범,교차로,교차로부근
8724,2013-07-22 00,야간,월,1,1,0,0,0,전남,여수시,차대사람,기타,기타,안전운전 의무 불이행,단일로,기타단일로
8725,2013-10-25 18,야간,금,1,1,0,0,0,경기,양주시,차대사람,기타,기타,안전운전 의무 불이행,단일로,기타단일로
8726,2013-06-08 01,야간,토,1,1,0,0,0,경기,안산시,차량단독,공작물충돌,공작물충돌,안전운전 의무 불이행,단일로,기타단일로
8727,2013-10-20 22,야간,일,1,1,0,0,0,경기,안성시,차량단독,기타,기타,안전운전 의무 불이행,단일로,기타단일로
8728,2013-10-23 17,주간,수,1,1,0,0,0,인천,부평구,차량단독,기타,기타,기타,단일로,기타단일로
8729,2013-06-02 04,야간,일,1,1,0,0,0,대구,달서구,차대사람,횡단중,횡단중,신호위반,단일로,기타단일로
8730,2013-07-07 06,주간,일,1,2,1,0,0,서울,용산구,차량단독,공작물충돌,공작물충돌,과속,단일로,고가도로위
8731,2013-08-26 17,주간,월,1,2,0,1,0,충북,청주시,차량단독,도로이탈,도로이탈 추락,안전운전 의무 불이행,단일로,기타단일로
8732,2013-12-06 05,야간,금,1,1,0,0,0,충남,아산시,차대사람,횡단중,횡단중,보행자 보호의무 위반,단일로,기타단일로
8733,2013-10-24 06,주간,목,1,1,0,0,0,울산,울주군,차대사람,횡단중,횡단중,안전운전 의무 불이행,교차로,교차로부근
8734,2013-09-05 13,주간,목,1,1,0,0,0,강원,강릉시,차대차,추돌,진행중 추돌,안전운전 의무 불이행,단일로,기타단일로
8735,2013-08-12 12,주간,월,1,2,0,1,0,서울,노원구,차대차,측면충돌,측면충돌,신호위반,교차로,교차로부근
8736,2013-06-10 13,주간,월,1,1,0,0,0,전북,전주시,차대사람,횡단중,횡단중,안전운전 의무 불이행,단일로,기타단일로
8737,2013-12-18 05,야간,수,1,1,0,0,0,전남,광양시,차대차,추돌,진행중 추돌,안전운전 의무 불이행,교차로,교차로부근
8738,2013-08-10 11,주간,토,1,1,0,0,0,경북,포항시,차대차,추돌,주정차중 추돌,안전운전 의무 불이행,단일로,기타단일로
8739,2013-06-20 17,주간,목,1,1,0,0,0,인천,남구,차대차,기타,기타,신호위반,기타/불명,기타/불명
8740,2013-10-22 17,주간,화,1,2,1,0,0,제주,서귀포시,차대사람,횡단중,횡단중,보행자 보호의무 위반,교차로,교차로부근
8741,2013-09-05 05,야간,목,1,1,0,0,0,경기,수원시,차대사람,횡단중,횡단중,안전운전 의무 불이행,단일로,기타단일로
8742,2013-12-06 02,야간,금,1,1,0,0,0,서울,금천구,차량단독,전도전복,전도전복,안전운전 의무 불이행,단일로,기타단일로
8743,2013-07-29 19,야간,월,1,4,1,2,0,경기,안양시,차대차,측면충돌,측면충돌,신호위반,교차로,교차로내
8744,2013-07-03 00,야간,수,1,1,0,0,0,경북,경산시,차대차,기타,기타,안전운전 의무 불이행,단일로,기타단일로
8745,2013-10-28 17,주간,월,2,4,0,2,0,경기,양주시,차대차,정면충돌,정면충돌,중앙선 침범,단일로,기타단일로
8746,2013-09-08 16,주간,일,1,1,0,0,0,부산,동래구,차대사람,횡단중,횡단중,안전운전 의무 불이행,단일로,기타단일로
8747,2013-07-19 17,주간,금,1,1,0,0,0,경기,광명시,차대차,측면충돌,측면충돌,안전거리 미확보,단일로,기타단일로
8748,2013-11-08 15,주간,금,1,1,0,0,0,경남,진주시,차대사람,횡단중,횡단중,안전운전 의무 불이행,교차로,교차로부근
8749,2013-04-13 22,야간,토,1,1,0,0,0,대전,서구,차량단독,공작물충돌,공작물충돌,안전운전 의무 불이행,단일로,기타단일로
8750,2013-07-18 16,주간,목,1,1,0,0,0,서울,강서구,차대사람,차도통행중,차도통행중,안전운전 의무 불이행,교차로,교차로부근
8751,2013-12-05 18,야간,목,1,1,0,0,0,충남,당진시,차대사람,횡단중,횡단중,보행자 보호의무 위반,교차로,교차로부근
8752,2013-12-05 05,야간,목,1,1,0,0,0,경남,창원시(통합),차대사람,횡단중,횡단중,안전운전 의무 불이행,교차로,교차로내
8753,2013-12-02 09,주간,월,1,2,0,1,0,경남,김해시,차대사람,횡단중,횡단중,안전운전 의무 불이행,단일로,기타단일로
8754,2013-07-03 14,주간,수,1,1,0,0,0,경북,경산시,차대사람,기타,기타,안전운전 의무 불이행,단일로,기타단일로
8755,2013-07-30 21,야간,화,1,1,0,0,0,강원,춘천시,차대사람,횡단중,횡단중,보행자 보호의무 위반,단일로,횡단보도상
8756,2013-06-20 09,주간,목,1,3,2,0,0,경기,파주시,차대차,기타,기타,중앙선 침범,단일로,기타단일로
8757,2013-10-30 01,야간,수,1,2,1,0,0,경기,양주시,차대사람,기타,기타,안전운전 의무 불이행,교차로,교차로부근
8758,2013-07-30 18,야간,화,1,1,0,0,0,경기,화성시,차대차,측면충돌,측면충돌,안전운전 의무 불이행,단일로,터널안
8759,2013-07-02 07,주간,화,1,1,0,0,0,인천,서구,차대사람,기타,기타,안전운전 의무 불이행,교차로,교차로내
8760,2013-07-23 20,야간,화,1,1,0,0,0,울산,북구,차대차,기타,기타,안전거리 미확보,교차로,교차로부근
8761,2013-11-10 13,주간,일,1,2,1,0,0,경남,진주시,차대차,정면충돌,정면충돌,중앙선 침범,교차로,교차로내
8762,2013-04-15 03,야간,월,1,1,0,0,0,대전,서구,차량단독,공작물충돌,공작물충돌,안전운전 의무 불이행,교차로,교차로내
8763,2013-09-28 01,야간,토,1,1,0,0,0,대전,중구,차대사람,기타,기타,안전운전 의무 불이행,교차로,교차로부근
8764,2013-07-23 19,야간,화,1,1,0,0,0,전남,목포시,차대차,측면충돌,측면충돌,신호위반,교차로,교차로내
8765,2013-10-09 05,야간,수,1,1,0,0,0,충북,충주시,차대사람,횡단중,횡단중,보행자 보호의무 위반,교차로,교차로내
8766,2013-05-10 04,야간,금,2,3,1,0,0,광주,서구,차대차,정면충돌,정면충돌,중앙선 침범,단일로,기타단일로
8767,2013-08-12 00,야간,월,1,3,0,1,1,경기,광주시,차대사람,기타,기타,안전운전 의무 불이행,기타/불명,기타/불명
8768,2013-10-25 06,주간,금,1,1,0,0,0,제주,서귀포시,차대사람,횡단중,횡단중,안전운전 의무 불이행,단일로,기타단일로
8769,2013-06-17 16,주간,월,1,1,0,0,0,경기,의정부시,차대차,기타,기타,안전운전 의무 불이행,교차로,교차로부근
8770,2013-05-10 17,주간,금,1,1,0,0,0,광주,서구,차대차,추돌,진행중 추돌,교차로 통행방법 위반,교차로,교차로내
8771,2013-12-08 06,주간,일,1,1,0,0,0,경남,창원시(통합),차대사람,차도통행중,차도통행중,안전운전 의무 불이행,단일로,기타단일로
8772,2013-12-18 19,야간,수,1,1,0,0,0,충북,제천시,차대사람,기타,기타,보행자 보호의무 위반,단일로,횡단보도상
8773,2013-10-27 07,주간,일,1,1,0,0,0,경기,안성시,차대사람,기타,기타,안전운전 의무 불이행,단일로,기타단일로
8774,2013-05-13 19,야간,월,1,1,0,0,0,전북,익산시,차대사람,횡단중,횡단중,보행자 보호의무 위반,단일로,횡단보도상
8775,2013-12-15 19,야간,일,1,1,0,0,0,충남,아산시,차대사람,횡단중,횡단중,안전운전 의무 불이행,교차로,교차로내
8776,2013-06-22 02,야간,토,1,1,0,0,0,경기,파주시,차량단독,전도전복,전도전복,안전운전 의무 불이행,교차로,교차로내
8777,2013-08-01 11,주간,목,1,1,0,0,0,경기,화성시,차량단독,공작물충돌,공작물충돌,안전운전 의무 불이행,단일로,기타단일로
8778,2013-08-30 19,야간,금,1,3,2,0,0,충북,청주시,차대차,기타,기타,안전운전 의무 불이행,교차로,교차로내
8779,2013-08-28 06,주간,수,1,1,0,0,0,경기,성남시,차량단독,공작물충돌,공작물충돌,안전운전 의무 불이행,단일로,기타단일로
8780,2013-10-10 18,야간,목,1,1,0,0,0,충북,충주시,차대사람,기타,기타,안전운전 의무 불이행,단일로,기타단일로
8781,2013-07-17 20,야간,수,1,1,0,0,0,서울,서초구,차대사람,보도통행중,보도통행중,신호위반,교차로,교차로부근
8782,2013-08-03 02,야간,토,2,2,0,0,0,경기,화성시,차량단독,공작물충돌,공작물충돌,안전운전 의무 불이행,기타/불명,기타/불명
8783,2013-10-11 18,야간,금,1,2,1,0,0,충북,충주시,차대사람,횡단중,횡단중,안전운전 의무 불이행,교차로,교차로부근
8784,2013-07-17 18,야간,수,1,3,1,1,0,제주,제주시,차대차,측면충돌,측면충돌,신호위반,교차로,교차로내
8785,2013-07-23 02,야간,화,1,1,0,0,0,서울,강서구,차대사람,기타,기타,안전운전 의무 불이행,단일로,기타단일로
8786,2013-10-27 17,주간,일,1,1,0,0,0,제주,서귀포시,차대사람,기타,기타,안전운전 의무 불이행,단일로,기타단일로
8787,2013-06-13 20,야간,목,1,1,0,0,0,전북,전주시,차대사람,횡단중,횡단중,신호위반,단일로,횡단보도부근
8788,2013-11-01 10,주간,금,1,1,0,0,0,울산,울주군,차대차,측면충돌,측면충돌,중앙선 침범,단일로,기타단일로
8789,2013-06-02 07,주간,일,1,1,0,0,0,서울,영등포구,차대차,측면충돌,측면충돌,안전운전 의무 불이행,교차로,교차로내
8790,2013-11-02 03,야간,토,1,1,0,0,0,광주,남구,차대사람,차도통행중,차도통행중,안전운전 의무 불이행,교차로,교차로부근
8791,2013-11-01 18,야간,금,1,1,0,0,0,울산,울주군,차대사람,횡단중,횡단중,신호위반,교차로,교차로부근
8792,2013-11-12 17,주간,화,1,1,0,0,0,경북,안동시,차대사람,차도통행중,차도통행중,안전운전 의무 불이행,단일로,기타단일로
8793,2013-10-16 07,주간,수,1,1,0,0,0,인천,연수구,차량단독,도로이탈,도로이탈 기타,안전운전 의무 불이행,단일로,기타단일로
8794,2013-08-19 18,야간,월,1,1,0,0,0,부산,사상구,차대사람,횡단중,횡단중,안전운전 의무 불이행,교차로,교차로내
8795,2013-09-19 13,주간,목,1,1,0,0,0,충남,서산시,차량단독,전도전복,전도전복,안전운전 의무 불이행,단일로,기타단일로
8796,2013-11-15 06,주간,금,2,2,0,0,0,경남,진주시,차량단독,공작물충돌,공작물충돌,안전운전 의무 불이행,단일로,기타단일로
8797,2013-09-19 23,야간,목,1,1,0,0,0,충남,서산시,차대사람,횡단중,횡단중,안전운전 의무 불이행,기타/불명,기타/불명
8798,2013-12-24 13,주간,화,2,2,0,0,0,경남,창원시(통합),차대차,측면충돌,측면충돌,신호위반,교차로,교차로내
8799,2013-05-13 20,야간,월,1,1,0,0,0,광주,서구,차대사람,횡단중,횡단중,안전운전 의무 불이행,단일로,기타단일로
8800,2013-10-15 08,주간,화,1,1,0,0,0,경기,이천시,차량단독,전도전복,전도전복,안전운전 의무 불이행,단일로,기타단일로
8801,2013-08-15 07,주간,목,1,1,0,0,0,경기,광주시,차대사람,기타,기타,안전운전 의무 불이행,단일로,기타단일로
8802,2013-10-30 09,주간,수,1,5,3,1,0,제주,서귀포시,차대차,측면충돌,측면충돌,안전운전 의무 불이행,교차로,교차로내
8803,2013-07-20 04,야간,토,1,2,0,0,1,서울,서초구,차대사람,보도통행중,보도통행중,과속,단일로,기타단일로
8804,2013-05-03 23,야간,금,1,1,0,0,0,경북,구미시,차대사람,보도통행중,보도통행중,안전운전 의무 불이행,단일로,기타단일로
8805,2013-08-04 16,주간,일,1,3,2,0,0,강원,춘천시,차량단독,공작물충돌,공작물충돌,안전운전 의무 불이행,단일로,기타단일로
8806,2013-11-03 20,야간,일,1,1,0,0,0,서울,동작구,차대사람,횡단중,횡단중,안전운전 의무 불이행,단일로,기타단일로
8807,2013-12-01 20,야간,일,1,1,0,0,0,경기,포천시,차대차,정면충돌,정면충돌,중앙선 침범,단일로,기타단일로
8808,2013-12-15 00,야간,일,1,1,0,0,0,충남,당진시,차대사람,횡단중,횡단중,안전운전 의무 불이행,단일로,횡단보도부근
8809,2013-07-30 22,야간,화,1,1,0,0,0,전남,여수시,차대사람,횡단중,횡단중,안전운전 의무 불이행,단일로,기타단일로
8810,2013-05-31 20,야간,금,1,1,0,0,0,광주,광산구,차대사람,횡단중,횡단중,안전운전 의무 불이행,단일로,기타단일로
8811,2013-12-14 19,야간,토,1,2,1,0,0,충남,당진시,차대사람,기타,기타,안전운전 의무 불이행,단일로,기타단일로
8812,2013-12-23 01,야간,월,1,1,0,0,0,서울,도봉구,차대사람,기타,기타,안전운전 의무 불이행,단일로,기타단일로
8813,2013-06-15 05,야간,토,1,1,0,0,0,경기,용인시,차량단독,기타,기타,안전운전 의무 불이행,단일로,기타단일로
8814,2013-06-19 06,주간,수,1,1,0,0,0,경북,경주시,차량단독,기타,기타,안전운전 의무 불이행,교차로,교차로내
8815,2013-08-09 09,주간,금,1,1,0,0,0,충북,청원군,차대차,추돌,진행중 추돌,안전운전 의무 불이행,단일로,기타단일로
8816,2013-06-26 09,주간,수,1,1,0,0,0,경기,파주시,차량단독,기타,기타,안전운전 의무 불이행,단일로,고가도로위
8817,2013-12-16 18,야간,월,1,1,0,0,0,충남,당진시,차대사람,기타,기타,안전운전 의무 불이행,기타/불명,기타/불명
8818,2013-10-07 18,야간,월,1,1,0,0,0,대전,중구,차대사람,횡단중,횡단중,과속,단일로,기타단일로
8819,2013-08-05 00,야간,월,1,1,0,0,0,강원,춘천시,차량단독,전도전복,전도전복,안전운전 의무 불이행,단일로,기타단일로
8820,2013-12-24 11,주간,화,1,1,0,0,0,서울,도봉구,차대차,측면충돌,측면충돌,신호위반,교차로,교차로내
8821,2013-11-13 17,주간,수,1,4,3,0,0,충남,천안시,차대차,기타,기타,기타,단일로,기타단일로
8822,2013-12-25 02,야간,수,1,1,0,0,0,충남,아산시,차대차,추돌,진행중 추돌,안전운전 의무 불이행,단일로,기타단일로