교통사고이력ID(사고기록 순서),발생년월일시,주야코드,요일코드,사망자수,부상자수,중상자수,경상자수,부상신고자수,발생지시도코드,발생지시도코드,사고유형대분류코드,사고유형중분류코드,사고유형코드,법규위반코드,도로형태대분류코드,도로로형태코드
8823,2013-08-22 12,주간,목,1,2,0,1,0,경남,거제시,차대차,정면충돌,정면충돌,중앙선 침범,단일로,기타단일로
8824,2013-12-24 18,야간,화,1,1,0,0,0,충남,아산시,차량단독,전도전복,전도전복,안전운전 의무 불이행,단일로,기타단일로
8825,2013-08-14 01,야간,수,1,1,0,0,0,경남,김해시,차대사람,기타,기타,안전운전 의무 불이행,단일로,기타단일로
8826,2013-06-02 03,야간,일,1,1,0,0,0,광주,광산구,차대차,정면충돌,정면충돌,중앙선 침범,교차로,교차로부근
8827,2013-07-31 09,주간,수,1,1,0,0,0,전남,순천시,차량단독,기타,기타,안전운전 의무 불이행,교차로,교차로부근
8828,2013-07-18 08,주간,목,1,1,0,0,0,대구,서구,차대사람,기타,기타,안전운전 의무 불이행,단일로,기타단일로
8829,2013-09-03 20,야간,화,1,2,0,1,0,경기,성남시,차대차,정면충돌,정면충돌,중앙선 침범,단일로,기타단일로
8830,2013-06-27 09,주간,목,1,1,0,0,0,서울,동대문구,차대차,기타,기타,교차로 통행방법 위반,교차로,교차로내
8831,2013-09-17 07,주간,화,1,1,0,0,0,강원,강릉시,차량단독,공작물충돌,공작물충돌,안전운전 의무 불이행,단일로,기타단일로
8832,2013-09-13 16,주간,금,1,1,0,0,0,충남,태안군,차대차,기타,기타,안전운전 의무 불이행,단일로,기타단일로
8833,2013-08-10 18,야간,토,1,2,1,0,0,충북,청원군,차대차,기타,기타,신호위반,교차로,교차로내
8834,2013-09-10 21,야간,화,1,1,0,0,0,부산,금정구,차대사람,기타,기타,안전운전 의무 불이행,교차로,교차로내
8835,2013-09-10 22,야간,화,1,1,0,0,0,부산,금정구,차대사람,횡단중,횡단중,안전운전 의무 불이행,단일로,기타단일로
8836,2013-11-19 10,주간,화,1,2,1,0,0,경북,안동시,차대사람,보도통행중,보도통행중,기타,기타/불명,기타/불명
8837,2013-09-25 18,야간,수,1,1,0,0,0,충남,태안군,차대사람,횡단중,횡단중,안전운전 의무 불이행,단일로,기타단일로
8838,2013-04-19 21,야간,금,1,1,0,0,0,대전,유성구,차대사람,기타,기타,안전운전 의무 불이행,단일로,기타단일로
8839,2013-12-07 03,야간,토,1,1,0,0,0,서울,서대문구,차대사람,횡단중,횡단중,안전운전 의무 불이행,단일로,기타단일로
8840,2013-04-28 15,주간,일,1,1,0,0,0,경기,평택시,차대사람,기타,기타,안전운전 의무 불이행,교차로,교차로부근
8841,2013-11-22 19,야간,금,1,1,0,0,0,경남,진주시,차대사람,횡단중,횡단중,안전운전 의무 불이행,단일로,기타단일로
8842,2013-12-09 11,주간,월,1,7,6,0,0,서울,서대문구,차량단독,기타,기타,안전운전 의무 불이행,단일로,기타단일로
8843,2013-10-10 18,야간,목,1,1,0,0,0,대전,중구,차대사람,횡단중,횡단중,보행자 보호의무 위반,교차로,교차로부근
8844,2013-08-26 05,야간,월,1,1,0,0,0,부산,사상구,차대차,기타,기타,신호위반,교차로,교차로내
8845,2013-08-15 03,야간,목,1,1,0,0,0,경남,양산시,차량단독,공작물충돌,공작물충돌,안전운전 의무 불이행,단일로,기타단일로
8846,2013-08-05 07,주간,월,1,1,0,0,0,전남,여수시,차대사람,기타,기타,안전운전 의무 불이행,단일로,기타단일로
8847,2013-10-03 16,주간,목,1,1,0,0,0,대구,중구,차대사람,기타,기타,안전운전 의무 불이행,단일로,기타단일로
8848,2013-08-22 21,야간,목,1,1,0,0,0,경북,포항시,차량단독,공작물충돌,공작물충돌,안전운전 의무 불이행,단일로,기타단일로
8849,2013-07-10 16,주간,수,1,1,0,0,0,경북,경산시,차대차,기타,기타,교차로 통행방법 위반,교차로,교차로내
8850,2013-09-28 18,야간,토,1,1,0,0,0,충남,서산시,차대차,정면충돌,정면충돌,중앙선 침범,단일로,기타단일로
8851,2013-06-21 22,야간,금,1,1,0,0,0,경북,경주시,철길건널목,기타,기타,기타,철길건널목,철길건널목
8852,2013-08-11 01,야간,일,1,1,0,0,0,경기,화성시,차량단독,공작물충돌,공작물충돌,안전운전 의무 불이행,단일로,기타단일로
8853,2013-07-19 21,야간,금,1,1,0,0,0,경기,고양시,차대사람,횡단중,횡단중,안전운전 의무 불이행,교차로,교차로부근
8854,2013-09-18 16,주간,수,1,1,0,0,0,부산,동래구,차대사람,횡단중,횡단중,안전운전 의무 불이행,단일로,기타단일로
8855,2013-08-24 00,야간,토,1,1,0,0,0,제주,제주시,차대사람,기타,기타,안전운전 의무 불이행,단일로,기타단일로
8856,2013-10-23 20,야간,수,1,1,0,0,0,경기,이천시,차대사람,기타,기타,안전운전 의무 불이행,교차로,교차로부근
8857,2013-11-01 06,주간,금,1,1,0,0,0,인천,계양구,차대차,정면충돌,정면충돌,신호위반,단일로,횡단보도상
8858,2013-10-26 06,주간,토,1,1,0,0,0,인천,연수구,차대사람,기타,기타,안전운전 의무 불이행,단일로,기타단일로
8859,2013-11-12 22,야간,화,1,1,0,0,0,경기,양주시,차대사람,횡단중,횡단중,신호위반,단일로,횡단보도부근
8860,2013-05-18 08,주간,토,1,1,0,0,0,인천,남동구,차대사람,차도통행중,차도통행중,안전운전 의무 불이행,단일로,기타단일로
8861,2013-12-18 23,야간,수,1,1,0,0,0,경남,김해시,차대사람,횡단중,횡단중,안전운전 의무 불이행,단일로,기타단일로
8862,2013-08-08 09,주간,목,1,1,0,0,0,서울,관악구,차대사람,횡단중,횡단중,안전운전 의무 불이행,단일로,기타단일로
8863,2013-05-05 12,주간,일,1,6,1,3,1,대구,북구,차대차,추돌,진행중 추돌,안전운전 의무 불이행,교차로,교차로부근
8864,2013-10-24 12,주간,목,1,1,0,0,0,경기,이천시,차대사람,길가장자리구역통행중,길가장자리구역통행중,안전운전 의무 불이행,단일로,기타단일로
8865,2013-06-08 02,야간,토,1,1,0,0,0,서울,영등포구,차대사람,횡단중,횡단중,과속,단일로,횡단보도부근
8866,2013-06-24 09,주간,월,1,1,0,0,0,전북,군산시,차대차,측면충돌,측면충돌,안전운전 의무 불이행,교차로,교차로내
8867,2013-08-27 00,야간,화,1,1,0,0,0,부산,사하구,차대사람,기타,기타,기타,교차로,교차로부근
8868,2013-11-18 01,야간,월,1,3,2,0,0,경남,창원시(통합),차량단독,도로이탈,도로이탈 추락,안전운전 의무 불이행,교차로,교차로부근
8869,2013-11-27 01,야간,수,1,1,0,0,0,경남,진주시,차량단독,공작물충돌,공작물충돌,안전운전 의무 불이행,교차로,교차로내
8870,2013-06-07 11,주간,금,1,1,0,0,0,경기,남양주시,차대차,측면충돌,측면충돌,교차로 통행방법 위반,교차로,교차로내
8871,2013-09-15 16,주간,일,1,1,0,0,0,부산,금정구,차대사람,기타,기타,안전운전 의무 불이행,교차로,교차로부근
8872,2013-12-27 23,야간,금,1,1,0,0,0,충남,당진시,차량단독,공작물충돌,공작물충돌,안전운전 의무 불이행,단일로,기타단일로
8873,2013-09-21 01,야간,토,1,1,0,0,0,강원,강릉시,차량단독,도로이탈,도로이탈 추락,안전운전 의무 불이행,단일로,기타단일로
8874,2013-10-09 02,야간,수,1,1,0,0,0,대구,중구,차량단독,기타,기타,안전운전 의무 불이행,기타/불명,기타/불명
8875,2013-10-18 18,야간,금,1,3,1,0,1,경기,용인시,차대사람,횡단중,횡단중,안전운전 의무 불이행,단일로,기타단일로
8876,2013-12-30 16,주간,월,1,2,1,0,0,충남,당진시,차대차,정면충돌,정면충돌,중앙선 침범,단일로,기타단일로
8877,2013-07-03 10,주간,수,1,1,0,0,0,인천,남구,차대사람,기타,기타,안전운전 의무 불이행,교차로,교차로부근
8878,2013-06-15 21,야간,토,1,1,0,0,0,강원,원주시,차대사람,기타,기타,기타,단일로,기타단일로
8879,2013-05-25 06,주간,토,1,1,0,0,0,경기,시흥시,차대사람,횡단중,횡단중,보행자 보호의무 위반,단일로,횡단보도상
8880,2013-08-14 17,주간,수,1,1,0,0,0,경기,화성시,차대차,추돌,진행중 추돌,신호위반,교차로,교차로내
8881,2013-08-02 05,야간,금,1,1,0,0,0,경기,광명시,차대차,측면충돌,측면충돌,안전운전 의무 불이행,교차로,교차로부근
8882,2013-10-02 09,주간,수,1,1,0,0,0,충남,태안군,차대사람,횡단중,횡단중,보행자 보호의무 위반,단일로,기타단일로
8883,2013-05-25 07,주간,토,1,1,0,0,0,경기,시흥시,차대차,측면충돌,측면충돌,과속,단일로,기타단일로
8884,2013-07-03 04,야간,수,1,1,0,0,0,서울,동대문구,차대차,추돌,진행중 추돌,안전운전 의무 불이행,기타/불명,기타/불명
8885,2013-11-30 19,야간,토,1,1,0,0,0,대전,동구,차대사람,횡단중,횡단중,과속,단일로,기타단일로
8886,2013-10-31 18,야간,목,1,1,0,0,0,인천,연수구,차대사람,횡단중,횡단중,보행자 보호의무 위반,단일로,기타단일로
8887,2013-06-07 22,야간,금,1,1,0,0,0,광주,광산구,차대사람,차도통행중,차도통행중,안전운전 의무 불이행,단일로,기타단일로
8888,2013-12-25 18,야간,수,1,1,0,0,0,경남,김해시,차대사람,보도통행중,보도통행중,안전운전 의무 불이행,단일로,횡단보도상
8889,2013-11-14 17,주간,목,2,2,0,0,0,울산,울주군,차대차,추돌,주정차중 추돌,안전운전 의무 불이행,교차로,교차로부근
8890,2013-11-21 00,야간,목,1,1,0,0,0,경남,창원시(통합),차대사람,횡단중,횡단중,안전운전 의무 불이행,단일로,기타단일로
8891,2013-08-31 15,주간,토,1,4,2,1,0,경남,거제시,차량단독,전도전복,전도전복,안전운전 의무 불이행,단일로,기타단일로
8892,2013-11-19 09,주간,화,1,1,0,0,0,광주,남구,차대차,추돌,진행중 추돌,교차로 통행방법 위반,교차로,교차로내
8893,2013-09-25 00,야간,수,1,1,0,0,0,강원,강릉시,차량단독,공작물충돌,공작물충돌,안전운전 의무 불이행,단일로,기타단일로
8894,2013-08-08 09,주간,목,1,1,0,0,0,부산,해운대구,차대사람,횡단중,횡단중,보행자 보호의무 위반,단일로,횡단보도상
8895,2013-10-18 22,야간,금,1,1,0,0,0,대전,중구,차대사람,횡단중,횡단중,안전운전 의무 불이행,단일로,횡단보도상
8896,2013-05-09 19,야간,목,1,1,0,0,0,경북,구미시,차대사람,횡단중,횡단중,안전운전 의무 불이행,교차로,교차로부근
8897,2013-08-08 17,주간,목,1,1,0,0,0,울산,중구,차대사람,횡단중,횡단중,안전운전 의무 불이행,단일로,기타단일로
8898,2013-11-16 12,주간,토,1,3,2,0,0,울산,울주군,차대차,추돌,진행중 추돌,안전거리 미확보,교차로,교차로부근
8899,2013-11-21 05,야간,목,1,1,0,0,0,광주,남구,차대사람,횡단중,횡단중,안전운전 의무 불이행,단일로,기타단일로
8900,2013-12-28 05,야간,토,1,1,0,0,0,경남,김해시,차량단독,공작물충돌,공작물충돌,안전운전 의무 불이행,단일로,기타단일로
8901,2013-11-16 18,야간,토,1,1,0,0,0,울산,울주군,차대사람,기타,기타,안전운전 의무 불이행,단일로,기타단일로
8902,2013-08-12 21,야간,월,1,1,0,0,0,전남,여수시,차대사람,차도통행중,차도통행중,안전운전 의무 불이행,단일로,기타단일로
8903,2013-05-31 00,야간,금,1,1,0,0,0,경기,부천시,차대사람,횡단중,횡단중,안전운전 의무 불이행,교차로,교차로부근
8904,2013-07-26 13,주간,금,1,1,0,0,0,경기,고양시,차대차,측면충돌,측면충돌,안전운전 의무 불이행,단일로,기타단일로
8905,2013-06-17 08,주간,월,1,1,0,0,0,대구,달서구,차대차,기타,기타,안전운전 의무 불이행,단일로,횡단보도부근
8906,2013-09-28 03,야간,토,1,1,0,0,0,부산,동래구,차대사람,횡단중,횡단중,과속,단일로,횡단보도부근
8907,2013-07-06 00,야간,토,1,4,1,2,0,경기,파주시,차대차,측면충돌,측면충돌,신호위반,교차로,교차로부근
8908,2013-06-25 15,주간,화,1,1,0,0,0,경기,안산시,차대사람,차도통행중,차도통행중,안전운전 의무 불이행,교차로,교차로내
8909,2013-07-22 05,야간,월,1,1,0,0,0,경북,경산시,차량단독,도로이탈,도로이탈 추락,안전운전 의무 불이행,단일로,교량위
8910,2013-10-21 01,야간,월,1,1,0,0,0,대구,남구,차대사람,기타,기타,안전운전 의무 불이행,단일로,기타단일로
8911,2013-12-03 10,주간,화,1,2,1,0,0,경북,안동시,차대차,정면충돌,정면충돌,중앙선 침범,단일로,기타단일로
8912,2013-08-05 04,야간,월,1,1,0,0,0,대구,달서구,차대사람,횡단중,횡단중,안전운전 의무 불이행,단일로,기타단일로
8913,2013-08-19 10,주간,월,1,2,0,1,0,경기,화성시,차대차,정면충돌,정면충돌,중앙선 침범,단일로,기타단일로
8914,2013-10-30 19,야간,수,1,2,1,0,0,충북,충주시,차량단독,공작물충돌,공작물충돌,안전운전 의무 불이행,단일로,기타단일로
8915,2013-12-16 01,야간,월,1,1,0,0,0,서울,강북구,차대사람,횡단중,횡단중,안전운전 의무 불이행,단일로,기타단일로
8916,2013-05-24 21,야간,금,1,1,0,0,0,충북,청원군,차대차,측면충돌,측면충돌,안전운전 의무 불이행,교차로,교차로부근
8917,2013-06-29 12,주간,토,1,1,0,0,0,경북,경주시,차량단독,전도전복,전도전복,안전운전 의무 불이행,단일로,기타단일로
8918,2013-07-30 21,야간,화,1,2,1,0,0,서울,중랑구,차량단독,전도전복,전도전복,안전운전 의무 불이행,단일로,고가도로위
8919,2013-05-25 01,야간,토,1,1,0,0,0,충북,청주시,차대사람,횡단중,횡단중,안전운전 의무 불이행,교차로,교차로부근
8920,2013-07-22 21,야간,월,1,5,0,4,0,충남,천안시,차대차,추돌,주정차중 추돌,안전운전 의무 불이행,교차로,교차로부근
8921,2013-09-04 18,야간,수,1,1,0,0,0,서울,양천구,차대사람,횡단중,횡단중,보행자 보호의무 위반,교차로,교차로내
8922,2013-11-25 08,주간,월,1,2,1,0,0,경기,성남시,차대사람,횡단중,횡단중,안전운전 의무 불이행,단일로,기타단일로
8923,2013-07-08 10,주간,월,1,1,0,0,0,서울,동대문구,차대사람,횡단중,횡단중,안전운전 의무 불이행,단일로,기타단일로
8924,2013-09-05 12,주간,목,1,1,0,0,0,서울,양천구,차대차,추돌,진행중 추돌,안전운전 의무 불이행,단일로,기타단일로
8925,2013-12-30 21,야간,월,1,1,0,0,0,경남,김해시,차대차,기타,기타,안전운전 의무 불이행,교차로,교차로부근
8926,2013-12-31 01,야간,화,1,2,0,1,0,경남,김해시,차대차,추돌,진행중 추돌,안전운전 의무 불이행,단일로,기타단일로
8927,2013-11-23 02,야간,토,1,1,0,0,0,서울,동작구,차대사람,기타,기타,안전운전 의무 불이행,단일로,기타단일로
8928,2013-08-08 05,야간,목,1,1,0,0,0,경기,김포시,차량단독,도로이탈,도로이탈 추락,안전운전 의무 불이행,단일로,기타단일로
8929,2013-12-31 03,야간,화,1,1,0,0,0,경남,김해시,차량단독,공작물충돌,공작물충돌,안전운전 의무 불이행,교차로,교차로내
8930,2013-11-27 00,야간,수,1,1,0,0,0,인천,부평구,차대차,기타,기타,안전운전 의무 불이행,단일로,기타단일로
8931,2013-08-14 15,주간,수,1,1,0,0,0,울산,중구,차대사람,기타,기타,안전운전 의무 불이행,단일로,기타단일로
8932,2013-11-02 22,야간,토,1,1,0,0,0,충북,충주시,차대사람,기타,기타,안전운전 의무 불이행,단일로,기타단일로
8933,2013-09-06 05,야간,금,1,1,0,0,0,서울,양천구,차대사람,횡단중,횡단중,안전운전 의무 불이행,단일로,기타단일로
8934,2013-06-30 20,야간,일,1,1,0,0,0,경북,경주시,차대사람,횡단중,횡단중,보행자 보호의무 위반,단일로,기타단일로
8935,2013-11-22 06,주간,금,1,1,0,0,0,울산,울주군,차대사람,횡단중,횡단중,안전운전 의무 불이행,교차로,교차로내
8936,2013-11-09 13,주간,토,1,1,0,0,0,인천,연수구,차대사람,횡단중,횡단중,안전운전 의무 불이행,교차로,교차로부근
8937,2013-09-08 10,주간,일,1,1,0,0,0,경북,포항시,차대차,기타,기타,안전운전 의무 불이행,단일로,기타단일로
8938,2013-12-18 13,주간,수,1,1,0,0,0,경남,진주시,차대사람,횡단중,횡단중,안전운전 의무 불이행,교차로,교차로부근
8939,2013-11-07 19,야간,목,1,1,0,0,0,경기,이천시,차대사람,길가장자리구역통행중,길가장자리구역통행중,안전운전 의무 불이행,단일로,기타단일로
8940,2013-10-31 14,주간,목,1,4,1,2,0,경기,용인시,차대차,정면충돌,정면충돌,중앙선 침범,단일로,기타단일로
8941,2013-07-30 15,주간,화,1,1,0,0,0,서울,용산구,차대차,측면충돌,측면충돌,안전거리 미확보,단일로,기타단일로
8942,2013-05-25 10,주간,토,1,1,0,0,0,광주,서구,차대사람,횡단중,횡단중,안전운전 의무 불이행,교차로,교차로부근
8943,2013-12-01 04,야간,일,1,1,0,0,0,경기,양주시,차량단독,전도전복,전도전복,안전운전 의무 불이행,단일로,기타단일로
8944,2013-07-01 20,야간,월,1,1,0,0,0,경북,경주시,차대사람,기타,기타,보행자 보호의무 위반,단일로,기타단일로
8945,2013-09-12 05,야간,목,1,1,0,0,0,경기,안산시,차대사람,횡단중,횡단중,신호위반,단일로,기타단일로
8946,2013-05-27 06,주간,월,1,2,1,0,0,전북,익산시,차대차,측면충돌,측면충돌,신호위반,교차로,교차로내
8947,2013-11-10 04,야간,일,1,1,0,0,0,경기,이천시,차량단독,공작물충돌,공작물충돌,안전운전 의무 불이행,교차로,교차로부근
8948,2013-02-10 22,야간,일,2,2,0,0,0,경북,경주시,차대차,기타,기타,중앙선 침범,단일로,기타단일로
8949,2013-07-02 20,야간,화,1,1,0,0,0,전북,군산시,차대차,측면충돌,측면충돌,중앙선 침범,단일로,기타단일로
8950,2013-06-10 01,야간,월,1,1,0,0,0,부산,부산진구,차량단독,전도전복,전도전복,안전운전 의무 불이행,단일로,기타단일로
8951,2013-09-06 15,주간,금,1,1,0,0,0,제주,제주시,차대사람,횡단중,횡단중,과속,단일로,기타단일로
8952,2013-06-19 03,야간,수,1,1,0,0,0,서울,영등포구,차대사람,횡단중,횡단중,안전운전 의무 불이행,단일로,횡단보도부근
8953,2013-12-29 22,야간,일,1,2,1,0,0,경기,포천시,차량단독,공작물충돌,공작물충돌,안전운전 의무 불이행,단일로,기타단일로
8954,2013-12-22 06,주간,일,1,1,0,0,0,서울,강북구,차대사람,횡단중,횡단중,안전운전 의무 불이행,단일로,횡단보도상
8955,2013-10-06 18,야간,일,1,1,0,0,0,강원,강릉시,차대사람,기타,기타,안전운전 의무 불이행,단일로,기타단일로
8956,2013-05-02 19,야간,목,1,1,0,0,0,경기,평택시,차량단독,공작물충돌,공작물충돌,안전운전 의무 불이행,기타/불명,기타/불명
8957,2013-06-16 04,야간,일,1,1,0,0,0,경기,남양주시,차대사람,기타,기타,안전운전 의무 불이행,단일로,기타단일로
8958,2013-12-22 22,야간,일,1,1,0,0,0,서울,강북구,차대사람,횡단중,횡단중,안전운전 의무 불이행,단일로,기타단일로
8959,2013-11-09 02,야간,토,1,1,0,0,0,부산,북구,차대차,기타,기타,안전운전 의무 불이행,기타/불명,기타/불명
8960,2013-07-18 01,야간,목,1,1,0,0,0,울산,남구,차대사람,횡단중,횡단중,안전운전 의무 불이행,단일로,기타단일로
8961,2013-04-29 09,주간,월,1,1,0,0,0,대전,유성구,차대차,측면충돌,측면충돌,신호위반,교차로,교차로내
8962,2013-09-09 04,야간,월,1,1,0,0,0,서울,노원구,차량단독,전도전복,전도전복,안전운전 의무 불이행,단일로,기타단일로
8963,2013-07-04 01,야간,목,2,4,0,2,0,전북,군산시,차대사람,횡단중,횡단중,보행자 보호의무 위반,교차로,교차로내
8964,2013-07-04 03,야간,목,1,1,0,0,0,전북,군산시,차량단독,공작물충돌,공작물충돌,안전운전 의무 불이행,단일로,기타단일로
8965,2013-05-14 13,주간,화,1,1,0,0,0,경북,구미시,차량단독,기타,기타,안전운전 의무 불이행,단일로,기타단일로
8966,2013-11-27 06,주간,수,1,1,0,0,0,제주,서귀포시,차대사람,기타,기타,안전운전 의무 불이행,단일로,기타단일로
8967,2013-07-30 21,야간,화,1,2,0,1,0,대구,동구,차대사람,횡단중,횡단중,보행자 보호의무 위반,교차로,교차로내
8968,2013-12-03 18,야간,화,1,1,0,0,0,경기,양주시,차대사람,기타,기타,안전운전 의무 불이행,교차로,교차로내
8969,2013-12-03 20,야간,화,1,1,0,0,0,광주,남구,차대차,측면충돌,측면충돌,교차로 통행방법 위반,교차로,교차로내
8970,2013-06-17 09,주간,월,1,1,0,0,0,경기,남양주시,차량단독,공작물충돌,공작물충돌,안전운전 의무 불이행,단일로,기타단일로
8971,2013-11-30 02,야간,토,1,1,0,0,0,서울,동작구,차대사람,기타,기타,안전운전 의무 불이행,단일로,기타단일로
8972,2013-12-01 03,야간,일,1,1,0,0,0,경기,안성시,차량단독,공작물충돌,공작물충돌,안전운전 의무 불이행,단일로,기타단일로
8973,2013-08-07 17,주간,수,1,2,1,0,0,제주,제주시,차대차,측면충돌,측면충돌,신호위반,교차로,교차로내
8974,2013-09-30 23,야간,월,1,1,0,0,0,충북,청주시,차대사람,기타,기타,안전운전 의무 불이행,단일로,기타단일로
8975,2013-09-11 02,야간,수,1,1,0,0,0,경북,포항시,차대사람,기타,기타,안전운전 의무 불이행,교차로,교차로내
8976,2013-06-30 13,주간,일,1,1,0,0,0,경기,용인시,차대차,측면충돌,측면충돌,신호위반,교차로,교차로내
8977,2013-12-01 18,야간,일,1,1,0,0,0,경기,안성시,차대사람,횡단중,횡단중,안전운전 의무 불이행,단일로,기타단일로
8978,2013-12-17 06,주간,화,1,1,0,0,0,서울,구로구,차대사람,횡단중,횡단중,안전운전 의무 불이행,단일로,기타단일로
8979,2013-11-30 23,야간,토,2,2,0,0,0,울산,울주군,차량단독,공작물충돌,공작물충돌,안전운전 의무 불이행,교차로,교차로부근
8980,2013-05-15 01,야간,수,1,7,6,0,0,경기,수원시,차대차,측면충돌,측면충돌,신호위반,교차로,교차로내
8981,2013-10-29 10,주간,화,1,1,0,0,0,대구,중구,차대차,측면충돌,측면충돌,기타,단일로,기타단일로
8982,2013-12-30 02,야간,월,1,1,0,0,0,경남,진주시,차대사람,기타,기타,안전운전 의무 불이행,단일로,기타단일로
8983,2013-09-15 00,야간,일,1,1,0,0,0,경남,거제시,차대차,측면충돌,측면충돌,안전운전 의무 불이행,교차로,교차로부근
8984,2013-07-05 11,주간,금,1,2,1,0,0,경북,경주시,차량단독,전도전복,전도전복,안전운전 의무 불이행,단일로,기타단일로
8985,2013-09-07 14,주간,토,1,1,0,0,0,경북,포항시,차대차,측면충돌,측면충돌,교차로 통행방법 위반,교차로,교차로내
8986,2013-07-05 21,야간,금,1,1,0,0,0,전북,군산시,차량단독,공작물충돌,공작물충돌,안전운전 의무 불이행,단일로,기타단일로
8987,2013-06-19 00,야간,수,1,1,0,0,0,경기,남양주시,차대사람,횡단중,횡단중,안전운전 의무 불이행,단일로,기타단일로
8988,2013-11-11 08,주간,월,1,1,0,0,0,충북,충주시,차대차,측면충돌,측면충돌,신호위반,교차로,교차로내
8989,2013-10-03 05,야간,목,1,1,0,0,0,서울,강남구,차대사람,기타,기타,중앙선 침범,단일로,기타단일로
8990,2013-12-20 21,야간,금,1,1,0,0,0,서울,구로구,차대차,기타,기타,중앙선 침범,단일로,기타단일로
8991,2013-05-14 14,주간,화,1,1,0,0,0,서울,송파구,차대사람,횡단중,횡단중,안전운전 의무 불이행,단일로,기타단일로
8992,2013-10-09 07,주간,수,1,1,0,0,0,경기,안양시,차대사람,기타,기타,안전운전 의무 불이행,단일로,기타단일로
8993,2013-08-22 23,야간,목,1,1,0,0,0,강원,춘천시,차량단독,도로이탈,도로이탈 추락,안전운전 의무 불이행,단일로,기타단일로
8994,2013-12-11 03,야간,수,1,1,0,0,0,경기,양주시,차량단독,공작물충돌,공작물충돌,안전운전 의무 불이행,단일로,기타단일로
8995,2013-07-07 08,주간,일,1,5,0,3,1,경기,의정부시,차대차,정면충돌,정면충돌,신호위반,교차로,교차로내
8996,2013-11-19 06,주간,화,1,2,0,1,0,경기,이천시,차대차,측면충돌,측면충돌,교차로 통행방법 위반,교차로,교차로내
8997,2013-09-14 23,야간,토,1,4,3,0,0,부산,사하구,차대차,기타,기타,신호위반,교차로,교차로내
8998,2013-11-15 05,야간,금,1,2,0,1,0,부산,북구,차대차,정면충돌,정면충돌,기타,교차로,교차로내
8999,2013-07-07 03,야간,일,1,2,1,0,0,경북,경주시,차량단독,공작물충돌,공작물충돌,안전운전 의무 불이행,단일로,기타단일로
9000,2013-05-16 05,야간,목,1,2,0,1,0,경기,수원시,차대차,측면충돌,측면충돌,신호위반,교차로,교차로내
9001,2013-07-07 06,주간,일,1,2,1,0,0,전북,군산시,차량단독,공작물충돌,공작물충돌,안전운전 의무 불이행,단일로,기타단일로
9002,2013-05-30 20,야간,목,1,1,0,0,0,전북,익산시,차대사람,횡단중,횡단중,안전운전 의무 불이행,교차로,교차로내
9003,2013-12-30 21,야간,월,1,2,1,0,0,서울,강북구,차대사람,횡단중,횡단중,과속,교차로,교차로내
9004,2013-12-24 02,야간,화,1,15,1,13,0,서울,구로구,차대차,측면충돌,측면충돌,안전거리 미확보,단일로,기타단일로
9005,2013-07-08 03,야간,월,1,1,0,0,0,경북,경주시,차대사람,횡단중,횡단중,안전운전 의무 불이행,단일로,기타단일로
9006,2013-11-20 23,야간,수,2,2,0,0,0,경기,이천시,차대차,추돌,진행중 추돌,기타,단일로,기타단일로
9007,2013-10-13 11,주간,일,1,3,1,1,0,서울,광진구,차대차,측면충돌,측면충돌,신호위반,교차로,교차로내
9008,2013-08-01 23,야간,목,1,2,0,1,0,경북,경산시,차대차,추돌,주정차중 추돌,안전운전 의무 불이행,단일로,기타단일로
9009,2013-08-20 19,야간,화,1,2,0,1,0,전남,목포시,차대사람,기타,기타,보행자 보호의무 위반,단일로,횡단보도상
9010,2013-09-17 11,주간,화,1,1,0,0,0,부산,사상구,차대사람,기타,기타,안전운전 의무 불이행,단일로,기타단일로
9011,2013-09-18 06,주간,수,1,2,1,0,0,경북,포항시,차량단독,공작물충돌,공작물충돌,안전운전 의무 불이행,단일로,지하차도(도로)내
9012,2013-10-25 12,주간,금,1,3,2,0,0,충남,태안군,차대차,측면충돌,측면충돌,안전운전 의무 불이행,단일로,기타단일로
9013,2013-08-06 09,주간,화,1,1,0,0,0,대구,동구,차대사람,횡단중,횡단중,중앙선 침범,단일로,기타단일로
9014,2013-08-30 22,야간,금,1,1,0,0,0,경기,화성시,차량단독,공작물충돌,공작물충돌,안전운전 의무 불이행,기타/불명,기타/불명
9015,2013-06-21 17,주간,금,1,3,1,1,0,경기,남양주시,차대차,측면충돌,측면충돌,중앙선 침범,교차로,교차로내
9016,2013-08-18 20,야간,일,1,1,0,0,0,경기,김포시,차대사람,횡단중,횡단중,안전운전 의무 불이행,단일로,기타단일로
9017,2013-12-08 00,야간,일,1,1,0,0,0,서울,동작구,차대사람,횡단중,횡단중,안전운전 의무 불이행,단일로,기타단일로
9018,2013-09-01 14,주간,일,1,1,0,0,0,충북,청원군,차대차,기타,기타,교차로 통행방법 위반,교차로,교차로내
9019,2013-07-16 22,야간,화,1,1,0,0,0,인천,남구,차대사람,기타,기타,안전운전 의무 불이행,교차로,교차로내
9020,2013-10-15 16,주간,화,1,1,0,0,0,경기,수원시,차대사람,기타,기타,안전운전 의무 불이행,단일로,기타단일로
9021,2013-12-12 12,주간,목,1,3,0,2,0,울산,울주군,차대차,측면충돌,측면충돌,신호위반,교차로,교차로내
9022,2013-08-02 12,주간,금,1,1,0,0,0,충남,천안시,차대사람,기타,기타,안전운전 의무 불이행,단일로,기타단일로
9023,2013-09-23 10,주간,월,1,1,0,0,0,경남,거제시,차대차,정면충돌,정면충돌,안전운전 의무 불이행,단일로,기타단일로