교통사고이력ID(사고기록 순서),발생년월일시,주야코드,요일코드,사망자수,부상자수,중상자수,경상자수,부상신고자수,발생지시도코드,발생지시도코드,사고유형대분류코드,사고유형중분류코드,사고유형코드,법규위반코드,도로형태대분류코드,도로로형태코드
9024,2013-12-09 02,야간,월,1,1,0,0,0,제주,서귀포시,차량단독,공작물충돌,공작물충돌,안전운전 의무 불이행,단일로,기타단일로
9025,2013-07-10 23,야간,수,1,1,0,0,0,경기,의정부시,차대차,측면충돌,측면충돌,안전운전 의무 불이행,교차로,교차로내
9026,2013-08-03 05,야간,토,1,1,0,0,0,충남,천안시,차대사람,기타,기타,안전운전 의무 불이행,단일로,기타단일로
9027,2013-07-11 01,야간,목,1,1,0,0,0,경기,의정부시,차량단독,공작물충돌,공작물충돌,안전운전 의무 불이행,기타/불명,기타/불명
9028,2013-11-17 00,야간,일,1,1,0,0,0,충북,충주시,차량단독,공작물충돌,공작물충돌,안전운전 의무 불이행,단일로,기타단일로
9029,2013-09-01 23,야간,일,1,1,0,0,0,경기,화성시,차량단독,공작물충돌,공작물충돌,안전운전 의무 불이행,단일로,기타단일로
9030,2013-06-15 10,주간,토,1,1,0,0,0,부산,부산진구,차대차,기타,기타,중앙선 침범,단일로,기타단일로
9031,2013-08-24 08,주간,토,1,3,2,0,0,부산,해운대구,차대사람,횡단중,횡단중,신호위반,단일로,횡단보도상
9032,2013-10-08 21,야간,화,1,1,0,0,0,부산,금정구,차대사람,기타,기타,안전운전 의무 불이행,교차로,교차로부근
9033,2013-12-11 05,야간,수,1,1,0,0,0,서울,동작구,차량단독,기타,기타,안전운전 의무 불이행,단일로,기타단일로
9034,2013-05-26 05,야간,일,1,1,0,0,0,경기,고양시,차량단독,기타,기타,안전운전 의무 불이행,단일로,기타단일로
9035,2013-07-11 07,주간,목,1,1,0,0,0,전북,군산시,차대사람,횡단중,횡단중,보행자 보호의무 위반,단일로,횡단보도상
9036,2013-07-06 17,주간,토,1,1,0,0,0,경기,용인시,차량단독,전도전복,전도전복,안전운전 의무 불이행,단일로,기타단일로
9037,2013-08-12 05,야간,월,1,1,0,0,0,경기,고양시,차대사람,횡단중,횡단중,신호위반,교차로,교차로내
9038,2013-08-11 01,야간,일,1,3,2,0,0,서울,용산구,차대차,추돌,진행중 추돌,기타,기타/불명,기타/불명
9039,2013-07-12 23,야간,금,2,2,0,0,0,경기,의정부시,차량단독,전도전복,전도전복,중앙선 침범,단일로,기타단일로
9040,2013-08-23 16,주간,금,1,1,0,0,0,전남,신안군,차대차,기타,기타,중앙선 침범,교차로,교차로부근
9041,2013-06-01 20,야간,토,1,1,0,0,0,광주,서구,차대사람,횡단중,횡단중,보행자 보호의무 위반,단일로,횡단보도상
9042,2013-06-29 12,주간,토,1,1,0,0,0,대구,달서구,차대사람,횡단중,횡단중,안전운전 의무 불이행,단일로,기타단일로
9043,2013-05-29 00,야간,수,1,1,0,0,0,대구,수성구,차대차,기타,기타,안전운전 의무 불이행,교차로,교차로내
9044,2013-05-29 05,야간,수,1,2,1,0,0,대구,수성구,차대차,정면충돌,정면충돌,안전운전 의무 불이행,단일로,고가도로위
9045,2013-05-24 08,주간,금,1,1,0,0,0,광주,북구,차대차,측면충돌,측면충돌,안전운전 의무 불이행,교차로,교차로부근
9046,2013-08-31 20,야간,토,1,2,1,0,0,전남,여수시,차대차,측면충돌,측면충돌,신호위반,교차로,교차로내
9047,2013-07-18 01,야간,목,1,1,0,0,0,서울,동대문구,차대사람,기타,기타,안전운전 의무 불이행,단일로,교량위
9048,2013-09-01 13,주간,일,1,1,0,0,0,전남,여수시,차대사람,기타,기타,안전운전 의무 불이행,기타/불명,기타/불명
9049,2013-08-07 06,주간,수,1,1,0,0,0,충남,천안시,차대차,기타,기타,안전운전 의무 불이행,기타/불명,기타/불명
9050,2013-08-23 03,야간,금,1,1,0,0,0,서울,강서구,차대사람,기타,기타,안전운전 의무 불이행,단일로,기타단일로
9051,2013-08-30 22,야간,금,1,2,0,0,1,경기,안양시,차대차,추돌,주정차중 추돌,안전운전 의무 불이행,단일로,기타단일로
9052,2013-12-24 05,야간,화,1,1,0,0,0,경기,성남시,차대사람,기타,기타,안전운전 의무 불이행,교차로,교차로부근
9053,2013-07-21 02,야간,일,1,2,0,1,0,인천,남구,차대차,추돌,주정차중 추돌,안전운전 의무 불이행,교차로,교차로부근
9054,2013-09-22 12,주간,일,1,2,1,0,0,경북,포항시,차량단독,공작물충돌,공작물충돌,안전운전 의무 불이행,단일로,기타단일로
9055,2013-09-07 02,야간,토,1,1,0,0,0,전남,순천시,차대사람,횡단중,횡단중,안전운전 의무 불이행,단일로,기타단일로
9056,2013-08-16 10,주간,금,1,1,0,0,0,서울,중랑구,차대차,기타,기타,안전운전 의무 불이행,단일로,터널안
9057,2013-05-30 03,야간,목,1,1,0,0,0,대구,수성구,차대사람,횡단중,횡단중,안전운전 의무 불이행,단일로,기타단일로
9058,2013-08-26 23,야간,월,1,1,0,0,0,경기,김포시,차대사람,기타,기타,안전운전 의무 불이행,교차로,교차로부근
9059,2013-12-26 06,주간,목,2,2,0,0,0,광주,남구,차대사람,기타,기타,신호위반,교차로,교차로부근
9060,2013-07-15 03,야간,월,1,1,0,0,0,서울,강남구,차대사람,차도통행중,차도통행중,안전운전 의무 불이행,교차로,교차로부근
9061,2013-12-19 13,주간,목,1,1,0,0,0,서울,동작구,차대차,측면충돌,측면충돌,안전운전 의무 불이행,단일로,기타단일로
9062,2013-12-03 19,야간,화,1,1,0,0,0,인천,연수구,차대사람,기타,기타,안전운전 의무 불이행,단일로,기타단일로
9063,2013-05-20 17,주간,월,1,2,1,0,0,서울,송파구,차대사람,기타,기타,기타,단일로,기타단일로
9064,2013-11-03 21,야간,일,1,1,0,0,0,충남,서산시,차량단독,전도전복,전도전복,안전운전 의무 불이행,단일로,기타단일로
9065,2013-09-25 05,야간,수,1,1,0,0,0,서울,양천구,차량단독,전도전복,전도전복,안전운전 의무 불이행,단일로,기타단일로
9066,2013-08-27 09,주간,화,1,1,0,0,0,전남,목포시,차대사람,기타,기타,안전운전 의무 불이행,교차로,교차로부근
9067,2013-10-26 23,야간,토,1,2,1,0,0,부산,동래구,차량단독,전도전복,전도전복,안전운전 의무 불이행,단일로,기타단일로
9068,2013-08-17 07,주간,토,1,1,0,0,0,경기,고양시,차대사람,기타,기타,보행자 보호의무 위반,단일로,기타단일로
9069,2013-09-23 14,주간,월,1,7,5,1,0,제주,제주시,차대차,측면충돌,측면충돌,중앙선 침범,단일로,기타단일로
9070,2013-07-02 12,주간,화,1,5,1,3,0,대구,달서구,차대차,측면충돌,측면충돌,기타,교차로,교차로내
9071,2013-10-02 07,주간,수,1,2,0,1,0,경남,거제시,차대차,기타,기타,안전운전 의무 불이행,단일로,기타단일로
9072,2013-07-18 09,주간,목,1,1,0,0,0,전북,군산시,차량단독,공작물충돌,공작물충돌,안전운전 의무 불이행,단일로,기타단일로
9073,2013-08-26 22,야간,월,1,1,0,0,0,서울,강서구,차대차,기타,기타,안전운전 의무 불이행,단일로,기타단일로
9074,2013-09-08 20,야간,일,1,1,0,0,0,경기,화성시,차대차,추돌,진행중 추돌,안전운전 의무 불이행,단일로,기타단일로
9075,2013-11-04 18,야간,월,1,1,0,0,0,충남,서산시,차량단독,도로이탈,도로이탈 추락,안전운전 의무 불이행,단일로,기타단일로
9076,2013-07-17 18,야간,수,1,1,0,0,0,경기,의정부시,차대사람,기타,기타,안전운전 의무 불이행,단일로,기타단일로
9077,2013-10-02 19,야간,수,1,1,0,0,0,경남,거제시,차대차,기타,기타,중앙선 침범,단일로,기타단일로
9078,2013-09-08 23,야간,일,1,1,0,0,0,경기,화성시,차량단독,공작물충돌,공작물충돌,안전운전 의무 불이행,단일로,기타단일로
9079,2013-09-05 06,주간,목,1,1,0,0,0,서울,마포구,차대차,추돌,주정차중 추돌,안전운전 의무 불이행,단일로,기타단일로
9080,2013-10-18 18,야간,금,1,1,0,0,0,부산,금정구,차대사람,기타,기타,신호위반,단일로,기타단일로
9081,2013-09-24 16,주간,화,1,1,0,0,0,경남,김해시,차대사람,기타,기타,안전운전 의무 불이행,단일로,기타단일로
9082,2013-11-26 00,야간,화,1,1,0,0,0,경기,용인시,차대차,추돌,주정차중 추돌,안전운전 의무 불이행,단일로,기타단일로
9083,2013-07-13 02,야간,토,1,1,0,0,0,경기,용인시,차량단독,공작물충돌,공작물충돌,안전운전 의무 불이행,교차로,교차로부근
9084,2013-07-19 00,야간,금,1,2,0,1,0,전북,군산시,차대차,추돌,진행중 추돌,안전운전 의무 불이행,단일로,기타단일로
9085,2013-12-28 01,야간,토,1,1,0,0,0,경기,양주시,차량단독,공작물충돌,공작물충돌,안전운전 의무 불이행,단일로,기타단일로
9086,2013-10-29 18,야간,화,1,1,0,0,0,강원,강릉시,차대차,추돌,진행중 추돌,안전운전 의무 불이행,단일로,기타단일로
9087,2013-12-08 08,주간,일,1,2,0,1,0,경기,이천시,차대차,정면충돌,정면충돌,안전운전 의무 불이행,교차로,교차로내
9088,2013-09-25 13,주간,수,1,1,0,0,0,제주,제주시,차대차,측면충돌,측면충돌,교차로 통행방법 위반,교차로,교차로내
9089,2013-06-07 15,주간,금,1,1,0,0,0,전북,익산시,차대차,추돌,진행중 추돌,안전운전 의무 불이행,단일로,기타단일로
9090,2013-10-21 10,주간,월,1,1,0,0,0,충북,청원군,차대차,측면충돌,측면충돌,중앙선 침범,단일로,기타단일로
9091,2013-06-08 05,야간,토,1,1,0,0,0,전북,익산시,차대차,추돌,진행중 추돌,과속,단일로,기타단일로
9092,2013-06-08 12,주간,토,1,1,0,0,0,전북,익산시,차대차,측면충돌,측면충돌,안전운전 의무 불이행,교차로,교차로내
9093,2013-05-31 10,주간,금,1,1,0,0,0,경기,고양시,차대사람,횡단중,횡단중,안전운전 의무 불이행,단일로,횡단보도상
9094,2013-09-26 15,주간,목,1,1,0,0,0,경기,광주시,차대사람,횡단중,횡단중,안전운전 의무 불이행,교차로,교차로내
9095,2013-07-18 02,야간,목,1,1,0,0,0,경북,경주시,차대사람,기타,기타,안전운전 의무 불이행,단일로,기타단일로
9096,2013-06-22 05,야간,토,1,1,0,0,0,부산,부산진구,차대사람,횡단중,횡단중,보행자 보호의무 위반,단일로,횡단보도상
9097,2013-07-19 12,주간,금,1,2,1,0,0,경북,경주시,차대차,기타,기타,중앙선 침범,단일로,기타단일로
9098,2013-09-08 22,야간,일,2,2,0,0,0,서울,관악구,차대차,측면충돌,측면충돌,신호위반,교차로,교차로내
9099,2013-05-18 17,주간,토,1,2,1,0,0,경기,평택시,차대차,측면충돌,측면충돌,중앙선 침범,단일로,기타단일로
9100,2013-10-28 08,주간,월,1,1,0,0,0,경기,수원시,차대사람,기타,기타,보행자 보호의무 위반,단일로,횡단보도상
9101,2013-12-31 06,주간,화,1,1,0,0,0,경남,창원시(통합),차대사람,기타,기타,안전운전 의무 불이행,교차로,교차로내
9102,2013-12-31 00,야간,화,1,1,0,0,0,경기,양주시,차대사람,기타,기타,안전운전 의무 불이행,단일로,기타단일로
9103,2013-08-07 04,야간,수,1,1,0,0,0,인천,서구,차대차,정면충돌,정면충돌,중앙선 침범,단일로,기타단일로
9104,2013-09-03 13,주간,화,1,1,0,0,0,울산,중구,차대차,측면충돌,측면충돌,안전운전 의무 불이행,단일로,기타단일로
9105,2013-10-06 13,주간,일,1,1,0,0,0,경북,포항시,차량단독,공작물충돌,공작물충돌,안전운전 의무 불이행,단일로,기타단일로
9106,2013-06-08 00,야간,토,1,1,0,0,0,인천,남동구,차대사람,횡단중,횡단중,안전운전 의무 불이행,단일로,기타단일로
9107,2013-10-05 15,주간,토,1,1,0,0,0,경남,거제시,차대차,기타,기타,안전운전 의무 불이행,교차로,교차로부근
9108,2013-06-14 17,주간,금,1,1,0,0,0,경기,시흥시,차대차,측면충돌,측면충돌,신호위반,교차로,교차로내
9109,2013-06-02 21,야간,일,1,1,0,0,0,대구,수성구,차대사람,횡단중,횡단중,안전운전 의무 불이행,단일로,횡단보도부근
9110,2013-07-01 11,주간,월,1,1,0,0,0,경기,남양주시,차대사람,길가장자리구역통행중,길가장자리구역통행중,안전운전 의무 불이행,단일로,기타단일로
9111,2013-12-04 08,주간,수,1,1,0,0,0,부산,북구,차대차,기타,기타,안전운전 의무 불이행,단일로,기타단일로
9112,2013-07-20 20,야간,토,1,1,0,0,0,경북,경주시,차대사람,횡단중,횡단중,안전운전 의무 불이행,교차로,교차로내
9113,2013-07-21 15,주간,일,1,1,0,0,0,경북,경주시,차대차,기타,기타,안전운전 의무 불이행,교차로,교차로내
9114,2013-06-27 18,야간,목,1,1,0,0,0,서울,영등포구,차량단독,전도전복,전도전복,기타,단일로,기타단일로
9115,2013-10-26 23,야간,토,1,2,0,1,0,충북,청주시,차대차,기타,기타,안전운전 의무 불이행,교차로,교차로부근
9116,2013-06-29 00,야간,토,1,1,0,0,0,광주,광산구,차대사람,차도통행중,차도통행중,과속,교차로,교차로부근
9117,2013-07-03 16,주간,수,1,1,0,0,0,전북,전주시,차대차,기타,기타,안전운전 의무 불이행,단일로,기타단일로
9118,2013-09-16 10,주간,월,1,1,0,0,0,전남,순천시,차량단독,기타,기타,안전운전 의무 불이행,단일로,기타단일로
9119,2013-12-12 21,야간,목,1,2,1,0,0,인천,연수구,차대사람,횡단중,횡단중,안전운전 의무 불이행,단일로,기타단일로
9120,2013-10-02 01,야간,수,1,1,0,0,0,경남,김해시,차대차,측면충돌,측면충돌,과속,교차로,교차로내
9121,2013-11-04 00,야간,월,1,1,0,0,0,경기,안양시,차대사람,기타,기타,안전운전 의무 불이행,단일로,기타단일로
9122,2013-09-16 16,주간,월,1,1,0,0,0,전남,순천시,차대사람,길가장자리구역통행중,길가장자리구역통행중,안전운전 의무 불이행,단일로,기타단일로
9123,2013-12-31 06,주간,화,1,1,0,0,0,제주,서귀포시,차대사람,횡단중,횡단중,안전운전 의무 불이행,단일로,기타단일로
9124,2013-10-02 06,주간,수,1,1,0,0,0,경남,김해시,차대차,기타,기타,안전운전 의무 불이행,단일로,기타단일로
9125,2013-06-29 19,야간,토,1,2,0,0,1,광주,광산구,차대차,추돌,진행중 추돌,중앙선 침범,단일로,기타단일로
9126,2013-06-16 06,주간,일,1,1,0,0,0,경기,시흥시,차대사람,횡단중,횡단중,신호위반,단일로,기타단일로
9127,2013-05-20 12,주간,월,1,1,0,0,0,경기,평택시,차대차,기타,기타,안전운전 의무 불이행,단일로,기타단일로
9128,2013-05-25 04,야간,토,1,1,0,0,0,서울,송파구,차대차,추돌,진행중 추돌,안전운전 의무 불이행,단일로,기타단일로
9129,2013-05-20 21,야간,월,1,3,2,0,0,경기,평택시,차대차,기타,기타,중앙선 침범,단일로,기타단일로
9130,2013-09-15 07,주간,일,1,1,0,0,0,경기,성남시,차량단독,공작물충돌,공작물충돌,안전운전 의무 불이행,교차로,교차로부근
9131,2013-07-22 20,야간,월,1,1,0,0,0,경기,의정부시,차대차,기타,기타,신호위반,교차로,교차로내
9132,2013-10-04 14,주간,금,1,1,0,0,0,서울,양천구,차대차,기타,기타,안전운전 의무 불이행,단일로,횡단보도부근
9133,2013-11-06 06,주간,수,1,2,0,1,0,서울,광진구,차대차,추돌,진행중 추돌,안전운전 의무 불이행,단일로,기타단일로
9134,2013-09-07 09,주간,토,1,2,0,1,0,울산,북구,차대차,정면충돌,정면충돌,중앙선 침범,단일로,기타단일로
9135,2013-09-15 00,야간,일,1,5,3,1,0,충북,청원군,차대차,측면충돌,측면충돌,안전운전 의무 불이행,교차로,교차로부근
9136,2013-10-28 16,주간,월,1,1,0,0,0,충북,청주시,차대차,측면충돌,측면충돌,신호위반,교차로,교차로내
9137,2013-11-13 19,야간,수,1,1,0,0,0,충남,태안군,차대사람,횡단중,횡단중,안전운전 의무 불이행,단일로,기타단일로
9138,2013-09-16 14,주간,월,1,1,0,0,0,경기,성남시,차대사람,횡단중,횡단중,신호위반,교차로,교차로내
9139,2013-11-07 05,야간,목,1,1,0,0,0,서울,광진구,차대차,측면충돌,측면충돌,중앙선 침범,단일로,기타단일로
9140,2013-08-24 14,주간,토,1,3,0,0,2,경기,고양시,차대차,추돌,진행중 추돌,안전운전 의무 불이행,단일로,기타단일로
9141,2013-08-20 16,주간,화,1,1,0,0,0,대구,동구,차대사람,기타,기타,안전운전 의무 불이행,단일로,기타단일로
9142,2013-11-14 18,야간,목,1,1,0,0,0,충남,서산시,차대차,추돌,진행중 추돌,안전운전 의무 불이행,단일로,기타단일로
9143,2013-08-12 11,주간,월,1,1,0,0,0,인천,서구,차대차,측면충돌,측면충돌,안전거리 미확보,교차로,교차로부근
9144,2013-08-25 19,야간,일,1,3,1,1,0,경북,경산시,차대차,측면충돌,측면충돌,중앙선 침범,단일로,기타단일로
9145,2013-07-14 12,주간,일,2,2,0,0,0,경기,화성시,차량단독,기타,기타,안전운전 의무 불이행,단일로,기타단일로
9146,2013-05-27 01,야간,월,2,3,0,1,0,경기,수원시,차대차,기타,기타,신호위반,교차로,교차로내
9147,2013-09-18 22,야간,수,1,1,0,0,0,전남,순천시,차량단독,공작물충돌,공작물충돌,안전운전 의무 불이행,단일로,기타단일로
9148,2013-07-31 09,주간,수,1,1,0,0,0,인천,남구,차대사람,횡단중,횡단중,기타,단일로,기타단일로
9149,2013-10-08 23,야간,화,1,2,1,0,0,부산,사상구,차대차,추돌,주정차중 추돌,안전운전 의무 불이행,단일로,기타단일로
9150,2013-11-26 05,야간,화,1,1,0,0,0,대전,중구,차대사람,횡단중,횡단중,안전운전 의무 불이행,교차로,교차로부근
9151,2013-09-30 08,주간,월,1,1,0,0,0,경남,양산시,차대사람,기타,기타,안전운전 의무 불이행,기타/불명,기타/불명
9152,2013-12-15 20,야간,일,1,1,0,0,0,충북,충주시,차대차,측면충돌,측면충돌,중앙선 침범,교차로,교차로부근
9153,2013-10-30 23,야간,수,1,1,0,0,0,부산,연제구,차대사람,횡단중,횡단중,신호위반,단일로,횡단보도상
9154,2013-07-21 05,야간,일,1,1,0,0,0,경기,용인시,차대사람,횡단중,횡단중,안전운전 의무 불이행,교차로,교차로내
9155,2013-08-31 14,주간,토,1,2,1,0,0,제주,제주시,차량단독,공작물충돌,공작물충돌,안전운전 의무 불이행,단일로,기타단일로
9156,2013-09-09 16,주간,월,1,1,0,0,0,전남,신안군,차량단독,기타,기타,안전운전 의무 불이행,단일로,기타단일로
9157,2013-06-15 05,야간,토,1,1,0,0,0,충북,청주시,차량단독,공작물충돌,공작물충돌,안전운전 의무 불이행,단일로,기타단일로
9158,2013-05-27 22,야간,월,1,1,0,0,0,경기,수원시,차대사람,횡단중,횡단중,안전운전 의무 불이행,교차로,교차로내
9159,2013-08-16 15,주간,금,1,1,0,0,0,울산,남구,차대차,기타,기타,안전운전 의무 불이행,단일로,기타단일로
9160,2013-09-21 05,야간,토,1,1,0,0,0,전남,순천시,차량단독,전도전복,전도전복,안전운전 의무 불이행,교차로,교차로부근
9161,2013-07-27 17,주간,토,1,4,3,0,0,경북,경주시,차량단독,기타,기타,안전운전 의무 불이행,단일로,기타단일로
9162,2013-07-11 08,주간,목,1,1,0,0,0,서울,영등포구,차대사람,횡단중,횡단중,보행자 보호의무 위반,단일로,횡단보도상
9163,2013-09-21 11,주간,토,1,2,1,0,0,전남,순천시,차대차,측면충돌,측면충돌,안전운전 의무 불이행,교차로,교차로부근
9164,2013-09-16 15,주간,월,1,1,0,0,0,강원,춘천시,차량단독,공작물충돌,공작물충돌,안전운전 의무 불이행,단일로,기타단일로
9165,2013-07-03 22,야간,수,1,1,0,0,0,광주,광산구,차대차,측면충돌,측면충돌,과속,단일로,기타단일로
9166,2013-10-02 02,야간,수,1,1,0,0,0,경남,양산시,차량단독,전도전복,전도전복,안전운전 의무 불이행,교차로,교차로부근
9167,2013-11-13 00,야간,수,1,1,0,0,0,서울,광진구,차대사람,차도통행중,차도통행중,과속,단일로,기타단일로
9168,2013-07-11 16,주간,목,1,1,0,0,0,대구,남구,차대사람,횡단중,횡단중,안전운전 의무 불이행,단일로,기타단일로
9169,2013-07-08 13,주간,월,1,1,0,0,0,전북,전주시,차대차,추돌,주정차중 추돌,안전운전 의무 불이행,단일로,기타단일로
9170,2013-09-12 05,야간,목,1,1,0,0,0,전남,목포시,차대사람,횡단중,횡단중,안전운전 의무 불이행,교차로,교차로내
9171,2013-07-04 17,주간,목,3,7,4,0,0,광주,광산구,차대차,추돌,진행중 추돌,과속,단일로,기타단일로
9172,2013-09-12 08,주간,목,1,2,1,0,0,전남,신안군,차대차,정면충돌,정면충돌,중앙선 침범,단일로,기타단일로
9173,2013-08-03 18,야간,토,1,1,0,0,0,경기,파주시,차량단독,전도전복,전도전복,안전운전 의무 불이행,기타/불명,기타/불명
9174,2013-06-16 01,야간,일,1,1,0,0,0,전북,익산시,차대차,추돌,진행중 추돌,안전운전 의무 불이행,단일로,기타단일로
9175,2013-10-16 21,야간,수,1,1,0,0,0,경기,안산시,차대사람,횡단중,횡단중,안전운전 의무 불이행,단일로,기타단일로
9176,2013-10-20 21,야간,일,1,4,2,1,0,경북,포항시,차대사람,기타,기타,중앙선 침범,단일로,기타단일로
9177,2013-09-14 19,야간,토,1,1,0,0,0,울산,중구,차대사람,기타,기타,교차로 통행방법 위반,단일로,기타단일로
9178,2013-09-18 18,야간,수,1,1,0,0,0,서울,관악구,차대사람,기타,기타,안전운전 의무 불이행,기타/불명,기타/불명
9179,2013-11-04 18,야간,월,1,1,0,0,0,충북,청원군,차대사람,횡단중,횡단중,신호위반,교차로,교차로내
9180,2013-07-11 20,야간,목,1,1,0,0,0,대구,달서구,차대차,측면충돌,측면충돌,교차로 통행방법 위반,교차로,교차로내
9181,2013-12-23 07,주간,월,1,1,0,0,0,충북,충주시,차량단독,공작물충돌,공작물충돌,안전운전 의무 불이행,단일로,기타단일로
9182,2013-10-09 02,야간,수,1,2,0,1,0,제주,제주시,차량단독,공작물충돌,공작물충돌,과속,단일로,기타단일로
9183,2013-06-15 14,주간,토,1,1,0,0,0,광주,서구,차대사람,기타,기타,안전운전 의무 불이행,교차로,교차로내
9184,2013-06-30 05,야간,일,1,1,0,0,0,부산,부산진구,차량단독,공작물충돌,공작물충돌,안전운전 의무 불이행,단일로,기타단일로
9185,2013-05-29 21,야간,수,1,1,0,0,0,경기,수원시,차대사람,기타,기타,안전운전 의무 불이행,단일로,횡단보도부근
9186,2013-08-30 07,주간,금,1,2,1,0,0,경기,고양시,차대차,추돌,진행중 추돌,안전운전 의무 불이행,단일로,기타단일로
9187,2013-06-22 07,주간,토,1,3,0,2,0,경기,시흥시,차대차,측면충돌,측면충돌,안전운전 의무 불이행,단일로,기타단일로
9188,2013-08-30 01,야간,금,1,1,0,0,0,경북,경산시,차대사람,횡단중,횡단중,안전운전 의무 불이행,단일로,기타단일로
9189,2013-09-16 05,야간,월,1,4,0,3,0,울산,북구,차대차,추돌,주정차중 추돌,안전운전 의무 불이행,교차로,교차로부근
9190,2013-10-18 09,주간,금,1,1,0,0,0,경남,거제시,차대사람,기타,기타,신호위반,교차로,교차로내
9191,2013-06-22 22,야간,토,2,2,0,0,0,경기,시흥시,차량단독,공작물충돌,공작물충돌,안전운전 의무 불이행,단일로,기타단일로
9192,2013-07-05 17,주간,금,1,4,3,0,0,광주,광산구,차대차,기타,기타,신호위반,교차로,교차로내
9193,2013-07-20 01,야간,토,1,2,0,1,0,경기,안산시,차대차,추돌,진행중 추돌,과속,교차로,교차로부근
9194,2013-09-18 04,야간,수,1,1,0,0,0,경기,안양시,차대사람,횡단중,횡단중,안전운전 의무 불이행,단일로,기타단일로
9195,2013-09-16 16,주간,월,1,1,0,0,0,전남,목포시,차대사람,기타,기타,안전운전 의무 불이행,기타/불명,기타/불명
9196,2013-08-31 12,주간,토,1,1,0,0,0,경북,경산시,차량단독,전도전복,전도전복,안전운전 의무 불이행,단일로,기타단일로
9197,2013-09-18 16,주간,수,1,3,2,0,0,경기,안양시,차대사람,횡단중,횡단중,보행자 보호의무 위반,단일로,횡단보도상
9198,2013-11-22 20,야간,금,1,1,0,0,0,충남,서산시,차대차,추돌,진행중 추돌,안전운전 의무 불이행,단일로,기타단일로
9199,2013-12-22 00,야간,일,1,1,0,0,0,부산,북구,차대차,기타,기타,안전운전 의무 불이행,기타/불명,기타/불명
9200,2013-10-23 14,주간,수,1,1,0,0,0,부산,사하구,차대사람,횡단중,횡단중,안전운전 의무 불이행,단일로,기타단일로
9201,2013-11-23 23,야간,토,1,4,3,0,0,충남,태안군,차량단독,공작물충돌,공작물충돌,안전운전 의무 불이행,단일로,기타단일로
9202,2013-09-23 08,주간,월,1,1,0,0,0,강원,춘천시,차대차,측면충돌,측면충돌,안전운전 의무 불이행,단일로,기타단일로
9203,2013-10-22 08,주간,화,1,1,0,0,0,부산,사하구,차대차,측면충돌,측면충돌,중앙선 침범,단일로,기타단일로
9204,2013-06-02 01,야간,일,1,1,0,0,0,경북,구미시,차량단독,전도전복,전도전복,안전운전 의무 불이행,교차로,교차로내
9205,2013-12-30 07,주간,월,1,1,0,0,0,인천,연수구,차대차,기타,기타,중앙선 침범,단일로,기타단일로
9206,2013-07-04 10,주간,목,1,1,0,0,0,부산,부산진구,차대차,측면충돌,측면충돌,안전운전 의무 불이행,교차로,교차로내
9207,2013-05-26 23,야간,일,1,1,0,0,0,경기,평택시,차대사람,기타,기타,안전운전 의무 불이행,단일로,기타단일로
9208,2013-11-24 19,야간,일,2,3,1,0,0,충남,서산시,차량단독,전도전복,전도전복,안전운전 의무 불이행,단일로,기타단일로
9209,2013-07-13 22,야간,토,1,1,0,0,0,전북,전주시,차대사람,횡단중,횡단중,안전운전 의무 불이행,단일로,기타단일로
9210,2013-10-18 01,야간,금,1,1,0,0,0,경북,포항시,차대차,추돌,주정차중 추돌,안전운전 의무 불이행,교차로,교차로부근
9211,2013-09-17 06,주간,화,1,4,0,2,1,부산,해운대구,차대차,측면충돌,측면충돌,과속,교차로,교차로내
9212,2013-07-22 09,주간,월,1,1,0,0,0,경기,화성시,차대차,기타,기타,기타,단일로,기타단일로
9213,2013-09-13 17,주간,금,1,1,0,0,0,경기,김포시,차대사람,기타,기타,안전운전 의무 불이행,단일로,기타단일로
9214,2013-09-07 15,주간,토,1,2,0,1,0,제주,제주시,차대차,측면충돌,측면충돌,중앙선 침범,단일로,기타단일로
9215,2013-10-10 19,야간,목,1,1,0,0,0,경남,양산시,차대사람,횡단중,횡단중,안전운전 의무 불이행,단일로,기타단일로
9216,2013-06-18 08,주간,화,1,1,0,0,0,광주,서구,차대차,측면충돌,측면충돌,안전거리 미확보,단일로,기타단일로
9217,2013-11-26 00,야간,화,1,1,0,0,0,충남,서산시,차대차,기타,기타,교차로 통행방법 위반,교차로,교차로내
9218,2013-07-11 11,주간,목,1,1,0,0,0,경기,남양주시,차량단독,공작물충돌,공작물충돌,안전운전 의무 불이행,단일로,기타단일로
9219,2013-08-05 13,주간,월,1,1,0,0,0,전북,군산시,차량단독,도로이탈,도로이탈 추락,안전운전 의무 불이행,단일로,기타단일로
9220,2013-09-18 05,야간,수,1,1,0,0,0,부산,해운대구,차대사람,횡단중,횡단중,신호위반,단일로,횡단보도상
9221,2013-11-25 01,야간,월,1,1,0,0,0,경기,안양시,차대사람,기타,기타,안전운전 의무 불이행,단일로,기타단일로
9222,2013-06-18 19,야간,화,1,1,0,0,0,전북,익산시,차대차,정면충돌,정면충돌,중앙선 침범,단일로,기타단일로
9223,2013-09-20 00,야간,금,1,1,0,0,0,서울,서초구,차대차,기타,기타,안전운전 의무 불이행,단일로,기타단일로
9224,2013-06-18 20,야간,화,1,1,0,0,0,전북,익산시,차대사람,기타,기타,안전운전 의무 불이행,단일로,기타단일로
9225,2013-09-06 02,야간,금,1,1,0,0,0,대구,서구,차대사람,횡단중,횡단중,안전운전 의무 불이행,단일로,횡단보도상
9226,2013-09-19 21,야간,목,1,1,0,0,0,전남,목포시,차대사람,횡단중,횡단중,과속,단일로,기타단일로