교통사고이력ID(사고기록 순서),발생년월일시,주야코드,요일코드,사망자수,부상자수,중상자수,경상자수,부상신고자수,발생지시도코드,발생지시도코드,사고유형대분류코드,사고유형중분류코드,사고유형코드,법규위반코드,도로형태대분류코드,도로로형태코드
9227,2013-11-14 07,주간,목,1,1,0,0,0,경기,성남시,차대사람,횡단중,횡단중,신호위반,단일로,횡단보도상
9228,2013-11-09 04,야간,토,1,3,0,2,0,서울,강남구,차대차,추돌,주정차중 추돌,안전운전 의무 불이행,교차로,교차로부근
9229,2013-12-18 06,주간,수,1,1,0,0,0,대구,남구,차대사람,보도통행중,보도통행중,안전운전 의무 불이행,단일로,횡단보도상
9230,2013-10-25 21,야간,금,1,1,0,0,0,경남,거제시,차량단독,기타,기타,안전운전 의무 불이행,단일로,기타단일로
9231,2013-09-15 07,주간,일,1,1,0,0,0,경기,김포시,차량단독,공작물충돌,공작물충돌,안전운전 의무 불이행,단일로,기타단일로
9232,2013-10-28 21,야간,월,1,1,0,0,0,부산,사하구,차대사람,기타,기타,안전운전 의무 불이행,교차로,교차로내
9233,2013-10-13 01,야간,일,1,2,1,0,0,경남,양산시,차대차,기타,기타,안전운전 의무 불이행,단일로,기타단일로
9234,2013-06-04 10,주간,화,1,1,0,0,0,경북,구미시,차대차,측면충돌,측면충돌,안전운전 의무 불이행,단일로,기타단일로
9235,2013-10-02 09,주간,수,1,3,1,1,0,전남,순천시,차대차,정면충돌,정면충돌,중앙선 침범,단일로,기타단일로
9236,2013-07-25 16,주간,목,1,1,0,0,0,부산,남구,차대차,측면충돌,측면충돌,기타,교차로,교차로부근
9237,2013-10-14 23,야간,월,1,1,0,0,0,경기,광주시,차량단독,도로이탈,도로이탈 추락,안전운전 의무 불이행,단일로,기타단일로
9238,2013-07-16 17,주간,화,1,1,0,0,0,전북,전주시,차량단독,기타,기타,안전운전 의무 불이행,단일로,기타단일로
9239,2013-09-21 10,주간,토,1,1,0,0,0,서울,강서구,차대차,측면충돌,측면충돌,신호위반,교차로,교차로내
9240,2013-09-23 15,주간,월,1,1,0,0,0,울산,중구,차대사람,횡단중,횡단중,보행자 보호의무 위반,단일로,횡단보도상
9241,2013-08-31 16,주간,토,1,1,0,0,0,대구,동구,차대차,측면충돌,측면충돌,교차로 통행방법 위반,교차로,교차로내
9242,2013-09-27 09,주간,금,1,2,0,1,0,전남,여수시,차량단독,공작물충돌,공작물충돌,안전운전 의무 불이행,단일로,기타단일로
9243,2013-11-12 03,야간,화,1,1,0,0,0,서울,강남구,차대사람,차도통행중,차도통행중,안전운전 의무 불이행,단일로,기타단일로
9244,2013-12-02 18,야간,월,1,1,0,0,0,충남,태안군,차대사람,횡단중,횡단중,보행자 보호의무 위반,단일로,횡단보도상
9245,2013-09-23 03,야간,월,1,1,0,0,0,부산,해운대구,차량단독,공작물충돌,공작물충돌,안전운전 의무 불이행,단일로,교량위
9246,2013-09-07 09,주간,토,1,1,0,0,0,경기,고양시,차대사람,횡단중,횡단중,신호위반,교차로,교차로내
9247,2013-11-25 18,야간,월,1,1,0,0,0,강원,강릉시,차대사람,기타,기타,안전운전 의무 불이행,기타/불명,기타/불명
9248,2013-06-20 19,야간,목,1,1,0,0,0,인천,남동구,차대사람,횡단중,횡단중,안전운전 의무 불이행,단일로,기타단일로
9249,2013-08-12 21,야간,월,1,1,0,0,0,경기,파주시,차대사람,횡단중,횡단중,보행자 보호의무 위반,단일로,기타단일로
9250,2013-06-06 20,야간,목,1,1,0,0,0,경북,구미시,차대차,측면충돌,측면충돌,안전거리 미확보,단일로,기타단일로
9251,2013-11-04 00,야간,월,1,1,0,0,0,경북,포항시,차량단독,도로이탈,도로이탈 추락,안전운전 의무 불이행,단일로,교량위
9252,2013-11-14 22,야간,목,1,1,0,0,0,부산,금정구,차대사람,횡단중,횡단중,안전운전 의무 불이행,단일로,기타단일로
9253,2013-11-23 17,주간,토,1,1,0,0,0,경기,수원시,차대차,정면충돌,정면충돌,신호위반,교차로,교차로내
9254,2013-10-02 18,야간,수,1,2,1,0,0,충북,청원군,차대차,기타,기타,안전운전 의무 불이행,단일로,기타단일로
9255,2013-10-22 08,주간,화,1,3,0,2,0,제주,제주시,차대차,추돌,진행중 추돌,안전운전 의무 불이행,단일로,기타단일로
9256,2013-10-28 04,야간,월,1,1,0,0,0,경기,안산시,차대차,추돌,주정차중 추돌,안전운전 의무 불이행,단일로,기타단일로
9257,2013-09-06 19,야간,금,1,2,0,1,0,경북,경산시,차대차,추돌,진행중 추돌,안전운전 의무 불이행,단일로,기타단일로
9258,2013-10-01 05,야간,화,1,1,0,0,0,전남,여수시,차대사람,기타,기타,안전운전 의무 불이행,교차로,교차로부근
9259,2013-12-21 00,야간,토,1,1,0,0,0,대구,중구,차대사람,기타,기타,안전운전 의무 불이행,단일로,기타단일로
9260,2013-12-05 06,주간,목,1,2,1,0,0,충남,서산시,차대사람,횡단중,횡단중,안전운전 의무 불이행,단일로,기타단일로
9261,2013-10-02 15,주간,수,1,1,0,0,0,강원,춘천시,차대사람,기타,기타,안전운전 의무 불이행,단일로,기타단일로
9262,2013-07-25 17,주간,목,1,1,0,0,0,강원,원주시,차대사람,차도통행중,차도통행중,안전운전 의무 불이행,단일로,기타단일로
9263,2013-10-26 21,야간,토,1,2,0,1,0,서울,양천구,차대차,측면충돌,측면충돌,과속,교차로,교차로부근
9264,2013-06-30 21,야간,일,1,1,0,0,0,경기,시흥시,차대사람,기타,기타,안전운전 의무 불이행,교차로,교차로내
9265,2013-10-01 04,야간,화,1,1,0,0,0,서울,마포구,차량단독,기타,기타,안전운전 의무 불이행,단일로,기타단일로
9266,2013-09-07 21,야간,토,1,1,0,0,0,경북,경산시,차대사람,기타,기타,신호위반,단일로,횡단보도상
9267,2013-06-16 12,주간,일,1,1,0,0,0,경기,고양시,차대사람,기타,기타,안전운전 의무 불이행,단일로,기타단일로
9268,2013-11-18 22,야간,월,1,1,0,0,0,부산,금정구,차대사람,기타,기타,안전운전 의무 불이행,교차로,교차로내
9269,2013-08-07 23,야간,수,1,2,1,0,0,경기,의정부시,차대차,기타,기타,안전운전 의무 불이행,기타/불명,기타/불명
9270,2013-11-06 18,야간,수,1,1,0,0,0,경북,포항시,차대사람,기타,기타,안전운전 의무 불이행,단일로,기타단일로
9271,2013-12-09 22,야간,월,1,1,0,0,0,충남,서산시,차대사람,기타,기타,안전운전 의무 불이행,기타/불명,기타/불명
9272,2013-11-01 18,야간,금,1,1,0,0,0,부산,사상구,차대사람,기타,기타,안전운전 의무 불이행,단일로,기타단일로
9273,2013-08-14 06,주간,수,1,1,0,0,0,전북,군산시,차대차,측면충돌,측면충돌,중앙선 침범,단일로,기타단일로
9274,2013-11-06 02,야간,수,1,1,0,0,0,서울,강동구,차량단독,공작물충돌,공작물충돌,안전운전 의무 불이행,단일로,기타단일로
9275,2013-09-25 21,야간,수,1,1,0,0,0,경기,김포시,차량단독,공작물충돌,공작물충돌,안전운전 의무 불이행,교차로,교차로부근
9276,2013-08-15 04,야간,목,2,3,1,0,0,전북,군산시,차대차,추돌,진행중 추돌,안전운전 의무 불이행,단일로,기타단일로
9277,2013-06-24 14,주간,월,1,1,0,0,0,전북,익산시,차대차,기타,기타,안전거리 미확보,단일로,기타단일로
9278,2013-06-05 21,야간,수,1,1,0,0,0,서울,송파구,차대사람,횡단중,횡단중,안전운전 의무 불이행,교차로,교차로부근
9279,2013-12-11 15,주간,수,1,1,0,0,0,충남,서산시,차대사람,횡단중,횡단중,보행자 보호의무 위반,교차로,교차로부근
9280,2013-11-10 00,야간,일,1,1,0,0,0,경북,포항시,차량단독,공작물충돌,공작물충돌,안전운전 의무 불이행,교차로,교차로내
9281,2013-12-03 19,야간,화,1,1,0,0,0,강원,강릉시,차대사람,기타,기타,안전운전 의무 불이행,단일로,기타단일로
9282,2013-10-26 18,야간,토,1,1,0,0,0,서울,노원구,차량단독,공작물충돌,공작물충돌,안전운전 의무 불이행,단일로,기타단일로
9283,2013-09-15 01,야간,일,1,1,0,0,0,경기,고양시,차대차,기타,기타,안전운전 의무 불이행,단일로,횡단보도부근
9284,2013-11-03 08,주간,일,1,6,2,3,0,경북,포항시,차대차,기타,기타,안전운전 의무 불이행,교차로,교차로내
9285,2013-08-03 01,야간,토,1,2,1,0,0,경기,수원시,차량단독,기타,기타,안전운전 의무 불이행,단일로,고가도로위
9286,2013-10-29 00,야간,화,1,1,0,0,0,제주,제주시,차대사람,횡단중,횡단중,안전운전 의무 불이행,단일로,기타단일로
9287,2013-12-12 19,야간,목,1,2,0,0,1,경기,안양시,차대차,정면충돌,정면충돌,중앙선 침범,단일로,기타단일로
9288,2013-09-26 00,야간,목,1,1,0,0,0,경기,광명시,차량단독,공작물충돌,공작물충돌,안전운전 의무 불이행,교차로,교차로내
9289,2013-09-27 13,주간,금,1,1,0,0,0,경기,김포시,차대사람,횡단중,횡단중,안전운전 의무 불이행,단일로,기타단일로
9290,2013-10-03 10,주간,목,1,9,3,4,1,서울,서초구,차대차,추돌,진행중 추돌,안전운전 의무 불이행,단일로,기타단일로
9291,2013-09-12 22,야간,목,1,1,0,0,0,경북,경산시,차대사람,차도통행중,차도통행중,안전운전 의무 불이행,교차로,교차로내
9292,2013-07-31 07,주간,수,1,1,0,0,0,강원,원주시,차대사람,횡단중,횡단중,과속,교차로,교차로내
9293,2013-06-04 03,야간,화,1,1,0,0,0,경기,평택시,차대사람,차도통행중,차도통행중,안전운전 의무 불이행,교차로,교차로내
9294,2013-07-05 17,주간,금,1,1,0,0,0,경기,시흥시,차대차,측면충돌,측면충돌,기타,단일로,기타단일로
9295,2013-07-26 03,야간,금,1,3,2,0,0,전북,전주시,차대차,측면충돌,측면충돌,신호위반,교차로,교차로내
9296,2013-08-05 19,야간,월,1,1,0,0,0,경기,수원시,차대차,측면충돌,측면충돌,신호위반,교차로,교차로부근
9297,2013-11-06 05,야간,수,1,1,0,0,0,서울,양천구,차대차,기타,기타,신호위반,교차로,교차로부근
9298,2013-11-07 16,주간,목,1,1,0,0,0,부산,사상구,차대사람,횡단중,횡단중,안전운전 의무 불이행,단일로,기타단일로
9299,2013-07-26 18,야간,금,1,2,0,1,0,전북,전주시,차대차,기타,기타,안전거리 미확보,교차로,교차로부근
9300,2013-10-25 21,야간,금,1,1,0,0,0,경기,광주시,차대사람,횡단중,횡단중,안전운전 의무 불이행,교차로,교차로내
9301,2013-06-29 18,야간,토,1,1,0,0,0,충북,청원군,차대사람,횡단중,횡단중,안전운전 의무 불이행,교차로,교차로내
9302,2013-12-19 17,주간,목,1,1,0,0,0,경기,안양시,차대사람,기타,기타,안전운전 의무 불이행,단일로,기타단일로
9303,2013-06-09 10,주간,일,1,1,0,0,0,서울,송파구,차대차,측면충돌,측면충돌,안전운전 의무 불이행,단일로,기타단일로
9304,2013-06-05 23,야간,수,1,1,0,0,0,경기,평택시,차대사람,기타,기타,안전운전 의무 불이행,단일로,기타단일로
9305,2013-11-15 19,야간,금,1,1,0,0,0,경북,포항시,차대사람,횡단중,횡단중,안전운전 의무 불이행,단일로,기타단일로
9306,2013-11-13 06,주간,수,1,1,0,0,0,경남,거제시,차대사람,기타,기타,보행자 보호의무 위반,단일로,횡단보도상
9307,2013-10-09 11,주간,수,1,1,0,0,0,서울,마포구,차대사람,기타,기타,신호위반,단일로,횡단보도상
9308,2013-11-02 00,야간,토,1,1,0,0,0,서울,노원구,차대차,추돌,진행중 추돌,안전운전 의무 불이행,단일로,기타단일로
9309,2013-11-17 10,주간,일,1,1,0,0,0,부산,사하구,차대사람,횡단중,횡단중,안전운전 의무 불이행,단일로,횡단보도상
9310,2013-10-13 22,야간,일,1,1,0,0,0,전남,여수시,차대사람,횡단중,횡단중,안전운전 의무 불이행,단일로,기타단일로
9311,2013-09-20 21,야간,금,1,1,0,0,0,대구,서구,차대사람,횡단중,횡단중,안전운전 의무 불이행,단일로,기타단일로
9312,2013-11-04 03,야간,월,1,1,0,0,0,제주,제주시,차대사람,기타,기타,안전운전 의무 불이행,단일로,기타단일로
9313,2013-10-16 20,야간,수,1,1,0,0,0,전남,순천시,차대사람,길가장자리구역통행중,길가장자리구역통행중,안전운전 의무 불이행,단일로,기타단일로
9314,2013-08-16 07,주간,금,1,1,0,0,0,서울,강남구,차대사람,횡단중,횡단중,안전운전 의무 불이행,단일로,기타단일로
9315,2013-11-13 21,야간,수,1,1,0,0,0,경남,거제시,차대차,추돌,주정차중 추돌,안전운전 의무 불이행,단일로,기타단일로
9316,2013-08-23 03,야간,금,1,1,0,0,0,경기,파주시,차대사람,기타,기타,안전운전 의무 불이행,교차로,교차로부근
9317,2013-12-20 20,야간,금,1,1,0,0,0,서울,광진구,차대차,기타,기타,안전운전 의무 불이행,단일로,고가도로위
9318,2013-08-20 00,야간,화,1,1,0,0,0,서울,동대문구,차대사람,횡단중,횡단중,보행자 보호의무 위반,교차로,교차로부근
9319,2013-12-18 11,주간,수,1,1,0,0,0,부산,동래구,차대차,측면충돌,측면충돌,안전운전 의무 불이행,단일로,기타단일로
9320,2013-10-14 05,야간,월,1,1,0,0,0,강원,춘천시,차량단독,공작물충돌,공작물충돌,안전운전 의무 불이행,단일로,기타단일로
9321,2013-12-10 21,야간,화,1,1,0,0,0,강원,강릉시,차량단독,전도전복,전도전복,안전운전 의무 불이행,단일로,기타단일로
9322,2013-07-28 21,야간,일,1,1,0,0,0,대구,달서구,차대사람,횡단중,횡단중,안전운전 의무 불이행,단일로,기타단일로
9323,2013-09-21 06,주간,토,1,1,0,0,0,경북,경산시,차대사람,횡단중,횡단중,안전운전 의무 불이행,단일로,횡단보도상
9324,2013-10-31 19,야간,목,1,1,0,0,0,경남,양산시,차대차,기타,기타,안전운전 의무 불이행,교차로,교차로내
9325,2013-09-30 13,주간,월,1,1,0,0,0,대구,달서구,차대차,기타,기타,기타,교차로,교차로부근
9326,2013-07-25 10,주간,목,1,1,0,0,0,경기,남양주시,차대사람,기타,기타,안전운전 의무 불이행,단일로,기타단일로
9327,2013-12-22 01,야간,일,1,2,1,0,0,충남,태안군,차대차,정면충돌,정면충돌,중앙선 침범,단일로,기타단일로
9328,2013-10-29 09,주간,화,1,1,0,0,0,경기,광주시,차대사람,횡단중,횡단중,보행자 보호의무 위반,단일로,횡단보도상
9329,2013-10-09 19,야간,수,1,1,0,0,0,전남,목포시,차대사람,기타,기타,보행자 보호의무 위반,단일로,기타단일로
9330,2013-12-23 13,주간,월,1,1,0,0,0,서울,광진구,차대차,기타,기타,안전운전 의무 불이행,교차로,교차로내
9331,2013-11-13 05,야간,수,1,1,0,0,0,부산,사상구,차대차,측면충돌,측면충돌,신호위반,교차로,교차로내
9332,2013-11-23 06,주간,토,1,1,0,0,0,부산,사하구,차량단독,도로이탈,도로이탈 기타,안전운전 의무 불이행,단일로,기타단일로
9333,2013-10-19 11,주간,토,1,1,0,0,0,전남,순천시,차대사람,횡단중,횡단중,안전운전 의무 불이행,단일로,횡단보도상
9334,2013-12-28 23,야간,토,1,1,0,0,0,경기,안양시,차대차,추돌,주정차중 추돌,안전운전 의무 불이행,교차로,교차로부근
9335,2013-11-07 15,주간,목,1,1,0,0,0,제주,제주시,차대사람,횡단중,횡단중,보행자 보호의무 위반,단일로,횡단보도상
9336,2013-12-12 06,주간,목,1,1,0,0,0,경기,수원시,차대사람,기타,기타,신호위반,교차로,교차로내
9337,2013-12-26 08,주간,목,1,1,0,0,0,충남,서산시,차량단독,전도전복,전도전복,안전운전 의무 불이행,단일로,기타단일로
9338,2013-10-17 12,주간,목,1,1,0,0,0,서울,관악구,차대사람,기타,기타,안전운전 의무 불이행,교차로,교차로내
9339,2013-10-06 16,주간,일,1,1,0,0,0,경기,김포시,차량단독,전도전복,전도전복,안전운전 의무 불이행,단일로,기타단일로
9340,2013-12-26 08,주간,목,1,1,0,0,0,충남,서산시,차대사람,차도통행중,차도통행중,안전운전 의무 불이행,단일로,기타단일로
9341,2013-08-28 02,야간,수,1,1,0,0,0,인천,남구,차량단독,기타,기타,안전운전 의무 불이행,교차로,교차로내
9342,2013-10-11 14,주간,금,1,1,0,0,0,전남,목포시,차대사람,기타,기타,안전운전 의무 불이행,교차로,교차로내
9343,2013-11-14 21,야간,목,1,1,0,0,0,부산,사상구,차대사람,횡단중,횡단중,안전운전 의무 불이행,단일로,기타단일로
9344,2013-11-14 13,주간,목,1,1,0,0,0,경남,김해시,차대차,측면충돌,측면충돌,중앙선 침범,단일로,기타단일로
9345,2013-09-16 05,야간,월,1,1,0,0,0,대구,동구,차대사람,기타,기타,안전운전 의무 불이행,기타/불명,기타/불명
9346,2013-11-14 06,주간,목,1,1,0,0,0,경북,포항시,차대사람,기타,기타,안전운전 의무 불이행,교차로,교차로부근
9347,2013-10-21 19,야간,월,1,1,0,0,0,전남,순천시,차대차,측면충돌,측면충돌,기타,교차로,교차로부근
9348,2013-08-17 17,주간,토,1,1,0,0,0,경북,경주시,차대차,기타,기타,안전운전 의무 불이행,교차로,교차로내
9349,2013-10-14 19,야간,월,1,1,0,0,0,울산,중구,차대차,측면충돌,측면충돌,기타,단일로,기타단일로
9350,2013-10-15 17,주간,화,1,5,2,2,0,서울,마포구,차대차,기타,기타,중앙선 침범,단일로,기타단일로
9351,2013-10-20 01,야간,일,1,1,0,0,0,경기,성남시,차대사람,차도통행중,차도통행중,기타,단일로,기타단일로
9352,2013-11-23 18,야간,토,1,1,0,0,0,경북,포항시,차대사람,기타,기타,안전운전 의무 불이행,단일로,기타단일로
9353,2013-07-22 17,주간,월,1,1,0,0,0,광주,광산구,차대사람,횡단중,횡단중,안전운전 의무 불이행,단일로,기타단일로
9354,2013-10-08 13,주간,화,1,1,0,0,0,경기,김포시,차량단독,공작물충돌,공작물충돌,안전운전 의무 불이행,단일로,기타단일로
9355,2013-12-10 17,주간,화,1,1,0,0,0,충북,청주시,차대차,추돌,주정차중 추돌,안전운전 의무 불이행,교차로,교차로내
9356,2013-12-15 20,야간,일,1,1,0,0,0,경기,수원시,차대사람,기타,기타,안전운전 의무 불이행,단일로,기타단일로
9357,2013-08-06 02,야간,화,1,1,0,0,0,서울,영등포구,차대차,측면충돌,측면충돌,안전운전 의무 불이행,교차로,교차로내
9358,2013-06-19 05,야간,수,1,2,0,0,1,경북,구미시,차량단독,공작물충돌,공작물충돌,안전운전 의무 불이행,단일로,기타단일로
9359,2013-12-31 01,야간,화,1,2,1,0,0,충남,서산시,차량단독,공작물충돌,공작물충돌,안전운전 의무 불이행,단일로,기타단일로
9360,2013-10-21 14,주간,월,1,1,0,0,0,강원,춘천시,차대사람,횡단중,횡단중,안전운전 의무 불이행,단일로,기타단일로
9361,2013-09-21 22,야간,토,1,1,0,0,0,울산,남구,차대사람,횡단중,횡단중,안전운전 의무 불이행,단일로,기타단일로
9362,2013-12-19 07,주간,목,1,1,0,0,0,강원,강릉시,차대차,정면충돌,정면충돌,중앙선 침범,단일로,기타단일로
9363,2013-11-04 07,주간,월,1,1,0,0,0,경기,광주시,차대차,측면충돌,측면충돌,신호위반,교차로,교차로내
9364,2013-09-13 06,주간,금,1,1,0,0,0,인천,서구,차대사람,횡단중,횡단중,안전운전 의무 불이행,단일로,기타단일로
9365,2013-07-30 20,야간,화,1,2,0,1,0,경기,남양주시,차대차,측면충돌,측면충돌,신호위반,교차로,교차로부근
9366,2013-12-31 06,주간,화,1,2,1,0,0,서울,광진구,차대차,정면충돌,정면충돌,중앙선 침범,단일로,교량위
9367,2013-08-30 11,주간,금,1,2,0,1,0,전북,군산시,차대차,측면충돌,측면충돌,안전운전 의무 불이행,교차로,교차로내
9368,2013-08-23 05,야간,금,2,2,0,0,0,서울,강남구,차대사람,기타,기타,안전운전 의무 불이행,단일로,기타단일로
9369,2013-08-23 07,주간,금,1,3,2,0,0,서울,강남구,차대차,측면충돌,측면충돌,중앙선 침범,교차로,교차로부근
9370,2013-10-19 01,야간,토,1,1,0,0,0,울산,중구,차대사람,횡단중,횡단중,안전운전 의무 불이행,교차로,교차로내
9371,2013-11-20 23,야간,수,1,1,0,0,0,부산,사상구,차량단독,공작물충돌,공작물충돌,안전운전 의무 불이행,단일로,기타단일로
9372,2013-08-23 05,야간,금,1,1,0,0,0,경기,의정부시,차대차,추돌,주정차중 추돌,안전운전 의무 불이행,단일로,기타단일로
9373,2013-08-10 20,야간,토,1,5,2,2,0,강원,원주시,차대차,측면충돌,측면충돌,신호위반,교차로,교차로내
9374,2013-07-17 01,야간,수,2,2,0,0,0,경기,시흥시,차대사람,횡단중,횡단중,안전운전 의무 불이행,단일로,기타단일로
9375,2013-08-09 21,야간,금,1,2,0,0,1,서울,영등포구,차대차,측면충돌,측면충돌,안전운전 의무 불이행,교차로,교차로내
9376,2013-08-21 10,주간,수,1,1,0,0,0,경기,용인시,차대차,측면충돌,측면충돌,안전운전 의무 불이행,단일로,기타단일로
9377,2013-10-26 19,야간,토,1,1,0,0,0,충북,청원군,차대사람,횡단중,횡단중,안전운전 의무 불이행,단일로,기타단일로
9378,2013-07-22 10,주간,월,1,2,0,1,0,경기,남양주시,차대차,측면충돌,측면충돌,안전운전 의무 불이행,단일로,기타단일로
9379,2013-06-13 22,야간,목,1,1,0,0,0,경기,평택시,차대사람,횡단중,횡단중,안전운전 의무 불이행,교차로,교차로내
9380,2013-09-16 19,야간,월,1,1,0,0,0,인천,서구,차대차,기타,기타,안전운전 의무 불이행,단일로,기타단일로
9381,2013-09-10 07,주간,화,1,1,0,0,0,대구,동구,차대사람,기타,기타,안전운전 의무 불이행,단일로,기타단일로
9382,2013-12-19 06,주간,목,1,3,1,1,0,충북,청주시,차대차,정면충돌,정면충돌,중앙선 침범,단일로,기타단일로
9383,2013-11-21 21,야간,목,1,1,0,0,0,경북,포항시,차대차,기타,기타,안전운전 의무 불이행,교차로,교차로내
9384,2013-07-08 17,주간,월,1,4,3,0,0,충북,청원군,차대차,측면충돌,측면충돌,안전거리 미확보,단일로,기타단일로
9385,2013-12-23 22,야간,월,1,1,0,0,0,경기,성남시,차대사람,차도통행중,차도통행중,안전운전 의무 불이행,교차로,교차로부근
9386,2013-08-24 09,주간,토,1,1,0,0,0,경북,경주시,차량단독,공작물충돌,공작물충돌,안전운전 의무 불이행,교차로,교차로부근
9387,2013-10-19 01,야간,토,1,3,2,0,0,서울,강서구,차량단독,전도전복,전도전복,안전운전 의무 불이행,단일로,기타단일로
9388,2013-11-09 03,야간,토,1,1,0,0,0,부산,사상구,차대사람,기타,기타,안전운전 의무 불이행,교차로,교차로내
9389,2013-12-07 19,야간,토,1,2,1,0,0,부산,사하구,차량단독,기타,기타,안전운전 의무 불이행,단일로,기타단일로
9390,2013-08-31 08,주간,토,1,1,0,0,0,서울,동대문구,차대사람,차도통행중,차도통행중,안전운전 의무 불이행,기타/불명,기타/불명
9391,2013-10-10 06,주간,목,1,1,0,0,0,제주,제주시,차대사람,횡단중,횡단중,안전운전 의무 불이행,단일로,횡단보도상
9392,2013-08-19 03,야간,월,1,1,0,0,0,경기,안산시,차량단독,공작물충돌,공작물충돌,안전운전 의무 불이행,단일로,기타단일로
9393,2013-08-20 12,주간,화,1,2,0,1,0,전북,전주시,차대차,측면충돌,측면충돌,신호위반,교차로,교차로내
9394,2013-11-15 15,주간,금,1,1,0,0,0,경남,양산시,차량단독,기타,기타,안전운전 의무 불이행,기타/불명,기타/불명
9395,2013-12-02 21,야간,월,1,3,2,0,0,경남,거제시,차대사람,횡단중,횡단중,보행자 보호의무 위반,단일로,횡단보도상
9396,2013-12-24 22,야간,화,1,1,0,0,0,경기,수원시,차대사람,횡단중,횡단중,안전운전 의무 불이행,단일로,기타단일로
9397,2013-08-20 22,야간,화,1,1,0,0,0,전북,전주시,차대사람,횡단중,횡단중,안전운전 의무 불이행,교차로,교차로부근
9398,2013-08-26 09,주간,월,1,2,0,0,1,경북,경주시,차대차,기타,기타,중앙선 침범,교차로,교차로부근
9399,2013-10-09 23,야간,수,1,1,0,0,0,서울,용산구,차량단독,공작물충돌,공작물충돌,기타,교차로,교차로부근
9400,2013-10-29 11,주간,화,1,3,1,1,0,전남,여수시,차대차,측면충돌,측면충돌,신호위반,교차로,교차로내
9401,2013-12-03 10,주간,화,2,2,0,0,0,경남,거제시,차량단독,공작물충돌,공작물충돌,안전운전 의무 불이행,단일로,기타단일로
9402,2013-09-06 17,주간,금,1,2,0,1,0,전북,군산시,차대차,정면충돌,정면충돌,중앙선 침범,교차로,교차로부근
9403,2013-12-03 11,주간,화,1,1,0,0,0,경남,거제시,차대사람,기타,기타,안전운전 의무 불이행,단일로,기타단일로
9404,2013-12-25 05,야간,수,1,1,0,0,0,부산,연제구,차대사람,횡단중,횡단중,안전운전 의무 불이행,교차로,교차로내
9405,2013-08-21 10,주간,수,1,1,0,0,0,전북,전주시,차대사람,기타,기타,안전운전 의무 불이행,교차로,교차로내
9406,2013-07-29 22,야간,월,1,1,0,0,0,광주,광산구,차대차,측면충돌,측면충돌,안전운전 의무 불이행,단일로,기타단일로
9407,2013-10-05 19,야간,토,1,1,0,0,0,경기,고양시,차대차,기타,기타,중앙선 침범,단일로,기타단일로
9408,2013-10-02 07,주간,수,1,1,0,0,0,충남,천안시,차대차,측면충돌,측면충돌,기타,단일로,기타단일로
9409,2013-10-31 07,주간,목,1,1,0,0,0,충북,청주시,차대차,측면충돌,측면충돌,안전운전 의무 불이행,단일로,기타단일로
9410,2013-08-21 08,주간,수,1,1,0,0,0,경기,수원시,차대사람,기타,기타,안전운전 의무 불이행,단일로,기타단일로
9411,2013-11-25 19,야간,월,1,1,0,0,0,경북,포항시,차대사람,기타,기타,안전운전 의무 불이행,단일로,기타단일로
9412,2013-11-20 02,야간,수,1,2,1,0,0,서울,노원구,차량단독,전도전복,전도전복,안전운전 의무 불이행,단일로,기타단일로
9413,2013-12-02 06,주간,월,1,1,0,0,0,경남,거제시,차량단독,전도전복,전도전복,안전운전 의무 불이행,단일로,기타단일로
9414,2013-09-08 08,주간,일,1,1,0,0,0,전북,군산시,차대차,기타,기타,안전운전 의무 불이행,교차로,교차로부근
9415,2013-07-31 00,야간,수,1,1,0,0,0,광주,광산구,차대사람,횡단중,횡단중,안전운전 의무 불이행,단일로,기타단일로
9416,2013-10-31 16,주간,목,1,1,0,0,0,전남,여수시,차대차,기타,기타,안전운전 의무 불이행,단일로,기타단일로
9417,2013-07-31 16,주간,수,1,3,2,0,0,부산,부산진구,차대사람,횡단중,횡단중,안전운전 의무 불이행,교차로,교차로부근
9418,2013-11-28 16,주간,목,1,4,3,0,0,경남,김해시,차대차,측면충돌,측면충돌,교차로 통행방법 위반,교차로,교차로내
9419,2013-11-21 15,주간,목,1,1,0,0,0,서울,노원구,차대사람,차도통행중,차도통행중,안전운전 의무 불이행,교차로,교차로내
9420,2013-08-23 09,주간,금,1,1,0,0,0,전북,전주시,차량단독,공작물충돌,공작물충돌,안전운전 의무 불이행,단일로,기타단일로
9421,2013-10-04 16,주간,금,1,2,1,0,0,충남,천안시,차대사람,횡단중,횡단중,안전운전 의무 불이행,교차로,교차로내
9422,2013-07-07 02,야간,일,1,3,0,2,0,대구,수성구,차대차,측면충돌,측면충돌,신호위반,교차로,교차로내
9423,2013-11-02 00,야간,토,1,1,0,0,0,전남,여수시,차대사람,기타,기타,신호위반,교차로,교차로부근
9424,2013-12-01 18,야간,일,1,1,0,0,0,부산,사상구,차대사람,기타,기타,안전운전 의무 불이행,단일로,횡단보도부근
9425,2013-11-29 21,야간,금,1,2,1,0,0,경남,김해시,차대사람,기타,기타,안전운전 의무 불이행,교차로,교차로내
9426,2013-10-16 17,주간,수,1,1,0,0,0,제주,제주시,차대차,추돌,진행중 추돌,안전운전 의무 불이행,단일로,기타단일로
9427,2013-08-28 19,야간,수,1,1,0,0,0,경북,경주시,차대차,기타,기타,안전운전 의무 불이행,단일로,기타단일로
9428,2013-11-04 06,주간,월,1,1,0,0,0,강원,춘천시,차대사람,횡단중,횡단중,안전운전 의무 불이행,단일로,횡단보도상
9429,2013-08-22 14,주간,목,1,1,0,0,0,경기,안산시,차대사람,횡단중,횡단중,안전운전 의무 불이행,단일로,기타단일로