교통사고이력ID(사고기록 순서),발생년월일시,주야코드,요일코드,사망자수,부상자수,중상자수,경상자수,부상신고자수,발생지시도코드,발생지시도코드,사고유형대분류코드,사고유형중분류코드,사고유형코드,법규위반코드,도로형태대분류코드,도로로형태코드
9835,2013-10-10 05,야간,목,1,2,0,1,0,경기,시흥시,차대차,측면충돌,측면충돌,신호위반,교차로,교차로내
9836,2013-10-31 23,야간,목,1,1,0,0,0,대구,달서구,차대차,측면충돌,측면충돌,신호위반,교차로,교차로내
9837,2013-12-06 18,야간,금,1,1,0,0,0,경북,경주시,차대사람,기타,기타,안전운전 의무 불이행,단일로,기타단일로
9838,2013-11-24 01,야간,일,1,2,0,1,0,전북,전주시,차대차,추돌,진행중 추돌,과속,교차로,교차로부근
9839,2013-11-21 03,야간,목,1,1,0,0,0,서울,영등포구,차대차,정면충돌,정면충돌,중앙선 침범,단일로,기타단일로
9840,2013-12-08 06,주간,일,1,1,0,0,0,경북,경주시,차대사람,횡단중,횡단중,보행자 보호의무 위반,교차로,교차로내
9841,2013-10-03 07,주간,목,1,4,1,2,0,전북,익산시,차대차,추돌,주정차중 추돌,안전운전 의무 불이행,단일로,기타단일로
9842,2013-10-03 18,야간,목,1,1,0,0,0,전북,익산시,차대차,정면충돌,정면충돌,중앙선 침범,단일로,기타단일로
9843,2013-11-20 06,주간,수,1,1,0,0,0,대구,북구,차대사람,횡단중,횡단중,안전운전 의무 불이행,단일로,기타단일로
9844,2013-09-13 20,야간,금,1,1,0,0,0,광주,북구,차량단독,도로이탈,도로이탈 추락,안전운전 의무 불이행,단일로,기타단일로
9845,2013-11-16 22,야간,토,1,9,1,7,0,전북,전주시,차대차,측면충돌,측면충돌,신호위반,교차로,교차로내
9846,2013-08-29 21,야간,목,1,3,2,0,0,경기,수원시,차대차,측면충돌,측면충돌,신호위반,교차로,교차로내
9847,2013-08-20 22,야간,화,1,1,0,0,0,경기,평택시,차대사람,기타,기타,안전운전 의무 불이행,교차로,교차로내
9848,2013-10-02 23,야간,수,1,2,1,0,0,충북,청원군,차량단독,공작물충돌,공작물충돌,안전운전 의무 불이행,단일로,기타단일로
9849,2013-10-19 20,야간,토,1,1,0,0,0,광주,광산구,차대사람,횡단중,횡단중,안전운전 의무 불이행,단일로,기타단일로
9850,2013-10-20 02,야간,일,1,3,2,0,0,광주,광산구,차량단독,공작물충돌,공작물충돌,안전운전 의무 불이행,단일로,기타단일로
9851,2013-11-28 12,주간,목,1,1,0,0,0,대구,북구,차대차,측면충돌,측면충돌,기타,교차로,교차로부근
9852,2013-10-08 13,주간,화,1,1,0,0,0,광주,서구,차대차,측면충돌,측면충돌,안전운전 의무 불이행,교차로,교차로내
9853,2013-12-08 06,주간,일,1,1,0,0,0,서울,강남구,차대차,측면충돌,측면충돌,안전운전 의무 불이행,교차로,교차로부근
9854,2013-10-03 07,주간,목,1,1,0,0,0,인천,남동구,차대차,측면충돌,측면충돌,안전운전 의무 불이행,교차로,교차로내
9855,2013-12-09 02,야간,월,1,1,0,0,0,서울,강남구,차대차,기타,기타,안전운전 의무 불이행,단일로,기타단일로
9856,2013-12-28 23,야간,토,1,1,0,0,0,경기,파주시,차대사람,차도통행중,차도통행중,안전운전 의무 불이행,단일로,기타단일로
9857,2013-10-22 07,주간,화,1,1,0,0,0,광주,광산구,차대사람,횡단중,횡단중,신호위반,교차로,교차로내
9858,2013-12-08 14,주간,일,1,1,0,0,0,부산,수영구,차량단독,기타,기타,안전운전 의무 불이행,단일로,기타단일로
9859,2013-12-14 22,야간,토,1,4,3,0,0,경기,의정부시,차대차,측면충돌,측면충돌,안전운전 의무 불이행,교차로,교차로부근
9860,2013-10-09 18,야간,수,1,1,0,0,0,광주,서구,차대사람,기타,기타,보행자 보호의무 위반,단일로,횡단보도상
9861,2013-11-22 06,주간,금,1,1,0,0,0,전북,전주시,차대사람,횡단중,횡단중,안전운전 의무 불이행,단일로,기타단일로
9862,2013-08-24 06,주간,토,1,1,0,0,0,경기,평택시,차량단독,공작물충돌,공작물충돌,안전운전 의무 불이행,단일로,기타단일로
9863,2013-11-28 08,주간,목,1,1,0,0,0,경기,안산시,차대사람,횡단중,횡단중,신호위반,교차로,교차로내
9864,2013-12-30 15,주간,월,1,1,0,0,0,경기,파주시,차량단독,전도전복,전도전복,안전운전 의무 불이행,단일로,기타단일로
9865,2013-10-11 20,야간,금,1,1,0,0,0,전북,익산시,차대사람,차도통행중,차도통행중,안전운전 의무 불이행,단일로,기타단일로
9866,2013-12-07 00,야간,토,1,1,0,0,0,전북,전주시,차대차,기타,기타,안전운전 의무 불이행,단일로,기타단일로
9867,2013-11-24 19,야간,일,1,1,0,0,0,전북,전주시,차대사람,기타,기타,안전운전 의무 불이행,교차로,교차로내
9868,2013-12-18 15,주간,수,1,1,0,0,0,경기,용인시,차대차,측면충돌,측면충돌,신호위반,교차로,교차로부근
9869,2013-10-26 03,야간,토,1,1,0,0,0,경기,시흥시,차대사람,횡단중,횡단중,안전운전 의무 불이행,교차로,교차로내
9870,2013-12-06 05,야간,금,1,2,1,0,0,서울,영등포구,차대차,추돌,주정차중 추돌,안전운전 의무 불이행,단일로,기타단일로
9871,2013-12-06 06,주간,금,1,1,0,0,0,서울,영등포구,차대사람,횡단중,횡단중,안전운전 의무 불이행,교차로,교차로내
9872,2013-09-28 10,주간,토,1,1,0,0,0,대구,수성구,차대사람,차도통행중,차도통행중,안전운전 의무 불이행,교차로,교차로내
9873,2013-11-26 08,주간,화,1,1,0,0,0,전북,전주시,차대차,측면충돌,측면충돌,기타,단일로,기타단일로
9874,2013-10-14 16,주간,월,2,4,2,0,0,광주,서구,차대사람,길가장자리구역통행중,길가장자리구역통행중,안전운전 의무 불이행,단일로,기타단일로
9875,2013-09-02 16,주간,월,1,1,0,0,0,대전,유성구,차대사람,기타,기타,안전운전 의무 불이행,교차로,교차로내
9876,2013-12-24 00,야간,화,1,1,0,0,0,경북,경주시,차량단독,공작물충돌,공작물충돌,안전운전 의무 불이행,교차로,교차로내
9877,2013-10-10 01,야간,목,1,2,1,0,0,충북,청주시,차량단독,공작물충돌,공작물충돌,안전운전 의무 불이행,단일로,기타단일로
9878,2013-12-24 18,야간,화,2,2,0,0,0,경북,경주시,차대차,기타,기타,중앙선 침범,단일로,기타단일로
9879,2013-11-24 18,야간,일,1,1,0,0,0,부산,부산진구,차대차,기타,기타,중앙선 침범,단일로,기타단일로
9880,2013-12-25 05,야간,수,1,1,0,0,0,경북,경주시,차대사람,횡단중,횡단중,안전운전 의무 불이행,단일로,기타단일로
9881,2013-10-29 18,야간,화,1,1,0,0,0,경기,시흥시,차량단독,기타,기타,안전운전 의무 불이행,단일로,기타단일로
9882,2013-10-30 13,주간,수,1,1,0,0,0,경기,시흥시,차대사람,기타,기타,신호위반,교차로,교차로내
9883,2013-12-26 20,야간,목,1,1,0,0,0,경북,경주시,차대사람,기타,기타,안전운전 의무 불이행,단일로,기타단일로
9884,2013-11-30 12,주간,토,1,1,0,0,0,전북,전주시,차대차,측면충돌,측면충돌,기타,교차로,교차로내
9885,2013-10-18 08,주간,금,1,3,2,0,0,전북,익산시,차대차,추돌,주정차중 추돌,안전운전 의무 불이행,교차로,교차로부근
9886,2013-10-18 20,야간,금,1,1,0,0,0,전북,익산시,차대차,측면충돌,측면충돌,안전운전 의무 불이행,교차로,교차로내
9887,2013-12-28 04,야간,토,1,1,0,0,0,경북,경주시,차대차,기타,기타,안전운전 의무 불이행,기타/불명,기타/불명
9888,2013-10-03 04,야간,목,1,1,0,0,0,대구,수성구,차대사람,기타,기타,안전운전 의무 불이행,교차로,교차로부근
9889,2013-11-22 19,야간,금,1,1,0,0,0,대구,달서구,차대차,기타,기타,보행자 보호의무 위반,단일로,횡단보도상
9890,2013-10-14 17,주간,월,1,1,0,0,0,충북,청주시,차대사람,보도통행중,보도통행중,기타,단일로,기타단일로
9891,2013-09-16 05,야간,월,1,1,0,0,0,경북,구미시,차대차,추돌,진행중 추돌,안전운전 의무 불이행,단일로,기타단일로
9892,2013-08-31 19,야간,토,1,1,0,0,0,경기,평택시,차대차,기타,기타,안전운전 의무 불이행,단일로,기타단일로
9893,2013-11-03 19,야간,일,1,1,0,0,0,경기,시흥시,차대차,추돌,진행중 추돌,신호위반,교차로,교차로부근
9894,2013-10-07 18,야간,월,1,1,0,0,0,대구,수성구,차대사람,횡단중,횡단중,안전운전 의무 불이행,교차로,교차로내
9895,2013-11-26 04,야간,화,1,1,0,0,0,대구,달서구,차대차,기타,기타,안전운전 의무 불이행,단일로,기타단일로
9896,2013-11-26 13,주간,화,1,1,0,0,0,대구,달서구,차대사람,기타,기타,안전운전 의무 불이행,단일로,기타단일로
9897,2013-12-07 07,주간,토,1,1,0,0,0,전북,전주시,차대사람,보도통행중,보도통행중,신호위반,교차로,교차로부근
9898,2013-10-23 19,야간,수,1,1,0,0,0,전북,익산시,차대차,측면충돌,측면충돌,신호위반,교차로,교차로내
9899,2013-12-20 20,야간,금,1,1,0,0,0,경기,화성시,차대사람,기타,기타,안전운전 의무 불이행,교차로,교차로부근
9900,2013-10-24 18,야간,목,1,1,0,0,0,전북,익산시,차대사람,횡단중,횡단중,안전운전 의무 불이행,단일로,기타단일로
9901,2013-12-03 21,야간,화,1,1,0,0,0,강원,원주시,차대차,추돌,진행중 추돌,과속,단일로,기타단일로
9902,2013-09-16 03,야간,월,1,1,0,0,0,경기,수원시,차량단독,공작물충돌,공작물충돌,안전운전 의무 불이행,단일로,기타단일로
9903,2013-11-09 15,주간,토,1,1,0,0,0,광주,광산구,차량단독,공작물충돌,공작물충돌,안전운전 의무 불이행,단일로,기타단일로
9904,2013-11-25 05,야간,월,1,2,0,1,0,경기,남양주시,차대차,측면충돌,측면충돌,기타,교차로,교차로내
9905,2013-10-21 14,주간,월,1,1,0,0,0,인천,남동구,차량단독,기타,기타,안전운전 의무 불이행,교차로,교차로내
9906,2013-10-10 10,주간,목,1,2,1,0,0,경기,고양시,차대차,기타,기타,신호위반,단일로,횡단보도상
9907,2013-10-27 00,야간,일,1,2,1,0,0,전북,익산시,차대차,측면충돌,측면충돌,기타,교차로,교차로내
9908,2013-12-27 23,야간,금,1,1,0,0,0,서울,영등포구,차대사람,횡단중,횡단중,보행자 보호의무 위반,교차로,교차로내
9909,2013-12-24 09,주간,화,1,1,0,0,0,경기,화성시,차대사람,차도통행중,차도통행중,안전운전 의무 불이행,단일로,기타단일로
9910,2013-12-28 04,야간,토,1,1,0,0,0,전북,전주시,차대사람,횡단중,횡단중,안전운전 의무 불이행,단일로,기타단일로
9911,2013-12-26 23,야간,목,1,1,0,0,0,경기,수원시,차대사람,기타,기타,안전운전 의무 불이행,단일로,기타단일로
9912,2013-11-29 23,야간,금,1,1,0,0,0,경기,남양주시,차대차,측면충돌,측면충돌,교차로 통행방법 위반,교차로,교차로내
9913,2013-11-13 23,야간,수,1,1,0,0,0,경기,시흥시,차대사람,기타,기타,안전운전 의무 불이행,단일로,기타단일로
9914,2013-10-25 16,주간,금,1,1,0,0,0,충북,청원군,차대차,측면충돌,측면충돌,안전운전 의무 불이행,교차로,교차로내
9915,2013-12-01 05,야간,일,1,1,0,0,0,경기,남양주시,차대차,추돌,진행중 추돌,안전거리 미확보,단일로,기타단일로
9916,2013-11-02 18,야간,토,1,1,0,0,0,광주,서구,차대차,추돌,주정차중 추돌,안전운전 의무 불이행,단일로,기타단일로
9917,2013-12-03 08,주간,화,1,1,0,0,0,경기,남양주시,차량단독,전도전복,전도전복,안전운전 의무 불이행,단일로,기타단일로
9918,2013-12-04 13,주간,수,1,1,0,0,0,경기,남양주시,차량단독,기타,기타,안전운전 의무 불이행,단일로,기타단일로
9919,2013-09-29 12,주간,일,1,1,0,0,0,경북,구미시,차대사람,기타,기타,안전운전 의무 불이행,교차로,교차로내
9920,2013-11-16 23,야간,토,1,2,0,1,0,광주,광산구,차대차,추돌,진행중 추돌,안전운전 의무 불이행,단일로,기타단일로
9921,2013-11-18 01,야간,월,1,1,0,0,0,광주,광산구,차대사람,횡단중,횡단중,안전운전 의무 불이행,단일로,기타단일로
9922,2013-09-30 07,주간,월,1,1,0,0,0,경북,구미시,차대차,추돌,주정차중 추돌,안전운전 의무 불이행,교차로,교차로부근
9923,2013-09-13 04,야간,금,1,2,0,1,0,경기,평택시,차대차,측면충돌,측면충돌,기타,교차로,교차로내
9924,2013-11-07 11,주간,목,1,2,1,0,0,광주,서구,차대차,기타,기타,안전운전 의무 불이행,단일로,횡단보도상
9925,2013-11-19 03,야간,화,1,1,0,0,0,광주,광산구,차량단독,기타,기타,안전운전 의무 불이행,단일로,기타단일로
9926,2013-12-08 18,야간,일,1,1,0,0,0,경기,남양주시,차량단독,공작물충돌,공작물충돌,안전운전 의무 불이행,기타/불명,기타/불명
9927,2013-12-26 08,주간,목,1,2,1,0,0,전북,전주시,차대차,측면충돌,측면충돌,신호위반,교차로,교차로내
9928,2013-11-10 16,주간,일,1,1,0,0,0,광주,서구,차대사람,횡단중,횡단중,신호위반,단일로,기타단일로
9929,2013-09-14 21,야간,토,1,1,0,0,0,경기,평택시,차대사람,기타,기타,안전운전 의무 불이행,단일로,기타단일로
9930,2013-12-21 01,야간,토,1,1,0,0,0,부산,부산진구,차대차,측면충돌,측면충돌,신호위반,교차로,교차로내
9931,2013-12-28 21,야간,토,1,8,7,0,0,전북,전주시,차대차,정면충돌,정면충돌,중앙선 침범,단일로,기타단일로
9932,2013-10-18 07,주간,금,1,1,0,0,0,광주,북구,차대차,측면충돌,측면충돌,안전운전 의무 불이행,단일로,기타단일로
9933,2013-11-27 18,야간,수,1,1,0,0,0,경기,시흥시,차대사람,횡단중,횡단중,안전운전 의무 불이행,단일로,기타단일로
9934,2013-10-07 22,야간,월,1,1,0,0,0,경북,구미시,차량단독,공작물충돌,공작물충돌,안전운전 의무 불이행,단일로,기타단일로
9935,2013-11-10 06,주간,일,1,1,0,0,0,인천,남동구,차대사람,횡단중,횡단중,신호위반,교차로,교차로부근
9936,2013-11-09 03,야간,토,1,1,0,0,0,충북,청주시,차대사람,기타,기타,안전운전 의무 불이행,단일로,기타단일로
9937,2013-11-13 13,주간,수,1,1,0,0,0,전북,익산시,차대사람,기타,기타,안전운전 의무 불이행,교차로,교차로부근
9938,2013-11-29 04,야간,금,1,1,0,0,0,경기,시흥시,차량단독,전도전복,전도전복,안전운전 의무 불이행,단일로,기타단일로
9939,2013-10-30 06,주간,수,1,1,0,0,0,경기,고양시,차대사람,횡단중,횡단중,안전운전 의무 불이행,단일로,횡단보도부근
9940,2013-11-30 08,주간,토,1,1,0,0,0,경기,시흥시,차대차,측면충돌,측면충돌,신호위반,교차로,교차로내
9941,2013-11-30 13,주간,토,1,1,0,0,0,경기,시흥시,차대사람,횡단중,횡단중,신호위반,교차로,교차로내
9942,2013-10-11 08,주간,금,1,1,0,0,0,경북,구미시,차량단독,공작물충돌,공작물충돌,안전운전 의무 불이행,단일로,기타단일로
9943,2013-11-02 18,야간,토,1,1,0,0,0,대구,수성구,차대사람,기타,기타,안전운전 의무 불이행,단일로,고가도로위
9944,2013-10-26 04,야간,토,1,1,0,0,0,광주,북구,차대사람,기타,기타,안전운전 의무 불이행,교차로,교차로부근
9945,2013-11-15 16,주간,금,1,1,0,0,0,인천,남동구,차량단독,기타,기타,안전운전 의무 불이행,단일로,기타단일로
9946,2013-12-30 06,주간,월,1,1,0,0,0,대구,달서구,차대사람,기타,기타,안전운전 의무 불이행,단일로,기타단일로
9947,2013-11-05 05,야간,화,1,1,0,0,0,대구,수성구,차대차,측면충돌,측면충돌,안전운전 의무 불이행,교차로,교차로내
9948,2013-11-18 18,야간,월,1,1,0,0,0,인천,남동구,차대사람,기타,기타,안전운전 의무 불이행,교차로,교차로내
9949,2013-10-16 01,야간,수,2,7,5,0,0,경북,구미시,차대차,측면충돌,측면충돌,과속,교차로,교차로내
9950,2013-11-26 07,주간,화,1,1,0,0,0,광주,서구,차대사람,횡단중,횡단중,보행자 보호의무 위반,단일로,기타단일로
9951,2013-12-29 01,야간,일,1,3,2,0,0,경기,남양주시,차대차,기타,기타,안전운전 의무 불이행,교차로,교차로부근
9952,2013-12-11 03,야간,수,1,3,1,1,0,광주,광산구,차대차,정면충돌,정면충돌,중앙선 침범,단일로,기타단일로
9953,2013-12-14 19,야간,토,1,1,0,0,0,경기,부천시,차대사람,기타,기타,안전운전 의무 불이행,교차로,교차로부근
9954,2013-12-29 22,야간,일,1,1,0,0,0,경기,남양주시,차대사람,횡단중,횡단중,안전운전 의무 불이행,단일로,횡단보도상
9955,2013-10-01 05,야간,화,1,1,0,0,0,경기,평택시,차대사람,횡단중,횡단중,신호위반,단일로,횡단보도상
9956,2013-11-10 10,주간,일,1,1,0,0,0,경기,고양시,차대사람,횡단중,횡단중,보행자 보호의무 위반,교차로,교차로내
9957,2013-11-21 15,주간,목,1,1,0,0,0,인천,남동구,차대사람,횡단중,횡단중,안전운전 의무 불이행,단일로,기타단일로
9958,2013-11-25 07,주간,월,1,1,0,0,0,전북,익산시,차대사람,보도통행중,보도통행중,보행자 보호의무 위반,단일로,횡단보도상
9959,2013-11-23 19,야간,토,1,1,0,0,0,인천,남동구,차대사람,기타,기타,안전운전 의무 불이행,단일로,기타단일로
9960,2013-11-13 14,주간,수,1,1,0,0,0,경기,고양시,차대사람,기타,기타,안전운전 의무 불이행,단일로,기타단일로
9961,2013-10-04 10,주간,금,1,1,0,0,0,경기,평택시,차대사람,기타,기타,안전운전 의무 불이행,단일로,기타단일로
9962,2013-12-18 07,주간,수,1,2,0,1,0,경기,시흥시,차대사람,기타,기타,안전운전 의무 불이행,단일로,횡단보도부근
9963,2013-11-29 07,주간,금,1,2,1,0,0,전북,익산시,차대차,정면충돌,정면충돌,중앙선 침범,단일로,기타단일로
9964,2013-10-22 16,주간,화,1,1,0,0,0,대전,유성구,차량단독,기타,기타,안전운전 의무 불이행,단일로,기타단일로
9965,2013-12-05 22,야간,목,1,1,0,0,0,광주,서구,차대차,측면충돌,측면충돌,안전거리 미확보,단일로,기타단일로
9966,2013-11-30 15,주간,토,1,1,0,0,0,전북,익산시,차대차,측면충돌,측면충돌,신호위반,교차로,교차로내
9967,2013-11-08 18,야간,금,1,1,0,0,0,광주,북구,차대사람,기타,기타,안전운전 의무 불이행,단일로,기타단일로
9968,2013-11-09 06,주간,토,1,2,0,1,0,광주,북구,차대사람,횡단중,횡단중,안전운전 의무 불이행,단일로,횡단보도부근
9969,2013-12-03 10,주간,화,1,1,0,0,0,전북,익산시,차대사람,기타,기타,안전운전 의무 불이행,단일로,기타단일로
9970,2013-11-10 03,야간,일,2,4,2,0,0,광주,북구,차대차,측면충돌,측면충돌,안전운전 의무 불이행,단일로,기타단일로
9971,2013-11-21 09,주간,목,1,3,1,1,0,경기,고양시,차대차,추돌,진행중 추돌,안전거리 미확보,단일로,기타단일로
9972,2013-10-24 03,야간,목,1,1,0,0,0,경기,수원시,차대사람,횡단중,횡단중,신호위반,교차로,교차로내
9973,2013-10-10 14,주간,목,1,1,0,0,0,경기,평택시,차대차,기타,기타,안전운전 의무 불이행,단일로,기타단일로
9974,2013-11-20 18,야간,수,1,2,1,0,0,대구,수성구,차량단독,공작물충돌,공작물충돌,안전운전 의무 불이행,교차로,교차로내
9975,2013-12-28 20,야간,토,1,1,0,0,0,경기,시흥시,차대사람,기타,기타,안전운전 의무 불이행,단일로,기타단일로
9976,2013-12-31 13,주간,화,1,2,1,0,0,경기,시흥시,차대차,기타,기타,안전운전 의무 불이행,단일로,기타단일로
9977,2013-11-01 01,야간,금,1,1,0,0,0,대전,서구,차대차,추돌,주정차중 추돌,안전운전 의무 불이행,단일로,기타단일로
9978,2013-10-27 18,야간,일,1,1,0,0,0,경기,수원시,차대사람,횡단중,횡단중,안전운전 의무 불이행,단일로,기타단일로
9979,2013-12-15 21,야간,일,1,1,0,0,0,광주,서구,차대사람,횡단중,횡단중,안전운전 의무 불이행,교차로,교차로내
9980,2013-11-02 15,주간,토,1,1,0,0,0,대전,서구,차대사람,기타,기타,안전운전 의무 불이행,단일로,지하차도(도로)내
9981,2013-12-11 07,주간,수,1,3,2,0,0,전북,익산시,차대차,추돌,진행중 추돌,안전운전 의무 불이행,단일로,기타단일로
9982,2013-12-11 06,주간,수,1,2,1,0,0,전북,익산시,차대차,추돌,진행중 추돌,안전운전 의무 불이행,교차로,교차로부근
9983,2013-10-15 00,야간,화,1,3,2,0,0,경기,평택시,차대차,추돌,주정차중 추돌,안전운전 의무 불이행,단일로,기타단일로
9984,2013-12-12 23,야간,목,1,1,0,0,0,전북,익산시,차대차,정면충돌,정면충돌,중앙선 침범,교차로,교차로부근
9985,2013-12-13 06,주간,금,1,1,0,0,0,전북,익산시,차대사람,횡단중,횡단중,신호위반,교차로,교차로부근
9986,2013-11-28 08,주간,목,1,1,0,0,0,대구,수성구,차대사람,기타,기타,안전운전 의무 불이행,단일로,기타단일로
9987,2013-12-24 17,주간,화,1,1,0,0,0,광주,서구,차대사람,횡단중,횡단중,안전운전 의무 불이행,교차로,교차로부근
9988,2013-11-30 14,주간,토,1,1,0,0,0,대구,수성구,차대사람,기타,기타,안전운전 의무 불이행,단일로,기타단일로
9989,2013-11-12 06,주간,화,1,1,0,0,0,경북,구미시,차대차,기타,기타,신호위반,교차로,교차로내
9990,2013-12-19 02,야간,목,1,5,4,0,0,인천,남동구,차대차,추돌,주정차중 추돌,안전운전 의무 불이행,교차로,교차로내
9991,2013-12-27 23,야간,금,1,1,0,0,0,광주,서구,차대사람,횡단중,횡단중,안전운전 의무 불이행,단일로,기타단일로
9992,2013-10-22 23,야간,화,1,1,0,0,0,경기,평택시,차대차,측면충돌,측면충돌,안전운전 의무 불이행,교차로,교차로내
9993,2013-12-04 14,주간,수,1,1,0,0,0,대구,수성구,차대사람,횡단중,횡단중,보행자 보호의무 위반,단일로,횡단보도상
9994,2013-11-14 19,야간,목,1,1,0,0,0,경북,구미시,차량단독,도로이탈,도로이탈 추락,안전운전 의무 불이행,교차로,교차로부근
9995,2013-12-23 16,주간,월,1,1,0,0,0,전북,익산시,차량단독,전도전복,전도전복,안전운전 의무 불이행,교차로,교차로부근
9996,2013-11-15 12,주간,금,1,1,0,0,0,경북,구미시,차대차,기타,기타,안전운전 의무 불이행,교차로,교차로내
9997,2013-12-22 02,야간,일,1,1,0,0,0,충북,청주시,차대사람,차도통행중,차도통행중,안전운전 의무 불이행,단일로,기타단일로
9998,2013-12-24 04,야간,화,1,1,0,0,0,충북,청원군,차대차,정면충돌,정면충돌,중앙선 침범,단일로,기타단일로
9999,2013-12-28 01,야간,토,1,5,1,3,0,전북,익산시,차대차,기타,기타,중앙선 침범,단일로,교량위
10000,2013-12-27 07,주간,금,1,1,0,0,0,인천,남동구,차대차,측면충돌,측면충돌,기타,단일로,기타단일로
10001,2013-12-10 10,주간,화,1,1,0,0,0,대구,수성구,차대차,기타,기타,안전운전 의무 불이행,단일로,횡단보도부근
10002,2013-12-28 23,야간,토,1,1,0,0,0,인천,남동구,차대차,기타,기타,안전운전 의무 불이행,단일로,횡단보도부근
10003,2013-12-19 06,주간,목,1,1,0,0,0,경기,고양시,차대사람,차도통행중,차도통행중,안전운전 의무 불이행,단일로,기타단일로
10004,2013-12-31 17,주간,화,1,1,0,0,0,인천,남동구,차대차,측면충돌,측면충돌,안전운전 의무 불이행,교차로,교차로내
10005,2013-12-22 05,야간,일,1,1,0,0,0,경기,고양시,차대사람,횡단중,횡단중,보행자 보호의무 위반,교차로,교차로부근
10006,2013-11-26 06,주간,화,1,1,0,0,0,경북,구미시,차대사람,기타,기타,안전운전 의무 불이행,단일로,기타단일로
10007,2013-12-07 20,야간,토,1,1,0,0,0,광주,북구,차대사람,횡단중,횡단중,안전운전 의무 불이행,단일로,기타단일로
10008,2013-12-08 18,야간,일,1,2,1,0,0,서울,송파구,차대차,측면충돌,측면충돌,안전운전 의무 불이행,단일로,기타단일로
10009,2013-11-26 21,야간,화,1,1,0,0,0,대전,유성구,차대사람,횡단중,횡단중,안전운전 의무 불이행,교차로,교차로내
10010,2013-12-20 11,주간,금,1,5,1,3,0,대구,수성구,차대차,추돌,주정차중 추돌,안전운전 의무 불이행,단일로,횡단보도부근
10011,2013-11-29 18,야간,금,1,1,0,0,0,경북,구미시,차대차,기타,기타,안전운전 의무 불이행,단일로,기타단일로
10012,2013-12-28 08,주간,토,1,1,0,0,0,경기,고양시,차량단독,도로이탈,도로이탈 추락,안전운전 의무 불이행,단일로,교량위
10013,2013-12-01 19,야간,일,1,1,0,0,0,경북,구미시,차대사람,기타,기타,안전운전 의무 불이행,단일로,기타단일로
10014,2013-11-23 20,야간,토,1,1,0,0,0,경기,수원시,차대사람,횡단중,횡단중,안전운전 의무 불이행,단일로,기타단일로
10015,2013-12-03 11,주간,화,1,1,0,0,0,경북,구미시,차대차,기타,기타,교차로 통행방법 위반,교차로,교차로내
10016,2013-12-03 19,야간,화,1,1,0,0,0,경북,구미시,차량단독,기타,기타,안전운전 의무 불이행,단일로,기타단일로
10017,2013-11-10 23,야간,일,1,3,2,0,0,경기,평택시,차량단독,도로이탈,도로이탈 추락,안전운전 의무 불이행,단일로,기타단일로
10018,2013-12-07 19,야간,토,1,1,0,0,0,경북,구미시,차대사람,횡단중,횡단중,안전운전 의무 불이행,교차로,교차로부근
10019,2013-12-18 17,주간,수,1,1,0,0,0,경북,구미시,차량단독,전도전복,전도전복,안전운전 의무 불이행,단일로,기타단일로
10020,2013-12-19 17,주간,목,1,1,0,0,0,대전,서구,차대사람,횡단중,횡단중,안전운전 의무 불이행,단일로,기타단일로
10021,2013-12-23 08,주간,월,1,1,0,0,0,대전,유성구,차대차,기타,기타,안전운전 의무 불이행,단일로,기타단일로
10022,2013-12-24 00,야간,화,1,3,2,0,0,대전,유성구,차대차,측면충돌,측면충돌,안전거리 미확보,교차로,교차로부근
10023,2013-12-02 06,주간,월,1,1,0,0,0,경기,평택시,차대사람,차도통행중,차도통행중,안전운전 의무 불이행,단일로,기타단일로
10024,2013-12-02 11,주간,월,1,1,0,0,0,경기,평택시,차대차,측면충돌,측면충돌,기타,교차로,교차로내
10025,2013-12-03 05,야간,화,1,21,0,20,0,경기,평택시,차대차,추돌,진행중 추돌,안전운전 의무 불이행,교차로,교차로부근
10026,2013-12-30 23,야간,월,1,2,1,0,0,대전,서구,차대사람,횡단중,횡단중,신호위반,교차로,교차로부근
10027,2013-12-27 07,주간,금,1,1,0,0,0,경기,수원시,차대사람,기타,기타,신호위반,단일로,횡단보도상
10028,2013-12-13 12,주간,금,1,1,0,0,0,경기,평택시,차대사람,기타,기타,기타,단일로,기타단일로
10029,2013-12-17 09,주간,화,1,1,0,0,0,경기,평택시,차대사람,횡단중,횡단중,안전운전 의무 불이행,교차로,교차로부근
10030,2013-12-24 08,주간,화,1,3,1,1,0,경기,평택시,차대차,기타,기타,중앙선 침범,단일로,기타단일로
10031,2013-12-26 04,야간,목,1,1,0,0,0,경기,평택시,차량단독,공작물충돌,공작물충돌,안전운전 의무 불이행,단일로,기타단일로
10032,2013-12-31 21,야간,화,1,9,5,2,1,대구,달성군,차대차,정면충돌,정면충돌,중앙선 침범,단일로,기타단일로
10033,2013-12-31 22,야간,화,1,3,0,2,0,전남,강진군,차대사람,기타,기타,안전운전 의무 불이행,기타/불명,기타/불명
10034,2013-12-31 23,야간,화,1,1,0,0,0,제주,서귀포시,차대사람,기타,기타,안전운전 의무 불이행,교차로,교차로부근
10035,2013-12-31 22,야간,화,1,1,0,0,0,경북,문경시,차대사람,기타,기타,안전운전 의무 불이행,단일로,기타단일로
10036,2013-12-31 21,야간,화,1,4,2,1,0,경북,경산시,차대차,기타,기타,교차로 통행방법 위반,교차로,교차로내
10037,2013-12-31 19,야간,화,1,1,0,0,0,충남,천안시,차대사람,횡단중,횡단중,신호위반,교차로,교차로내