교통사고이력ID(사고기록 순서),발생년월일시,주야코드,요일코드,사망자수,부상자수,중상자수,경상자수,부상신고자수,발생지시도코드,발생지시도코드,사고유형대분류코드,사고유형중분류코드,사고유형코드,법규위반코드,도로형태대분류코드,도로로형태코드
10038,2013-12-21 15,주간,토,1,1,0,0,0,인천,중구,차량단독,공작물충돌,공작물충돌,안전운전 의무 불이행,단일로,기타단일로
10039,2013-12-31 07,주간,화,1,1,0,0,0,전북,익산시,차대차,측면충돌,측면충돌,안전운전 의무 불이행,단일로,기타단일로
10040,2013-12-15 06,주간,일,1,1,0,0,0,경기,고양시,차량단독,공작물충돌,공작물충돌,안전운전 의무 불이행,단일로,기타단일로
10041,2013-12-16 21,야간,월,1,1,0,0,0,대구,북구,차량단독,공작물충돌,공작물충돌,안전운전 의무 불이행,단일로,기타단일로
10042,2014-01-01 09,주간,수,1,1,0,0,0,경기,부천시,차대차,측면충돌,측면충돌,신호위반,교차로,교차로내
10043,2014-01-01 01,야간,수,1,1,0,0,0,충남,서산시,차대사람,기타,기타,안전운전 의무 불이행,단일로,기타단일로
10044,2014-01-01 07,주간,수,1,2,1,0,0,서울,송파구,차대차,기타,기타,안전운전 의무 불이행,단일로,기타단일로
10045,2014-01-01 04,야간,수,1,1,0,0,0,전북,군산시,차대사람,횡단중,횡단중,안전운전 의무 불이행,단일로,기타단일로
10046,2014-01-01 18,야간,수,1,1,0,0,0,강원,화천군,차량단독,전도전복,전도전복,안전운전 의무 불이행,단일로,기타단일로
10047,2014-01-01 09,주간,수,2,4,2,0,0,충북,보은군,차량단독,공작물충돌,공작물충돌,안전운전 의무 불이행,단일로,기타단일로
10048,2014-01-01 00,야간,수,1,1,0,0,0,전남,진도군,차대차,추돌,진행중 추돌,안전운전 의무 불이행,단일로,기타단일로
10049,2014-01-02 18,야간,목,1,2,0,1,0,전남,보성군,차대차,추돌,진행중 추돌,안전운전 의무 불이행,단일로,기타단일로
10050,2014-01-03 06,주간,금,1,1,0,0,0,전남,보성군,차대사람,길가장자리구역통행중,길가장자리구역통행중,안전운전 의무 불이행,단일로,기타단일로
10051,2014-01-01 05,야간,수,2,2,0,0,0,서울,영등포구,차대차,기타,기타,과속,단일로,기타단일로
10052,2014-01-02 23,야간,목,1,1,0,0,0,전남,강진군,차대사람,차도통행중,차도통행중,안전운전 의무 불이행,단일로,기타단일로
10053,2014-01-03 18,야간,금,1,1,0,0,0,경남,하동군,차대사람,기타,기타,안전운전 의무 불이행,단일로,기타단일로
10054,2014-01-02 06,주간,목,1,1,0,0,0,대전,중구,차대차,기타,기타,안전운전 의무 불이행,교차로,교차로부근
10055,2014-01-01 18,야간,수,1,2,0,1,0,경기,광주시,차대사람,보도통행중,보도통행중,보행자 보호의무 위반,단일로,횡단보도상
10056,2014-01-20 13,주간,월,1,4,2,1,0,전북,진안군,차량단독,도로이탈,도로이탈 기타,안전운전 의무 불이행,단일로,기타단일로
10057,2014-01-01 02,야간,수,1,1,0,0,0,경기,부천시,차대사람,기타,기타,안전운전 의무 불이행,교차로,교차로내
10058,2014-01-06 04,야간,월,1,1,0,0,0,경남,의령군,차량단독,공작물충돌,공작물충돌,안전운전 의무 불이행,단일로,기타단일로
10059,2014-01-04 01,야간,토,1,1,0,0,0,전남,강진군,차량단독,공작물충돌,공작물충돌,안전운전 의무 불이행,교차로,교차로내
10060,2014-01-03 10,주간,금,1,1,0,0,0,전북,부안군,차대사람,길가장자리구역통행중,길가장자리구역통행중,안전운전 의무 불이행,단일로,기타단일로
10061,2014-01-05 19,야간,일,1,1,0,0,0,경북,고령군,차량단독,도로이탈,도로이탈 추락,안전운전 의무 불이행,단일로,기타단일로
10062,2014-01-06 17,주간,월,1,1,0,0,0,강원,정선군,차량단독,기타,기타,안전운전 의무 불이행,기타/불명,기타/불명
10063,2014-01-02 19,야간,목,1,1,0,0,0,전남,영암군,차량단독,공작물충돌,공작물충돌,신호위반,교차로,교차로내
10064,2014-01-05 17,주간,일,1,2,0,1,0,충북,옥천군,차대차,측면충돌,측면충돌,중앙선 침범,단일로,기타단일로
10065,2014-01-13 17,주간,월,1,1,0,0,0,전남,함평군,차량단독,공작물충돌,공작물충돌,안전운전 의무 불이행,단일로,기타단일로
10066,2014-01-02 05,야간,목,1,1,0,0,0,경기,용인시,차대사람,길가장자리구역통행중,길가장자리구역통행중,안전운전 의무 불이행,단일로,기타단일로
10067,2014-01-01 21,야간,수,1,1,0,0,0,경기,이천시,차대차,추돌,진행중 추돌,안전운전 의무 불이행,단일로,기타단일로
10068,2014-01-03 04,야간,금,1,1,0,0,0,경남,창원시(통합),차량단독,공작물충돌,공작물충돌,안전운전 의무 불이행,교차로,교차로내
10069,2014-01-04 08,주간,토,1,2,1,0,0,경북,영덕군,차대차,추돌,주정차중 추돌,안전운전 의무 불이행,단일로,기타단일로
10070,2014-01-01 21,야간,수,1,1,0,0,0,대전,동구,차대사람,횡단중,횡단중,안전운전 의무 불이행,단일로,기타단일로
10071,2014-01-04 05,야간,토,1,1,0,0,0,부산,강서구,차대차,기타,기타,신호위반,교차로,교차로부근
10072,2014-01-02 17,주간,목,1,2,1,0,0,전북,정읍시,차량단독,공작물충돌,공작물충돌,안전운전 의무 불이행,단일로,기타단일로
10073,2014-01-15 05,야간,수,1,1,0,0,0,경남,남해군,차대사람,횡단중,횡단중,과속,단일로,횡단보도상
10074,2014-01-17 17,주간,금,1,3,1,1,0,전북,고창군,차대차,기타,기타,중앙선 침범,단일로,고가도로위
10075,2014-01-09 11,주간,목,1,2,1,0,0,경남,의령군,차대차,기타,기타,안전운전 의무 불이행,단일로,기타단일로
10076,2014-01-07 21,야간,화,1,1,0,0,0,강원,횡성군,차량단독,공작물충돌,공작물충돌,안전운전 의무 불이행,단일로,기타단일로
10077,2014-01-08 16,주간,수,1,1,0,0,0,경남,창녕군,차량단독,기타,기타,안전운전 의무 불이행,교차로,교차로부근
10078,2014-01-25 20,야간,토,1,1,0,0,0,경남,산청군,차대사람,횡단중,횡단중,안전운전 의무 불이행,단일로,기타단일로
10079,2014-01-01 18,야간,수,1,1,0,0,0,대구,수성구,차대사람,기타,기타,안전운전 의무 불이행,단일로,기타단일로
10080,2014-01-11 09,주간,토,1,1,0,0,0,전남,보성군,차대차,측면충돌,측면충돌,기타,교차로,교차로내
10081,2014-01-15 20,야간,수,1,1,0,0,0,전남,구례군,차량단독,기타,기타,안전운전 의무 불이행,단일로,기타단일로
10082,2014-01-03 04,야간,금,1,3,1,1,0,대전,동구,차대사람,횡단중,횡단중,안전운전 의무 불이행,교차로,교차로내
10083,2014-01-07 12,주간,화,1,1,0,0,0,인천,강화군,차대사람,길가장자리구역통행중,길가장자리구역통행중,안전운전 의무 불이행,단일로,기타단일로
10084,2014-01-17 19,야간,금,1,2,1,0,0,경남,합천군,차대차,측면충돌,측면충돌,중앙선 침범,단일로,기타단일로
10085,2014-01-02 20,야간,목,1,1,0,0,0,경기,성남시,차대사람,횡단중,횡단중,안전운전 의무 불이행,교차로,교차로내
10086,2014-01-06 18,야간,월,1,1,0,0,0,충남,서천군,차량단독,공작물충돌,공작물충돌,안전운전 의무 불이행,교차로,교차로부근
10087,2014-01-27 07,주간,월,1,1,0,0,0,경북,군위군,차량단독,공작물충돌,공작물충돌,안전운전 의무 불이행,교차로,교차로부근
10088,2014-01-25 10,주간,토,1,4,1,2,0,경북,봉화군,차량단독,공작물충돌,공작물충돌,안전운전 의무 불이행,단일로,기타단일로
10089,2014-01-26 00,야간,일,1,3,2,0,0,강원,인제군,차량단독,공작물충돌,공작물충돌,안전운전 의무 불이행,단일로,기타단일로
10090,2014-01-06 11,주간,월,1,1,0,0,0,경남,거창군,차대차,측면충돌,측면충돌,교차로 통행방법 위반,교차로,교차로내
10091,2014-01-12 16,주간,일,1,1,0,0,0,강원,횡성군,차대차,정면충돌,정면충돌,중앙선 침범,단일로,기타단일로
10092,2014-01-01 21,야간,수,1,7,6,0,0,강원,원주시,차대차,측면충돌,측면충돌,신호위반,교차로,교차로내
10093,2014-01-21 09,주간,화,1,1,0,0,0,강원,영월군,차대사람,길가장자리구역통행중,길가장자리구역통행중,안전운전 의무 불이행,단일로,기타단일로
10094,2014-01-07 13,주간,화,1,3,0,2,0,경기,여주시,차대차,기타,기타,안전운전 의무 불이행,단일로,기타단일로
10095,2014-01-01 18,야간,수,1,1,0,0,0,전남,여수시,차량단독,공작물충돌,공작물충돌,안전운전 의무 불이행,교차로,교차로부근
10096,2014-01-11 18,야간,토,1,1,0,0,0,경남,고성군,차대차,추돌,진행중 추돌,안전운전 의무 불이행,단일로,기타단일로
10097,2014-01-13 08,주간,월,2,2,0,0,0,전남,진도군,차대사람,차도통행중,차도통행중,안전운전 의무 불이행,단일로,기타단일로
10098,2014-01-02 18,야간,목,1,1,0,0,0,경기,수원시,차대사람,횡단중,횡단중,신호위반,교차로,교차로내
10099,2014-01-08 17,주간,수,1,1,0,0,0,전남,장흥군,차량단독,도로이탈,도로이탈 추락,안전운전 의무 불이행,단일로,기타단일로
10100,2014-02-08 09,주간,토,1,2,1,0,0,전북,순창군,차대차,측면충돌,측면충돌,기타,교차로,교차로내
10101,2014-01-14 12,주간,화,1,1,0,0,0,충남,부여군,차량단독,전도전복,전도전복,안전운전 의무 불이행,기타/불명,기타/불명
10102,2014-01-19 19,야간,일,1,1,0,0,0,강원,화천군,차대사람,횡단중,횡단중,안전운전 의무 불이행,교차로,교차로부근
10103,2014-01-23 18,야간,목,1,1,0,0,0,충북,보은군,차량단독,기타,기타,안전운전 의무 불이행,교차로,교차로부근
10104,2014-01-03 17,주간,금,1,1,0,0,0,충북,괴산군,차대차,추돌,진행중 추돌,안전거리 미확보,단일로,기타단일로
10105,2014-02-01 22,야간,토,1,3,0,2,0,강원,인제군,차대차,측면충돌,측면충돌,과속,단일로,기타단일로
10106,2014-01-24 05,야간,금,1,2,1,0,0,전북,전주시,차대차,추돌,진행중 추돌,안전운전 의무 불이행,단일로,기타단일로
10107,2014-01-05 16,주간,일,1,1,0,0,0,전남,해남군,차량단독,기타,기타,안전운전 의무 불이행,단일로,기타단일로
10108,2014-01-16 14,주간,목,1,1,0,0,0,경북,청도군,차량단독,도로이탈,도로이탈 기타,안전운전 의무 불이행,단일로,기타단일로
10109,2014-01-06 14,주간,월,1,1,0,0,0,충남,부여군,차량단독,공작물충돌,공작물충돌,안전운전 의무 불이행,단일로,기타단일로
10110,2014-01-02 22,야간,목,1,1,0,0,0,울산,중구,차대사람,기타,기타,안전운전 의무 불이행,단일로,기타단일로
10111,2014-01-03 15,주간,금,1,1,0,0,0,경남,진주시,차대차,추돌,주정차중 추돌,안전운전 의무 불이행,단일로,기타단일로
10112,2014-01-07 22,야간,화,1,1,0,0,0,전남,무안군,차대사람,기타,기타,안전운전 의무 불이행,단일로,기타단일로
10113,2014-01-11 02,야간,토,1,1,0,0,0,경북,영덕군,차대사람,기타,기타,안전운전 의무 불이행,단일로,기타단일로
10114,2014-01-18 02,야간,토,1,2,1,0,0,경남,하동군,차대차,기타,기타,안전운전 의무 불이행,단일로,기타단일로
10115,2014-01-02 20,야간,목,1,1,0,0,0,경남,거제시,차대사람,횡단중,횡단중,안전운전 의무 불이행,기타/불명,기타/불명
10116,2014-01-05 10,주간,일,1,2,1,0,0,경남,창원시(통합),차량단독,공작물충돌,공작물충돌,안전운전 의무 불이행,단일로,기타단일로
10117,2014-01-20 08,주간,월,1,1,0,0,0,경남,하동군,차대차,기타,기타,안전운전 의무 불이행,단일로,기타단일로
10118,2014-01-11 16,주간,토,1,3,1,1,0,충북,옥천군,차대차,정면충돌,정면충돌,중앙선 침범,단일로,기타단일로
10119,2014-01-07 20,야간,화,1,1,0,0,0,충북,괴산군,차량단독,기타,기타,안전운전 의무 불이행,단일로,터널안
10120,2014-01-16 15,주간,목,1,1,0,0,0,강원,횡성군,차대사람,차도통행중,차도통행중,안전운전 의무 불이행,단일로,기타단일로
10121,2014-01-19 01,야간,일,1,1,0,0,0,충북,음성군,차대차,기타,기타,안전운전 의무 불이행,단일로,기타단일로
10122,2014-05-13 14,주간,화,1,1,0,0,0,경북,울릉군,차량단독,기타,기타,안전운전 의무 불이행,교차로,교차로부근
10123,2014-01-11 01,야간,토,1,2,0,1,0,충북,청원군,차대차,추돌,진행중 추돌,안전운전 의무 불이행,단일로,기타단일로
10124,2014-01-03 12,주간,금,1,1,0,0,0,충남,천안시,차대사람,횡단중,횡단중,안전운전 의무 불이행,단일로,기타단일로
10125,2014-02-19 14,주간,수,1,2,1,0,0,강원,양구군,차대차,측면충돌,측면충돌,과속,교차로,교차로내
10126,2014-01-08 09,주간,수,1,1,0,0,0,경기,양평군,차대차,추돌,진행중 추돌,기타,단일로,기타단일로
10127,2014-01-28 17,주간,화,1,1,0,0,0,경남,의령군,차대차,측면충돌,측면충돌,안전운전 의무 불이행,교차로,교차로부근
10128,2014-02-10 05,야간,월,1,1,0,0,0,전북,김제시,차대차,추돌,진행중 추돌,안전운전 의무 불이행,단일로,기타단일로
10129,2014-01-11 22,야간,토,1,1,0,0,0,경기,과천시,차대사람,차도통행중,차도통행중,안전운전 의무 불이행,단일로,기타단일로
10130,2014-01-12 18,야간,일,1,1,0,0,0,충남,공주시,차대사람,횡단중,횡단중,보행자 보호의무 위반,교차로,교차로내
10131,2014-01-17 06,주간,금,1,2,0,1,0,경북,고령군,차대사람,기타,기타,안전운전 의무 불이행,교차로,교차로내
10132,2014-02-01 14,주간,토,2,7,3,2,0,전남,곡성군,차대차,측면충돌,측면충돌,안전운전 의무 불이행,단일로,기타단일로
10133,2014-01-09 11,주간,목,1,1,0,0,0,충북,증평군,차대사람,기타,기타,안전운전 의무 불이행,기타/불명,기타/불명
10134,2014-01-21 16,주간,화,1,3,1,1,0,강원,영월군,차량단독,전도전복,전도전복,안전운전 의무 불이행,단일로,기타단일로
10135,2014-01-03 03,야간,금,1,1,0,0,0,서울,마포구,차량단독,공작물충돌,공작물충돌,안전운전 의무 불이행,단일로,기타단일로
10136,2014-02-05 13,주간,수,1,2,1,0,0,강원,원주시,차대차,추돌,진행중 추돌,안전운전 의무 불이행,단일로,기타단일로
10137,2014-01-14 06,주간,화,1,1,0,0,0,충남,서천군,차대사람,기타,기타,안전운전 의무 불이행,교차로,교차로부근
10138,2014-01-02 21,야간,목,1,1,0,0,0,부산,해운대구,차대차,추돌,주정차중 추돌,안전운전 의무 불이행,단일로,기타단일로
10139,2014-01-07 19,야간,화,1,1,0,0,0,경북,경산시,차대차,기타,기타,안전운전 의무 불이행,단일로,기타단일로
10140,2014-01-08 01,야간,수,1,1,0,0,0,서울,양천구,차대사람,차도통행중,차도통행중,안전운전 의무 불이행,단일로,고가도로위
10141,2014-01-06 05,야간,월,1,1,0,0,0,경기,하남시,차대사람,횡단중,횡단중,안전운전 의무 불이행,교차로,교차로내
10142,2014-01-06 19,야간,월,1,1,0,0,0,서울,구로구,차대사람,횡단중,횡단중,안전운전 의무 불이행,단일로,기타단일로
10143,2014-01-02 09,주간,목,1,1,0,0,0,인천,남동구,차대차,기타,기타,안전운전 의무 불이행,교차로,교차로내
10144,2014-05-20 07,주간,화,1,1,0,0,0,경북,울릉군,차량단독,기타,기타,안전운전 의무 불이행,단일로,기타단일로
10145,2014-01-08 13,주간,수,1,1,0,0,0,경기,여주시,차량단독,공작물충돌,공작물충돌,안전운전 의무 불이행,단일로,기타단일로
10146,2014-01-02 19,야간,목,1,1,0,0,0,대구,동구,차대사람,횡단중,횡단중,안전운전 의무 불이행,단일로,기타단일로
10147,2014-02-11 14,주간,화,1,1,0,0,0,강원,영월군,차대차,측면충돌,측면충돌,중앙선 침범,단일로,기타단일로
10148,2014-02-06 07,주간,목,1,2,1,0,0,충북,단양군,차대차,추돌,진행중 추돌,안전운전 의무 불이행,기타/불명,기타/불명
10149,2014-01-07 22,야간,화,1,1,0,0,0,충남,보령시,차대사람,차도통행중,차도통행중,안전운전 의무 불이행,단일로,기타단일로
10150,2014-01-18 17,주간,토,1,1,0,0,0,경북,성주군,차대차,기타,기타,기타,기타/불명,기타/불명
10151,2014-01-08 11,주간,수,1,1,0,0,0,서울,성북구,차대사람,횡단중,횡단중,안전운전 의무 불이행,단일로,횡단보도상
10152,2014-01-03 09,주간,금,1,1,0,0,0,전남,순천시,차대차,측면충돌,측면충돌,안전운전 의무 불이행,교차로,교차로내
10153,2014-01-03 06,주간,금,1,1,0,0,0,대구,달서구,차대사람,기타,기타,신호위반,단일로,기타단일로
10154,2014-01-09 05,야간,목,1,1,0,0,0,대전,대덕구,차대사람,횡단중,횡단중,안전운전 의무 불이행,단일로,기타단일로
10155,2014-02-24 06,주간,월,1,1,0,0,0,전남,곡성군,차대사람,횡단중,횡단중,과속,단일로,횡단보도상
10156,2014-02-12 12,주간,수,1,1,0,0,0,전남,구례군,차대사람,차도통행중,차도통행중,안전운전 의무 불이행,단일로,기타단일로
10157,2014-01-30 10,주간,목,1,2,1,0,0,충북,단양군,차량단독,기타,기타,안전운전 의무 불이행,단일로,기타단일로
10158,2014-01-08 12,주간,수,1,7,0,6,0,전남,나주시,차대차,기타,기타,중앙선 침범,교차로,교차로부근
10159,2014-01-27 13,주간,월,1,1,0,0,0,경남,거창군,차대차,기타,기타,안전운전 의무 불이행,단일로,기타단일로
10160,2014-01-08 00,야간,수,1,1,0,0,0,부산,동구,차대사람,기타,기타,신호위반,단일로,기타단일로
10161,2014-01-29 23,야간,수,1,2,1,0,0,경기,이천시,차대차,추돌,진행중 추돌,안전운전 의무 불이행,단일로,기타단일로
10162,2014-02-28 01,야간,금,1,1,0,0,0,경북,청송군,차대차,정면충돌,정면충돌,중앙선 침범,단일로,기타단일로
10163,2014-02-28 15,주간,금,1,1,0,0,0,경북,청송군,차량단독,기타,기타,기타,단일로,기타단일로
10164,2014-01-25 06,주간,토,1,1,0,0,0,경남,하동군,차대사람,기타,기타,안전운전 의무 불이행,단일로,기타단일로
10165,2014-01-27 22,야간,월,1,1,0,0,0,전남,고흥군,차대차,정면충돌,정면충돌,안전운전 의무 불이행,단일로,기타단일로
10166,2014-01-11 05,야간,토,1,2,0,1,0,경북,칠곡군,차대차,추돌,진행중 추돌,안전운전 의무 불이행,단일로,기타단일로
10167,2014-02-04 06,주간,화,2,2,0,0,0,경북,청도군,차대차,추돌,진행중 추돌,안전운전 의무 불이행,단일로,기타단일로
10168,2014-01-04 04,야간,토,1,1,0,0,0,서울,용산구,차대사람,기타,기타,과속,단일로,기타단일로
10169,2014-02-24 19,야간,월,1,1,0,0,0,경북,봉화군,차량단독,도로이탈,도로이탈 추락,안전운전 의무 불이행,단일로,기타단일로
10170,2014-01-12 06,주간,일,3,12,6,3,0,경북,칠곡군,차대차,측면충돌,측면충돌,안전거리 미확보,단일로,기타단일로
10171,2014-01-21 22,야간,화,1,1,0,0,0,충북,옥천군,차대사람,횡단중,횡단중,신호위반,교차로,교차로내
10172,2014-01-20 14,주간,월,1,1,0,0,0,충남,서천군,차대차,기타,기타,기타,교차로,교차로내
10173,2014-01-08 18,야간,수,1,2,0,1,0,대구,달성군,차대사람,횡단중,횡단중,안전운전 의무 불이행,단일로,기타단일로
10174,2014-01-05 00,야간,일,1,1,0,0,0,경북,경산시,차대사람,기타,기타,안전운전 의무 불이행,단일로,기타단일로
10175,2014-01-09 12,주간,목,1,2,1,0,0,전남,나주시,차량단독,공작물충돌,공작물충돌,안전운전 의무 불이행,교차로,교차로부근
10176,2014-03-08 15,주간,토,1,1,0,0,0,강원,인제군,차량단독,기타,기타,안전운전 의무 불이행,단일로,기타단일로
10177,2014-02-12 08,주간,수,1,1,0,0,0,경남,함양군,차량단독,전도전복,전도전복,안전운전 의무 불이행,단일로,기타단일로
10178,2014-03-03 05,야간,월,1,1,0,0,0,충북,보은군,차량단독,전도전복,전도전복,안전운전 의무 불이행,단일로,기타단일로
10179,2014-02-07 19,야간,금,1,1,0,0,0,경북,청도군,차대사람,기타,기타,안전운전 의무 불이행,단일로,횡단보도상
10180,2014-01-31 17,주간,금,1,1,0,0,0,전남,담양군,차량단독,공작물충돌,공작물충돌,안전운전 의무 불이행,단일로,기타단일로
10181,2014-03-28 10,주간,금,1,1,0,0,0,경북,군위군,차대차,측면충돌,측면충돌,안전운전 의무 불이행,교차로,교차로부근
10182,2014-02-16 19,야간,일,1,1,0,0,0,경남,남해군,차대차,기타,기타,안전운전 의무 불이행,기타/불명,기타/불명
10183,2014-01-08 17,주간,수,1,1,0,0,0,부산,동구,차대차,기타,기타,중앙선 침범,단일로,고가도로위
10184,2014-01-06 18,야간,월,1,1,0,0,0,경남,사천시,차대사람,횡단중,횡단중,안전운전 의무 불이행,단일로,기타단일로
10185,2014-01-06 15,주간,월,1,1,0,0,0,인천,계양구,차대사람,횡단중,횡단중,안전운전 의무 불이행,교차로,교차로내
10186,2014-01-02 12,주간,목,1,1,0,0,0,충북,청주시,차량단독,공작물충돌,공작물충돌,안전운전 의무 불이행,단일로,기타단일로
10187,2014-01-04 18,야간,토,1,1,0,0,0,경기,안양시,차대사람,횡단중,횡단중,안전운전 의무 불이행,단일로,기타단일로
10188,2014-01-12 22,야간,일,1,1,0,0,0,경북,고령군,차량단독,도로이탈,도로이탈 추락,안전운전 의무 불이행,단일로,기타단일로
10189,2014-03-08 09,주간,토,1,1,0,0,0,경북,예천군,차대차,측면충돌,측면충돌,기타,단일로,기타단일로
10190,2014-01-10 10,주간,금,1,1,0,0,0,부산,강서구,차대차,측면충돌,측면충돌,신호위반,단일로,횡단보도상
10191,2014-01-23 23,야간,목,1,1,0,0,0,세종,세종,차량단독,공작물충돌,공작물충돌,안전운전 의무 불이행,교차로,교차로부근
10192,2014-02-26 01,야간,수,1,1,0,0,0,전남,함평군,차량단독,도로이탈,도로이탈 추락,안전운전 의무 불이행,단일로,기타단일로
10193,2014-01-27 06,주간,월,1,1,0,0,0,전북,고창군,차대사람,기타,기타,과속,단일로,기타단일로
10194,2014-01-06 05,야간,월,1,1,0,0,0,서울,강동구,차대사람,기타,기타,안전운전 의무 불이행,교차로,교차로부근
10195,2014-01-29 18,야간,수,1,1,0,0,0,전남,강진군,차량단독,도로이탈,도로이탈 기타,안전운전 의무 불이행,교차로,교차로부근
10196,2014-01-09 19,야간,목,1,1,0,0,0,경남,창원시(통합),차대사람,기타,기타,안전운전 의무 불이행,단일로,기타단일로
10197,2014-03-16 01,야간,일,1,1,0,0,0,강원,철원군,차량단독,공작물충돌,공작물충돌,안전운전 의무 불이행,단일로,기타단일로
10198,2014-04-11 13,주간,금,1,2,0,1,0,경북,영양군,차대사람,횡단중,횡단중,과속,단일로,기타단일로
10199,2014-03-17 16,주간,월,1,2,1,0,0,경북,청송군,차대차,추돌,주정차중 추돌,안전운전 의무 불이행,단일로,기타단일로
10200,2014-02-03 23,야간,월,1,1,0,0,0,경남,고성군,차대사람,횡단중,횡단중,안전운전 의무 불이행,단일로,기타단일로
10201,2014-01-13 04,야간,월,1,1,0,0,0,서울,성동구,차대차,추돌,진행중 추돌,안전운전 의무 불이행,단일로,기타단일로
10202,2014-01-04 11,주간,토,1,3,2,0,0,전남,순천시,차대차,측면충돌,측면충돌,신호위반,교차로,교차로내
10203,2014-01-03 06,주간,금,1,1,0,0,0,경기,화성시,차대차,측면충돌,측면충돌,안전운전 의무 불이행,단일로,기타단일로
10204,2014-01-23 18,야간,목,1,1,0,0,0,경북,울진군,차대사람,횡단중,횡단중,과속,단일로,기타단일로
10205,2014-03-03 14,주간,월,2,2,0,0,0,전북,장수군,차량단독,공작물충돌,공작물충돌,안전운전 의무 불이행,기타/불명,기타/불명
10206,2014-01-09 18,야간,목,1,1,0,0,0,대구,달성군,차대사람,기타,기타,안전운전 의무 불이행,단일로,기타단일로
10207,2014-04-11 19,야간,금,1,1,0,0,0,강원,양구군,차대사람,횡단중,횡단중,중앙선 침범,교차로,교차로내
10208,2014-02-06 16,주간,목,1,1,0,0,0,강원,태백시,차대사람,기타,기타,보행자 보호의무 위반,단일로,기타단일로
10209,2014-01-03 20,야간,금,1,4,1,2,0,경기,용인시,차대차,추돌,주정차중 추돌,안전운전 의무 불이행,단일로,기타단일로
10210,2014-02-05 15,주간,수,1,1,0,0,0,경남,고성군,차대사람,길가장자리구역통행중,길가장자리구역통행중,안전운전 의무 불이행,단일로,기타단일로
10211,2014-01-08 04,야간,수,1,1,0,0,0,대구,남구,차대차,추돌,진행중 추돌,안전거리 미확보,단일로,기타단일로
10212,2014-01-11 10,주간,토,1,1,0,0,0,전남,나주시,차량단독,공작물충돌,공작물충돌,안전운전 의무 불이행,단일로,기타단일로
10213,2014-01-09 19,야간,목,1,2,1,0,0,경북,김천시,차대사람,기타,기타,보행자 보호의무 위반,단일로,기타단일로
10214,2014-01-17 06,주간,금,1,1,0,0,0,전남,영암군,차대사람,기타,기타,안전운전 의무 불이행,단일로,기타단일로
10215,2014-02-08 22,야간,토,1,1,0,0,0,전남,영광군,차대사람,횡단중,횡단중,안전운전 의무 불이행,교차로,교차로부근
10216,2014-01-09 00,야간,목,1,1,0,0,0,울산,울주군,차대차,기타,기타,안전운전 의무 불이행,교차로,교차로부근
10217,2014-01-26 17,주간,일,1,5,1,3,0,전남,무안군,차대차,추돌,주정차중 추돌,안전운전 의무 불이행,교차로,교차로부근
10218,2014-02-09 13,주간,일,1,1,0,0,0,인천,강화군,차대사람,횡단중,횡단중,안전운전 의무 불이행,교차로,교차로내
10219,2014-01-31 04,야간,금,1,2,1,0,0,전남,강진군,차대차,기타,기타,안전운전 의무 불이행,교차로,교차로부근
10220,2014-01-08 02,야간,수,1,1,0,0,0,충남,아산시,차대사람,횡단중,횡단중,안전운전 의무 불이행,단일로,기타단일로
10221,2014-01-30 06,주간,목,1,5,4,0,0,경북,영덕군,차대차,정면충돌,정면충돌,중앙선 침범,단일로,기타단일로
10222,2014-03-24 18,야간,월,1,1,0,0,0,전북,진안군,차대차,기타,기타,안전거리 미확보,단일로,기타단일로
10223,2014-02-25 19,야간,화,1,1,0,0,0,전북,무주군,차량단독,도로이탈,도로이탈 추락,안전운전 의무 불이행,단일로,기타단일로
10224,2014-01-06 05,야간,월,1,1,0,0,0,서울,관악구,차대사람,길가장자리구역통행중,길가장자리구역통행중,안전운전 의무 불이행,단일로,기타단일로
10225,2014-02-01 11,주간,토,1,3,0,2,0,경북,영덕군,차대차,측면충돌,측면충돌,중앙선 침범,단일로,기타단일로
10226,2014-01-06 03,야간,월,1,1,0,0,0,경북,포항시,차량단독,공작물충돌,공작물충돌,안전운전 의무 불이행,단일로,기타단일로
10227,2014-03-31 11,주간,월,2,2,0,0,0,전북,순창군,차량단독,기타,기타,안전운전 의무 불이행,단일로,기타단일로
10228,2014-01-23 20,야간,목,1,2,0,0,1,전남,화순군,차량단독,전도전복,전도전복,안전운전 의무 불이행,단일로,기타단일로
10229,2014-01-11 15,주간,토,1,1,0,0,0,경북,칠곡군,차대차,추돌,진행중 추돌,안전운전 의무 불이행,단일로,기타단일로
10230,2014-03-12 02,야간,수,1,1,0,0,0,전남,장성군,차량단독,공작물충돌,공작물충돌,안전운전 의무 불이행,단일로,기타단일로
10231,2014-02-18 08,주간,화,1,2,1,0,0,강원,횡성군,차량단독,도로이탈,도로이탈 기타,안전운전 의무 불이행,단일로,기타단일로
10232,2014-03-12 14,주간,수,1,3,0,2,0,전남,순천시,차대차,기타,기타,안전운전 의무 불이행,단일로,기타단일로
10233,2014-01-06 06,주간,월,1,1,0,0,0,전북,전주시,차대사람,횡단중,횡단중,보행자 보호의무 위반,교차로,교차로부근
10234,2014-04-06 06,주간,일,1,1,0,0,0,강원,정선군,차량단독,공작물충돌,공작물충돌,안전운전 의무 불이행,단일로,기타단일로