교통사고이력ID(사고기록 순서),발생년월일시,주야코드,요일코드,사망자수,부상자수,중상자수,경상자수,부상신고자수,발생지시도코드,발생지시도코드,사고유형대분류코드,사고유형중분류코드,사고유형코드,법규위반코드,도로형태대분류코드,도로로형태코드
10235,2014-01-04 12,주간,토,1,1,0,0,0,부산,남구,차대사람,기타,기타,안전운전 의무 불이행,단일로,기타단일로
10236,2014-01-06 06,주간,월,1,1,0,0,0,경남,거제시,차대차,추돌,진행중 추돌,안전운전 의무 불이행,교차로,교차로부근
10237,2014-01-10 06,주간,금,1,1,0,0,0,충남,당진시,차대차,추돌,주정차중 추돌,안전운전 의무 불이행,기타/불명,기타/불명
10238,2014-01-04 07,주간,토,1,1,0,0,0,강원,원주시,차대사람,기타,기타,보행자 보호의무 위반,교차로,교차로부근
10239,2014-05-19 10,주간,월,1,1,0,0,0,강원,화천군,차대사람,횡단중,횡단중,안전운전 의무 불이행,교차로,교차로내
10240,2014-01-07 04,야간,화,1,1,0,0,0,서울,강동구,차대사람,기타,기타,안전운전 의무 불이행,교차로,교차로내
10241,2014-01-17 23,야간,금,1,1,0,0,0,경남,밀양시,차대사람,횡단중,횡단중,안전운전 의무 불이행,단일로,기타단일로
10242,2014-01-17 21,야간,금,2,2,0,0,0,충북,음성군,차대차,기타,기타,중앙선 침범,단일로,기타단일로
10243,2014-01-24 09,주간,금,1,1,0,0,0,경북,경산시,차대차,추돌,진행중 추돌,안전운전 의무 불이행,단일로,기타단일로
10244,2014-02-15 16,주간,토,1,2,1,0,0,전남,완도군,차량단독,전도전복,전도전복,안전운전 의무 불이행,단일로,기타단일로
10245,2014-01-06 06,주간,월,1,1,0,0,0,서울,송파구,차대사람,횡단중,횡단중,보행자 보호의무 위반,교차로,교차로부근
10246,2014-02-02 18,야간,일,1,1,0,0,0,전남,화순군,차대사람,횡단중,횡단중,안전운전 의무 불이행,교차로,교차로내
10247,2014-02-20 10,주간,목,1,1,0,0,0,충남,부여군,차대차,측면충돌,측면충돌,안전운전 의무 불이행,교차로,교차로부근
10248,2014-03-23 14,주간,일,1,1,0,0,0,전남,구례군,차대사람,기타,기타,안전운전 의무 불이행,단일로,교량위
10249,2014-03-18 14,주간,화,1,1,0,0,0,전북,무주군,차대차,추돌,진행중 추돌,안전운전 의무 불이행,단일로,터널안
10250,2014-01-21 20,야간,화,1,2,0,1,0,대전,서구,차대차,정면충돌,정면충돌,신호위반,교차로,교차로내
10251,2014-02-11 19,야간,화,1,3,0,2,0,전남,강진군,차대차,측면충돌,측면충돌,신호위반,교차로,교차로내
10252,2014-01-08 07,주간,수,1,2,0,1,0,전남,목포시,차대사람,기타,기타,안전운전 의무 불이행,단일로,기타단일로
10253,2014-03-30 12,주간,일,2,7,5,0,0,전북,남원시,차대차,정면충돌,정면충돌,안전운전 의무 불이행,단일로,기타단일로
10254,2014-04-09 09,주간,수,1,1,0,0,0,전남,곡성군,차대사람,기타,기타,안전운전 의무 불이행,단일로,기타단일로
10255,2014-01-18 16,주간,토,1,1,0,0,0,경기,동두천시,차대차,추돌,주정차중 추돌,안전운전 의무 불이행,단일로,기타단일로
10256,2014-01-08 04,야간,수,1,1,0,0,0,경기,성남시,차대사람,기타,기타,안전운전 의무 불이행,단일로,기타단일로
10257,2014-01-16 14,주간,목,1,1,0,0,0,경북,영주시,차량단독,기타,기타,안전운전 의무 불이행,단일로,기타단일로
10258,2014-05-10 13,주간,토,1,1,0,0,0,경북,군위군,차량단독,도로이탈,도로이탈 기타,안전운전 의무 불이행,단일로,기타단일로
10259,2014-01-21 10,주간,화,1,1,0,0,0,강원,동해시,차대차,기타,기타,안전운전 의무 불이행,단일로,기타단일로
10260,2014-05-18 15,주간,일,1,1,0,0,0,경북,영양군,차량단독,공작물충돌,공작물충돌,안전운전 의무 불이행,단일로,기타단일로
10261,2014-04-14 18,야간,월,1,1,0,0,0,강원,정선군,차량단독,공작물충돌,공작물충돌,안전운전 의무 불이행,단일로,기타단일로
10262,2014-02-17 13,주간,월,1,1,0,0,0,전남,강진군,차량단독,도로이탈,도로이탈 기타,안전운전 의무 불이행,단일로,기타단일로
10263,2014-01-11 23,야간,토,1,1,0,0,0,대구,달성군,차대사람,횡단중,횡단중,안전운전 의무 불이행,교차로,교차로부근
10264,2014-03-24 15,주간,월,1,1,0,0,0,전남,광양시,차대사람,기타,기타,안전운전 의무 불이행,단일로,교량위
10265,2014-03-29 13,주간,토,1,4,3,0,0,강원,원주시,차량단독,공작물충돌,공작물충돌,안전운전 의무 불이행,단일로,교량위
10266,2014-01-09 05,야간,목,1,1,0,0,0,제주,서귀포시,차대사람,횡단중,횡단중,보행자 보호의무 위반,단일로,횡단보도상
10267,2014-01-20 10,주간,월,1,1,0,0,0,경북,상주시,차대사람,길가장자리구역통행중,길가장자리구역통행중,안전운전 의무 불이행,단일로,기타단일로
10268,2014-01-06 11,주간,월,1,1,0,0,0,경북,경주시,차대차,기타,기타,안전운전 의무 불이행,단일로,기타단일로
10269,2014-01-18 14,주간,토,1,1,0,0,0,대전,대덕구,차대차,측면충돌,측면충돌,교차로 통행방법 위반,교차로,교차로내
10270,2014-03-30 12,주간,일,1,1,0,0,0,전남,구례군,차대사람,기타,기타,안전운전 의무 불이행,단일로,기타단일로
10271,2014-02-27 07,주간,목,1,1,0,0,0,전남,진도군,차대차,측면충돌,측면충돌,신호위반,교차로,교차로내
10272,2014-02-05 23,야간,수,1,3,2,0,0,세종,세종,차량단독,전도전복,전도전복,안전운전 의무 불이행,단일로,기타단일로
10273,2014-01-19 19,야간,일,1,2,1,0,0,경기,동두천시,차대차,기타,기타,중앙선 침범,단일로,기타단일로
10274,2014-03-14 06,주간,금,1,2,0,1,0,경남,남해군,차대차,측면충돌,측면충돌,중앙선 침범,기타/불명,기타/불명
10275,2014-03-06 22,야간,목,1,1,0,0,0,강원,고성군,차대사람,기타,기타,안전운전 의무 불이행,단일로,기타단일로
10276,2014-04-06 07,주간,일,1,1,0,0,0,강원,강릉시,차량단독,공작물충돌,공작물충돌,안전운전 의무 불이행,단일로,기타단일로
10277,2014-02-28 18,야간,금,1,1,0,0,0,충남,부여군,차대차,추돌,진행중 추돌,안전운전 의무 불이행,교차로,교차로부근
10278,2014-01-28 06,주간,화,1,3,1,1,0,경북,성주군,차대차,추돌,진행중 추돌,안전운전 의무 불이행,단일로,기타단일로
10279,2014-01-11 07,주간,토,1,1,0,0,0,경북,안동시,차대사람,횡단중,횡단중,안전운전 의무 불이행,단일로,기타단일로
10280,2014-01-27 18,야간,월,1,1,0,0,0,전북,완주군,차대사람,횡단중,횡단중,안전운전 의무 불이행,단일로,기타단일로
10281,2014-01-31 01,야간,금,1,1,0,0,0,충북,괴산군,차량단독,도로이탈,도로이탈 추락,안전운전 의무 불이행,단일로,기타단일로
10282,2014-01-12 18,야간,일,1,1,0,0,0,충남,당진시,차량단독,도로이탈,도로이탈 기타,안전운전 의무 불이행,단일로,기타단일로
10283,2014-01-29 11,주간,수,1,2,0,1,0,경북,김천시,차대차,추돌,진행중 추돌,안전거리 미확보,단일로,기타단일로
10284,2014-01-20 09,주간,월,1,2,0,1,0,부산,중구,차대차,측면충돌,측면충돌,중앙선 침범,단일로,고가도로위
10285,2014-05-03 13,주간,토,1,1,0,0,0,전북,순창군,차대차,측면충돌,측면충돌,안전운전 의무 불이행,단일로,기타단일로
10286,2014-01-07 06,주간,화,1,1,0,0,0,경기,파주시,차대사람,보도통행중,보도통행중,안전운전 의무 불이행,단일로,기타단일로
10287,2014-02-25 20,야간,화,1,1,0,0,0,경남,고성군,차대차,정면충돌,정면충돌,중앙선 침범,단일로,기타단일로
10288,2014-01-15 02,야간,수,1,1,0,0,0,부산,동구,차대사람,횡단중,횡단중,과속,단일로,기타단일로
10289,2014-01-11 19,야간,토,1,1,0,0,0,경북,안동시,차대차,기타,기타,중앙선 침범,단일로,기타단일로
10290,2014-05-06 08,주간,화,1,2,1,0,0,전북,순창군,차대차,측면충돌,측면충돌,안전운전 의무 불이행,단일로,기타단일로
10291,2014-01-22 18,야간,수,1,3,0,2,0,경남,밀양시,차대차,정면충돌,정면충돌,중앙선 침범,단일로,기타단일로
10292,2014-01-13 18,야간,월,1,2,1,0,0,인천,중구,차대차,측면충돌,측면충돌,과속,교차로,교차로내
10293,2014-03-10 19,야간,월,1,1,0,0,0,경북,의성군,차대차,추돌,진행중 추돌,안전운전 의무 불이행,단일로,기타단일로
10294,2014-03-02 22,야간,일,1,1,0,0,0,전남,보성군,차량단독,공작물충돌,공작물충돌,안전운전 의무 불이행,단일로,기타단일로
10295,2014-01-11 13,주간,토,1,1,0,0,0,충남,태안군,차량단독,공작물충돌,공작물충돌,안전운전 의무 불이행,단일로,기타단일로
10296,2014-02-17 12,주간,월,1,1,0,0,0,충남,예산군,차대차,정면충돌,정면충돌,신호위반,교차로,교차로내
10297,2014-01-09 13,주간,목,1,1,0,0,0,경기,성남시,차대사람,횡단중,횡단중,안전운전 의무 불이행,단일로,기타단일로
10298,2014-03-08 18,야간,토,1,2,0,1,0,전남,장성군,차대차,기타,기타,신호위반,교차로,교차로내
10299,2014-04-12 17,주간,토,1,1,0,0,0,경남,의령군,차량단독,기타,기타,안전운전 의무 불이행,단일로,기타단일로
10300,2014-03-10 21,야간,월,1,1,0,0,0,경북,의성군,차대차,추돌,진행중 추돌,안전운전 의무 불이행,교차로,교차로내
10301,2014-03-30 10,주간,일,1,1,0,0,0,강원,영월군,차대사람,차도통행중,차도통행중,안전운전 의무 불이행,단일로,기타단일로
10302,2014-02-05 16,주간,수,1,1,0,0,0,충북,괴산군,차대차,정면충돌,정면충돌,중앙선 침범,단일로,기타단일로
10303,2014-01-24 06,주간,금,1,1,0,0,0,대전,대덕구,차대사람,횡단중,횡단중,안전운전 의무 불이행,교차로,교차로내
10304,2014-02-15 06,주간,토,1,1,0,0,0,전남,고흥군,차대사람,횡단중,횡단중,과속,교차로,교차로내
10305,2014-04-30 13,주간,수,1,1,0,0,0,강원,정선군,차대사람,기타,기타,안전운전 의무 불이행,기타/불명,기타/불명
10306,2014-01-09 17,주간,목,1,1,0,0,0,서울,서초구,차대사람,횡단중,횡단중,신호위반,단일로,횡단보도상
10307,2014-02-11 03,야간,화,1,1,0,0,0,충남,공주시,차량단독,기타,기타,안전운전 의무 불이행,단일로,기타단일로
10308,2014-04-30 22,야간,수,3,3,0,0,0,전북,임실군,차대차,기타,기타,신호위반,교차로,교차로내
10309,2014-01-08 08,주간,수,1,3,1,1,0,전남,순천시,차대차,정면충돌,정면충돌,안전운전 의무 불이행,교차로,교차로내
10310,2014-03-01 02,야간,토,2,3,1,0,0,인천,강화군,차량단독,공작물충돌,공작물충돌,안전운전 의무 불이행,단일로,기타단일로
10311,2014-01-09 22,야간,목,1,1,0,0,0,제주,제주시,차대사람,횡단중,횡단중,안전운전 의무 불이행,단일로,기타단일로
10312,2014-01-25 04,야간,토,1,1,0,0,0,전북,남원시,차량단독,공작물충돌,공작물충돌,안전운전 의무 불이행,교차로,교차로부근
10313,2014-03-26 14,주간,수,1,6,3,1,1,경남,진주시,차대차,추돌,진행중 추돌,안전운전 의무 불이행,단일로,기타단일로
10314,2014-02-18 08,주간,화,1,1,0,0,0,울산,울주군,차대차,추돌,주정차중 추돌,안전운전 의무 불이행,단일로,기타단일로
10315,2014-01-25 13,주간,토,1,1,0,0,0,광주,동구,차량단독,기타,기타,기타,단일로,기타단일로
10316,2014-04-07 02,야간,월,1,4,3,0,0,전남,구례군,차대사람,횡단중,횡단중,안전운전 의무 불이행,교차로,교차로내
10317,2014-01-09 15,주간,목,1,2,1,0,0,부산,사하구,차대차,기타,기타,중앙선 침범,단일로,기타단일로
10318,2014-01-10 08,주간,금,1,1,0,0,0,경남,양산시,차대차,기타,기타,안전운전 의무 불이행,단일로,기타단일로
10319,2014-02-19 12,주간,수,1,1,0,0,0,전남,고흥군,차대사람,보도통행중,보도통행중,기타,단일로,기타단일로
10320,2014-02-12 20,야간,수,1,1,0,0,0,충남,공주시,차대사람,차도통행중,차도통행중,안전운전 의무 불이행,단일로,기타단일로
10321,2014-01-10 06,주간,금,1,1,0,0,0,서울,광진구,차대사람,횡단중,횡단중,안전운전 의무 불이행,단일로,횡단보도상
10322,2014-01-20 10,주간,월,1,1,0,0,0,경남,통영시,차대사람,길가장자리구역통행중,길가장자리구역통행중,안전운전 의무 불이행,단일로,기타단일로
10323,2014-02-23 23,야간,일,1,1,0,0,0,경북,성주군,차량단독,전도전복,전도전복,안전운전 의무 불이행,기타/불명,기타/불명
10324,2014-01-15 18,야간,수,1,1,0,0,0,충남,당진시,차대사람,기타,기타,안전운전 의무 불이행,교차로,교차로부근
10325,2014-02-13 19,야간,목,1,1,0,0,0,충남,공주시,차대사람,횡단중,횡단중,안전운전 의무 불이행,교차로,교차로내
10326,2014-01-05 23,야간,일,1,1,0,0,0,광주,북구,차대사람,횡단중,횡단중,안전운전 의무 불이행,단일로,기타단일로
10327,2014-05-03 19,야간,토,1,2,1,0,0,경북,봉화군,차량단독,전도전복,전도전복,안전운전 의무 불이행,단일로,기타단일로
10328,2014-03-26 11,주간,수,1,1,0,0,0,충북,보은군,차대사람,기타,기타,안전운전 의무 불이행,단일로,기타단일로
10329,2014-02-01 05,야간,토,2,3,1,0,0,대구,동구,차대차,추돌,진행중 추돌,안전운전 의무 불이행,단일로,기타단일로
10330,2014-02-18 19,야간,화,1,1,0,0,0,경북,영덕군,차대차,추돌,진행중 추돌,안전운전 의무 불이행,단일로,기타단일로
10331,2014-01-16 19,야간,목,1,1,0,0,0,부산,강서구,차량단독,기타,기타,안전운전 의무 불이행,교차로,교차로내
10332,2014-06-25 23,야간,수,1,1,0,0,0,경북,영양군,차대사람,횡단중,횡단중,안전운전 의무 불이행,단일로,기타단일로
10333,2014-01-26 14,주간,일,1,1,0,0,0,부산,서구,차대사람,기타,기타,안전운전 의무 불이행,단일로,기타단일로
10334,2014-04-25 22,야간,금,1,2,1,0,0,전북,장수군,차대차,추돌,진행중 추돌,안전운전 의무 불이행,단일로,기타단일로
10335,2014-07-17 16,주간,목,1,1,0,0,0,강원,양구군,차량단독,전도전복,전도전복,안전운전 의무 불이행,단일로,기타단일로
10336,2014-02-14 18,야간,금,1,1,0,0,0,경남,창녕군,차대사람,횡단중,횡단중,안전운전 의무 불이행,교차로,교차로부근
10337,2014-01-10 18,야간,금,1,1,0,0,0,전남,목포시,차대사람,횡단중,횡단중,안전운전 의무 불이행,단일로,기타단일로
10338,2014-05-03 02,야간,토,3,5,1,1,0,전북,정읍시,차대차,추돌,주정차중 추돌,안전운전 의무 불이행,단일로,기타단일로
10339,2014-01-11 03,야간,토,1,1,0,0,0,울산,남구,차대사람,기타,기타,신호위반,단일로,기타단일로
10340,2014-01-14 07,주간,화,1,1,0,0,0,충남,서산시,차대사람,횡단중,횡단중,안전운전 의무 불이행,교차로,교차로부근
10341,2014-07-27 19,야간,일,1,1,0,0,0,강원,양구군,차량단독,공작물충돌,공작물충돌,안전운전 의무 불이행,단일로,기타단일로
10342,2014-02-17 10,주간,월,1,2,0,1,0,세종,세종,차대차,측면충돌,측면충돌,신호위반,교차로,교차로내
10343,2014-01-08 03,야간,수,1,3,2,0,0,경기,파주시,차량단독,공작물충돌,공작물충돌,안전운전 의무 불이행,교차로,교차로부근
10344,2014-03-04 18,야간,화,1,1,0,0,0,경남,거창군,차대사람,횡단중,횡단중,안전운전 의무 불이행,단일로,기타단일로
10345,2014-01-24 16,주간,금,1,1,0,0,0,부산,기장군,차량단독,기타,기타,안전운전 의무 불이행,단일로,기타단일로
10346,2014-05-03 02,야간,토,1,4,1,2,0,전남,장성군,차대차,기타,기타,안전운전 의무 불이행,단일로,기타단일로
10347,2014-01-09 21,야간,목,1,2,0,1,0,강원,춘천시,차대사람,차도통행중,차도통행중,안전운전 의무 불이행,단일로,기타단일로
10348,2014-02-04 06,주간,화,1,1,0,0,0,전북,완주군,차대사람,횡단중,횡단중,안전운전 의무 불이행,단일로,기타단일로
10349,2014-03-16 12,주간,일,1,1,0,0,0,전남,보성군,차량단독,도로이탈,도로이탈 추락,안전운전 의무 불이행,단일로,기타단일로
10350,2014-03-13 14,주간,목,1,3,2,0,0,전남,영광군,차대차,기타,기타,중앙선 침범,단일로,기타단일로
10351,2014-01-29 00,야간,수,1,1,0,0,0,전북,정읍시,차대사람,횡단중,횡단중,과속,단일로,기타단일로
10352,2014-01-15 06,주간,수,1,1,0,0,0,경남,김해시,차량단독,전도전복,전도전복,안전운전 의무 불이행,단일로,기타단일로
10353,2014-05-14 11,주간,수,1,1,0,0,0,전북,진안군,차대사람,길가장자리구역통행중,길가장자리구역통행중,안전운전 의무 불이행,단일로,기타단일로
10354,2014-02-14 18,야간,금,1,1,0,0,0,충북,괴산군,차량단독,기타,기타,안전운전 의무 불이행,단일로,기타단일로
10355,2014-03-02 18,야간,일,1,1,0,0,0,충남,서천군,차량단독,기타,기타,안전운전 의무 불이행,단일로,기타단일로
10356,2014-01-07 01,야간,화,1,1,0,0,0,경기,시흥시,차량단독,공작물충돌,공작물충돌,안전운전 의무 불이행,교차로,교차로부근
10357,2014-01-25 14,주간,토,1,1,0,0,0,전남,나주시,차량단독,공작물충돌,공작물충돌,안전운전 의무 불이행,단일로,기타단일로
10358,2014-02-18 07,주간,화,1,1,0,0,0,세종,세종,차대사람,횡단중,횡단중,안전운전 의무 불이행,교차로,교차로부근
10359,2014-03-18 07,주간,화,1,4,0,3,0,경남,하동군,차대차,정면충돌,정면충돌,중앙선 침범,단일로,기타단일로
10360,2014-02-05 09,주간,수,1,3,2,0,0,경북,의성군,차대차,추돌,진행중 추돌,안전운전 의무 불이행,단일로,기타단일로
10361,2014-05-22 17,주간,목,1,1,0,0,0,전북,순창군,차대차,추돌,주정차중 추돌,안전운전 의무 불이행,단일로,기타단일로
10362,2014-01-09 12,주간,목,1,2,1,0,0,서울,마포구,차대사람,횡단중,횡단중,보행자 보호의무 위반,단일로,횡단보도상
10363,2014-01-30 11,주간,목,1,2,1,0,0,경기,여주시,차량단독,공작물충돌,공작물충돌,안전운전 의무 불이행,단일로,기타단일로
10364,2014-01-05 14,주간,일,1,1,0,0,0,경북,구미시,차대차,기타,기타,중앙선 침범,단일로,기타단일로
10365,2014-04-04 07,주간,금,1,3,0,1,1,경기,이천시,차대차,추돌,주정차중 추돌,안전운전 의무 불이행,기타/불명,기타/불명
10366,2014-04-05 05,야간,토,1,2,1,0,0,경기,광주시,차량단독,전도전복,전도전복,안전운전 의무 불이행,단일로,기타단일로
10367,2014-02-23 05,야간,일,1,1,0,0,0,경남,창녕군,차량단독,공작물충돌,공작물충돌,안전운전 의무 불이행,단일로,기타단일로
10368,2014-02-06 19,야간,목,1,1,0,0,0,전북,완주군,차대사람,기타,기타,신호위반,교차로,교차로내
10369,2014-03-03 20,야간,월,1,1,0,0,0,경기,연천군,차대사람,횡단중,횡단중,과속,교차로,교차로부근
10370,2014-05-08 18,야간,목,1,3,2,0,0,강원,철원군,차대차,측면충돌,측면충돌,안전운전 의무 불이행,단일로,기타단일로
10371,2014-02-17 16,주간,월,1,3,0,2,0,전북,김제시,차대차,측면충돌,측면충돌,신호위반,교차로,교차로내
10372,2014-04-02 13,주간,수,1,1,0,0,0,전남,장성군,차대차,측면충돌,측면충돌,안전운전 의무 불이행,교차로,교차로내
10373,2014-03-03 14,주간,월,1,1,0,0,0,전남,고흥군,차량단독,도로이탈,도로이탈 추락,안전운전 의무 불이행,교차로,교차로부근
10374,2014-03-29 09,주간,토,1,2,0,1,0,경북,의성군,차대차,측면충돌,측면충돌,안전운전 의무 불이행,교차로,교차로내
10375,2014-03-30 10,주간,일,1,1,0,0,0,충북,영동군,차량단독,도로이탈,도로이탈 기타,안전운전 의무 불이행,단일로,기타단일로
10376,2014-05-25 12,주간,일,1,2,1,0,0,강원,정선군,차량단독,공작물충돌,공작물충돌,기타,교차로,교차로부근
10377,2014-01-28 23,야간,화,1,4,0,2,1,경기,의왕시,차대차,추돌,주정차중 추돌,안전운전 의무 불이행,교차로,교차로부근
10378,2014-02-23 23,야간,일,2,2,0,0,0,경남,김해시,차대차,추돌,진행중 추돌,안전운전 의무 불이행,단일로,기타단일로
10379,2014-03-22 14,주간,토,1,1,0,0,0,경남,하동군,차대사람,길가장자리구역통행중,길가장자리구역통행중,안전운전 의무 불이행,단일로,기타단일로
10380,2014-03-21 19,야간,금,1,1,0,0,0,경북,고령군,차대사람,횡단중,횡단중,안전운전 의무 불이행,단일로,횡단보도부근
10381,2014-02-08 01,야간,토,1,2,1,0,0,경기,시흥시,차대차,측면충돌,측면충돌,중앙선 침범,단일로,기타단일로
10382,2014-01-08 09,주간,수,1,3,1,1,0,경기,남양주시,차대차,기타,기타,안전운전 의무 불이행,교차로,교차로부근
10383,2014-01-31 17,주간,금,1,3,0,2,0,전북,정읍시,차대차,측면충돌,측면충돌,교차로 통행방법 위반,교차로,교차로내
10384,2014-04-09 17,주간,수,1,1,0,0,0,충북,음성군,차량단독,공작물충돌,공작물충돌,안전운전 의무 불이행,단일로,기타단일로
10385,2014-04-08 19,야간,화,1,1,0,0,0,경남,남해군,차대사람,횡단중,횡단중,과속,기타/불명,기타/불명
10386,2014-05-17 15,주간,토,1,1,0,0,0,충북,보은군,차량단독,전도전복,전도전복,안전운전 의무 불이행,기타/불명,기타/불명
10387,2014-04-11 05,야간,금,3,6,0,2,1,충북,충주시,차대차,기타,기타,안전운전 의무 불이행,단일로,기타단일로
10388,2014-04-26 13,주간,토,1,1,0,0,0,경남,합천군,차량단독,전도전복,전도전복,안전운전 의무 불이행,단일로,기타단일로
10389,2014-08-22 21,야간,금,1,4,2,1,0,강원,양구군,차대차,정면충돌,정면충돌,중앙선 침범,단일로,기타단일로
10390,2014-05-05 09,주간,월,1,1,0,0,0,전북,무주군,차대차,측면충돌,측면충돌,안전운전 의무 불이행,단일로,기타단일로
10391,2014-01-14 18,야간,화,1,1,0,0,0,부산,북구,차대사람,횡단중,횡단중,안전운전 의무 불이행,단일로,기타단일로
10392,2014-03-02 02,야간,일,1,1,0,0,0,경남,함안군,차량단독,공작물충돌,공작물충돌,안전운전 의무 불이행,단일로,기타단일로
10393,2014-05-06 07,주간,화,1,1,0,0,0,전북,무주군,차대사람,횡단중,횡단중,안전운전 의무 불이행,교차로,교차로내
10394,2014-03-23 13,주간,일,1,1,0,0,0,경북,고령군,차대사람,기타,기타,안전운전 의무 불이행,단일로,기타단일로
10395,2014-01-14 07,주간,화,1,3,2,0,0,제주,서귀포시,차대차,정면충돌,정면충돌,중앙선 침범,단일로,기타단일로
10396,2014-01-09 12,주간,목,1,1,0,0,0,경북,경산시,차대차,기타,기타,기타,교차로,교차로내
10397,2014-01-29 10,주간,수,1,1,0,0,0,경북,영주시,차대차,측면충돌,측면충돌,안전운전 의무 불이행,단일로,기타단일로
10398,2014-04-11 11,주간,금,1,1,0,0,0,충북,충주시,차량단독,전도전복,전도전복,안전운전 의무 불이행,단일로,기타단일로
10399,2014-01-31 19,야간,금,1,4,3,0,0,강원,동해시,차대차,기타,기타,과속,단일로,기타단일로
10400,2014-01-07 19,야간,화,1,1,0,0,0,부산,부산진구,차량단독,전도전복,전도전복,안전운전 의무 불이행,단일로,기타단일로
10401,2014-01-10 18,야간,금,1,1,0,0,0,충남,천안시,차대차,추돌,진행중 추돌,안전운전 의무 불이행,단일로,기타단일로
10402,2014-01-29 20,야간,수,1,1,0,0,0,충북,음성군,차대사람,기타,기타,안전운전 의무 불이행,단일로,기타단일로
10403,2014-04-11 03,야간,금,1,1,0,0,0,경남,남해군,차량단독,도로이탈,도로이탈 기타,안전운전 의무 불이행,기타/불명,기타/불명
10404,2014-02-01 03,야간,토,1,1,0,0,0,경북,영천시,차량단독,도로이탈,도로이탈 추락,안전운전 의무 불이행,단일로,기타단일로
10405,2014-02-15 21,야간,토,1,1,0,0,0,충남,공주시,차대사람,기타,기타,안전운전 의무 불이행,교차로,교차로내
10406,2014-05-10 16,주간,토,1,1,0,0,0,전북,무주군,차대사람,길가장자리구역통행중,길가장자리구역통행중,중앙선 침범,단일로,기타단일로
10407,2014-02-15 11,주간,토,1,1,0,0,0,전북,부안군,차대사람,기타,기타,안전운전 의무 불이행,교차로,교차로부근
10408,2014-01-10 06,주간,금,1,1,0,0,0,전북,전주시,차대사람,횡단중,횡단중,보행자 보호의무 위반,단일로,횡단보도상
10409,2014-01-16 19,야간,목,1,2,1,0,0,충남,서산시,차대차,추돌,진행중 추돌,안전운전 의무 불이행,단일로,기타단일로
10410,2014-06-02 11,주간,월,1,1,0,0,0,전북,순창군,차대차,정면충돌,정면충돌,중앙선 침범,단일로,기타단일로
10411,2014-03-12 13,주간,수,1,1,0,0,0,경북,성주군,차량단독,도로이탈,도로이탈 추락,안전운전 의무 불이행,교차로,교차로부근
10412,2014-05-15 16,주간,목,1,1,0,0,0,경남,산청군,차대사람,길가장자리구역통행중,길가장자리구역통행중,안전운전 의무 불이행,단일로,기타단일로
10413,2014-02-02 11,주간,일,1,4,1,2,0,전북,정읍시,차대차,측면충돌,측면충돌,신호위반,교차로,교차로내
10414,2014-01-31 10,주간,금,2,4,2,0,0,경북,영주시,차대차,정면충돌,정면충돌,중앙선 침범,단일로,기타단일로
10415,2014-03-13 19,야간,목,1,1,0,0,0,경북,성주군,차대사람,기타,기타,안전운전 의무 불이행,기타/불명,기타/불명
10416,2014-09-10 20,야간,수,1,5,4,0,0,강원,화천군,차량단독,전도전복,전도전복,안전운전 의무 불이행,단일로,기타단일로
10417,2014-06-07 02,야간,토,2,10,6,2,0,전남,무안군,차량단독,전도전복,전도전복,안전운전 의무 불이행,단일로,기타단일로
10418,2014-05-27 17,주간,화,1,1,0,0,0,전북,임실군,차대차,측면충돌,측면충돌,안전운전 의무 불이행,교차로,교차로내
10419,2014-03-14 10,주간,금,1,1,0,0,0,경남,거창군,차대차,측면충돌,측면충돌,안전운전 의무 불이행,단일로,횡단보도부근
10420,2014-05-28 07,주간,수,1,1,0,0,0,충북,보은군,차량단독,전도전복,전도전복,안전운전 의무 불이행,기타/불명,기타/불명
10421,2014-07-01 18,야간,화,1,1,0,0,0,경북,군위군,차대차,측면충돌,측면충돌,과속,교차로,교차로내
10422,2014-03-24 16,주간,월,1,1,0,0,0,경북,고령군,차대차,측면충돌,측면충돌,안전운전 의무 불이행,단일로,기타단일로
10423,2014-09-19 19,야간,금,1,1,0,0,0,강원,양구군,차량단독,전도전복,전도전복,안전운전 의무 불이행,교차로,교차로부근
10424,2014-06-11 10,주간,수,1,2,1,0,0,전남,함평군,차량단독,공작물충돌,공작물충돌,안전운전 의무 불이행,단일로,기타단일로
10425,2014-04-13 08,주간,일,1,1,0,0,0,충남,청양군,차량단독,공작물충돌,공작물충돌,안전운전 의무 불이행,단일로,교량위
10426,2014-01-23 18,야간,목,1,1,0,0,0,서울,성동구,차대사람,기타,기타,안전운전 의무 불이행,단일로,기타단일로
10427,2014-06-24 14,주간,화,1,1,0,0,0,경북,군위군,차량단독,기타,기타,안전운전 의무 불이행,단일로,기타단일로
10428,2014-06-04 14,주간,수,1,1,0,0,0,경북,봉화군,차대차,추돌,진행중 추돌,안전운전 의무 불이행,단일로,기타단일로
10429,2014-01-19 23,야간,일,1,1,0,0,0,광주,남구,차대차,측면충돌,측면충돌,신호위반,교차로,교차로내
10430,2014-07-16 08,주간,수,1,1,0,0,0,경북,군위군,차량단독,전도전복,전도전복,안전운전 의무 불이행,단일로,기타단일로
10431,2014-02-18 10,주간,화,1,1,0,0,0,전북,부안군,차대차,측면충돌,측면충돌,중앙선 침범,단일로,기타단일로
10432,2014-04-16 13,주간,수,1,2,0,1,0,충남,청양군,차대차,기타,기타,기타,교차로,교차로내