교통사고이력ID(사고기록 순서),발생년월일시,주야코드,요일코드,사망자수,부상자수,중상자수,경상자수,부상신고자수,발생지시도코드,발생지시도코드,사고유형대분류코드,사고유형중분류코드,사고유형코드,법규위반코드,도로형태대분류코드,도로로형태코드
10830,2014-05-31 07,주간,토,1,1,0,0,0,경남,거창군,차대사람,횡단중,횡단중,안전운전 의무 불이행,단일로,횡단보도상
10831,2014-06-03 10,주간,화,1,1,0,0,0,전남,영광군,차대차,기타,기타,안전운전 의무 불이행,단일로,기타단일로
10832,2014-02-08 04,야간,토,1,1,0,0,0,서울,도봉구,차대사람,기타,기타,안전운전 의무 불이행,단일로,횡단보도상
10833,2014-11-23 18,야간,일,1,1,0,0,0,전북,순창군,차대사람,횡단중,횡단중,안전운전 의무 불이행,단일로,기타단일로
10834,2014-07-05 20,야간,토,1,1,0,0,0,경남,남해군,차대사람,횡단중,횡단중,신호위반,기타/불명,기타/불명
10835,2014-02-10 07,주간,월,1,2,1,0,0,충남,아산시,차대차,기타,기타,중앙선 침범,단일로,기타단일로
10836,2014-06-11 20,야간,수,1,1,0,0,0,인천,강화군,차대사람,횡단중,횡단중,안전운전 의무 불이행,단일로,횡단보도상
10837,2014-01-17 19,야간,금,1,1,0,0,0,경기,안산시,차대사람,횡단중,횡단중,신호위반,교차로,교차로내
10838,2014-01-28 01,야간,화,1,1,0,0,0,경기,수원시,차대사람,횡단중,횡단중,안전운전 의무 불이행,단일로,기타단일로
10839,2014-01-18 22,야간,토,1,1,0,0,0,전북,전주시,차대사람,횡단중,횡단중,과속,교차로,교차로부근
10840,2014-03-03 05,야간,월,1,1,0,0,0,부산,강서구,차대사람,횡단중,횡단중,안전운전 의무 불이행,단일로,횡단보도부근
10841,2014-11-19 14,주간,수,2,2,0,0,0,강원,인제군,차량단독,공작물충돌,공작물충돌,안전운전 의무 불이행,단일로,기타단일로
10842,2014-07-15 19,야간,화,1,4,1,2,0,경기,이천시,차량단독,공작물충돌,공작물충돌,과속,단일로,기타단일로
10843,2014-03-03 05,야간,월,1,1,0,0,0,부산,강서구,차량단독,도로이탈,도로이탈 추락,안전운전 의무 불이행,단일로,기타단일로
10844,2014-06-07 20,야간,토,1,1,0,0,0,경북,성주군,차대사람,횡단중,횡단중,안전운전 의무 불이행,단일로,기타단일로
10845,2014-06-12 18,야간,목,1,1,0,0,0,충북,옥천군,차대차,측면충돌,측면충돌,안전운전 의무 불이행,교차로,교차로내
10846,2014-10-04 13,주간,토,1,7,2,4,0,전남,구례군,차대차,정면충돌,정면충돌,중앙선 침범,단일로,기타단일로
10847,2014-11-18 17,주간,화,1,1,0,0,0,전북,진안군,차대사람,횡단중,횡단중,과속,단일로,횡단보도상
10848,2014-05-05 05,야간,월,1,1,0,0,0,경남,창녕군,차량단독,공작물충돌,공작물충돌,안전운전 의무 불이행,단일로,기타단일로
10849,2014-03-05 11,주간,수,1,1,0,0,0,경기,동두천시,차대사람,횡단중,횡단중,안전운전 의무 불이행,단일로,기타단일로
10850,2014-02-14 14,주간,금,1,3,1,1,0,경기,포천시,차량단독,공작물충돌,공작물충돌,안전운전 의무 불이행,단일로,기타단일로
10851,2014-05-02 14,주간,금,1,1,0,0,0,전남,화순군,차대차,추돌,주정차중 추돌,안전운전 의무 불이행,단일로,기타단일로
10852,2014-06-30 13,주간,월,1,1,0,0,0,전남,보성군,차대차,측면충돌,측면충돌,안전운전 의무 불이행,단일로,기타단일로
10853,2014-12-01 13,주간,월,1,2,0,1,0,전북,완주군,차대차,정면충돌,정면충돌,중앙선 침범,단일로,기타단일로
10854,2014-11-25 13,주간,화,1,1,0,0,0,전북,순창군,차대사람,길가장자리구역통행중,길가장자리구역통행중,기타,단일로,기타단일로
10855,2014-06-27 20,야간,금,1,1,0,0,0,경북,의성군,차대사람,길가장자리구역통행중,길가장자리구역통행중,안전운전 의무 불이행,단일로,기타단일로
10856,2014-06-11 00,야간,수,1,2,1,0,0,경북,영덕군,차량단독,공작물충돌,공작물충돌,안전운전 의무 불이행,단일로,기타단일로
10857,2014-02-07 19,야간,금,1,1,0,0,0,경남,진주시,차대차,측면충돌,측면충돌,신호위반,교차로,교차로내
10858,2014-05-13 22,야간,화,1,1,0,0,0,충북,영동군,차량단독,공작물충돌,공작물충돌,안전운전 의무 불이행,단일로,기타단일로
10859,2014-10-08 21,야간,수,1,1,0,0,0,전남,구례군,차량단독,공작물충돌,공작물충돌,안전운전 의무 불이행,교차로,교차로내
10860,2014-01-14 05,야간,화,1,1,0,0,0,경기,부천시,차대사람,기타,기타,안전운전 의무 불이행,교차로,교차로부근
10861,2014-04-16 11,주간,수,1,3,0,2,0,경북,상주시,차량단독,전도전복,전도전복,안전운전 의무 불이행,단일로,기타단일로
10862,2014-09-01 16,주간,월,1,1,0,0,0,경남,함양군,차대차,측면충돌,측면충돌,안전운전 의무 불이행,단일로,기타단일로
10863,2014-06-10 16,주간,화,1,2,1,0,0,경남,거창군,차량단독,공작물충돌,공작물충돌,안전운전 의무 불이행,교차로,교차로부근
10864,2014-04-16 21,야간,수,1,1,0,0,0,대구,달성군,차대차,추돌,진행중 추돌,안전운전 의무 불이행,단일로,기타단일로
10865,2014-01-30 01,야간,목,1,1,0,0,0,부산,금정구,차대사람,횡단중,횡단중,안전운전 의무 불이행,단일로,기타단일로
10866,2014-09-10 06,주간,수,1,1,0,0,0,경남,함양군,차량단독,공작물충돌,공작물충돌,안전운전 의무 불이행,단일로,기타단일로
10867,2014-07-28 01,야간,월,2,4,1,1,0,경기,광주시,차대차,기타,기타,안전운전 의무 불이행,단일로,기타단일로
10868,2014-02-14 12,주간,금,1,1,0,0,0,충북,제천시,차대차,기타,기타,기타,교차로,교차로내
10869,2014-10-27 10,주간,월,1,1,0,0,0,경북,청송군,차대사람,기타,기타,안전운전 의무 불이행,단일로,기타단일로
10870,2014-04-13 15,주간,일,1,1,0,0,0,강원,홍천군,차량단독,전도전복,전도전복,안전운전 의무 불이행,단일로,기타단일로
10871,2014-07-28 18,야간,월,1,1,0,0,0,충북,영동군,차대차,기타,기타,교차로 통행방법 위반,교차로,교차로내
10872,2014-07-05 16,주간,토,1,1,0,0,0,경북,의성군,차대사람,기타,기타,중앙선 침범,단일로,기타단일로
10873,2014-01-24 19,야간,금,1,1,0,0,0,제주,제주시,차대사람,기타,기타,안전운전 의무 불이행,단일로,기타단일로
10874,2014-01-23 12,주간,목,1,1,0,0,0,경기,고양시,차대사람,기타,기타,안전운전 의무 불이행,단일로,기타단일로
10875,2014-05-11 16,주간,일,1,1,0,0,0,경남,함안군,차대차,기타,기타,과속,단일로,지하차도(도로)내
10876,2014-06-17 18,야간,화,1,1,0,0,0,경남,고성군,차대차,추돌,진행중 추돌,안전운전 의무 불이행,단일로,기타단일로
10877,2014-07-07 08,주간,월,1,3,2,0,0,경북,의성군,차대차,추돌,주정차중 추돌,안전운전 의무 불이행,교차로,교차로부근
10878,2014-03-13 21,야간,목,1,1,0,0,0,경기,여주시,차대사람,횡단중,횡단중,안전운전 의무 불이행,교차로,교차로부근
10879,2014-07-26 17,주간,토,1,1,0,0,0,경남,하동군,차량단독,공작물충돌,공작물충돌,안전운전 의무 불이행,단일로,기타단일로
10880,2014-10-28 08,주간,화,5,5,0,0,0,전북,김제시,차대차,추돌,주정차중 추돌,과속,단일로,기타단일로
10881,2014-08-06 07,주간,수,1,1,0,0,0,충남,청양군,차대사람,기타,기타,안전운전 의무 불이행,단일로,기타단일로
10882,2014-06-21 09,주간,토,1,1,0,0,0,충북,옥천군,차대차,기타,기타,안전운전 의무 불이행,단일로,기타단일로
10883,2014-01-20 18,야간,월,1,1,0,0,0,경북,경주시,차대사람,차도통행중,차도통행중,안전운전 의무 불이행,교차로,교차로부근
10884,2014-08-31 22,야간,일,1,1,0,0,0,전남,진도군,차대사람,횡단중,횡단중,안전운전 의무 불이행,교차로,교차로부근
10885,2014-08-06 18,야간,수,1,1,0,0,0,경북,청도군,차량단독,전도전복,전도전복,안전운전 의무 불이행,단일로,기타단일로
10886,2014-08-22 16,주간,금,1,3,2,0,0,경남,사천시,차대차,추돌,주정차중 추돌,안전운전 의무 불이행,단일로,기타단일로
10887,2014-03-14 14,주간,금,1,1,0,0,0,경북,상주시,차대차,기타,기타,안전거리 미확보,단일로,기타단일로
10888,2014-09-12 19,야간,금,1,1,0,0,0,경남,함양군,차대차,측면충돌,측면충돌,교차로 통행방법 위반,교차로,교차로내
10889,2014-11-25 09,주간,화,1,1,0,0,0,전북,진안군,차대사람,기타,기타,안전운전 의무 불이행,단일로,기타단일로
10890,2014-05-17 19,야간,토,1,1,0,0,0,경북,울진군,차량단독,공작물충돌,공작물충돌,안전운전 의무 불이행,단일로,기타단일로
10891,2014-10-01 15,주간,수,1,2,0,1,0,경북,예천군,차대차,측면충돌,측면충돌,안전운전 의무 불이행,교차로,교차로내
10892,2014-02-07 06,주간,금,1,1,0,0,0,경기,성남시,차대사람,기타,기타,안전운전 의무 불이행,교차로,교차로내
10893,2014-01-23 11,주간,목,1,1,0,0,0,서울,영등포구,차대사람,횡단중,횡단중,안전운전 의무 불이행,단일로,횡단보도부근
10894,2014-08-29 16,주간,금,1,2,0,1,0,강원,횡성군,차대차,정면충돌,정면충돌,중앙선 침범,단일로,기타단일로
10895,2014-01-28 22,야간,화,1,1,0,0,0,울산,남구,차대사람,횡단중,횡단중,안전운전 의무 불이행,단일로,횡단보도상
10896,2014-01-23 02,야간,목,1,1,0,0,0,경기,광주시,차대사람,길가장자리구역통행중,길가장자리구역통행중,안전운전 의무 불이행,단일로,기타단일로
10897,2014-11-12 01,야간,수,1,3,1,1,0,충남,보령시,차대차,추돌,진행중 추돌,안전운전 의무 불이행,단일로,기타단일로
10898,2014-06-08 14,주간,일,1,3,1,1,0,충남,서천군,차대차,측면충돌,측면충돌,신호위반,교차로,교차로내
10899,2014-05-19 16,주간,월,1,1,0,0,0,전북,고창군,차량단독,기타,기타,안전운전 의무 불이행,기타/불명,기타/불명
10900,2014-12-20 19,야간,토,2,2,0,0,0,경남,함양군,차량단독,도로이탈,도로이탈 추락,안전운전 의무 불이행,단일로,기타단일로
10901,2014-02-11 00,야간,화,1,1,0,0,0,경남,진주시,차대사람,기타,기타,과속,단일로,기타단일로
10902,2014-07-31 20,야간,목,1,1,0,0,0,경북,고령군,차대사람,횡단중,횡단중,안전운전 의무 불이행,단일로,기타단일로
10903,2014-10-19 18,야간,일,1,6,3,2,0,전북,임실군,차대차,정면충돌,정면충돌,중앙선 침범,단일로,기타단일로
10904,2014-01-24 10,주간,금,1,1,0,0,0,울산,중구,차대사람,기타,기타,안전운전 의무 불이행,단일로,기타단일로
10905,2014-08-25 17,주간,월,1,2,1,0,0,경남,거창군,차대차,정면충돌,정면충돌,중앙선 침범,단일로,기타단일로
10906,2014-03-18 10,주간,화,1,2,0,1,0,전남,나주시,차대차,기타,기타,중앙선 침범,교차로,교차로부근
10907,2014-06-26 10,주간,목,1,2,1,0,0,충북,옥천군,차대차,측면충돌,측면충돌,신호위반,교차로,교차로내
10908,2014-10-30 09,주간,목,1,1,0,0,0,강원,철원군,차대차,측면충돌,측면충돌,교차로 통행방법 위반,교차로,교차로내
10909,2014-03-17 09,주간,월,1,1,0,0,0,경북,상주시,차대차,추돌,진행중 추돌,안전운전 의무 불이행,단일로,기타단일로
10910,2014-05-12 15,주간,월,1,2,0,1,0,전남,화순군,차대차,추돌,주정차중 추돌,안전운전 의무 불이행,교차로,교차로부근
10911,2014-02-17 18,야간,월,1,2,1,0,0,전남,광양시,차량단독,공작물충돌,공작물충돌,안전운전 의무 불이행,교차로,교차로내
10912,2014-11-11 19,야간,화,1,5,0,4,0,전남,나주시,차대차,추돌,주정차중 추돌,안전운전 의무 불이행,단일로,기타단일로
10913,2014-03-10 09,주간,월,1,1,0,0,0,경남,밀양시,차량단독,도로이탈,도로이탈 추락,안전운전 의무 불이행,단일로,교량위
10914,2014-11-01 15,주간,토,2,4,2,0,0,강원,철원군,차량단독,도로이탈,도로이탈 추락,안전운전 의무 불이행,단일로,기타단일로
10915,2014-08-06 13,주간,수,1,2,1,0,0,경남,하동군,차대차,정면충돌,정면충돌,중앙선 침범,단일로,기타단일로
10916,2014-06-25 09,주간,수,1,1,0,0,0,경북,성주군,차대차,기타,기타,기타,교차로,교차로내
10917,2014-08-06 16,주간,수,2,2,0,0,0,경남,하동군,차량단독,도로이탈,도로이탈 추락,안전운전 의무 불이행,단일로,기타단일로
10918,2014-02-25 18,야간,화,1,1,0,0,0,충남,당진시,차대차,기타,기타,안전운전 의무 불이행,단일로,기타단일로
10919,2014-12-08 13,주간,월,1,1,0,0,0,전북,무주군,차량단독,기타,기타,안전운전 의무 불이행,단일로,기타단일로
10920,2014-10-24 19,야간,금,1,1,0,0,0,전북,임실군,차대차,추돌,진행중 추돌,안전운전 의무 불이행,단일로,기타단일로
10921,2014-06-16 18,야간,월,1,1,0,0,0,전남,고흥군,차량단독,전도전복,전도전복,안전운전 의무 불이행,교차로,교차로내
10922,2014-02-05 15,주간,수,1,1,0,0,0,서울,강북구,차대사람,기타,기타,안전운전 의무 불이행,교차로,교차로내
10923,2014-01-29 22,야간,수,1,1,0,0,0,전남,목포시,차대사람,차도통행중,차도통행중,안전운전 의무 불이행,기타/불명,기타/불명
10924,2014-08-03 07,주간,일,1,1,0,0,0,전남,보성군,차량단독,공작물충돌,공작물충돌,안전운전 의무 불이행,단일로,기타단일로
10925,2014-01-21 15,주간,화,1,1,0,0,0,경북,경주시,차대사람,기타,기타,안전운전 의무 불이행,교차로,교차로부근
10926,2014-01-20 10,주간,월,1,1,0,0,0,경기,남양주시,차대사람,기타,기타,안전운전 의무 불이행,단일로,기타단일로
10927,2014-11-27 17,주간,목,1,1,0,0,0,경북,봉화군,차대사람,길가장자리구역통행중,길가장자리구역통행중,안전운전 의무 불이행,단일로,기타단일로
10928,2014-09-29 19,야간,월,1,2,1,0,0,경남,함양군,차량단독,공작물충돌,공작물충돌,안전운전 의무 불이행,단일로,기타단일로
10929,2014-06-18 05,야간,수,2,3,1,0,0,전남,고흥군,차량단독,전도전복,전도전복,안전운전 의무 불이행,단일로,기타단일로
10930,2014-08-04 22,야간,월,3,3,0,0,0,전남,보성군,차대차,정면충돌,정면충돌,중앙선 침범,단일로,교량위
10931,2014-04-26 19,야간,토,1,2,0,0,1,전남,해남군,차대차,측면충돌,측면충돌,교차로 통행방법 위반,교차로,교차로내
10932,2014-03-18 11,주간,화,1,1,0,0,0,경북,상주시,차대차,기타,기타,안전운전 의무 불이행,단일로,기타단일로
10933,2014-11-19 06,주간,수,1,2,0,1,0,전북,익산시,차대차,추돌,진행중 추돌,안전운전 의무 불이행,단일로,기타단일로
10934,2014-04-10 09,주간,목,1,1,0,0,0,전남,영암군,차대차,기타,기타,안전거리 미확보,교차로,교차로내
10935,2014-01-27 07,주간,월,1,1,0,0,0,전북,군산시,차대차,추돌,주정차중 추돌,안전운전 의무 불이행,단일로,기타단일로
10936,2014-03-15 04,야간,토,1,1,0,0,0,부산,기장군,차량단독,기타,기타,안전운전 의무 불이행,단일로,기타단일로
10937,2014-04-27 17,주간,일,1,1,0,0,0,전남,해남군,차량단독,전도전복,전도전복,안전운전 의무 불이행,단일로,기타단일로
10938,2014-07-26 03,야간,토,1,1,0,0,0,전남,장흥군,차량단독,도로이탈,도로이탈 추락,기타,단일로,기타단일로
10939,2014-07-14 09,주간,월,1,1,0,0,0,경북,영덕군,차대사람,횡단중,횡단중,과속,교차로,교차로내
10940,2014-08-13 16,주간,수,1,1,0,0,0,충북,충주시,차대사람,기타,기타,안전운전 의무 불이행,단일로,기타단일로
10941,2014-01-27 10,주간,월,1,1,0,0,0,전북,군산시,차대차,기타,기타,안전운전 의무 불이행,교차로,교차로내
10942,2014-04-29 18,야간,화,1,2,0,1,0,강원,홍천군,차량단독,공작물충돌,공작물충돌,안전운전 의무 불이행,단일로,기타단일로
10943,2014-06-28 11,주간,토,1,1,0,0,0,경남,거창군,차대사람,차도통행중,차도통행중,안전운전 의무 불이행,교차로,교차로내
10944,2014-05-24 15,주간,토,1,1,0,0,0,경북,울진군,차량단독,기타,기타,안전운전 의무 불이행,교차로,교차로부근
10945,2014-06-19 11,주간,목,1,1,0,0,0,강원,횡성군,차대사람,기타,기타,안전운전 의무 불이행,단일로,기타단일로
10946,2014-03-23 17,주간,일,1,1,0,0,0,전남,나주시,차량단독,전도전복,전도전복,안전운전 의무 불이행,교차로,교차로부근
10947,2014-12-26 13,주간,금,1,1,0,0,0,전북,무주군,차대사람,횡단중,횡단중,보행자 보호의무 위반,단일로,횡단보도상
10948,2014-01-20 08,주간,월,1,1,0,0,0,경기,남양주시,차대사람,기타,기타,신호위반,교차로,교차로부근
10949,2014-06-30 10,주간,월,1,1,0,0,0,경남,거창군,차대차,기타,기타,교차로 통행방법 위반,교차로,교차로내
10950,2014-11-05 15,주간,수,2,2,0,0,0,경남,산청군,차대차,측면충돌,측면충돌,안전운전 의무 불이행,교차로,교차로내
10951,2014-07-03 15,주간,목,1,1,0,0,0,경남,고성군,차대차,추돌,진행중 추돌,안전운전 의무 불이행,단일로,기타단일로
10952,2014-10-06 12,주간,월,1,1,0,0,0,경남,함양군,차대사람,기타,기타,안전운전 의무 불이행,단일로,기타단일로
10953,2014-09-12 09,주간,금,1,4,1,2,0,경남,하동군,차대사람,기타,기타,안전운전 의무 불이행,단일로,기타단일로
10954,2014-05-18 13,주간,일,1,1,0,0,0,전남,화순군,차대차,추돌,주정차중 추돌,안전운전 의무 불이행,단일로,기타단일로
10955,2014-08-24 13,주간,일,1,1,0,0,0,충남,청양군,차량단독,전도전복,전도전복,안전운전 의무 불이행,단일로,기타단일로
10956,2014-01-18 20,야간,토,1,1,0,0,0,광주,북구,차대사람,횡단중,횡단중,안전운전 의무 불이행,교차로,교차로부근
10957,2014-01-26 08,주간,일,1,1,0,0,0,울산,북구,차대사람,기타,기타,안전운전 의무 불이행,단일로,기타단일로
10958,2014-11-07 18,야간,금,1,1,0,0,0,경남,산청군,차대사람,길가장자리구역통행중,길가장자리구역통행중,안전운전 의무 불이행,단일로,기타단일로
10959,2014-05-12 17,주간,월,1,3,1,1,0,울산,울주군,차대차,기타,기타,안전운전 의무 불이행,단일로,기타단일로
10960,2014-10-08 18,야간,수,1,1,0,0,0,경남,합천군,차대사람,차도통행중,차도통행중,안전운전 의무 불이행,단일로,기타단일로
10961,2014-02-16 06,주간,일,1,3,2,0,0,경남,진주시,차대차,정면충돌,정면충돌,중앙선 침범,단일로,기타단일로
10962,2014-03-14 15,주간,금,1,1,0,0,0,부산,영도구,차대사람,횡단중,횡단중,안전운전 의무 불이행,단일로,기타단일로
10963,2014-02-28 18,야간,금,1,1,0,0,0,충남,당진시,차량단독,전도전복,전도전복,안전운전 의무 불이행,기타/불명,기타/불명
10964,2014-02-09 15,주간,일,1,1,0,0,0,충남,태안군,차량단독,도로이탈,도로이탈 추락,안전운전 의무 불이행,단일로,기타단일로
10965,2014-10-22 16,주간,수,2,3,1,0,0,경북,예천군,차량단독,도로이탈,도로이탈 기타,안전운전 의무 불이행,단일로,기타단일로
10966,2014-08-23 12,주간,토,1,1,0,0,0,충북,영동군,차량단독,공작물충돌,공작물충돌,안전운전 의무 불이행,단일로,기타단일로
10967,2014-07-12 20,야간,토,1,1,0,0,0,충남,금산군,차대사람,횡단중,횡단중,과속,교차로,교차로부근
10968,2014-07-05 20,야간,토,1,1,0,0,0,전남,영광군,차대사람,횡단중,횡단중,안전운전 의무 불이행,단일로,기타단일로
10969,2014-11-14 09,주간,금,1,1,0,0,0,경남,산청군,차대차,측면충돌,측면충돌,안전운전 의무 불이행,단일로,기타단일로
10970,2014-08-24 06,주간,일,1,2,1,0,0,충북,영동군,차대차,기타,기타,안전운전 의무 불이행,교차로,교차로내
10971,2014-12-03 09,주간,수,1,1,0,0,0,경북,청송군,차대차,측면충돌,측면충돌,교차로 통행방법 위반,교차로,교차로내
10972,2014-01-18 09,주간,토,1,1,0,0,0,인천,남동구,차대차,기타,기타,안전운전 의무 불이행,교차로,교차로부근
10973,2014-07-06 21,야간,일,1,2,1,0,0,경기,연천군,차대차,정면충돌,정면충돌,중앙선 침범,단일로,기타단일로
10974,2014-02-06 00,야간,목,1,1,0,0,0,충북,청원군,차량단독,도로이탈,도로이탈 추락,안전운전 의무 불이행,단일로,기타단일로
10975,2014-10-26 15,주간,일,1,1,0,0,0,경북,예천군,차대차,추돌,진행중 추돌,안전운전 의무 불이행,단일로,기타단일로
10976,2014-11-23 17,주간,일,1,2,1,0,0,경남,의령군,차대차,기타,기타,안전운전 의무 불이행,단일로,기타단일로
10977,2014-05-16 11,주간,금,1,1,0,0,0,충북,괴산군,차량단독,전도전복,전도전복,안전운전 의무 불이행,단일로,기타단일로
10978,2014-01-19 07,주간,일,1,1,0,0,0,부산,부산진구,차대사람,횡단중,횡단중,신호위반,단일로,횡단보도상
10979,2014-06-28 15,주간,토,1,1,0,0,0,전남,고흥군,차량단독,전도전복,전도전복,안전운전 의무 불이행,단일로,기타단일로
10980,2014-04-13 01,야간,일,1,1,0,0,0,충북,진천군,차대사람,기타,기타,안전운전 의무 불이행,단일로,기타단일로
10981,2014-10-13 18,야간,월,1,1,0,0,0,전남,진도군,차대사람,횡단중,횡단중,안전운전 의무 불이행,교차로,교차로내
10982,2014-06-28 16,주간,토,1,1,0,0,0,전남,고흥군,차대차,측면충돌,측면충돌,중앙선 침범,교차로,교차로부근
10983,2014-08-26 15,주간,화,1,2,1,0,0,충북,영동군,차량단독,도로이탈,도로이탈 추락,안전운전 의무 불이행,단일로,기타단일로
10984,2014-10-10 07,주간,금,1,1,0,0,0,경남,함양군,차량단독,공작물충돌,공작물충돌,안전운전 의무 불이행,교차로,교차로내
10985,2014-03-01 01,야간,토,1,1,0,0,0,경남,통영시,차대사람,횡단중,횡단중,안전운전 의무 불이행,교차로,교차로내
10986,2014-12-01 17,주간,월,1,1,0,0,0,경남,의령군,차대사람,차도통행중,차도통행중,안전운전 의무 불이행,단일로,기타단일로
10987,2014-03-13 04,야간,목,1,1,0,0,0,부산,강서구,차량단독,공작물충돌,공작물충돌,안전운전 의무 불이행,단일로,교량위
10988,2014-12-21 22,야간,일,1,2,0,1,0,충남,서천군,차대차,측면충돌,측면충돌,안전운전 의무 불이행,단일로,기타단일로
10989,2014-12-07 21,야간,일,1,1,0,0,0,전남,함평군,차량단독,전도전복,전도전복,안전운전 의무 불이행,단일로,기타단일로
10990,2014-01-29 21,야간,수,1,2,0,1,0,경북,포항시,차대차,측면충돌,측면충돌,안전운전 의무 불이행,교차로,교차로내
10991,2014-05-20 12,주간,화,1,1,0,0,0,경남,김해시,차대차,기타,기타,안전운전 의무 불이행,단일로,기타단일로
10992,2014-02-23 00,야간,일,1,2,1,0,0,충북,제천시,차대차,추돌,주정차중 추돌,안전운전 의무 불이행,단일로,기타단일로
10993,2014-01-27 07,주간,월,1,1,0,0,0,충북,청주시,차대사람,횡단중,횡단중,안전운전 의무 불이행,단일로,기타단일로
10994,2014-01-20 11,주간,월,1,1,0,0,0,경기,시흥시,차대사람,횡단중,횡단중,안전운전 의무 불이행,단일로,기타단일로
10995,2014-02-13 19,야간,목,1,1,0,0,0,충북,충주시,차대차,추돌,진행중 추돌,안전운전 의무 불이행,단일로,기타단일로
10996,2014-09-22 23,야간,월,1,1,0,0,0,경남,함안군,차대차,추돌,진행중 추돌,안전운전 의무 불이행,단일로,기타단일로
10997,2014-04-04 12,주간,금,1,1,0,0,0,경북,영주시,차대차,기타,기타,안전운전 의무 불이행,단일로,횡단보도상
10998,2014-12-18 19,야간,목,1,2,1,0,0,경북,청송군,차대사람,길가장자리구역통행중,길가장자리구역통행중,안전운전 의무 불이행,단일로,기타단일로
10999,2014-05-31 14,주간,토,1,3,2,0,0,충남,예산군,차량단독,전도전복,전도전복,안전운전 의무 불이행,단일로,기타단일로
11000,2014-02-09 11,주간,일,2,2,0,0,0,경남,창원시(통합),차량단독,도로이탈,도로이탈 추락,안전운전 의무 불이행,단일로,기타단일로
11001,2014-06-05 15,주간,목,1,1,0,0,0,전북,고창군,차량단독,공작물충돌,공작물충돌,안전운전 의무 불이행,교차로,교차로내
11002,2014-07-12 02,야간,토,1,2,1,0,0,충남,서천군,차량단독,공작물충돌,공작물충돌,안전운전 의무 불이행,단일로,기타단일로
11003,2014-02-20 03,야간,목,1,1,0,0,0,경남,김해시,차량단독,공작물충돌,공작물충돌,안전운전 의무 불이행,단일로,기타단일로
11004,2014-04-20 04,야간,일,1,3,2,0,0,서울,은평구,차대사람,횡단중,횡단중,보행자 보호의무 위반,단일로,횡단보도상
11005,2014-12-03 10,주간,수,1,1,0,0,0,강원,철원군,차대사람,횡단중,횡단중,안전운전 의무 불이행,단일로,기타단일로
11006,2014-07-14 13,주간,월,1,1,0,0,0,경남,고성군,차대차,측면충돌,측면충돌,안전운전 의무 불이행,교차로,교차로부근
11007,2014-12-10 16,주간,수,1,3,0,2,0,전남,장성군,차대차,추돌,진행중 추돌,안전운전 의무 불이행,단일로,기타단일로
11008,2014-01-31 23,야간,금,1,1,0,0,0,경기,화성시,차량단독,공작물충돌,공작물충돌,안전운전 의무 불이행,단일로,기타단일로
11009,2014-09-16 07,주간,화,1,1,0,0,0,경북,청도군,차대사람,기타,기타,안전운전 의무 불이행,교차로,교차로내
11010,2014-03-21 05,야간,금,1,2,1,0,0,경북,영천시,차대사람,길가장자리구역통행중,길가장자리구역통행중,안전운전 의무 불이행,단일로,기타단일로
11011,2014-05-19 18,야간,월,1,1,0,0,0,전북,부안군,차대차,추돌,진행중 추돌,안전거리 미확보,단일로,기타단일로
11012,2014-03-09 21,야간,일,1,1,0,0,0,경북,김천시,차대사람,기타,기타,안전운전 의무 불이행,단일로,기타단일로
11013,2014-02-18 21,야간,화,1,2,1,0,0,경남,진주시,차량단독,전도전복,전도전복,안전운전 의무 불이행,교차로,교차로내
11014,2014-01-23 14,주간,목,1,2,0,1,0,강원,원주시,차량단독,공작물충돌,공작물충돌,안전운전 의무 불이행,단일로,기타단일로
11015,2014-12-11 19,야간,목,1,1,0,0,0,전남,광양시,차대사람,기타,기타,안전운전 의무 불이행,단일로,기타단일로
11016,2014-01-29 18,야간,수,1,1,0,0,0,전남,순천시,차대사람,기타,기타,안전운전 의무 불이행,단일로,기타단일로
11017,2014-08-26 19,야간,화,1,2,0,1,0,전남,보성군,차대사람,횡단중,횡단중,안전운전 의무 불이행,단일로,기타단일로
11018,2014-07-07 18,야간,월,1,2,0,1,0,충남,부여군,차대차,측면충돌,측면충돌,기타,교차로,교차로내
11019,2014-09-15 19,야간,월,1,1,0,0,0,경북,고령군,차대사람,길가장자리구역통행중,길가장자리구역통행중,안전운전 의무 불이행,단일로,기타단일로
11020,2014-10-04 12,주간,토,1,4,0,3,0,경남,함안군,차대차,기타,기타,안전운전 의무 불이행,단일로,기타단일로
11021,2014-07-25 01,야간,금,1,1,0,0,0,경북,성주군,차대차,추돌,주정차중 추돌,안전운전 의무 불이행,단일로,기타단일로
11022,2014-12-12 17,주간,금,1,1,0,0,0,강원,철원군,차량단독,전도전복,전도전복,안전운전 의무 불이행,단일로,기타단일로
11023,2014-06-13 00,야간,금,1,2,0,1,0,충남,논산시,차대차,추돌,진행중 추돌,안전운전 의무 불이행,단일로,기타단일로
11024,2014-11-12 14,주간,수,1,1,0,0,0,강원,영월군,차대사람,기타,기타,안전운전 의무 불이행,단일로,기타단일로
11025,2014-11-27 07,주간,목,1,3,1,1,0,전북,임실군,차대차,측면충돌,측면충돌,기타,교차로,교차로내