교통사고이력ID(사고기록 순서),발생년월일시,주야코드,요일코드,사망자수,부상자수,중상자수,경상자수,부상신고자수,발생지시도코드,발생지시도코드,사고유형대분류코드,사고유형중분류코드,사고유형코드,법규위반코드,도로형태대분류코드,도로로형태코드
11026,2014-05-24 02,야간,토,1,2,0,1,0,경북,구미시,차대차,추돌,진행중 추돌,안전거리 미확보,단일로,기타단일로
11027,2014-12-13 18,야간,토,1,1,0,0,0,전남,담양군,차대사람,기타,기타,안전운전 의무 불이행,단일로,기타단일로
11028,2014-09-03 01,야간,수,1,2,1,0,0,충북,진천군,차량단독,공작물충돌,공작물충돌,안전운전 의무 불이행,단일로,기타단일로
11029,2014-12-26 17,주간,금,1,1,0,0,0,경남,의령군,차대사람,횡단중,횡단중,안전운전 의무 불이행,교차로,교차로내
11030,2014-05-24 02,야간,토,1,5,1,3,0,경북,구미시,차대차,추돌,주정차중 추돌,안전거리 미확보,단일로,기타단일로
11031,2014-08-19 13,주간,화,1,1,0,0,0,경남,남해군,차대차,측면충돌,측면충돌,기타,교차로,교차로내
11032,2014-05-26 10,주간,월,1,1,0,0,0,부산,기장군,차량단독,공작물충돌,공작물충돌,안전운전 의무 불이행,단일로,기타단일로
11033,2014-02-12 05,야간,수,1,2,1,0,0,제주,서귀포시,차량단독,공작물충돌,공작물충돌,안전운전 의무 불이행,교차로,교차로부근
11034,2014-09-01 14,주간,월,1,1,0,0,0,전남,보성군,차대사람,기타,기타,안전운전 의무 불이행,단일로,기타단일로
11035,2014-12-13 10,주간,토,1,1,0,0,0,전북,익산시,차대차,정면충돌,정면충돌,안전운전 의무 불이행,단일로,기타단일로
11036,2014-07-27 17,주간,일,1,1,0,0,0,충북,옥천군,차대사람,기타,기타,안전운전 의무 불이행,단일로,기타단일로
11037,2014-07-23 11,주간,수,1,2,1,0,0,충남,서천군,차량단독,기타,기타,안전운전 의무 불이행,단일로,기타단일로
11038,2014-04-15 15,주간,화,1,1,0,0,0,경기,양평군,차량단독,도로이탈,도로이탈 추락,안전운전 의무 불이행,단일로,기타단일로
11039,2014-05-25 22,야간,일,1,1,0,0,0,경북,고령군,차대사람,길가장자리구역통행중,길가장자리구역통행중,안전운전 의무 불이행,단일로,기타단일로
11040,2014-12-18 02,야간,목,1,1,0,0,0,전북,완주군,차대사람,기타,기타,안전운전 의무 불이행,단일로,기타단일로
11041,2014-10-10 07,주간,금,1,4,2,1,0,전남,완도군,차대차,측면충돌,측면충돌,중앙선 침범,교차로,교차로부근
11042,2014-05-18 20,야간,일,1,1,0,0,0,전남,무안군,차대사람,횡단중,횡단중,안전운전 의무 불이행,교차로,교차로내
11043,2014-02-12 21,야간,수,1,1,0,0,0,경기,이천시,차대사람,기타,기타,안전운전 의무 불이행,단일로,기타단일로
11044,2014-01-20 23,야간,월,1,1,0,0,0,광주,북구,차대사람,길가장자리구역통행중,길가장자리구역통행중,안전운전 의무 불이행,단일로,기타단일로
11045,2014-10-13 16,주간,월,1,3,0,2,0,강원,횡성군,차량단독,도로이탈,도로이탈 추락,안전운전 의무 불이행,단일로,기타단일로
11046,2014-03-19 06,주간,수,1,1,0,0,0,대전,대덕구,차대사람,차도통행중,차도통행중,안전운전 의무 불이행,단일로,기타단일로
11047,2014-01-28 23,야간,화,1,3,2,0,0,경기,고양시,차대사람,기타,기타,안전운전 의무 불이행,단일로,기타단일로
11048,2014-07-24 10,주간,목,1,1,0,0,0,충남,서천군,차대차,기타,기타,신호위반,교차로,교차로내
11049,2014-09-05 04,야간,금,1,2,0,1,0,경기,이천시,차대차,추돌,진행중 추돌,안전운전 의무 불이행,단일로,기타단일로
11050,2014-08-22 13,주간,금,1,1,0,0,0,경남,남해군,차대차,추돌,진행중 추돌,안전운전 의무 불이행,단일로,기타단일로
11051,2014-09-23 17,주간,화,1,1,0,0,0,경북,청도군,차량단독,전도전복,전도전복,안전운전 의무 불이행,단일로,기타단일로
11052,2014-04-03 00,야간,목,2,2,0,0,0,전남,나주시,차량단독,도로이탈,도로이탈 추락,안전운전 의무 불이행,단일로,교량위
11053,2014-03-05 22,야간,수,2,4,2,0,0,충남,당진시,차대차,추돌,진행중 추돌,안전운전 의무 불이행,교차로,교차로내
11054,2014-06-07 11,주간,토,1,1,0,0,0,전남,화순군,차대차,측면충돌,측면충돌,기타,교차로,교차로부근
11055,2014-05-20 15,주간,화,1,3,1,1,0,전남,무안군,차대차,기타,기타,중앙선 침범,단일로,기타단일로
11056,2014-01-24 05,야간,금,1,1,0,0,0,경기,안양시,차량단독,공작물충돌,공작물충돌,안전운전 의무 불이행,단일로,기타단일로
11057,2014-06-09 07,주간,월,1,3,2,0,0,경남,함안군,차량단독,전도전복,전도전복,안전운전 의무 불이행,단일로,고가도로위
11058,2014-09-12 19,야간,금,1,5,3,1,0,충북,청주시,차대차,추돌,주정차중 추돌,안전거리 미확보,단일로,기타단일로
11059,2014-09-21 21,야간,일,1,1,0,0,0,경남,하동군,차대사람,기타,기타,안전운전 의무 불이행,기타/불명,기타/불명
11060,2014-09-15 23,야간,월,1,1,0,0,0,충남,청양군,차량단독,도로이탈,도로이탈 기타,안전운전 의무 불이행,단일로,기타단일로
11061,2014-07-18 06,주간,금,1,1,0,0,0,충남,부여군,차대차,기타,기타,안전운전 의무 불이행,단일로,기타단일로
11062,2014-05-31 10,주간,토,1,3,2,0,0,충북,증평군,차대차,측면충돌,측면충돌,기타,교차로,교차로내
11063,2014-04-13 19,야간,일,1,1,0,0,0,충북,음성군,차대사람,횡단중,횡단중,안전운전 의무 불이행,단일로,기타단일로
11064,2014-02-18 05,야간,화,1,1,0,0,0,서울,동작구,차량단독,공작물충돌,공작물충돌,안전운전 의무 불이행,단일로,기타단일로
11065,2014-08-25 00,야간,월,1,4,2,1,0,강원,고성군,차대차,추돌,주정차중 추돌,안전운전 의무 불이행,단일로,기타단일로
11066,2014-03-31 08,주간,월,1,1,0,0,0,서울,종로구,차대차,측면충돌,측면충돌,기타,단일로,횡단보도상
11067,2014-05-13 10,주간,화,1,4,1,2,0,전남,해남군,차대차,정면충돌,정면충돌,신호위반,교차로,교차로내
11068,2014-11-26 18,야간,수,1,1,0,0,0,강원,영월군,차대사람,횡단중,횡단중,안전운전 의무 불이행,단일로,기타단일로
11069,2014-09-29 09,주간,월,1,1,0,0,0,경북,고령군,차량단독,도로이탈,도로이탈 기타,안전운전 의무 불이행,단일로,기타단일로
11070,2014-02-06 07,주간,목,1,6,1,1,3,경기,화성시,차대차,측면충돌,측면충돌,신호위반,교차로,교차로내
11071,2014-03-05 05,야간,수,1,1,0,0,0,대전,동구,차대사람,보도통행중,보도통행중,신호위반,단일로,횡단보도상
11072,2014-08-14 00,야간,목,1,1,0,0,0,경북,영덕군,차량단독,공작물충돌,공작물충돌,안전운전 의무 불이행,교차로,교차로내
11073,2014-01-22 09,주간,수,1,1,0,0,0,전북,익산시,차대사람,횡단중,횡단중,안전운전 의무 불이행,교차로,교차로내
11074,2014-05-14 19,야간,수,1,2,0,1,0,충남,보령시,차대차,추돌,진행중 추돌,안전운전 의무 불이행,단일로,기타단일로
11075,2014-02-27 14,주간,목,1,1,0,0,0,경남,창원시(통합),차량단독,전도전복,전도전복,안전운전 의무 불이행,단일로,기타단일로
11076,2014-07-31 14,주간,목,1,2,1,0,0,충남,서천군,차대차,기타,기타,중앙선 침범,단일로,기타단일로
11077,2014-03-05 04,야간,수,1,1,0,0,0,경남,통영시,차량단독,공작물충돌,공작물충돌,안전운전 의무 불이행,단일로,기타단일로
11078,2014-06-26 18,야간,목,1,1,0,0,0,경북,울진군,차량단독,전도전복,전도전복,안전운전 의무 불이행,단일로,기타단일로
11079,2014-10-06 17,주간,월,1,1,0,0,0,경북,청도군,차량단독,전도전복,전도전복,안전운전 의무 불이행,단일로,기타단일로
11080,2014-02-01 10,주간,토,1,2,0,0,1,전남,여수시,차량단독,전도전복,전도전복,안전운전 의무 불이행,기타/불명,기타/불명
11081,2014-06-16 15,주간,월,1,1,0,0,0,경남,창녕군,차량단독,공작물충돌,공작물충돌,안전운전 의무 불이행,단일로,기타단일로
11082,2014-05-29 14,주간,목,1,1,0,0,0,경북,상주시,차대차,추돌,주정차중 추돌,안전운전 의무 불이행,단일로,기타단일로
11083,2014-09-11 21,야간,목,1,1,0,0,0,전남,보성군,차대사람,횡단중,횡단중,보행자 보호의무 위반,교차로,교차로내
11084,2014-12-12 18,야간,금,1,1,0,0,0,강원,영월군,차대사람,횡단중,횡단중,보행자 보호의무 위반,단일로,횡단보도상
11085,2014-01-27 14,주간,월,1,2,1,0,0,경기,파주시,차대차,정면충돌,정면충돌,중앙선 침범,단일로,기타단일로
11086,2014-01-26 11,주간,일,1,1,0,0,0,부산,수영구,차대사람,횡단중,횡단중,안전운전 의무 불이행,단일로,기타단일로
11087,2014-03-07 10,주간,금,1,1,0,0,0,충남,당진시,차량단독,전도전복,전도전복,안전운전 의무 불이행,단일로,기타단일로
11088,2014-12-15 09,주간,월,1,1,0,0,0,강원,영월군,차량단독,전도전복,전도전복,안전운전 의무 불이행,단일로,기타단일로
11089,2014-01-19 20,야간,일,1,1,0,0,0,충북,청원군,차대사람,기타,기타,안전운전 의무 불이행,단일로,횡단보도부근
11090,2014-04-29 16,주간,화,1,1,0,0,0,경기,가평군,차량단독,기타,기타,기타,기타/불명,기타/불명
11091,2014-02-23 05,야간,일,1,1,0,0,0,서울,도봉구,차대사람,기타,기타,안전운전 의무 불이행,단일로,기타단일로
11092,2014-04-25 22,야간,금,1,1,0,0,0,전북,완주군,차대사람,기타,기타,안전운전 의무 불이행,단일로,기타단일로
11093,2014-09-21 14,주간,일,1,1,0,0,0,충북,영동군,차량단독,전도전복,전도전복,안전운전 의무 불이행,단일로,기타단일로
11094,2014-03-06 06,주간,목,1,1,0,0,0,경남,통영시,차대사람,횡단중,횡단중,안전운전 의무 불이행,단일로,횡단보도상
11095,2014-05-31 19,야간,토,2,7,2,3,0,대구,북구,차대차,추돌,진행중 추돌,안전운전 의무 불이행,단일로,기타단일로
11096,2014-04-10 20,야간,목,1,1,0,0,0,충남,홍성군,차대사람,기타,기타,안전운전 의무 불이행,단일로,기타단일로
11097,2014-03-29 21,야간,토,1,1,0,0,0,경북,영천시,차대사람,횡단중,횡단중,안전운전 의무 불이행,단일로,기타단일로
11098,2014-02-06 06,주간,목,1,1,0,0,0,전남,목포시,차대사람,횡단중,횡단중,안전운전 의무 불이행,교차로,교차로내
11099,2014-04-27 23,야간,일,1,1,0,0,0,전북,완주군,차량단독,공작물충돌,공작물충돌,안전운전 의무 불이행,단일로,기타단일로
11100,2014-10-13 09,주간,월,1,2,1,0,0,전남,장성군,차량단독,기타,기타,안전운전 의무 불이행,단일로,기타단일로
11101,2014-10-13 18,야간,월,1,1,0,0,0,강원,평창군,차대차,측면충돌,측면충돌,안전운전 의무 불이행,단일로,기타단일로
11102,2014-03-01 20,야간,토,1,1,0,0,0,전남,광양시,차대사람,횡단중,횡단중,안전운전 의무 불이행,단일로,횡단보도상
11103,2014-07-27 20,야간,일,1,1,0,0,0,충남,부여군,차대차,기타,기타,안전운전 의무 불이행,단일로,기타단일로
11104,2014-03-04 04,야간,화,1,1,0,0,0,경기,포천시,차량단독,공작물충돌,공작물충돌,안전운전 의무 불이행,교차로,교차로내
11105,2014-03-29 23,야간,토,1,1,0,0,0,부산,영도구,차대사람,횡단중,횡단중,안전운전 의무 불이행,단일로,횡단보도부근
11106,2014-09-21 23,야간,일,1,2,0,1,0,충북,충주시,차대차,추돌,진행중 추돌,안전거리 미확보,단일로,기타단일로
11107,2014-05-17 22,야간,토,1,2,1,0,0,충남,보령시,차대차,추돌,진행중 추돌,안전운전 의무 불이행,교차로,교차로부근
11108,2014-10-14 20,야간,화,1,1,0,0,0,강원,평창군,차대사람,기타,기타,안전운전 의무 불이행,단일로,기타단일로
11109,2014-03-12 05,야간,수,1,1,0,0,0,강원,속초시,차량단독,공작물충돌,공작물충돌,안전운전 의무 불이행,교차로,교차로부근
11110,2014-11-30 13,주간,일,1,1,0,0,0,충북,단양군,차량단독,도로이탈,도로이탈 기타,안전운전 의무 불이행,단일로,기타단일로
11111,2014-05-13 09,주간,화,4,7,3,0,0,경기,고양시,차대차,추돌,주정차중 추돌,안전운전 의무 불이행,단일로,기타단일로
11112,2014-04-20 16,주간,일,1,1,0,0,0,경기,양평군,차량단독,전도전복,전도전복,안전운전 의무 불이행,교차로,교차로내
11113,2014-07-30 16,주간,수,1,1,0,0,0,전남,고흥군,차대차,측면충돌,측면충돌,안전운전 의무 불이행,교차로,교차로내
11114,2014-12-24 17,주간,수,1,6,1,4,0,경북,예천군,차대차,정면충돌,정면충돌,중앙선 침범,단일로,기타단일로
11115,2014-09-24 11,주간,수,1,4,1,2,0,경기,이천시,차대차,추돌,진행중 추돌,안전운전 의무 불이행,단일로,기타단일로
11116,2014-12-05 13,주간,금,1,1,0,0,0,전남,진도군,차량단독,도로이탈,도로이탈 추락,안전운전 의무 불이행,단일로,기타단일로
11117,2014-06-05 19,야간,목,1,1,0,0,0,대구,북구,차대차,추돌,주정차중 추돌,안전운전 의무 불이행,단일로,기타단일로
11118,2014-02-04 19,야간,화,1,1,0,0,0,충남,천안시,차대사람,횡단중,횡단중,안전운전 의무 불이행,단일로,기타단일로
11119,2014-06-08 04,야간,일,1,1,0,0,0,경남,양산시,차대차,기타,기타,안전운전 의무 불이행,단일로,기타단일로
11120,2014-03-12 18,야간,수,1,2,0,1,0,경북,칠곡군,차대차,기타,기타,안전운전 의무 불이행,단일로,기타단일로
11121,2014-04-23 21,야간,수,1,2,1,0,0,경기,양평군,차량단독,전도전복,전도전복,안전운전 의무 불이행,단일로,기타단일로
11122,2014-11-15 10,주간,토,1,1,0,0,0,전남,완도군,차량단독,기타,기타,안전운전 의무 불이행,교차로,교차로부근
11123,2014-01-28 03,야간,화,1,1,0,0,0,서울,동대문구,차대사람,차도통행중,차도통행중,안전운전 의무 불이행,단일로,기타단일로
11124,2014-11-14 07,주간,금,1,2,1,0,0,경남,창원시(통합),차량단독,공작물충돌,공작물충돌,안전운전 의무 불이행,단일로,기타단일로
11125,2014-04-07 19,야간,월,1,1,0,0,0,전북,정읍시,차대차,추돌,진행중 추돌,안전운전 의무 불이행,교차로,교차로부근
11126,2014-04-06 06,주간,일,1,1,0,0,0,충남,논산시,차대사람,기타,기타,안전운전 의무 불이행,단일로,기타단일로
11127,2014-02-08 23,야간,토,1,1,0,0,0,경북,포항시,차대사람,기타,기타,안전운전 의무 불이행,단일로,기타단일로
11128,2014-02-10 05,야간,월,1,1,0,0,0,부산,사하구,차대차,기타,기타,중앙선 침범,단일로,횡단보도상
11129,2014-05-28 09,주간,수,1,1,0,0,0,전남,무안군,차대차,측면충돌,측면충돌,안전운전 의무 불이행,교차로,교차로내
11130,2014-04-03 19,야간,목,1,1,0,0,0,경북,영천시,차량단독,공작물충돌,공작물충돌,안전운전 의무 불이행,단일로,기타단일로
11131,2014-09-04 16,주간,목,1,1,0,0,0,충남,금산군,차대사람,횡단중,횡단중,안전운전 의무 불이행,단일로,기타단일로
11132,2014-09-29 23,야간,월,1,3,1,1,0,경기,여주시,차대차,추돌,주정차중 추돌,안전운전 의무 불이행,단일로,기타단일로
11133,2014-05-04 20,야간,일,1,1,0,0,0,전북,완주군,차대사람,기타,기타,안전운전 의무 불이행,단일로,기타단일로
11134,2014-10-31 00,야간,금,1,1,0,0,0,경북,청도군,차대사람,횡단중,횡단중,안전운전 의무 불이행,교차로,교차로부근
11135,2014-10-12 17,주간,일,1,1,0,0,0,전남,보성군,차대사람,기타,기타,안전운전 의무 불이행,교차로,교차로내
11136,2014-06-25 11,주간,수,1,1,0,0,0,전남,화순군,차대차,측면충돌,측면충돌,중앙선 침범,단일로,기타단일로
11137,2014-03-25 19,야간,화,1,1,0,0,0,경북,김천시,차대사람,보도통행중,보도통행중,안전운전 의무 불이행,교차로,교차로부근
11138,2014-05-21 09,주간,수,1,1,0,0,0,세종,세종,차량단독,도로이탈,도로이탈 추락,안전운전 의무 불이행,단일로,기타단일로
11139,2014-07-03 09,주간,목,1,1,0,0,0,전북,고창군,차대사람,기타,기타,보행자 보호의무 위반,교차로,교차로부근
11140,2014-09-10 05,야간,수,1,1,0,0,0,강원,고성군,차량단독,기타,기타,안전운전 의무 불이행,단일로,기타단일로
11141,2014-01-27 09,주간,월,1,1,0,0,0,경북,경주시,차대차,측면충돌,측면충돌,안전운전 의무 불이행,교차로,교차로내
11142,2014-03-15 14,주간,토,1,1,0,0,0,서울,성동구,차대차,측면충돌,측면충돌,안전운전 의무 불이행,단일로,교량위
11143,2014-09-11 08,주간,목,1,1,0,0,0,강원,고성군,차량단독,전도전복,전도전복,안전운전 의무 불이행,단일로,기타단일로
11144,2014-02-25 20,야간,화,1,1,0,0,0,서울,서대문구,차대사람,횡단중,횡단중,안전운전 의무 불이행,단일로,기타단일로
11145,2014-02-13 09,주간,목,1,1,0,0,0,경기,군포시,차대사람,기타,기타,안전운전 의무 불이행,단일로,기타단일로
11146,2014-06-01 06,주간,일,1,3,1,0,1,강원,홍천군,차량단독,공작물충돌,공작물충돌,안전운전 의무 불이행,단일로,기타단일로
11147,2014-02-17 11,주간,월,1,1,0,0,0,대구,북구,차대차,측면충돌,측면충돌,안전운전 의무 불이행,단일로,기타단일로
11148,2014-05-28 12,주간,수,1,1,0,0,0,충남,공주시,차량단독,공작물충돌,공작물충돌,안전운전 의무 불이행,교차로,교차로내
11149,2014-01-28 13,주간,화,1,1,0,0,0,경기,화성시,차대차,추돌,진행중 추돌,안전운전 의무 불이행,단일로,기타단일로
11150,2014-06-15 15,주간,일,1,1,0,0,0,전북,부안군,차량단독,도로이탈,도로이탈 추락,안전운전 의무 불이행,단일로,기타단일로
11151,2014-06-28 15,주간,토,1,1,0,0,0,경남,함안군,차대차,측면충돌,측면충돌,안전운전 의무 불이행,교차로,교차로내
11152,2014-07-03 20,야간,목,1,2,1,0,0,경남,창녕군,차대사람,횡단중,횡단중,보행자 보호의무 위반,교차로,교차로부근
11153,2014-04-10 20,야간,목,1,1,0,0,0,전북,정읍시,차대사람,길가장자리구역통행중,길가장자리구역통행중,안전운전 의무 불이행,단일로,기타단일로
11154,2014-12-23 10,주간,화,1,1,0,0,0,경남,함양군,차량단독,도로이탈,도로이탈 기타,안전운전 의무 불이행,단일로,기타단일로
11155,2014-06-15 00,야간,일,1,4,3,0,0,경남,김해시,차량단독,공작물충돌,공작물충돌,안전운전 의무 불이행,단일로,기타단일로
11156,2014-04-22 23,야간,화,1,2,0,1,0,서울,서초구,차대차,정면충돌,정면충돌,신호위반,교차로,교차로부근
11157,2014-02-15 16,주간,토,1,1,0,0,0,충북,청주시,차대사람,횡단중,횡단중,안전운전 의무 불이행,단일로,기타단일로
11158,2014-11-24 06,주간,월,1,4,1,2,0,경남,진주시,차대차,기타,기타,안전운전 의무 불이행,단일로,기타단일로
11159,2014-08-22 12,주간,금,1,1,0,0,0,충북,옥천군,차대사람,기타,기타,안전운전 의무 불이행,단일로,기타단일로
11160,2014-11-05 18,야간,수,1,1,0,0,0,경남,하동군,차대차,추돌,주정차중 추돌,안전운전 의무 불이행,단일로,기타단일로
11161,2014-11-13 18,야간,목,1,1,0,0,0,강원,횡성군,차량단독,전도전복,전도전복,안전운전 의무 불이행,단일로,기타단일로
11162,2014-10-15 16,주간,수,1,1,0,0,0,충남,청양군,차량단독,공작물충돌,공작물충돌,안전운전 의무 불이행,단일로,기타단일로
11163,2014-05-06 19,야간,화,1,1,0,0,0,전북,완주군,차대사람,횡단중,횡단중,안전운전 의무 불이행,교차로,교차로내
11164,2014-10-17 09,주간,금,1,1,0,0,0,충남,청양군,차대차,추돌,진행중 추돌,기타,교차로,교차로내
11165,2014-09-04 21,야간,목,1,1,0,0,0,경북,영덕군,차대차,기타,기타,안전운전 의무 불이행,단일로,기타단일로
11166,2014-02-15 13,주간,토,1,1,0,0,0,대전,중구,차대사람,횡단중,횡단중,보행자 보호의무 위반,단일로,기타단일로
11167,2014-06-16 20,야간,월,1,1,0,0,0,전북,부안군,차대차,측면충돌,측면충돌,신호위반,교차로,교차로내
11168,2014-04-12 13,주간,토,1,1,0,0,0,경북,상주시,차대사람,기타,기타,안전운전 의무 불이행,단일로,기타단일로
11169,2014-02-16 03,야간,일,1,1,0,0,0,대전,중구,차대사람,기타,기타,안전운전 의무 불이행,단일로,기타단일로
11170,2014-11-16 11,주간,일,1,1,0,0,0,강원,횡성군,차대사람,횡단중,횡단중,보행자 보호의무 위반,단일로,횡단보도상
11171,2014-11-13 09,주간,목,1,2,1,0,0,경남,하동군,차대차,측면충돌,측면충돌,교차로 통행방법 위반,교차로,교차로내
11172,2014-10-24 15,주간,금,1,1,0,0,0,전남,보성군,차대사람,기타,기타,안전운전 의무 불이행,단일로,기타단일로
11173,2014-01-30 06,주간,목,1,1,0,0,0,경기,파주시,차대차,측면충돌,측면충돌,기타,교차로,교차로내
11174,2014-06-19 15,주간,목,1,1,0,0,0,경남,밀양시,차대차,기타,기타,안전운전 의무 불이행,단일로,기타단일로
11175,2014-09-22 21,야간,월,1,1,0,0,0,경북,의성군,차대사람,차도통행중,차도통행중,안전운전 의무 불이행,단일로,기타단일로
11176,2014-09-23 17,주간,화,1,1,0,0,0,경북,의성군,차대차,추돌,진행중 추돌,안전운전 의무 불이행,단일로,기타단일로
11177,2014-03-05 19,야간,수,1,1,0,0,0,대구,달성군,차대차,측면충돌,측면충돌,신호위반,교차로,교차로내
11178,2014-10-12 18,야간,일,1,2,0,0,1,충북,영동군,차대차,기타,기타,안전운전 의무 불이행,단일로,기타단일로
11179,2014-03-04 08,주간,화,1,2,0,0,1,인천,부평구,차대사람,기타,기타,안전운전 의무 불이행,단일로,기타단일로
11180,2014-08-16 01,야간,토,1,1,0,0,0,경기,연천군,차대사람,횡단중,횡단중,안전운전 의무 불이행,단일로,횡단보도상
11181,2014-02-21 06,주간,금,1,1,0,0,0,제주,서귀포시,차대사람,횡단중,횡단중,안전운전 의무 불이행,단일로,기타단일로
11182,2014-06-11 13,주간,수,1,1,0,0,0,전남,해남군,차대차,기타,기타,안전운전 의무 불이행,단일로,기타단일로
11183,2014-02-12 11,주간,수,1,1,0,0,0,경기,화성시,차대사람,횡단중,횡단중,신호위반,단일로,횡단보도상
11184,2014-02-21 11,주간,금,1,1,0,0,0,경기,안성시,차대사람,횡단중,횡단중,안전운전 의무 불이행,단일로,기타단일로
11185,2014-10-14 22,야간,화,1,1,0,0,0,충북,영동군,차량단독,도로이탈,도로이탈 기타,안전운전 의무 불이행,단일로,기타단일로
11186,2014-04-02 10,주간,수,1,4,1,2,0,경남,밀양시,차대사람,길가장자리구역통행중,길가장자리구역통행중,안전운전 의무 불이행,단일로,기타단일로
11187,2014-07-17 19,야간,목,1,1,0,0,0,전북,고창군,차량단독,전도전복,전도전복,안전운전 의무 불이행,단일로,기타단일로
11188,2014-05-16 17,주간,금,1,1,0,0,0,전남,영암군,차대차,측면충돌,측면충돌,안전운전 의무 불이행,교차로,교차로부근
11189,2014-09-23 10,주간,화,1,1,0,0,0,충남,금산군,차대차,측면충돌,측면충돌,신호위반,교차로,교차로내
11190,2014-04-11 18,야간,금,1,1,0,0,0,충남,논산시,차량단독,공작물충돌,공작물충돌,안전운전 의무 불이행,단일로,기타단일로
11191,2014-02-28 12,주간,금,1,1,0,0,0,충남,천안시,차대사람,횡단중,횡단중,안전운전 의무 불이행,교차로,교차로내
11192,2014-01-30 08,주간,목,1,2,0,1,0,경기,파주시,차대차,측면충돌,측면충돌,중앙선 침범,단일로,기타단일로
11193,2014-03-15 22,야간,토,1,1,0,0,0,서울,은평구,차대차,측면충돌,측면충돌,신호위반,교차로,교차로내
11194,2014-02-24 18,야간,월,1,2,0,1,0,경북,안동시,차대차,정면충돌,정면충돌,중앙선 침범,기타/불명,기타/불명
11195,2014-08-02 15,주간,토,1,2,1,0,0,전남,담양군,차대차,정면충돌,정면충돌,중앙선 침범,교차로,교차로부근
11196,2014-06-03 18,야간,화,1,1,0,0,0,충남,공주시,차량단독,도로이탈,도로이탈 추락,안전운전 의무 불이행,교차로,교차로부근
11197,2014-06-26 02,야간,목,1,1,0,0,0,경북,경주시,차대차,추돌,진행중 추돌,안전운전 의무 불이행,단일로,기타단일로
11198,2014-08-23 20,야간,토,1,1,0,0,0,경남,고성군,차대사람,횡단중,횡단중,안전운전 의무 불이행,교차로,교차로내
11199,2014-03-10 05,야간,월,1,1,0,0,0,전남,광양시,차량단독,공작물충돌,공작물충돌,안전운전 의무 불이행,단일로,기타단일로
11200,2014-04-27 05,야간,일,1,1,0,0,0,서울,서초구,차대사람,횡단중,횡단중,안전운전 의무 불이행,단일로,횡단보도부근
11201,2014-09-01 18,야간,월,1,1,0,0,0,충남,서천군,차대차,기타,기타,중앙선 침범,교차로,교차로부근
11202,2014-05-29 07,주간,목,1,1,0,0,0,충남,보령시,차대사람,길가장자리구역통행중,길가장자리구역통행중,중앙선 침범,단일로,기타단일로
11203,2014-04-24 16,주간,목,1,1,0,0,0,전북,남원시,차대차,측면충돌,측면충돌,신호위반,교차로,교차로내
11204,2014-10-06 21,야간,월,1,1,0,0,0,강원,태백시,차량단독,공작물충돌,공작물충돌,안전운전 의무 불이행,단일로,기타단일로
11205,2014-12-31 19,야간,수,1,2,1,0,0,경남,합천군,차대차,정면충돌,정면충돌,중앙선 침범,단일로,기타단일로
11206,2014-06-26 06,주간,목,1,2,0,1,0,경북,상주시,차대차,추돌,진행중 추돌,안전운전 의무 불이행,단일로,터널안
11207,2014-09-01 17,주간,월,1,1,0,0,0,충북,옥천군,차대사람,횡단중,횡단중,신호위반,교차로,교차로내
11208,2014-08-25 17,주간,월,1,2,0,1,0,경남,고성군,차대차,측면충돌,측면충돌,신호위반,교차로,교차로내
11209,2014-01-25 02,야간,토,1,1,0,0,0,광주,북구,차대사람,차도통행중,차도통행중,안전운전 의무 불이행,단일로,기타단일로
11210,2014-07-14 01,야간,월,1,1,0,0,0,경남,창녕군,차량단독,공작물충돌,공작물충돌,안전운전 의무 불이행,단일로,기타단일로
11211,2014-02-01 21,야간,토,1,1,0,0,0,경기,김포시,차량단독,공작물충돌,공작물충돌,안전운전 의무 불이행,단일로,기타단일로
11212,2014-01-19 09,주간,일,1,4,0,2,1,경기,평택시,차대차,측면충돌,측면충돌,신호위반,교차로,교차로내
11213,2014-03-23 08,주간,일,1,1,0,0,0,강원,속초시,차대차,측면충돌,측면충돌,안전운전 의무 불이행,교차로,교차로부근
11214,2014-05-09 10,주간,금,1,1,0,0,0,전북,김제시,차대차,측면충돌,측면충돌,기타,교차로,교차로내
11215,2014-07-21 15,주간,월,1,1,0,0,0,충남,천안시,차대사람,차도통행중,차도통행중,안전운전 의무 불이행,단일로,기타단일로
11216,2014-12-19 18,야간,금,1,2,0,1,0,경남,김해시,차대차,추돌,주정차중 추돌,안전운전 의무 불이행,단일로,기타단일로
11217,2014-02-07 20,야간,금,1,1,0,0,0,강원,춘천시,차대사람,횡단중,횡단중,안전운전 의무 불이행,교차로,교차로내
11218,2014-09-06 10,주간,토,1,1,0,0,0,경남,거창군,차대차,기타,기타,중앙선 침범,단일로,기타단일로
11219,2014-09-01 13,주간,월,1,1,0,0,0,전남,고흥군,차량단독,공작물충돌,공작물충돌,안전운전 의무 불이행,단일로,기타단일로
11220,2014-09-16 17,주간,화,1,1,0,0,0,전남,장흥군,차량단독,전도전복,전도전복,안전운전 의무 불이행,단일로,기타단일로
11221,2014-05-17 00,야간,토,1,1,0,0,0,경기,가평군,차대사람,횡단중,횡단중,신호위반,교차로,교차로내
11222,2014-06-11 14,주간,수,1,3,0,2,0,강원,홍천군,차대차,추돌,주정차중 추돌,안전운전 의무 불이행,교차로,교차로부근