교통사고이력ID(사고기록 순서),발생년월일시,주야코드,요일코드,사망자수,부상자수,중상자수,경상자수,부상신고자수,발생지시도코드,발생지시도코드,사고유형대분류코드,사고유형중분류코드,사고유형코드,법규위반코드,도로형태대분류코드,도로로형태코드
11421,2014-02-13 02,야간,목,1,1,0,0,0,서울,영등포구,차대사람,기타,기타,안전운전 의무 불이행,교차로,교차로내
11422,2014-08-02 03,야간,토,1,2,1,0,0,경북,경산시,차대차,추돌,진행중 추돌,안전거리 미확보,단일로,기타단일로
11423,2014-02-19 18,야간,수,1,2,0,1,0,경북,포항시,차대사람,기타,기타,과속,단일로,기타단일로
11424,2014-03-27 13,주간,목,1,2,0,1,0,경남,창원시(통합),차대차,추돌,주정차중 추돌,안전운전 의무 불이행,단일로,기타단일로
11425,2014-03-13 11,주간,목,1,1,0,0,0,충남,천안시,차대차,기타,기타,안전운전 의무 불이행,단일로,기타단일로
11426,2014-08-26 04,야간,화,1,1,0,0,0,전남,화순군,차대사람,횡단중,횡단중,안전운전 의무 불이행,단일로,기타단일로
11427,2014-08-29 14,주간,금,1,2,1,0,0,경남,창녕군,차대차,측면충돌,측면충돌,신호위반,교차로,교차로내
11428,2014-07-21 20,야간,월,1,1,0,0,0,전남,해남군,차량단독,도로이탈,도로이탈 추락,안전운전 의무 불이행,단일로,기타단일로
11429,2014-12-10 17,주간,수,2,2,0,0,0,충남,금산군,차대차,추돌,진행중 추돌,안전운전 의무 불이행,교차로,교차로내
11430,2014-08-03 21,야간,일,2,7,2,3,0,경남,김해시,차대차,측면충돌,측면충돌,중앙선 침범,단일로,기타단일로
11431,2014-05-13 12,주간,화,1,2,1,0,0,대전,서구,차대차,기타,기타,안전운전 의무 불이행,단일로,교량위
11432,2014-11-04 07,주간,화,1,2,1,0,0,전남,영광군,차대차,추돌,진행중 추돌,안전운전 의무 불이행,단일로,기타단일로
11433,2014-11-03 19,야간,월,1,1,0,0,0,경북,성주군,차대사람,기타,기타,안전운전 의무 불이행,기타/불명,기타/불명
11434,2014-12-24 17,주간,수,1,1,0,0,0,충북,음성군,차대차,기타,기타,안전운전 의무 불이행,단일로,기타단일로
11435,2014-12-11 17,주간,목,1,1,0,0,0,경북,의성군,차대사람,차도통행중,차도통행중,안전운전 의무 불이행,단일로,기타단일로
11436,2014-11-20 19,야간,목,1,1,0,0,0,전남,장흥군,차대차,추돌,진행중 추돌,안전운전 의무 불이행,단일로,기타단일로
11437,2014-02-17 02,야간,월,1,2,0,1,0,전남,여수시,차대사람,기타,기타,안전운전 의무 불이행,단일로,기타단일로
11438,2014-04-01 16,주간,화,1,2,0,1,0,경남,사천시,차대차,기타,기타,안전운전 의무 불이행,단일로,기타단일로
11439,2014-04-03 23,야간,목,1,4,2,1,0,충남,당진시,차량단독,전도전복,전도전복,안전운전 의무 불이행,기타/불명,기타/불명
11440,2014-11-06 11,주간,목,1,1,0,0,0,전남,영광군,차대차,정면충돌,정면충돌,중앙선 침범,교차로,교차로부근
11441,2014-04-15 16,주간,화,1,1,0,0,0,서울,성북구,차대사람,기타,기타,기타,단일로,기타단일로
11442,2014-09-05 12,주간,금,1,1,0,0,0,충남,예산군,차대사람,기타,기타,안전운전 의무 불이행,기타/불명,기타/불명
11443,2014-07-25 14,주간,금,1,1,0,0,0,전남,해남군,차량단독,전도전복,전도전복,안전운전 의무 불이행,단일로,기타단일로
11444,2014-07-24 17,주간,목,1,1,0,0,0,전남,무안군,차량단독,기타,기타,안전운전 의무 불이행,단일로,기타단일로
11445,2014-09-29 09,주간,월,1,1,0,0,0,전남,담양군,차대사람,기타,기타,안전운전 의무 불이행,단일로,기타단일로
11446,2014-10-27 17,주간,월,1,1,0,0,0,충남,서천군,차대차,추돌,주정차중 추돌,안전운전 의무 불이행,단일로,기타단일로
11447,2014-05-01 03,야간,목,1,1,0,0,0,경남,밀양시,차량단독,공작물충돌,공작물충돌,안전운전 의무 불이행,교차로,교차로부근
11448,2014-11-10 09,주간,월,1,1,0,0,0,전남,영광군,차대사람,횡단중,횡단중,안전운전 의무 불이행,단일로,기타단일로
11449,2014-03-06 19,야간,목,1,1,0,0,0,경기,이천시,차대차,측면충돌,측면충돌,안전운전 의무 불이행,단일로,기타단일로
11450,2014-08-30 17,주간,토,1,1,0,0,0,전남,화순군,차대사람,기타,기타,안전운전 의무 불이행,단일로,교량위
11451,2014-06-07 22,야간,토,1,3,1,1,0,전북,김제시,차대차,정면충돌,정면충돌,중앙선 침범,단일로,기타단일로
11452,2014-02-18 05,야간,화,3,3,0,0,0,전남,여수시,차량단독,공작물충돌,공작물충돌,안전운전 의무 불이행,단일로,기타단일로
11453,2014-04-18 11,주간,금,1,1,0,0,0,대전,대덕구,차대사람,길가장자리구역통행중,길가장자리구역통행중,안전운전 의무 불이행,단일로,기타단일로
11454,2014-02-22 07,주간,토,1,2,1,0,0,강원,강릉시,차대차,정면충돌,정면충돌,중앙선 침범,단일로,기타단일로
11455,2014-08-18 06,주간,월,1,1,0,0,0,충북,청주시,차량단독,공작물충돌,공작물충돌,안전운전 의무 불이행,단일로,기타단일로
11456,2014-10-30 18,야간,목,1,2,0,0,1,충남,서천군,차대차,정면충돌,정면충돌,중앙선 침범,단일로,기타단일로
11457,2014-03-23 00,야간,일,1,1,0,0,0,대구,달성군,차량단독,공작물충돌,공작물충돌,안전운전 의무 불이행,단일로,기타단일로
11458,2014-02-25 06,주간,화,1,1,0,0,0,경북,포항시,차대차,기타,기타,신호위반,교차로,교차로내
11459,2014-03-10 12,주간,월,1,1,0,0,0,경기,성남시,차대차,측면충돌,측면충돌,안전운전 의무 불이행,단일로,기타단일로
11460,2014-07-22 00,야간,화,1,1,0,0,0,강원,홍천군,차량단독,도로이탈,도로이탈 추락,안전운전 의무 불이행,단일로,기타단일로
11461,2014-02-10 06,주간,월,1,1,0,0,0,대구,동구,차대사람,기타,기타,안전운전 의무 불이행,단일로,기타단일로
11462,2014-12-14 12,주간,일,1,1,0,0,0,경북,영덕군,차대차,기타,기타,안전운전 의무 불이행,단일로,기타단일로
11463,2014-03-25 05,야간,화,1,1,0,0,0,전남,광양시,차대사람,길가장자리구역통행중,길가장자리구역통행중,안전운전 의무 불이행,단일로,기타단일로
11464,2014-04-22 19,야간,화,1,1,0,0,0,대전,대덕구,차대사람,기타,기타,안전운전 의무 불이행,단일로,기타단일로
11465,2014-04-08 03,야간,화,1,1,0,0,0,충남,당진시,차대차,추돌,진행중 추돌,과속,단일로,기타단일로
11466,2014-02-17 05,야간,월,1,1,0,0,0,경기,안성시,차대차,추돌,진행중 추돌,안전운전 의무 불이행,단일로,기타단일로
11467,2014-05-31 04,야간,토,1,1,0,0,0,서울,서초구,차량단독,공작물충돌,공작물충돌,안전운전 의무 불이행,교차로,교차로부근
11468,2014-05-07 06,주간,수,1,1,0,0,0,경남,밀양시,차량단독,공작물충돌,공작물충돌,안전운전 의무 불이행,교차로,교차로부근
11469,2014-02-26 11,주간,수,1,1,0,0,0,전남,목포시,차대차,기타,기타,신호위반,단일로,횡단보도상
11470,2014-08-14 16,주간,목,1,1,0,0,0,충북,괴산군,차량단독,도로이탈,도로이탈 추락,안전운전 의무 불이행,단일로,기타단일로
11471,2014-08-10 20,야간,일,1,3,1,1,0,울산,울주군,차대차,기타,기타,안전거리 미확보,단일로,기타단일로
11472,2014-04-08 03,야간,화,1,1,0,0,0,경남,사천시,차량단독,공작물충돌,공작물충돌,안전운전 의무 불이행,단일로,기타단일로
11473,2014-05-27 19,야간,화,1,1,0,0,0,전북,남원시,차량단독,도로이탈,도로이탈 기타,안전운전 의무 불이행,단일로,기타단일로
11474,2014-01-29 01,야간,수,1,1,0,0,0,대구,수성구,차대사람,기타,기타,안전운전 의무 불이행,단일로,기타단일로
11475,2014-02-19 06,주간,수,1,1,0,0,0,제주,제주시,차대사람,횡단중,횡단중,안전운전 의무 불이행,교차로,교차로내
11476,2014-02-07 20,야간,금,1,1,0,0,0,부산,수영구,차대사람,횡단중,횡단중,안전운전 의무 불이행,단일로,기타단일로
11477,2014-02-07 22,야간,금,1,3,0,2,0,경기,용인시,차대차,정면충돌,정면충돌,신호위반,교차로,교차로부근
11478,2014-06-29 18,야간,일,1,3,0,2,0,충북,진천군,차량단독,기타,기타,안전운전 의무 불이행,단일로,기타단일로
11479,2014-09-12 20,야간,금,1,4,3,0,0,충남,예산군,차대차,정면충돌,정면충돌,신호위반,교차로,교차로내
11480,2014-02-13 19,야간,목,1,1,0,0,0,경기,김포시,차대사람,횡단중,횡단중,안전운전 의무 불이행,단일로,기타단일로
11481,2014-02-24 06,주간,월,1,1,0,0,0,울산,남구,차대사람,차도통행중,차도통행중,안전운전 의무 불이행,단일로,기타단일로
11482,2014-11-22 17,주간,토,1,1,0,0,0,전남,영광군,차대사람,횡단중,횡단중,안전운전 의무 불이행,교차로,교차로부근
11483,2014-02-16 04,야간,일,1,1,0,0,0,부산,해운대구,차량단독,기타,기타,안전운전 의무 불이행,단일로,기타단일로
11484,2014-03-23 01,야간,일,2,2,0,0,0,경남,진주시,차대차,추돌,주정차중 추돌,과속,교차로,교차로부근
11485,2014-02-27 14,주간,목,1,1,0,0,0,서울,노원구,차대사람,횡단중,횡단중,안전운전 의무 불이행,단일로,기타단일로
11486,2014-03-29 07,주간,토,1,2,0,1,0,경남,창원시(통합),차대차,기타,기타,안전운전 의무 불이행,단일로,횡단보도부근
11487,2014-06-23 01,야간,월,1,3,2,0,0,서울,은평구,차대차,추돌,주정차중 추돌,안전운전 의무 불이행,단일로,기타단일로
11488,2014-10-30 16,주간,목,1,1,0,0,0,충남,부여군,차량단독,기타,기타,안전운전 의무 불이행,단일로,기타단일로
11489,2014-04-12 06,주간,토,1,5,2,2,0,경기,구리시,차대차,추돌,진행중 추돌,신호위반,교차로,교차로내
11490,2014-06-05 21,야간,목,1,2,0,1,0,충북,음성군,차대사람,기타,기타,안전운전 의무 불이행,단일로,기타단일로
11491,2014-09-02 19,야간,화,1,1,0,0,0,경남,함안군,차대사람,횡단중,횡단중,안전운전 의무 불이행,단일로,기타단일로
11492,2014-03-20 19,야간,목,1,1,0,0,0,충남,서산시,차대사람,길가장자리구역통행중,길가장자리구역통행중,안전운전 의무 불이행,단일로,기타단일로
11493,2014-05-16 13,주간,금,1,1,0,0,0,경북,상주시,차대차,기타,기타,교차로 통행방법 위반,교차로,교차로내
11494,2014-04-23 01,야간,수,1,2,1,0,0,서울,성북구,차대차,측면충돌,측면충돌,중앙선 침범,교차로,교차로부근
11495,2014-05-19 21,야간,월,1,1,0,0,0,충남,논산시,차대사람,횡단중,횡단중,과속,단일로,기타단일로
11496,2014-04-22 07,주간,화,1,3,1,1,0,부산,강서구,차대차,측면충돌,측면충돌,기타,교차로,교차로내
11497,2014-07-19 03,야간,토,1,1,0,0,0,세종,세종,차량단독,공작물충돌,공작물충돌,안전운전 의무 불이행,단일로,기타단일로
11498,2014-04-29 00,야간,화,1,3,1,1,0,경남,창원시(통합),차대차,정면충돌,정면충돌,중앙선 침범,단일로,기타단일로
11499,2014-08-23 18,야간,토,1,7,0,6,0,충남,천안시,차대차,기타,기타,안전거리 미확보,단일로,기타단일로
11500,2014-02-17 14,주간,월,1,1,0,0,0,전북,군산시,차대차,측면충돌,측면충돌,교차로 통행방법 위반,교차로,교차로내
11501,2014-08-14 06,주간,목,1,1,0,0,0,울산,울주군,차량단독,전도전복,전도전복,안전운전 의무 불이행,단일로,기타단일로
11502,2014-02-03 17,주간,월,1,4,1,2,0,광주,광산구,차대차,추돌,진행중 추돌,과속,단일로,기타단일로
11503,2014-02-09 02,야간,일,1,1,0,0,0,경기,안산시,차대사람,횡단중,횡단중,안전운전 의무 불이행,단일로,기타단일로
11504,2014-10-11 20,야간,토,1,10,3,6,0,전남,담양군,차대차,측면충돌,측면충돌,신호위반,교차로,교차로내
11505,2014-08-18 04,야간,월,1,1,0,0,0,경북,상주시,차대차,추돌,진행중 추돌,안전운전 의무 불이행,단일로,기타단일로
11506,2014-09-11 17,주간,목,1,1,0,0,0,경남,창녕군,차대사람,기타,기타,안전운전 의무 불이행,단일로,기타단일로
11507,2014-02-18 06,주간,화,1,2,0,1,0,경기,광주시,차대차,정면충돌,정면충돌,중앙선 침범,단일로,기타단일로
11508,2014-01-29 20,야간,수,1,1,0,0,0,경기,고양시,차대차,추돌,주정차중 추돌,안전운전 의무 불이행,단일로,기타단일로
11509,2014-11-02 16,주간,일,1,2,1,0,0,충남,부여군,차대차,정면충돌,정면충돌,중앙선 침범,단일로,기타단일로
11510,2014-11-11 15,주간,화,1,1,0,0,0,전남,고흥군,차량단독,기타,기타,안전운전 의무 불이행,단일로,기타단일로
11511,2014-02-26 21,야간,수,1,1,0,0,0,부산,연제구,차대사람,횡단중,횡단중,안전운전 의무 불이행,단일로,기타단일로
11512,2014-04-11 13,주간,금,1,3,2,0,0,경남,사천시,차대차,추돌,진행중 추돌,안전운전 의무 불이행,단일로,기타단일로
11513,2014-04-22 19,야간,화,1,1,0,0,0,부산,강서구,차량단독,전도전복,전도전복,안전운전 의무 불이행,교차로,교차로부근
11514,2014-02-09 11,주간,일,1,1,0,0,0,경기,화성시,차대사람,횡단중,횡단중,안전운전 의무 불이행,단일로,기타단일로
11515,2014-10-16 15,주간,목,1,2,1,0,0,인천,강화군,차량단독,기타,기타,안전운전 의무 불이행,단일로,기타단일로
11516,2014-09-17 11,주간,수,1,1,0,0,0,충남,예산군,차량단독,기타,기타,안전운전 의무 불이행,단일로,기타단일로
11517,2014-05-21 18,야간,수,1,1,0,0,0,전북,정읍시,차대차,기타,기타,안전운전 의무 불이행,단일로,기타단일로
11518,2014-10-03 18,야간,금,1,1,0,0,0,전북,고창군,차대사람,기타,기타,안전운전 의무 불이행,단일로,기타단일로
11519,2014-07-01 23,야간,화,1,1,0,0,0,전남,영암군,차대차,기타,기타,안전운전 의무 불이행,단일로,기타단일로
11520,2014-02-20 22,야간,목,1,1,0,0,0,제주,제주시,차량단독,공작물충돌,공작물충돌,안전운전 의무 불이행,단일로,기타단일로
11521,2014-02-22 06,주간,토,1,1,0,0,0,서울,마포구,차대차,측면충돌,측면충돌,신호위반,교차로,교차로내
11522,2014-04-11 19,야간,금,1,1,0,0,0,울산,동구,차대사람,보도통행중,보도통행중,안전운전 의무 불이행,단일로,기타단일로
11523,2014-03-14 16,주간,금,1,1,0,0,0,경남,창원시(통합),차대사람,횡단중,횡단중,안전운전 의무 불이행,교차로,교차로내
11524,2014-02-25 18,야간,화,1,1,0,0,0,경기,화성시,차량단독,전도전복,전도전복,안전운전 의무 불이행,단일로,기타단일로
11525,2014-04-29 11,주간,화,1,1,0,0,0,대전,대덕구,차대사람,횡단중,횡단중,안전운전 의무 불이행,단일로,기타단일로
11526,2014-02-09 06,주간,일,1,4,1,1,1,경북,경주시,차량단독,공작물충돌,공작물충돌,안전운전 의무 불이행,기타/불명,기타/불명
11527,2014-05-14 21,야간,수,1,1,0,0,0,경북,영천시,차대차,정면충돌,정면충돌,중앙선 침범,단일로,기타단일로
11528,2014-04-12 19,야간,토,1,1,0,0,0,충남,당진시,차대사람,횡단중,횡단중,안전운전 의무 불이행,기타/불명,기타/불명
11529,2014-07-24 13,주간,목,1,1,0,0,0,세종,세종,차대사람,기타,기타,신호위반,교차로,교차로부근
11530,2014-02-25 23,야간,화,1,1,0,0,0,경기,화성시,차대사람,횡단중,횡단중,안전운전 의무 불이행,단일로,기타단일로
11531,2014-02-19 11,주간,수,1,1,0,0,0,전북,군산시,차대차,측면충돌,측면충돌,신호위반,교차로,교차로내
11532,2014-07-28 03,야간,월,1,2,0,1,0,경기,안산시,차대차,추돌,진행중 추돌,안전운전 의무 불이행,단일로,기타단일로
11533,2014-02-19 02,야간,수,1,1,0,0,0,서울,중랑구,차대사람,기타,기타,안전운전 의무 불이행,단일로,기타단일로
11534,2014-12-17 16,주간,수,1,1,0,0,0,전남,장흥군,차량단독,도로이탈,도로이탈 추락,안전운전 의무 불이행,단일로,기타단일로
11535,2014-08-07 15,주간,목,1,4,0,0,3,전남,무안군,차대차,정면충돌,정면충돌,안전운전 의무 불이행,단일로,기타단일로
11536,2014-11-15 10,주간,토,1,1,0,0,0,전남,고흥군,차대차,측면충돌,측면충돌,안전운전 의무 불이행,교차로,교차로내
11537,2014-01-24 23,야간,금,1,1,0,0,0,경기,평택시,차대사람,기타,기타,안전운전 의무 불이행,교차로,교차로부근
11538,2014-08-22 23,야간,금,1,1,0,0,0,경북,문경시,차대차,추돌,진행중 추돌,안전운전 의무 불이행,단일로,기타단일로
11539,2014-05-23 10,주간,금,1,1,0,0,0,전북,정읍시,차대차,기타,기타,과속,단일로,기타단일로
11540,2014-03-09 18,야간,일,1,1,0,0,0,충북,청주시,차대사람,횡단중,횡단중,보행자 보호의무 위반,교차로,교차로내
11541,2014-03-20 00,야간,목,1,1,0,0,0,서울,강북구,차대사람,횡단중,횡단중,과속,교차로,교차로부근
11542,2014-11-29 22,야간,토,1,1,0,0,0,충북,옥천군,차량단독,기타,기타,안전운전 의무 불이행,단일로,기타단일로
11543,2014-09-15 13,주간,월,1,1,0,0,0,전남,화순군,차대차,정면충돌,정면충돌,중앙선 침범,단일로,기타단일로
11544,2014-02-22 18,야간,토,1,5,1,3,0,제주,제주시,차대차,추돌,진행중 추돌,중앙선 침범,단일로,기타단일로
11545,2014-08-15 09,주간,금,1,1,0,0,0,전남,해남군,차대차,기타,기타,안전운전 의무 불이행,단일로,기타단일로
11546,2014-04-13 03,야간,일,1,1,0,0,0,서울,금천구,차대사람,기타,기타,안전운전 의무 불이행,단일로,기타단일로
11547,2014-04-14 07,주간,월,1,1,0,0,0,경북,칠곡군,차대사람,횡단중,횡단중,보행자 보호의무 위반,교차로,교차로부근
11548,2014-03-28 21,야간,금,1,1,0,0,0,전남,광양시,차대사람,횡단중,횡단중,보행자 보호의무 위반,교차로,교차로부근
11549,2014-02-23 10,주간,일,1,1,0,0,0,제주,제주시,차량단독,공작물충돌,공작물충돌,안전운전 의무 불이행,단일로,기타단일로
11550,2014-02-04 22,야간,화,1,1,0,0,0,인천,남동구,차량단독,공작물충돌,공작물충돌,안전운전 의무 불이행,단일로,기타단일로
11551,2014-05-24 20,야간,토,1,2,0,1,0,전북,정읍시,차대차,기타,기타,안전운전 의무 불이행,단일로,기타단일로
11552,2014-04-15 09,주간,화,1,2,1,0,0,충남,당진시,차대차,기타,기타,중앙선 침범,교차로,교차로부근
11553,2014-08-04 02,야간,월,1,1,0,0,0,경기,시흥시,차대사람,차도통행중,차도통행중,안전운전 의무 불이행,단일로,기타단일로
11554,2014-08-27 09,주간,수,1,1,0,0,0,경북,경산시,차대차,측면충돌,측면충돌,안전운전 의무 불이행,단일로,기타단일로
11555,2014-02-22 18,야간,토,1,1,0,0,0,제주,제주시,차대사람,횡단중,횡단중,보행자 보호의무 위반,교차로,교차로부근
11556,2014-02-18 15,주간,화,1,1,0,0,0,서울,영등포구,차대사람,기타,기타,안전운전 의무 불이행,교차로,교차로부근
11557,2014-05-19 00,야간,월,1,1,0,0,0,서울,종로구,차대사람,횡단중,횡단중,안전운전 의무 불이행,단일로,기타단일로
11558,2014-07-07 21,야간,월,1,1,0,0,0,충남,보령시,차대사람,횡단중,횡단중,과속,단일로,기타단일로
11559,2014-02-22 19,야간,토,1,1,0,0,0,제주,제주시,차대사람,기타,기타,안전운전 의무 불이행,단일로,기타단일로
11560,2014-08-11 20,야간,월,1,3,2,0,0,전남,무안군,차대차,기타,기타,중앙선 침범,단일로,기타단일로
11561,2014-02-20 20,야간,목,1,1,0,0,0,인천,남구,차대사람,횡단중,횡단중,안전운전 의무 불이행,단일로,기타단일로
11562,2014-06-18 14,주간,수,1,1,0,0,0,충북,음성군,차대차,기타,기타,안전운전 의무 불이행,단일로,기타단일로
11563,2014-12-19 05,야간,금,1,1,0,0,0,전남,영광군,차대사람,차도통행중,차도통행중,안전운전 의무 불이행,단일로,기타단일로
11564,2014-02-27 11,주간,목,1,1,0,0,0,경기,화성시,차대차,측면충돌,측면충돌,신호위반,교차로,교차로내
11565,2014-10-30 17,주간,목,1,1,0,0,0,전남,담양군,차량단독,공작물충돌,공작물충돌,안전운전 의무 불이행,단일로,기타단일로
11566,2014-02-03 11,주간,월,1,1,0,0,0,경기,남양주시,차대차,측면충돌,측면충돌,신호위반,교차로,교차로내
11567,2014-07-08 15,주간,화,1,1,0,0,0,전남,영암군,차량단독,전도전복,전도전복,안전운전 의무 불이행,단일로,기타단일로
11568,2014-07-16 07,주간,수,1,1,0,0,0,충북,진천군,차대차,측면충돌,측면충돌,안전운전 의무 불이행,교차로,교차로내
11569,2014-05-24 14,주간,토,1,1,0,0,0,경기,여주시,차대차,기타,기타,중앙선 침범,교차로,교차로부근
11570,2014-12-12 23,야간,금,1,1,0,0,0,충남,서천군,차량단독,공작물충돌,공작물충돌,안전운전 의무 불이행,기타/불명,기타/불명
11571,2014-08-29 18,야간,금,1,1,0,0,0,경북,상주시,차대차,추돌,주정차중 추돌,안전운전 의무 불이행,단일로,기타단일로
11572,2014-05-25 20,야간,일,1,1,0,0,0,전북,정읍시,차대사람,횡단중,횡단중,보행자 보호의무 위반,교차로,교차로내
11573,2014-05-08 15,주간,목,1,2,0,1,0,서울,중구,차대차,추돌,주정차중 추돌,안전운전 의무 불이행,단일로,터널안
11574,2014-09-11 21,야간,목,1,1,0,0,0,전북,부안군,차대사람,기타,기타,안전운전 의무 불이행,단일로,기타단일로
11575,2014-05-26 10,주간,월,1,1,0,0,0,전북,정읍시,차대차,측면충돌,측면충돌,안전거리 미확보,단일로,기타단일로
11576,2014-06-24 20,야간,화,1,1,0,0,0,전북,김제시,차대사람,횡단중,횡단중,보행자 보호의무 위반,단일로,횡단보도상
11577,2014-08-20 22,야간,수,1,1,0,0,0,전남,해남군,차량단독,전도전복,전도전복,안전운전 의무 불이행,단일로,기타단일로
11578,2014-10-05 10,주간,일,1,1,0,0,0,경북,울진군,차량단독,전도전복,전도전복,안전운전 의무 불이행,단일로,기타단일로
11579,2014-03-15 02,야간,토,1,1,0,0,0,경기,양주시,차대사람,차도통행중,차도통행중,안전운전 의무 불이행,단일로,기타단일로
11580,2014-06-25 06,주간,수,1,1,0,0,0,전북,김제시,차량단독,공작물충돌,공작물충돌,안전운전 의무 불이행,단일로,기타단일로
11581,2014-02-25 23,야간,화,1,1,0,0,0,서울,마포구,차대사람,기타,기타,안전운전 의무 불이행,단일로,기타단일로
11582,2014-06-07 06,주간,토,2,2,0,0,0,충남,홍성군,차대차,기타,기타,안전운전 의무 불이행,단일로,기타단일로
11583,2014-04-01 10,주간,화,1,1,0,0,0,서울,도봉구,차대사람,횡단중,횡단중,안전운전 의무 불이행,교차로,교차로부근
11584,2014-11-04 05,야간,화,1,1,0,0,0,전남,담양군,차대차,추돌,진행중 추돌,안전운전 의무 불이행,단일로,기타단일로
11585,2014-10-29 14,주간,수,1,1,0,0,0,인천,강화군,차대사람,횡단중,횡단중,안전운전 의무 불이행,단일로,기타단일로
11586,2014-09-06 19,야간,토,1,1,0,0,0,충북,괴산군,차대차,추돌,진행중 추돌,과속,단일로,기타단일로
11587,2014-11-03 17,주간,월,1,3,2,0,0,경기,연천군,차대차,정면충돌,정면충돌,중앙선 침범,교차로,교차로부근
11588,2014-02-24 17,주간,월,1,1,0,0,0,충남,천안시,차대사람,횡단중,횡단중,안전운전 의무 불이행,단일로,기타단일로
11589,2014-06-14 00,야간,토,1,1,0,0,0,경기,의왕시,차량단독,공작물충돌,공작물충돌,안전운전 의무 불이행,단일로,기타단일로
11590,2014-03-01 02,야간,토,1,1,0,0,0,서울,강서구,차대차,기타,기타,안전운전 의무 불이행,단일로,기타단일로
11591,2014-04-11 19,야간,금,1,1,0,0,0,경남,통영시,차대사람,횡단중,횡단중,안전운전 의무 불이행,단일로,기타단일로
11592,2014-07-11 08,주간,금,1,2,0,1,0,충남,보령시,차량단독,공작물충돌,공작물충돌,안전운전 의무 불이행,단일로,횡단보도부근
11593,2014-08-16 15,주간,토,2,2,0,0,0,충남,공주시,차대사람,기타,기타,안전운전 의무 불이행,단일로,기타단일로
11594,2014-03-03 01,야간,월,1,1,0,0,0,경남,양산시,차량단독,전도전복,전도전복,안전운전 의무 불이행,단일로,기타단일로
11595,2014-11-06 23,야간,목,2,4,1,1,0,경기,연천군,차량단독,공작물충돌,공작물충돌,안전운전 의무 불이행,단일로,기타단일로
11596,2014-10-26 22,야간,일,1,1,0,0,0,전북,고창군,차대차,추돌,진행중 추돌,과속,단일로,기타단일로
11597,2014-03-31 14,주간,월,1,1,0,0,0,울산,울주군,차대차,정면충돌,정면충돌,중앙선 침범,단일로,기타단일로
11598,2014-02-24 14,주간,월,1,1,0,0,0,제주,제주시,차량단독,공작물충돌,공작물충돌,안전운전 의무 불이행,단일로,기타단일로
11599,2014-12-29 16,주간,월,1,1,0,0,0,충남,서천군,차대차,측면충돌,측면충돌,신호위반,교차로,교차로내
11600,2014-09-04 13,주간,목,1,1,0,0,0,경북,칠곡군,차대차,추돌,주정차중 추돌,안전운전 의무 불이행,단일로,기타단일로
11601,2014-01-30 03,야간,목,1,1,0,0,0,경기,부천시,차대차,추돌,진행중 추돌,안전운전 의무 불이행,단일로,기타단일로
11602,2014-08-06 11,주간,수,1,1,0,0,0,세종,세종,차대사람,기타,기타,안전운전 의무 불이행,단일로,기타단일로
11603,2014-06-16 15,주간,월,1,1,0,0,0,경기,의왕시,차대사람,길가장자리구역통행중,길가장자리구역통행중,안전운전 의무 불이행,단일로,기타단일로
11604,2014-11-29 17,주간,토,1,1,0,0,0,전남,고흥군,차량단독,기타,기타,안전운전 의무 불이행,단일로,기타단일로
11605,2014-06-29 17,주간,일,1,1,0,0,0,전북,완주군,차대사람,기타,기타,안전운전 의무 불이행,교차로,교차로부근
11606,2014-05-24 22,야간,토,1,1,0,0,0,경북,영천시,차대사람,횡단중,횡단중,과속,기타/불명,기타/불명
11607,2014-02-04 05,야간,화,1,1,0,0,0,경기,고양시,차대사람,횡단중,횡단중,안전운전 의무 불이행,단일로,기타단일로
11608,2014-03-06 01,야간,목,2,2,0,0,0,전남,목포시,차대차,측면충돌,측면충돌,안전운전 의무 불이행,교차로,교차로부근
11609,2014-02-11 20,야간,화,1,1,0,0,0,경기,수원시,차대사람,기타,기타,안전운전 의무 불이행,단일로,기타단일로
11610,2014-02-25 00,야간,화,1,1,0,0,0,제주,제주시,차대사람,횡단중,횡단중,안전운전 의무 불이행,단일로,기타단일로
11611,2014-05-31 18,야간,토,1,7,2,4,0,충남,논산시,차대차,측면충돌,측면충돌,신호위반,교차로,교차로내
11612,2014-06-06 05,야간,금,2,2,0,0,0,강원,동해시,차대차,기타,기타,안전운전 의무 불이행,단일로,기타단일로
11613,2014-02-07 23,야간,금,1,1,0,0,0,부산,부산진구,차대사람,횡단중,횡단중,과속,단일로,횡단보도부근
11614,2014-08-16 07,주간,토,1,1,0,0,0,경북,문경시,차대차,측면충돌,측면충돌,신호위반,교차로,교차로내
11615,2014-02-21 10,주간,금,1,1,0,0,0,서울,영등포구,차대차,측면충돌,측면충돌,안전운전 의무 불이행,단일로,기타단일로
11616,2014-04-03 22,야간,목,1,1,0,0,0,대구,달성군,차대사람,차도통행중,차도통행중,안전운전 의무 불이행,교차로,교차로부근
11617,2014-02-07 07,주간,금,1,1,0,0,0,대구,달서구,차대사람,횡단중,횡단중,안전운전 의무 불이행,단일로,기타단일로
11618,2014-10-13 19,야간,월,1,1,0,0,0,경북,울진군,차대사람,횡단중,횡단중,안전운전 의무 불이행,단일로,기타단일로
11619,2014-09-01 18,야간,월,1,1,0,0,0,전남,해남군,차대사람,기타,기타,안전운전 의무 불이행,단일로,기타단일로