교통사고이력ID(사고기록 순서),발생년월일시,주야코드,요일코드,사망자수,부상자수,중상자수,경상자수,부상신고자수,발생지시도코드,발생지시도코드,사고유형대분류코드,사고유형중분류코드,사고유형코드,법규위반코드,도로형태대분류코드,도로로형태코드
11820,2014-08-16 02,야간,토,1,1,0,0,0,강원,삼척시,차량단독,공작물충돌,공작물충돌,안전운전 의무 불이행,단일로,기타단일로
11821,2014-06-22 18,야간,일,1,1,0,0,0,경기,여주시,차대차,기타,기타,안전운전 의무 불이행,기타/불명,기타/불명
11822,2014-09-05 03,야간,금,1,1,0,0,0,충북,진천군,차대사람,기타,기타,안전운전 의무 불이행,교차로,교차로부근
11823,2014-03-26 23,야간,수,1,2,1,0,0,대구,북구,차대차,추돌,진행중 추돌,안전거리 미확보,단일로,터널안
11824,2014-11-17 14,주간,월,1,1,0,0,0,전북,부안군,차량단독,전도전복,전도전복,안전운전 의무 불이행,교차로,교차로내
11825,2014-03-12 22,야간,수,1,1,0,0,0,강원,춘천시,차량단독,공작물충돌,공작물충돌,안전운전 의무 불이행,단일로,기타단일로
11826,2014-07-15 09,주간,화,1,1,0,0,0,충남,홍성군,차량단독,도로이탈,도로이탈 추락,안전운전 의무 불이행,단일로,기타단일로
11827,2014-03-10 06,주간,월,1,1,0,0,0,울산,북구,차대차,측면충돌,측면충돌,안전거리 미확보,단일로,기타단일로
11828,2014-06-24 23,야간,화,1,2,1,0,0,대전,서구,차대차,측면충돌,측면충돌,안전운전 의무 불이행,교차로,교차로부근
11829,2014-02-16 02,야간,일,1,1,0,0,0,경기,성남시,차대사람,기타,기타,안전운전 의무 불이행,단일로,기타단일로
11830,2014-12-10 08,주간,수,1,1,0,0,0,경남,창녕군,차량단독,공작물충돌,공작물충돌,안전운전 의무 불이행,단일로,기타단일로
11831,2014-04-18 18,야간,금,1,2,1,0,0,대구,달성군,차대차,추돌,주정차중 추돌,안전운전 의무 불이행,단일로,기타단일로
11832,2014-03-16 21,야간,일,1,1,0,0,0,경기,수원시,차대사람,기타,기타,안전운전 의무 불이행,단일로,기타단일로
11833,2014-10-21 23,야간,화,1,1,0,0,0,충북,청주시,차대차,측면충돌,측면충돌,안전운전 의무 불이행,단일로,기타단일로
11834,2014-10-05 15,주간,일,1,4,3,0,0,강원,홍천군,차량단독,도로이탈,도로이탈 기타,안전운전 의무 불이행,단일로,기타단일로
11835,2014-03-10 20,야간,월,1,1,0,0,0,충북,청주시,차대사람,횡단중,횡단중,안전운전 의무 불이행,단일로,기타단일로
11836,2014-11-01 08,주간,토,1,1,0,0,0,전남,해남군,차대사람,기타,기타,안전운전 의무 불이행,단일로,횡단보도상
11837,2014-10-31 01,야간,금,1,5,2,2,0,대구,북구,차대차,추돌,진행중 추돌,안전운전 의무 불이행,단일로,기타단일로
11838,2014-03-29 00,야간,토,1,1,0,0,0,대구,북구,차대차,추돌,주정차중 추돌,안전운전 의무 불이행,교차로,교차로부근
11839,2014-02-20 14,주간,목,1,1,0,0,0,서울,송파구,차대차,기타,기타,안전운전 의무 불이행,단일로,기타단일로
11840,2014-05-08 01,야간,목,1,6,3,1,1,경남,통영시,차량단독,전도전복,전도전복,안전운전 의무 불이행,단일로,기타단일로
11841,2014-06-07 19,야간,토,1,1,0,0,0,경남,창원시(통합),차대사람,횡단중,횡단중,안전운전 의무 불이행,단일로,기타단일로
11842,2014-03-15 05,야간,토,2,2,0,0,0,경기,화성시,차량단독,공작물충돌,공작물충돌,안전운전 의무 불이행,단일로,기타단일로
11843,2014-05-18 11,주간,일,1,1,0,0,0,경북,칠곡군,차량단독,전도전복,전도전복,기타,단일로,기타단일로
11844,2014-10-07 05,야간,화,1,2,1,0,0,전남,무안군,차대차,측면충돌,측면충돌,교차로 통행방법 위반,교차로,교차로내
11845,2014-04-27 22,야간,일,1,2,1,0,0,경남,창원시(통합),차대사람,기타,기타,안전운전 의무 불이행,단일로,기타단일로
11846,2014-03-15 09,주간,토,1,1,0,0,0,전남,순천시,차대사람,횡단중,횡단중,중앙선 침범,단일로,기타단일로
11847,2014-06-09 17,주간,월,1,1,0,0,0,대전,대덕구,차대차,측면충돌,측면충돌,안전운전 의무 불이행,단일로,기타단일로
11848,2014-11-05 07,주간,수,1,2,1,0,0,경북,문경시,차대차,추돌,진행중 추돌,안전운전 의무 불이행,단일로,터널안
11849,2014-02-14 18,야간,금,1,1,0,0,0,경기,시흥시,차대차,기타,기타,안전운전 의무 불이행,단일로,기타단일로
11850,2014-03-15 09,주간,토,1,1,0,0,0,경기,화성시,차량단독,전도전복,전도전복,안전운전 의무 불이행,단일로,기타단일로
11851,2014-04-07 14,주간,월,1,1,0,0,0,경기,안성시,차대차,추돌,주정차중 추돌,안전운전 의무 불이행,단일로,기타단일로
11852,2014-02-19 06,주간,수,1,1,0,0,0,광주,서구,차대사람,횡단중,횡단중,안전운전 의무 불이행,단일로,기타단일로
11853,2014-03-24 01,야간,월,1,1,0,0,0,경북,포항시,차량단독,기타,기타,안전운전 의무 불이행,교차로,교차로부근
11854,2014-06-28 20,야간,토,1,1,0,0,0,경북,영천시,차대사람,횡단중,횡단중,안전운전 의무 불이행,단일로,기타단일로
11855,2014-11-06 16,주간,목,1,4,2,1,0,대구,달성군,차대차,추돌,주정차중 추돌,안전운전 의무 불이행,단일로,기타단일로
11856,2014-07-24 12,주간,목,1,1,0,0,0,서울,서초구,차대차,기타,기타,교차로 통행방법 위반,교차로,교차로부근
11857,2014-12-14 18,야간,일,1,1,0,0,0,전남,화순군,차량단독,전도전복,전도전복,안전운전 의무 불이행,단일로,기타단일로
11858,2014-04-23 02,야간,수,1,1,0,0,0,서울,구로구,차대사람,횡단중,횡단중,과속,단일로,기타단일로
11859,2014-03-16 03,야간,일,1,1,0,0,0,경기,화성시,차대사람,기타,기타,안전운전 의무 불이행,기타/불명,기타/불명
11860,2014-04-23 05,야간,수,1,2,1,0,0,서울,구로구,차대차,정면충돌,정면충돌,중앙선 침범,단일로,기타단일로
11861,2014-04-18 14,주간,금,1,24,15,8,0,경남,진주시,차대차,측면충돌,측면충돌,신호위반,교차로,교차로내
11862,2014-04-12 14,주간,토,1,1,0,0,0,경남,창원시(통합),차대사람,횡단중,횡단중,과속,단일로,기타단일로
11863,2014-11-27 20,야간,목,1,1,0,0,0,충남,예산군,차대차,정면충돌,정면충돌,신호위반,교차로,교차로내
11864,2014-11-09 23,야간,일,1,1,0,0,0,경북,상주시,차대차,추돌,진행중 추돌,안전운전 의무 불이행,단일로,기타단일로
11865,2014-07-22 13,주간,화,1,1,0,0,0,경기,의왕시,차대차,기타,기타,안전운전 의무 불이행,단일로,기타단일로
11866,2014-02-14 02,야간,금,1,1,0,0,0,경기,고양시,차대차,측면충돌,측면충돌,안전운전 의무 불이행,교차로,교차로내
11867,2014-02-18 03,야간,화,1,4,0,3,0,경기,안산시,차대사람,횡단중,횡단중,안전운전 의무 불이행,교차로,교차로부근
11868,2014-03-16 19,야간,일,2,5,0,3,0,전남,여수시,차대차,정면충돌,정면충돌,안전운전 의무 불이행,단일로,기타단일로
11869,2014-08-01 10,주간,금,1,1,0,0,0,전북,남원시,차대차,기타,기타,안전운전 의무 불이행,단일로,기타단일로
11870,2014-05-29 15,주간,목,1,1,0,0,0,부산,강서구,차대차,측면충돌,측면충돌,안전운전 의무 불이행,단일로,기타단일로
11871,2014-03-13 03,야간,목,1,2,0,0,1,울산,북구,차량단독,공작물충돌,공작물충돌,안전운전 의무 불이행,단일로,기타단일로
11872,2014-04-06 19,야간,일,1,1,0,0,0,서울,동작구,차대사람,횡단중,횡단중,신호위반,단일로,횡단보도부근
11873,2014-03-14 02,야간,금,1,2,1,0,0,경기,의왕시,차대차,추돌,진행중 추돌,안전운전 의무 불이행,단일로,기타단일로
11874,2014-10-10 19,야간,금,1,2,0,1,0,전남,무안군,차대차,측면충돌,측면충돌,안전운전 의무 불이행,교차로,교차로부근
11875,2014-02-18 16,주간,화,1,1,0,0,0,경기,안산시,차대차,측면충돌,측면충돌,안전운전 의무 불이행,교차로,교차로내
11876,2014-10-25 22,야간,토,1,1,0,0,0,대전,유성구,차량단독,공작물충돌,공작물충돌,안전운전 의무 불이행,단일로,기타단일로
11877,2014-02-19 13,주간,수,1,1,0,0,0,부산,부산진구,차대차,기타,기타,안전거리 미확보,단일로,기타단일로
11878,2014-03-13 04,야간,목,1,1,0,0,0,경북,포항시,차량단독,공작물충돌,공작물충돌,안전운전 의무 불이행,교차로,교차로부근
11879,2014-02-15 14,주간,토,2,19,1,9,7,경기,남양주시,차대차,정면충돌,정면충돌,신호위반,교차로,교차로내
11880,2014-08-07 08,주간,목,1,2,1,0,0,경기,가평군,차대차,기타,기타,안전운전 의무 불이행,교차로,교차로부근
11881,2014-04-23 23,야간,수,1,1,0,0,0,울산,울주군,차대사람,횡단중,횡단중,안전운전 의무 불이행,단일로,기타단일로
11882,2014-04-04 09,주간,금,1,3,2,0,0,충남,아산시,차대차,측면충돌,측면충돌,기타,교차로,교차로내
11883,2014-07-11 17,주간,금,1,1,0,0,0,충남,계룡시,차대사람,횡단중,횡단중,안전운전 의무 불이행,교차로,교차로부근
11884,2014-11-10 05,야간,월,2,2,0,0,0,경북,상주시,차량단독,도로이탈,도로이탈 추락,안전운전 의무 불이행,단일로,기타단일로
11885,2014-07-01 15,주간,화,1,1,0,0,0,경남,밀양시,차량단독,공작물충돌,공작물충돌,안전운전 의무 불이행,단일로,기타단일로
11886,2014-04-20 02,야간,일,1,1,0,0,0,경남,진주시,차량단독,공작물충돌,공작물충돌,안전운전 의무 불이행,교차로,교차로내
11887,2014-11-25 17,주간,화,1,2,1,0,0,충남,예산군,차량단독,공작물충돌,공작물충돌,안전운전 의무 불이행,단일로,기타단일로
11888,2014-10-14 00,야간,화,1,1,0,0,0,인천,서구,차대차,추돌,진행중 추돌,안전운전 의무 불이행,단일로,기타단일로
11889,2014-04-11 19,야간,금,1,1,0,0,0,제주,서귀포시,차대사람,기타,기타,안전운전 의무 불이행,단일로,기타단일로
11890,2014-03-31 17,주간,월,1,1,0,0,0,대구,북구,차대사람,기타,기타,안전운전 의무 불이행,단일로,기타단일로
11891,2014-07-18 17,주간,금,1,1,0,0,0,경북,상주시,차대차,측면충돌,측면충돌,교차로 통행방법 위반,교차로,교차로내
11892,2014-04-30 14,주간,수,1,1,0,0,0,경남,창원시(통합),차대차,측면충돌,측면충돌,교차로 통행방법 위반,교차로,교차로내
11893,2014-03-14 15,주간,금,1,1,0,0,0,경기,화성시,차량단독,공작물충돌,공작물충돌,안전운전 의무 불이행,단일로,기타단일로
11894,2014-07-18 15,주간,금,1,1,0,0,0,경북,상주시,차대차,기타,기타,교차로 통행방법 위반,교차로,교차로내
11895,2014-10-03 09,주간,금,1,1,0,0,0,경북,문경시,차대차,기타,기타,안전운전 의무 불이행,단일로,기타단일로
11896,2014-02-26 13,주간,수,1,2,0,0,1,경기,용인시,차대차,측면충돌,측면충돌,신호위반,교차로,교차로내
11897,2014-07-14 11,주간,월,1,1,0,0,0,충남,논산시,차대사람,길가장자리구역통행중,길가장자리구역통행중,안전운전 의무 불이행,단일로,기타단일로
11898,2014-04-13 23,야간,일,1,1,0,0,0,충북,충주시,차대차,추돌,주정차중 추돌,안전운전 의무 불이행,단일로,기타단일로
11899,2014-10-13 19,야간,월,1,1,0,0,0,충남,공주시,차대사람,횡단중,횡단중,안전운전 의무 불이행,기타/불명,기타/불명
11900,2014-03-31 05,야간,월,1,1,0,0,0,서울,강동구,차대차,측면충돌,측면충돌,과속,단일로,기타단일로
11901,2014-10-16 00,야간,목,1,2,1,0,0,경기,부천시,차대차,추돌,진행중 추돌,안전운전 의무 불이행,단일로,기타단일로
11902,2014-03-19 20,야간,수,3,6,2,1,0,경기,수원시,차대차,측면충돌,측면충돌,신호위반,교차로,교차로내
11903,2014-03-12 19,야간,수,1,1,0,0,0,제주,제주시,차대차,기타,기타,안전운전 의무 불이행,교차로,교차로내
11904,2014-02-23 11,주간,일,1,1,0,0,0,경북,경주시,차량단독,전도전복,전도전복,안전운전 의무 불이행,단일로,기타단일로
11905,2014-10-31 15,주간,금,1,2,0,1,0,충남,부여군,차량단독,공작물충돌,공작물충돌,안전운전 의무 불이행,단일로,기타단일로
11906,2014-07-06 17,주간,일,1,3,2,0,0,경북,영천시,차대차,정면충돌,정면충돌,중앙선 침범,단일로,기타단일로
11907,2014-12-04 08,주간,목,2,3,0,1,0,경남,함안군,차대차,정면충돌,정면충돌,중앙선 침범,단일로,기타단일로
11908,2014-03-22 09,주간,토,1,4,1,2,0,서울,노원구,차대차,기타,기타,중앙선 침범,단일로,기타단일로
11909,2014-03-31 17,주간,월,1,1,0,0,0,서울,광진구,차대차,측면충돌,측면충돌,신호위반,단일로,횡단보도상
11910,2014-11-18 04,야간,화,1,2,1,0,0,대구,동구,차대차,추돌,진행중 추돌,안전운전 의무 불이행,단일로,기타단일로
11911,2014-09-18 05,야간,목,1,1,0,0,0,충북,진천군,차대사람,길가장자리구역통행중,길가장자리구역통행중,안전운전 의무 불이행,단일로,기타단일로
11912,2014-11-18 06,주간,화,1,2,0,1,0,경북,경주시,차대차,측면충돌,측면충돌,안전운전 의무 불이행,단일로,기타단일로
11913,2014-12-27 18,야간,토,1,1,0,0,0,경남,창녕군,차대사람,차도통행중,차도통행중,안전운전 의무 불이행,단일로,기타단일로
11914,2014-10-16 22,야간,목,1,1,0,0,0,충남,공주시,차대사람,길가장자리구역통행중,길가장자리구역통행중,안전운전 의무 불이행,단일로,기타단일로
11915,2014-02-14 23,야간,금,1,1,0,0,0,광주,북구,차대사람,횡단중,횡단중,안전운전 의무 불이행,단일로,기타단일로
11916,2014-03-07 06,주간,금,1,1,0,0,0,서울,영등포구,차대차,측면충돌,측면충돌,기타,교차로,교차로내
11917,2014-10-16 11,주간,목,1,5,3,1,0,강원,홍천군,차량단독,전도전복,전도전복,안전운전 의무 불이행,단일로,기타단일로
11918,2014-02-03 06,주간,월,1,1,0,0,0,경기,평택시,차량단독,기타,기타,기타,교차로,교차로내
11919,2014-07-24 20,야간,목,1,1,0,0,0,전남,나주시,차대사람,기타,기타,안전운전 의무 불이행,단일로,기타단일로
11920,2014-10-19 21,야간,일,1,1,0,0,0,강원,홍천군,차대사람,기타,기타,안전운전 의무 불이행,단일로,기타단일로
11921,2014-03-26 04,야간,수,1,1,0,0,0,부산,연제구,차대사람,횡단중,횡단중,안전운전 의무 불이행,단일로,횡단보도부근
11922,2014-10-17 19,야간,금,1,1,0,0,0,전남,무안군,차대사람,횡단중,횡단중,안전운전 의무 불이행,교차로,교차로부근
11923,2014-11-03 07,주간,월,1,1,0,0,0,충남,논산시,차대사람,기타,기타,안전운전 의무 불이행,단일로,기타단일로
11924,2014-04-14 21,야간,월,1,1,0,0,0,충남,천안시,차대사람,길가장자리구역통행중,길가장자리구역통행중,안전운전 의무 불이행,단일로,기타단일로
11925,2014-08-05 16,주간,화,1,2,0,1,0,전북,남원시,차량단독,도로이탈,도로이탈 추락,안전운전 의무 불이행,단일로,기타단일로
11926,2014-08-18 09,주간,월,1,1,0,0,0,충북,음성군,차대차,측면충돌,측면충돌,신호위반,교차로,교차로내
11927,2014-11-21 11,주간,금,1,4,1,2,0,경북,경주시,차대차,추돌,진행중 추돌,안전운전 의무 불이행,단일로,기타단일로
11928,2014-07-26 06,주간,토,1,1,0,0,0,전남,나주시,차대차,측면충돌,측면충돌,기타,교차로,교차로내
11929,2014-04-07 08,주간,월,1,1,0,0,0,경기,양주시,차대차,기타,기타,안전운전 의무 불이행,교차로,교차로내
11930,2014-06-02 20,야간,월,1,1,0,0,0,경남,사천시,차대사람,횡단중,횡단중,안전운전 의무 불이행,단일로,기타단일로
11931,2014-12-14 13,주간,일,1,5,1,3,0,충남,예산군,차량단독,전도전복,전도전복,안전운전 의무 불이행,단일로,기타단일로
11932,2014-02-17 10,주간,월,1,1,0,0,0,경기,시흥시,차대차,기타,기타,안전운전 의무 불이행,교차로,교차로내
11933,2014-02-17 20,야간,월,1,1,0,0,0,전북,익산시,차대차,기타,기타,안전운전 의무 불이행,단일로,기타단일로
11934,2014-04-30 02,야간,수,1,1,0,0,0,울산,울주군,차량단독,전도전복,전도전복,안전운전 의무 불이행,교차로,교차로부근
11935,2014-11-05 09,주간,수,1,8,2,5,0,충북,옥천군,차대차,기타,기타,안전운전 의무 불이행,단일로,기타단일로
11936,2014-02-24 20,야간,월,1,1,0,0,0,경북,경주시,차량단독,전도전복,전도전복,안전운전 의무 불이행,단일로,기타단일로
11937,2014-03-24 08,주간,월,1,1,0,0,0,서울,노원구,차량단독,공작물충돌,공작물충돌,안전운전 의무 불이행,단일로,기타단일로
11938,2014-07-14 02,야간,월,2,4,2,0,0,경기,동두천시,차량단독,공작물충돌,공작물충돌,안전운전 의무 불이행,단일로,기타단일로
11939,2014-05-05 01,야간,월,1,1,0,0,0,경남,창원시(통합),차대사람,차도통행중,차도통행중,안전운전 의무 불이행,단일로,기타단일로
11940,2014-02-24 04,야간,월,1,1,0,0,0,경기,화성시,차대차,기타,기타,안전운전 의무 불이행,교차로,교차로부근
11941,2014-10-09 21,야간,목,1,4,0,3,0,세종,세종,차대차,정면충돌,정면충돌,중앙선 침범,단일로,기타단일로
11942,2014-03-17 22,야간,월,1,2,0,1,0,경북,포항시,차대차,기타,기타,안전운전 의무 불이행,교차로,교차로부근
11943,2014-03-20 07,주간,목,1,1,0,0,0,경기,화성시,차량단독,기타,기타,중앙선 침범,단일로,기타단일로
11944,2014-03-06 18,야간,목,1,1,0,0,0,대구,달서구,차대사람,기타,기타,안전운전 의무 불이행,교차로,교차로부근
11945,2014-10-10 07,주간,금,1,1,0,0,0,세종,세종,차량단독,전도전복,전도전복,안전운전 의무 불이행,교차로,교차로내
11946,2014-07-06 21,야간,일,1,4,0,3,0,경기,여주시,차대차,추돌,진행중 추돌,안전운전 의무 불이행,단일로,기타단일로
11947,2014-04-24 20,야간,목,1,1,0,0,0,서울,서대문구,차대차,측면충돌,측면충돌,중앙선 침범,단일로,횡단보도부근
11948,2014-04-25 23,야간,금,1,1,0,0,0,경남,진주시,차대사람,횡단중,횡단중,과속,단일로,기타단일로
11949,2014-07-19 17,주간,토,1,1,0,0,0,부산,영도구,차대사람,기타,기타,안전운전 의무 불이행,단일로,횡단보도부근
11950,2014-02-25 08,주간,화,1,1,0,0,0,경북,경주시,차량단독,도로이탈,도로이탈 추락,안전운전 의무 불이행,단일로,기타단일로
11951,2014-10-25 00,야간,토,1,1,0,0,0,인천,계양구,차량단독,기타,기타,안전운전 의무 불이행,단일로,고가도로위
11952,2014-02-24 19,야간,월,1,2,0,1,0,경기,화성시,차대사람,보도통행중,보도통행중,기타,교차로,교차로부근
11953,2014-05-30 11,주간,금,1,1,0,0,0,강원,속초시,차대사람,횡단중,횡단중,안전운전 의무 불이행,단일로,기타단일로
11954,2014-07-11 11,주간,금,1,1,0,0,0,경남,밀양시,차량단독,공작물충돌,공작물충돌,안전운전 의무 불이행,단일로,기타단일로
11955,2014-02-17 20,야간,월,1,1,0,0,0,광주,북구,차대사람,횡단중,횡단중,안전운전 의무 불이행,단일로,기타단일로
11956,2014-10-24 16,주간,금,1,1,0,0,0,충남,공주시,차대차,측면충돌,측면충돌,과속,교차로,교차로내
11957,2014-03-17 19,야간,월,1,3,1,1,0,서울,강서구,차대차,기타,기타,중앙선 침범,단일로,기타단일로
11958,2014-05-08 08,주간,목,1,1,0,0,0,경기,포천시,차대차,기타,기타,안전운전 의무 불이행,교차로,교차로내
11959,2014-09-07 17,주간,일,1,1,0,0,0,강원,삼척시,차량단독,기타,기타,안전운전 의무 불이행,단일로,기타단일로
11960,2014-03-05 07,주간,수,1,1,0,0,0,경기,김포시,차대사람,횡단중,횡단중,안전운전 의무 불이행,단일로,기타단일로
11961,2014-07-25 15,주간,금,1,1,0,0,0,충남,논산시,차대차,측면충돌,측면충돌,안전운전 의무 불이행,단일로,기타단일로
11962,2014-11-05 07,주간,수,1,1,0,0,0,부산,강서구,차대차,기타,기타,안전운전 의무 불이행,단일로,교량위
11963,2014-10-29 14,주간,수,1,3,1,0,1,강원,홍천군,차량단독,기타,기타,안전운전 의무 불이행,단일로,기타단일로
11964,2014-12-07 11,주간,일,1,1,0,0,0,경북,경주시,차량단독,기타,기타,안전운전 의무 불이행,단일로,기타단일로
11965,2014-02-27 09,주간,목,1,10,9,0,0,경북,경주시,차량단독,기타,기타,안전운전 의무 불이행,단일로,기타단일로
11966,2014-05-02 07,주간,금,2,6,3,1,0,서울,구로구,차대차,추돌,진행중 추돌,과속,단일로,기타단일로
11967,2014-09-07 19,야간,일,1,1,0,0,0,전남,영암군,차대사람,차도통행중,차도통행중,안전운전 의무 불이행,단일로,기타단일로
11968,2014-07-26 17,주간,토,1,3,1,1,0,충남,논산시,차대사람,길가장자리구역통행중,길가장자리구역통행중,안전운전 의무 불이행,단일로,기타단일로
11969,2014-06-10 15,주간,화,1,2,1,0,0,부산,동구,차대사람,기타,기타,안전운전 의무 불이행,교차로,교차로내
11970,2014-04-04 00,야간,금,1,1,0,0,0,충북,청원군,차대사람,기타,기타,안전운전 의무 불이행,단일로,기타단일로
11971,2014-08-07 15,주간,목,1,1,0,0,0,전남,나주시,차대차,측면충돌,측면충돌,안전운전 의무 불이행,단일로,기타단일로
11972,2014-05-28 12,주간,수,1,1,0,0,0,충남,당진시,차대차,측면충돌,측면충돌,교차로 통행방법 위반,교차로,교차로부근
11973,2014-04-23 11,주간,수,1,1,0,0,0,경남,창원시(통합),차대차,측면충돌,측면충돌,기타,교차로,교차로내
11974,2014-05-17 17,주간,토,1,1,0,0,0,대전,동구,차량단독,공작물충돌,공작물충돌,안전운전 의무 불이행,단일로,기타단일로
11975,2014-05-28 17,주간,수,1,7,3,3,0,충남,당진시,차대차,측면충돌,측면충돌,교차로 통행방법 위반,교차로,교차로내
11976,2014-03-03 23,야간,월,1,1,0,0,0,대구,동구,차대차,측면충돌,측면충돌,교차로 통행방법 위반,교차로,교차로내
11977,2014-03-27 18,야간,목,1,1,0,0,0,서울,관악구,차대차,추돌,주정차중 추돌,안전거리 미확보,교차로,교차로부근
11978,2014-11-01 04,야간,토,2,5,3,0,0,충남,공주시,차량단독,공작물충돌,공작물충돌,과속,단일로,기타단일로
11979,2014-08-22 13,주간,금,1,1,0,0,0,전북,김제시,차대차,기타,기타,안전운전 의무 불이행,교차로,교차로내
11980,2014-12-05 13,주간,금,2,9,0,7,0,전남,해남군,차대차,기타,기타,중앙선 침범,단일로,기타단일로
11981,2014-03-19 05,야간,수,1,1,0,0,0,울산,북구,차대사람,기타,기타,신호위반,교차로,교차로부근
11982,2014-05-24 20,야간,토,1,1,0,0,0,경남,통영시,차대사람,횡단중,횡단중,보행자 보호의무 위반,교차로,교차로부근
11983,2014-08-11 13,주간,월,1,1,0,0,0,충남,홍성군,차량단독,도로이탈,도로이탈 추락,안전운전 의무 불이행,교차로,교차로부근
11984,2014-07-31 10,주간,목,1,1,0,0,0,전북,정읍시,차량단독,도로이탈,도로이탈 추락,안전운전 의무 불이행,단일로,기타단일로
11985,2014-03-22 01,야간,토,1,1,0,0,0,경기,수원시,차대차,추돌,진행중 추돌,안전운전 의무 불이행,단일로,기타단일로
11986,2014-11-05 15,주간,수,1,1,0,0,0,강원,홍천군,차량단독,도로이탈,도로이탈 추락,안전운전 의무 불이행,단일로,기타단일로
11987,2014-03-06 19,야간,목,1,1,0,0,0,서울,강남구,차대차,측면충돌,측면충돌,안전거리 미확보,단일로,기타단일로
11988,2014-08-27 09,주간,수,1,1,0,0,0,충남,보령시,차량단독,공작물충돌,공작물충돌,안전운전 의무 불이행,단일로,기타단일로
11989,2014-05-30 17,주간,금,1,2,0,1,0,경북,칠곡군,차대차,추돌,진행중 추돌,안전운전 의무 불이행,단일로,기타단일로
11990,2014-09-12 20,야간,금,1,2,1,0,0,전남,영암군,차대차,정면충돌,정면충돌,중앙선 침범,단일로,기타단일로
11991,2014-04-05 19,야간,토,1,1,0,0,0,충북,청원군,차대사람,기타,기타,안전운전 의무 불이행,단일로,기타단일로
11992,2014-12-20 18,야간,토,1,1,0,0,0,대구,달서구,차대차,측면충돌,측면충돌,안전운전 의무 불이행,단일로,기타단일로
11993,2014-09-14 12,주간,일,1,1,0,0,0,전남,영암군,차대사람,기타,기타,안전운전 의무 불이행,단일로,기타단일로
11994,2014-02-13 03,야간,목,1,1,0,0,0,경기,부천시,차량단독,기타,기타,안전운전 의무 불이행,단일로,기타단일로
11995,2014-06-05 10,주간,목,1,1,0,0,0,경기,부천시,차대사람,기타,기타,안전운전 의무 불이행,단일로,기타단일로
11996,2014-06-03 23,야간,화,1,3,0,2,0,인천,부평구,차대차,측면충돌,측면충돌,중앙선 침범,단일로,고가도로위
11997,2014-08-21 17,주간,목,1,1,0,0,0,전북,남원시,차대차,측면충돌,측면충돌,기타,단일로,교량위
11998,2014-04-14 01,야간,월,1,1,0,0,0,부산,북구,차대사람,횡단중,횡단중,안전운전 의무 불이행,교차로,교차로내
11999,2014-04-20 07,주간,일,1,3,1,1,0,경기,성남시,차대차,추돌,진행중 추돌,안전거리 미확보,기타/불명,기타/불명
12000,2014-12-14 05,야간,일,1,1,0,0,0,전남,해남군,차량단독,도로이탈,도로이탈 기타,안전운전 의무 불이행,단일로,기타단일로
12001,2014-04-07 00,야간,월,1,2,1,0,0,충북,청주시,차량단독,공작물충돌,공작물충돌,과속,단일로,기타단일로
12002,2014-04-14 17,주간,월,1,1,0,0,0,충남,아산시,차대사람,횡단중,횡단중,보행자 보호의무 위반,단일로,기타단일로
12003,2014-10-27 17,주간,월,1,1,0,0,0,경북,문경시,차량단독,도로이탈,도로이탈 추락,안전운전 의무 불이행,단일로,기타단일로
12004,2014-03-25 12,주간,화,1,2,1,0,0,강원,춘천시,차대차,정면충돌,정면충돌,중앙선 침범,단일로,기타단일로
12005,2014-05-10 23,야간,토,1,1,0,0,0,경남,김해시,차량단독,공작물충돌,공작물충돌,안전운전 의무 불이행,단일로,기타단일로
12006,2014-10-28 16,주간,화,1,3,2,0,0,세종,세종,차대차,추돌,주정차중 추돌,안전운전 의무 불이행,단일로,기타단일로
12007,2014-02-24 21,야간,월,1,1,0,0,0,경기,안산시,차량단독,공작물충돌,공작물충돌,안전운전 의무 불이행,교차로,교차로부근
12008,2014-03-22 04,야간,토,1,1,0,0,0,울산,남구,차대사람,기타,기타,안전운전 의무 불이행,교차로,교차로내
12009,2014-11-22 09,주간,토,1,2,0,1,0,강원,홍천군,차량단독,공작물충돌,공작물충돌,안전운전 의무 불이행,단일로,기타단일로
12010,2014-02-25 22,야간,화,1,1,0,0,0,광주,서구,차대사람,횡단중,횡단중,안전운전 의무 불이행,단일로,기타단일로
12011,2014-05-14 09,주간,수,1,1,0,0,0,서울,도봉구,차대사람,횡단중,횡단중,신호위반,교차로,교차로내
12012,2014-09-17 07,주간,수,1,4,3,0,0,충북,제천시,차대차,기타,기타,안전운전 의무 불이행,기타/불명,기타/불명
12013,2014-04-24 19,야간,목,1,1,0,0,0,제주,서귀포시,차대차,측면충돌,측면충돌,과속,교차로,교차로내
12014,2014-09-01 16,주간,월,1,2,1,0,0,충남,보령시,차대차,측면충돌,측면충돌,안전운전 의무 불이행,단일로,기타단일로
12015,2014-06-24 11,주간,화,1,1,0,0,0,서울,종로구,차대사람,횡단중,횡단중,보행자 보호의무 위반,단일로,기타단일로
12016,2014-10-31 16,주간,금,1,1,0,0,0,세종,세종,차량단독,전도전복,전도전복,안전운전 의무 불이행,단일로,기타단일로
12017,2014-05-31 13,주간,토,1,1,0,0,0,서울,성동구,차량단독,기타,기타,안전운전 의무 불이행,단일로,기타단일로