교통사고이력ID(사고기록 순서),발생년월일시,주야코드,요일코드,사망자수,부상자수,중상자수,경상자수,부상신고자수,발생지시도코드,발생지시도코드,사고유형대분류코드,사고유형중분류코드,사고유형코드,법규위반코드,도로형태대분류코드,도로로형태코드
12418,2014-11-27 10,주간,목,1,2,1,0,0,경기,가평군,차량단독,전도전복,전도전복,안전운전 의무 불이행,교차로,교차로부근
12419,2014-10-19 18,야간,일,1,1,0,0,0,경북,상주시,차대사람,횡단중,횡단중,안전운전 의무 불이행,단일로,기타단일로
12420,2014-04-29 19,야간,화,1,2,0,1,0,전남,목포시,차대차,기타,기타,중앙선 침범,기타/불명,기타/불명
12421,2014-05-24 07,주간,토,1,1,0,0,0,경기,이천시,차대차,기타,기타,교차로 통행방법 위반,교차로,교차로내
12422,2014-11-30 01,야간,일,1,1,0,0,0,경기,가평군,차량단독,공작물충돌,공작물충돌,안전운전 의무 불이행,단일로,기타단일로
12423,2014-11-20 22,야간,목,1,1,0,0,0,충북,음성군,차대사람,기타,기타,안전운전 의무 불이행,단일로,기타단일로
12424,2014-10-30 00,야간,목,1,1,0,0,0,전북,정읍시,차대사람,기타,기타,과속,교차로,교차로부근
12425,2014-03-12 06,주간,수,1,1,0,0,0,광주,북구,차대사람,횡단중,횡단중,신호위반,교차로,교차로내
12426,2014-04-17 18,야간,목,1,1,0,0,0,대구,서구,차대사람,횡단중,횡단중,중앙선 침범,단일로,기타단일로
12427,2014-06-28 04,야간,토,1,1,0,0,0,인천,부평구,차대사람,횡단중,횡단중,안전운전 의무 불이행,단일로,기타단일로
12428,2014-07-31 23,야간,목,1,1,0,0,0,경기,부천시,차대사람,횡단중,횡단중,안전운전 의무 불이행,교차로,교차로내
12429,2014-10-08 18,야간,수,1,1,0,0,0,경남,밀양시,차대차,정면충돌,정면충돌,중앙선 침범,단일로,기타단일로
12430,2014-05-20 12,주간,화,1,2,0,1,0,경기,용인시,차대차,추돌,진행중 추돌,중앙선 침범,단일로,기타단일로
12431,2014-03-19 23,야간,수,3,11,7,1,0,서울,송파구,차대차,추돌,주정차중 추돌,안전운전 의무 불이행,단일로,기타단일로
12432,2014-08-05 09,주간,화,1,4,2,1,0,강원,속초시,차대차,측면충돌,측면충돌,교차로 통행방법 위반,교차로,교차로내
12433,2014-09-17 23,야간,수,1,1,0,0,0,대전,서구,차대사람,횡단중,횡단중,안전운전 의무 불이행,교차로,교차로내
12434,2014-11-07 14,주간,금,1,2,0,1,0,경기,양평군,차대차,측면충돌,측면충돌,안전운전 의무 불이행,단일로,기타단일로
12435,2014-05-02 07,주간,금,1,1,0,0,0,경기,안양시,차량단독,전도전복,전도전복,안전운전 의무 불이행,단일로,터널안
12436,2014-09-01 10,주간,월,1,1,0,0,0,경북,김천시,차대차,측면충돌,측면충돌,교차로 통행방법 위반,교차로,교차로내
12437,2014-04-30 12,주간,수,1,1,0,0,0,서울,양천구,차대사람,횡단중,횡단중,안전운전 의무 불이행,기타/불명,기타/불명
12438,2014-05-09 18,야간,금,1,2,1,0,0,경기,평택시,차대차,추돌,진행중 추돌,안전거리 미확보,단일로,기타단일로
12439,2014-12-13 11,주간,토,1,2,0,1,0,전남,영암군,차대차,측면충돌,측면충돌,안전운전 의무 불이행,단일로,기타단일로
12440,2014-08-16 10,주간,토,1,2,1,0,0,경북,칠곡군,차량단독,기타,기타,안전운전 의무 불이행,기타/불명,기타/불명
12441,2014-10-24 15,주간,금,1,1,0,0,0,충남,논산시,차량단독,공작물충돌,공작물충돌,안전운전 의무 불이행,단일로,기타단일로
12442,2014-03-24 20,야간,월,1,1,0,0,0,전북,전주시,차대사람,차도통행중,차도통행중,안전운전 의무 불이행,단일로,기타단일로
12443,2014-07-03 16,주간,목,1,3,2,0,0,경기,포천시,차대차,측면충돌,측면충돌,중앙선 침범,교차로,교차로부근
12444,2014-08-03 09,주간,일,1,1,0,0,0,경기,하남시,차량단독,공작물충돌,공작물충돌,안전운전 의무 불이행,단일로,기타단일로
12445,2014-04-19 22,야간,토,1,1,0,0,0,제주,제주시,차대사람,횡단중,횡단중,안전운전 의무 불이행,교차로,교차로내
12446,2014-07-31 01,야간,목,1,1,0,0,0,충남,당진시,차대사람,횡단중,횡단중,안전운전 의무 불이행,단일로,기타단일로
12447,2014-11-02 19,야간,일,1,1,0,0,0,강원,동해시,차대사람,기타,기타,안전운전 의무 불이행,단일로,기타단일로
12448,2014-06-25 20,야간,수,1,1,0,0,0,경남,창원시(통합),차대차,추돌,진행중 추돌,안전운전 의무 불이행,단일로,기타단일로
12449,2014-09-04 19,야간,목,1,1,0,0,0,경남,사천시,차대사람,보도통행중,보도통행중,보행자 보호의무 위반,교차로,교차로부근
12450,2014-03-15 19,야간,토,1,1,0,0,0,전북,익산시,차대차,측면충돌,측면충돌,기타,단일로,기타단일로
12451,2014-11-26 02,야간,수,1,2,1,0,0,충남,홍성군,차대사람,기타,기타,안전운전 의무 불이행,단일로,기타단일로
12452,2014-04-06 18,야간,일,1,1,0,0,0,서울,영등포구,차대사람,차도통행중,차도통행중,안전운전 의무 불이행,교차로,교차로내
12453,2014-04-10 08,주간,목,1,1,0,0,0,경기,고양시,차대사람,기타,기타,보행자 보호의무 위반,단일로,기타단일로
12454,2014-10-06 18,야간,월,1,1,0,0,0,경북,영천시,차대차,기타,기타,신호위반,교차로,교차로내
12455,2014-09-28 18,야간,일,1,1,0,0,0,부산,서구,차대차,측면충돌,측면충돌,기타,단일로,기타단일로
12456,2014-03-26 07,주간,수,1,2,0,0,1,부산,남구,차량단독,전도전복,전도전복,안전운전 의무 불이행,단일로,교량위
12457,2014-10-12 04,야간,일,1,6,2,2,1,서울,중구,차대차,기타,기타,중앙선 침범,단일로,터널안
12458,2014-03-21 19,야간,금,1,1,0,0,0,경기,화성시,차량단독,공작물충돌,공작물충돌,안전운전 의무 불이행,단일로,기타단일로
12459,2014-03-16 23,야간,일,1,1,0,0,0,전북,익산시,차대사람,기타,기타,과속,단일로,기타단일로
12460,2014-03-13 14,주간,목,1,1,0,0,0,경기,고양시,차대차,추돌,주정차중 추돌,안전운전 의무 불이행,단일로,횡단보도상
12461,2014-10-12 14,주간,일,1,1,0,0,0,경북,영천시,차대사람,횡단중,횡단중,보행자 보호의무 위반,교차로,교차로부근
12462,2014-09-19 18,야간,금,2,5,0,3,0,부산,강서구,차대차,측면충돌,측면충돌,과속,교차로,교차로내
12463,2014-11-05 06,주간,수,1,1,0,0,0,경기,동두천시,차대사람,횡단중,횡단중,보행자 보호의무 위반,단일로,기타단일로
12464,2014-04-29 21,야간,화,1,1,0,0,0,강원,춘천시,차량단독,공작물충돌,공작물충돌,안전운전 의무 불이행,단일로,기타단일로
12465,2014-07-30 03,야간,수,1,1,0,0,0,서울,성동구,차량단독,공작물충돌,공작물충돌,안전운전 의무 불이행,단일로,기타단일로
12466,2014-06-14 23,야간,토,1,1,0,0,0,서울,강북구,차대사람,횡단중,횡단중,신호위반,교차로,교차로내
12467,2014-06-14 19,야간,토,1,1,0,0,0,경북,안동시,차량단독,공작물충돌,공작물충돌,안전운전 의무 불이행,교차로,교차로부근
12468,2014-03-25 04,야간,화,1,1,0,0,0,강원,원주시,차대사람,기타,기타,안전운전 의무 불이행,교차로,교차로내
12469,2014-10-28 16,주간,화,1,1,0,0,0,경북,상주시,차대차,측면충돌,측면충돌,교차로 통행방법 위반,교차로,교차로내
12470,2014-07-19 18,야간,토,3,13,5,4,1,서울,금천구,차대차,정면충돌,정면충돌,안전운전 의무 불이행,단일로,기타단일로
12471,2014-10-13 04,야간,월,1,1,0,0,0,서울,종로구,차대사람,횡단중,횡단중,신호위반,단일로,횡단보도상
12472,2014-07-05 21,야간,토,1,1,0,0,0,서울,도봉구,차대사람,기타,기타,안전운전 의무 불이행,단일로,기타단일로
12473,2014-07-14 20,야간,월,1,1,0,0,0,충북,제천시,차대사람,횡단중,횡단중,안전운전 의무 불이행,교차로,교차로부근
12474,2014-08-02 22,야간,토,1,1,0,0,0,충남,당진시,차량단독,공작물충돌,공작물충돌,안전운전 의무 불이행,교차로,교차로부근
12475,2014-04-12 11,주간,토,1,1,0,0,0,서울,동대문구,차대사람,횡단중,횡단중,안전운전 의무 불이행,단일로,횡단보도상
12476,2014-04-26 05,야간,토,1,2,0,1,0,경기,광명시,차대차,추돌,진행중 추돌,안전운전 의무 불이행,교차로,교차로부근
12477,2014-05-27 09,주간,화,1,1,0,0,0,대구,중구,차대사람,기타,기타,안전운전 의무 불이행,단일로,기타단일로
12478,2014-02-27 23,야간,목,1,1,0,0,0,대전,서구,차대차,기타,기타,안전운전 의무 불이행,단일로,지하차도(도로)내
12479,2014-04-25 00,야간,금,2,3,1,0,0,울산,남구,차대사람,횡단중,횡단중,안전운전 의무 불이행,단일로,기타단일로
12480,2014-02-28 04,야간,금,1,1,0,0,0,대전,유성구,차대사람,횡단중,횡단중,안전운전 의무 불이행,단일로,기타단일로
12481,2014-12-20 07,주간,토,1,4,1,2,0,전남,영암군,차대사람,기타,기타,과속,단일로,교량위
12482,2014-12-04 14,주간,목,1,1,0,0,0,부산,기장군,차대차,추돌,주정차중 추돌,안전운전 의무 불이행,단일로,기타단일로
12483,2014-04-23 23,야간,수,1,1,0,0,0,제주,제주시,차대사람,기타,기타,안전운전 의무 불이행,단일로,기타단일로
12484,2014-12-03 18,야간,수,1,2,0,1,0,충북,음성군,차량단독,기타,기타,안전운전 의무 불이행,단일로,기타단일로
12485,2014-12-20 16,주간,토,1,2,1,0,0,전남,영암군,차대차,기타,기타,신호위반,교차로,교차로내
12486,2014-07-10 03,야간,목,1,1,0,0,0,경기,포천시,차량단독,공작물충돌,공작물충돌,안전운전 의무 불이행,단일로,기타단일로
12487,2014-11-21 05,야간,금,1,1,0,0,0,전북,김제시,차대사람,횡단중,횡단중,안전운전 의무 불이행,교차로,교차로부근
12488,2014-05-13 07,주간,화,1,1,0,0,0,강원,강릉시,차량단독,공작물충돌,공작물충돌,안전운전 의무 불이행,단일로,기타단일로
12489,2014-04-26 17,주간,토,1,1,0,0,0,경기,광명시,차대차,측면충돌,측면충돌,신호위반,교차로,교차로내
12490,2014-05-04 05,야간,일,1,2,0,1,0,전남,여수시,차량단독,공작물충돌,공작물충돌,안전운전 의무 불이행,단일로,기타단일로
12491,2014-12-06 01,야간,토,1,1,0,0,0,충북,음성군,차량단독,도로이탈,도로이탈 추락,안전운전 의무 불이행,단일로,기타단일로
12492,2014-12-04 21,야간,목,1,1,0,0,0,전남,나주시,차량단독,공작물충돌,공작물충돌,과속,단일로,기타단일로
12493,2014-04-05 07,주간,토,1,1,0,0,0,대구,동구,차대사람,횡단중,횡단중,보행자 보호의무 위반,단일로,횡단보도상
12494,2014-12-08 15,주간,월,1,1,0,0,0,충남,홍성군,차대사람,기타,기타,보행자 보호의무 위반,교차로,교차로내
12495,2014-03-20 20,야간,목,1,1,0,0,0,대구,달서구,차대사람,기타,기타,안전운전 의무 불이행,단일로,기타단일로
12496,2014-10-20 06,주간,월,1,1,0,0,0,경남,밀양시,차대차,추돌,진행중 추돌,안전운전 의무 불이행,단일로,기타단일로
12497,2014-08-05 19,야간,화,1,1,0,0,0,충남,당진시,차대차,추돌,주정차중 추돌,안전운전 의무 불이행,단일로,기타단일로
12498,2014-06-21 00,야간,토,1,1,0,0,0,인천,연수구,차대사람,횡단중,횡단중,과속,단일로,기타단일로
12499,2014-04-24 05,야간,목,2,2,0,0,0,서울,마포구,차량단독,전도전복,전도전복,안전거리 미확보,단일로,기타단일로
12500,2014-12-26 15,주간,금,1,1,0,0,0,경기,가평군,차대차,기타,기타,안전운전 의무 불이행,단일로,기타단일로
12501,2014-06-19 15,주간,목,1,2,0,1,0,경북,안동시,차대차,추돌,주정차중 추돌,안전운전 의무 불이행,단일로,기타단일로
12502,2014-05-04 04,야간,일,1,1,0,0,0,서울,서초구,차대사람,기타,기타,안전운전 의무 불이행,단일로,기타단일로
12503,2014-05-03 03,야간,토,1,1,0,0,0,서울,노원구,차량단독,기타,기타,안전운전 의무 불이행,단일로,기타단일로
12504,2014-07-02 22,야간,수,1,1,0,0,0,경남,창원시(통합),차량단독,공작물충돌,공작물충돌,안전운전 의무 불이행,단일로,기타단일로
12505,2014-09-16 22,야간,화,1,1,0,0,0,경남,사천시,차대사람,횡단중,횡단중,안전운전 의무 불이행,단일로,기타단일로
12506,2014-04-26 18,야간,토,1,1,0,0,0,충북,청원군,차량단독,전도전복,전도전복,안전운전 의무 불이행,교차로,교차로부근
12507,2014-08-08 12,주간,금,1,1,0,0,0,충남,당진시,차대사람,기타,기타,안전운전 의무 불이행,단일로,기타단일로
12508,2014-12-19 13,주간,금,1,5,3,1,0,전북,남원시,차대차,측면충돌,측면충돌,기타,교차로,교차로내
12509,2014-08-03 21,야간,일,1,3,2,0,0,울산,북구,차대차,정면충돌,정면충돌,중앙선 침범,단일로,기타단일로
12510,2014-12-10 18,야간,수,1,2,0,1,0,강원,평창군,차대차,추돌,진행중 추돌,안전운전 의무 불이행,기타/불명,기타/불명
12511,2014-12-30 12,주간,화,1,1,0,0,0,경기,가평군,차량단독,기타,기타,안전운전 의무 불이행,단일로,기타단일로
12512,2014-09-26 20,야간,금,1,1,0,0,0,경남,창원시(통합),차대사람,횡단중,횡단중,안전운전 의무 불이행,단일로,기타단일로
12513,2014-05-21 06,주간,수,1,1,0,0,0,부산,사하구,차량단독,공작물충돌,공작물충돌,안전운전 의무 불이행,단일로,기타단일로
12514,2014-04-27 22,야간,일,1,1,0,0,0,울산,북구,차대차,측면충돌,측면충돌,신호위반,교차로,교차로내
12515,2014-08-13 00,야간,수,1,1,0,0,0,경남,창원시(통합),차량단독,공작물충돌,공작물충돌,안전운전 의무 불이행,교차로,교차로부근
12516,2014-11-07 08,주간,금,1,4,0,3,0,경북,상주시,차대차,기타,기타,안전운전 의무 불이행,단일로,기타단일로
12517,2014-11-25 22,야간,화,1,1,0,0,0,전북,김제시,차량단독,공작물충돌,공작물충돌,안전운전 의무 불이행,단일로,기타단일로
12518,2014-05-15 17,주간,목,1,1,0,0,0,서울,관악구,차대차,기타,기타,중앙선 침범,단일로,기타단일로
12519,2014-11-07 13,주간,금,1,1,0,0,0,경북,상주시,차량단독,공작물충돌,공작물충돌,안전운전 의무 불이행,교차로,교차로내
12520,2014-04-15 07,주간,화,1,1,0,0,0,서울,동대문구,차대사람,횡단중,횡단중,안전운전 의무 불이행,단일로,횡단보도상
12521,2014-09-11 23,야간,목,1,1,0,0,0,경북,김천시,차량단독,공작물충돌,공작물충돌,안전운전 의무 불이행,단일로,기타단일로
12522,2014-12-13 08,주간,토,1,1,0,0,0,충북,음성군,차대사람,기타,기타,안전운전 의무 불이행,단일로,기타단일로
12523,2014-07-15 04,야간,화,1,1,0,0,0,경기,포천시,차대사람,기타,기타,안전운전 의무 불이행,단일로,기타단일로
12524,2014-05-31 16,주간,토,1,1,0,0,0,충남,아산시,차대차,정면충돌,정면충돌,안전운전 의무 불이행,교차로,교차로내
12525,2014-05-16 17,주간,금,1,1,0,0,0,경남,진주시,차대사람,기타,기타,안전운전 의무 불이행,단일로,기타단일로
12526,2014-03-27 17,주간,목,1,1,0,0,0,강원,원주시,차량단독,기타,기타,안전운전 의무 불이행,단일로,기타단일로
12527,2014-03-16 04,야간,일,1,2,0,1,0,경기,고양시,차대차,정면충돌,정면충돌,중앙선 침범,단일로,기타단일로
12528,2014-12-11 23,야간,목,1,1,0,0,0,전남,나주시,차대사람,기타,기타,안전운전 의무 불이행,단일로,기타단일로
12529,2014-07-02 04,야간,수,1,1,0,0,0,서울,서대문구,차대사람,횡단중,횡단중,안전운전 의무 불이행,단일로,횡단보도상
12530,2014-06-21 04,야간,토,1,1,0,0,0,서울,강북구,차대차,추돌,주정차중 추돌,안전운전 의무 불이행,단일로,기타단일로
12531,2014-12-30 14,주간,화,1,1,0,0,0,전남,영암군,차량단독,도로이탈,도로이탈 추락,안전운전 의무 불이행,단일로,기타단일로
12532,2014-07-21 13,주간,월,1,4,2,1,0,전남,광양시,차대차,추돌,주정차중 추돌,안전운전 의무 불이행,교차로,교차로부근
12533,2014-06-17 11,주간,화,1,1,0,0,0,제주,서귀포시,차대차,측면충돌,측면충돌,신호위반,교차로,교차로내
12534,2014-05-17 06,주간,토,1,1,0,0,0,서울,관악구,차대차,기타,기타,안전운전 의무 불이행,단일로,횡단보도부근
12535,2014-12-13 10,주간,토,1,1,0,0,0,전남,나주시,차량단독,전도전복,전도전복,안전운전 의무 불이행,단일로,기타단일로
12536,2014-04-20 01,야간,일,1,1,0,0,0,인천,남구,차대사람,기타,기타,안전운전 의무 불이행,단일로,기타단일로
12537,2014-08-18 13,주간,월,1,1,0,0,0,경기,하남시,차대차,측면충돌,측면충돌,안전운전 의무 불이행,교차로,교차로내
12538,2014-06-03 11,주간,화,1,1,0,0,0,충남,아산시,차대차,측면충돌,측면충돌,안전운전 의무 불이행,단일로,기타단일로
12539,2014-11-13 17,주간,목,1,1,0,0,0,충남,논산시,차량단독,전도전복,전도전복,안전운전 의무 불이행,단일로,고가도로위
12540,2014-06-10 15,주간,화,1,1,0,0,0,제주,서귀포시,차량단독,기타,기타,안전운전 의무 불이행,단일로,기타단일로
12541,2014-04-14 19,야간,월,1,1,0,0,0,전북,군산시,차대사람,횡단중,횡단중,안전운전 의무 불이행,교차로,교차로내
12542,2014-05-21 14,주간,수,1,1,0,0,0,경기,성남시,차대차,기타,기타,안전운전 의무 불이행,단일로,기타단일로
12543,2014-03-13 13,주간,목,1,1,0,0,0,경북,구미시,차대사람,기타,기타,안전운전 의무 불이행,교차로,교차로부근
12544,2014-08-12 21,야간,화,1,1,0,0,0,울산,동구,차대차,측면충돌,측면충돌,교차로 통행방법 위반,교차로,교차로내
12545,2014-06-13 06,주간,금,1,2,1,0,0,경기,양주시,차대차,추돌,진행중 추돌,중앙선 침범,단일로,기타단일로
12546,2014-11-24 18,야간,월,1,1,0,0,0,전북,정읍시,차대사람,횡단중,횡단중,안전운전 의무 불이행,단일로,기타단일로
12547,2014-04-18 07,주간,금,1,3,2,0,0,서울,동대문구,차대차,기타,기타,안전운전 의무 불이행,교차로,교차로내
12548,2014-11-04 12,주간,화,1,1,0,0,0,경남,밀양시,차량단독,공작물충돌,공작물충돌,안전운전 의무 불이행,단일로,기타단일로
12549,2014-07-25 23,야간,금,1,1,0,0,0,전남,광양시,차량단독,공작물충돌,공작물충돌,안전운전 의무 불이행,교차로,교차로내
12550,2014-04-18 17,주간,금,1,1,0,0,0,경기,고양시,차대차,측면충돌,측면충돌,교차로 통행방법 위반,교차로,교차로내
12551,2014-12-19 21,야간,금,1,3,0,2,0,전남,나주시,차대차,측면충돌,측면충돌,안전운전 의무 불이행,단일로,기타단일로
12552,2014-12-05 02,야간,금,1,1,0,0,0,전북,김제시,차량단독,공작물충돌,공작물충돌,안전운전 의무 불이행,단일로,기타단일로
12553,2014-03-21 07,주간,금,1,1,0,0,0,경기,남양주시,차대차,추돌,진행중 추돌,안전운전 의무 불이행,단일로,기타단일로
12554,2014-05-09 23,야간,금,1,1,0,0,0,전남,여수시,차대사람,횡단중,횡단중,안전운전 의무 불이행,교차로,교차로부근
12555,2014-11-20 10,주간,목,1,1,0,0,0,경북,상주시,차대차,추돌,진행중 추돌,안전운전 의무 불이행,단일로,기타단일로
12556,2014-09-05 15,주간,금,1,3,0,1,1,경북,칠곡군,차대차,기타,기타,신호위반,교차로,교차로내
12557,2014-07-06 12,주간,일,1,1,0,0,0,경남,진주시,차량단독,전도전복,전도전복,안전운전 의무 불이행,단일로,기타단일로
12558,2014-11-07 13,주간,금,1,1,0,0,0,경남,밀양시,차대사람,차도통행중,차도통행중,안전운전 의무 불이행,단일로,기타단일로
12559,2014-11-23 15,주간,일,1,4,3,0,0,경북,상주시,차대차,정면충돌,정면충돌,중앙선 침범,단일로,기타단일로
12560,2014-06-09 20,야간,월,1,1,0,0,0,경기,이천시,차대사람,길가장자리구역통행중,길가장자리구역통행중,안전운전 의무 불이행,단일로,기타단일로
12561,2014-10-23 05,야간,목,1,1,0,0,0,부산,서구,차대사람,횡단중,횡단중,신호위반,단일로,횡단보도상
12562,2014-11-19 13,주간,수,1,1,0,0,0,충남,논산시,차대차,측면충돌,측면충돌,안전운전 의무 불이행,단일로,기타단일로
12563,2014-11-19 18,야간,수,1,1,0,0,0,충남,논산시,차대차,추돌,진행중 추돌,안전운전 의무 불이행,단일로,기타단일로
12564,2014-12-31 12,주간,수,1,1,0,0,0,충남,홍성군,차량단독,기타,기타,안전운전 의무 불이행,단일로,기타단일로
12565,2014-08-13 07,주간,수,1,1,0,0,0,경남,창원시(통합),차대사람,횡단중,횡단중,안전운전 의무 불이행,교차로,교차로내
12566,2014-07-14 17,주간,월,1,2,1,0,0,울산,울주군,차대사람,기타,기타,안전운전 의무 불이행,단일로,기타단일로
12567,2014-06-23 08,주간,월,1,5,0,4,0,충북,충주시,차량단독,공작물충돌,공작물충돌,안전운전 의무 불이행,단일로,기타단일로
12568,2014-12-29 22,야간,월,1,2,1,0,0,충북,음성군,차대차,정면충돌,정면충돌,중앙선 침범,단일로,기타단일로
12569,2014-12-08 14,주간,월,1,1,0,0,0,경기,양평군,차대사람,보도통행중,보도통행중,신호위반,교차로,교차로내
12570,2014-06-07 21,야간,토,1,1,0,0,0,충남,아산시,차대사람,횡단중,횡단중,안전운전 의무 불이행,교차로,교차로내
12571,2014-03-15 00,야간,토,2,3,0,1,0,경북,구미시,차대사람,기타,기타,과속,교차로,교차로부근
12572,2014-07-28 22,야간,월,1,1,0,0,0,전남,광양시,차대사람,횡단중,횡단중,안전운전 의무 불이행,단일로,기타단일로
12573,2014-06-08 02,야간,일,1,1,0,0,0,충남,천안시,차량단독,전도전복,전도전복,안전운전 의무 불이행,단일로,기타단일로
12574,2014-06-26 19,야간,목,1,1,0,0,0,광주,남구,차대차,추돌,주정차중 추돌,기타,단일로,기타단일로
12575,2014-05-05 15,주간,월,1,1,0,0,0,서울,중구,차대차,기타,기타,신호위반,교차로,교차로내
12576,2014-04-26 22,야간,토,1,1,0,0,0,서울,중랑구,차대차,기타,기타,안전운전 의무 불이행,단일로,기타단일로
12577,2014-09-22 12,주간,월,1,1,0,0,0,경북,김천시,차량단독,공작물충돌,공작물충돌,안전운전 의무 불이행,단일로,기타단일로
12578,2014-03-21 22,야간,금,1,1,0,0,0,경기,남양주시,차량단독,공작물충돌,공작물충돌,안전운전 의무 불이행,교차로,교차로내
12579,2014-11-21 18,야간,금,1,1,0,0,0,충남,논산시,차대사람,횡단중,횡단중,보행자 보호의무 위반,단일로,횡단보도상
12580,2014-06-17 13,주간,화,1,1,0,0,0,충남,태안군,차대사람,길가장자리구역통행중,길가장자리구역통행중,안전운전 의무 불이행,단일로,기타단일로
12581,2014-12-09 17,주간,화,1,1,0,0,0,전북,김제시,차대사람,차도통행중,차도통행중,안전운전 의무 불이행,교차로,교차로부근
12582,2014-06-12 04,야간,목,1,1,0,0,0,대구,중구,차대사람,횡단중,횡단중,안전운전 의무 불이행,교차로,교차로내
12583,2014-09-28 17,주간,일,1,2,1,0,0,경기,구리시,차대사람,기타,기타,안전운전 의무 불이행,단일로,기타단일로
12584,2014-10-17 07,주간,금,1,1,0,0,0,부산,강서구,차대차,측면충돌,측면충돌,안전운전 의무 불이행,교차로,교차로내
12585,2014-06-09 19,야간,월,1,1,0,0,0,충남,천안시,차대사람,기타,기타,안전운전 의무 불이행,단일로,기타단일로
12586,2014-05-12 18,야간,월,1,1,0,0,0,전남,여수시,차대사람,기타,기타,안전운전 의무 불이행,기타/불명,기타/불명
12587,2014-03-20 04,야간,목,1,1,0,0,0,광주,북구,차대사람,기타,기타,안전운전 의무 불이행,교차로,교차로내
12588,2014-08-30 21,야간,토,1,1,0,0,0,대전,대덕구,차대차,기타,기타,신호위반,교차로,교차로내
12589,2014-12-10 15,주간,수,1,1,0,0,0,부산,영도구,차대사람,횡단중,횡단중,안전운전 의무 불이행,단일로,기타단일로
12590,2014-12-13 15,주간,토,1,4,3,0,0,전북,김제시,차대차,추돌,주정차중 추돌,과속,단일로,기타단일로
12591,2014-04-07 21,야간,월,1,1,0,0,0,경북,경주시,차대사람,기타,기타,안전운전 의무 불이행,단일로,기타단일로
12592,2014-05-06 12,주간,화,1,2,0,1,0,경기,화성시,차대차,정면충돌,정면충돌,중앙선 침범,교차로,교차로부근
12593,2014-07-13 07,주간,일,1,1,0,0,0,서울,구로구,차대차,정면충돌,정면충돌,신호위반,교차로,교차로내
12594,2014-05-30 19,야간,금,1,1,0,0,0,충북,청주시,차대차,기타,기타,안전운전 의무 불이행,단일로,기타단일로
12595,2014-03-24 22,야간,월,1,1,0,0,0,경기,시흥시,차량단독,공작물충돌,공작물충돌,안전운전 의무 불이행,교차로,교차로부근
12596,2014-10-24 10,주간,금,1,1,0,0,0,부산,강서구,차량단독,공작물충돌,공작물충돌,안전운전 의무 불이행,단일로,기타단일로
12597,2014-04-04 21,야간,금,1,24,16,7,0,경기,안산시,차대차,기타,기타,과속,단일로,기타단일로
12598,2014-08-30 23,야간,토,1,2,0,1,0,경기,하남시,차대사람,횡단중,횡단중,안전운전 의무 불이행,단일로,기타단일로
12599,2014-09-02 22,야간,화,1,1,0,0,0,대전,대덕구,차량단독,기타,기타,안전운전 의무 불이행,단일로,고가도로위
12600,2014-12-22 18,야간,월,1,1,0,0,0,경기,양평군,차량단독,전도전복,전도전복,안전운전 의무 불이행,단일로,기타단일로
12601,2014-04-19 17,주간,토,1,1,0,0,0,전북,군산시,차대차,측면충돌,측면충돌,안전운전 의무 불이행,단일로,기타단일로
12602,2014-05-15 09,주간,목,1,1,0,0,0,전남,여수시,차대사람,횡단중,횡단중,신호위반,교차로,교차로내
12603,2014-09-17 04,야간,수,1,1,0,0,0,경북,칠곡군,차대차,추돌,진행중 추돌,안전운전 의무 불이행,단일로,기타단일로
12604,2014-05-13 00,야간,화,1,1,0,0,0,경북,포항시,차대사람,기타,기타,안전운전 의무 불이행,단일로,기타단일로
12605,2014-06-17 13,주간,화,1,1,0,0,0,경기,이천시,차량단독,기타,기타,안전운전 의무 불이행,기타/불명,기타/불명
12606,2014-06-05 13,주간,목,1,1,0,0,0,경남,김해시,차대사람,횡단중,횡단중,안전운전 의무 불이행,교차로,교차로내
12607,2014-08-25 18,야간,월,1,1,0,0,0,울산,동구,차대차,기타,기타,신호위반,교차로,교차로내
12608,2014-11-22 03,야간,토,1,1,0,0,0,경남,밀양시,차대사람,횡단중,횡단중,안전운전 의무 불이행,단일로,횡단보도부근
12609,2014-07-07 06,주간,월,1,2,1,0,0,인천,연수구,차대차,측면충돌,측면충돌,중앙선 침범,단일로,기타단일로
12610,2014-09-17 21,야간,수,1,1,0,0,0,경북,칠곡군,차대사람,기타,기타,안전운전 의무 불이행,단일로,기타단일로
12611,2014-07-24 21,야간,목,1,1,0,0,0,서울,도봉구,차대차,측면충돌,측면충돌,신호위반,교차로,교차로내
12612,2014-12-01 17,주간,월,1,1,0,0,0,충남,논산시,차대사람,횡단중,횡단중,안전운전 의무 불이행,단일로,기타단일로
12613,2014-07-04 05,야간,금,1,1,0,0,0,인천,계양구,차대사람,횡단중,횡단중,보행자 보호의무 위반,교차로,교차로부근
12614,2014-07-24 00,야간,목,1,1,0,0,0,경남,창원시(통합),차량단독,공작물충돌,공작물충돌,안전운전 의무 불이행,단일로,기타단일로
12615,2014-03-02 01,야간,일,1,1,0,0,0,경기,평택시,차대사람,길가장자리구역통행중,길가장자리구역통행중,안전운전 의무 불이행,단일로,기타단일로
12616,2014-12-02 14,주간,화,1,1,0,0,0,충남,계룡시,차대사람,차도통행중,차도통행중,신호위반,교차로,교차로내