교통사고이력ID(사고기록 순서),발생년월일시,주야코드,요일코드,사망자수,부상자수,중상자수,경상자수,부상신고자수,발생지시도코드,발생지시도코드,사고유형대분류코드,사고유형중분류코드,사고유형코드,법규위반코드,도로형태대분류코드,도로로형태코드
12617,2014-04-07 21,야간,월,1,1,0,0,0,부산,남구,차대차,추돌,주정차중 추돌,안전운전 의무 불이행,단일로,기타단일로
12618,2014-07-05 11,주간,토,1,1,0,0,0,서울,강북구,차대차,측면충돌,측면충돌,기타,단일로,기타단일로
12619,2014-05-31 10,주간,토,1,1,0,0,0,경기,화성시,차대차,추돌,주정차중 추돌,안전운전 의무 불이행,단일로,기타단일로
12620,2014-05-08 06,주간,목,1,1,0,0,0,제주,제주시,차대사람,기타,기타,안전운전 의무 불이행,단일로,기타단일로
12621,2014-06-02 12,주간,월,1,4,2,1,0,서울,강동구,차대차,기타,기타,중앙선 침범,단일로,기타단일로
12622,2014-05-08 15,주간,목,1,1,0,0,0,경기,화성시,차대사람,기타,기타,안전운전 의무 불이행,교차로,교차로내
12623,2014-06-19 01,야간,목,1,1,0,0,0,경기,안양시,차대사람,기타,기타,안전운전 의무 불이행,단일로,기타단일로
12624,2014-05-21 07,주간,수,1,1,0,0,0,경남,거제시,차대사람,기타,기타,기타,단일로,기타단일로
12625,2014-05-19 13,주간,월,1,1,0,0,0,서울,서초구,차대차,기타,기타,안전거리 미확보,단일로,기타단일로
12626,2014-05-21 21,야간,수,1,1,0,0,0,경남,거제시,차량단독,전도전복,전도전복,안전운전 의무 불이행,교차로,교차로부근
12627,2014-03-20 23,야간,목,1,3,1,1,0,충북,청주시,차대차,정면충돌,정면충돌,중앙선 침범,단일로,기타단일로
12628,2014-03-02 16,주간,일,1,2,1,0,0,경기,평택시,차량단독,전도전복,전도전복,안전운전 의무 불이행,단일로,기타단일로
12629,2014-07-17 12,주간,목,1,1,0,0,0,경남,진주시,차대사람,횡단중,횡단중,안전운전 의무 불이행,단일로,기타단일로
12630,2014-04-19 07,주간,토,1,3,2,0,0,경북,경산시,차대차,기타,기타,신호위반,교차로,교차로내
12631,2014-08-31 19,야간,일,1,1,0,0,0,충남,당진시,차대사람,횡단중,횡단중,안전운전 의무 불이행,교차로,교차로부근
12632,2014-11-04 06,주간,화,1,1,0,0,0,경기,여주시,차대사람,기타,기타,안전운전 의무 불이행,교차로,교차로내
12633,2014-06-23 13,주간,월,1,1,0,0,0,경기,양주시,차대차,정면충돌,정면충돌,중앙선 침범,단일로,기타단일로
12634,2014-12-22 22,야간,월,1,1,0,0,0,전북,김제시,차대사람,차도통행중,차도통행중,안전운전 의무 불이행,단일로,기타단일로
12635,2014-07-05 17,주간,토,1,5,3,0,1,제주,서귀포시,차량단독,전도전복,전도전복,기타,단일로,기타단일로
12636,2014-08-28 05,야간,목,1,1,0,0,0,경남,창원시(통합),차대사람,기타,기타,안전운전 의무 불이행,단일로,기타단일로
12637,2014-04-28 02,야간,월,1,1,0,0,0,대구,북구,차대사람,기타,기타,보행자 보호의무 위반,단일로,기타단일로
12638,2014-04-26 05,야간,토,1,3,2,0,0,서울,동대문구,차대차,추돌,주정차중 추돌,안전운전 의무 불이행,단일로,기타단일로
12639,2014-12-27 06,주간,토,1,3,0,2,0,부산,영도구,차대차,추돌,주정차중 추돌,안전운전 의무 불이행,교차로,교차로부근
12640,2014-05-14 17,주간,수,1,1,0,0,0,강원,춘천시,차대사람,길가장자리구역통행중,길가장자리구역통행중,안전운전 의무 불이행,단일로,기타단일로
12641,2014-10-19 06,주간,일,1,1,0,0,0,경남,사천시,차대사람,횡단중,횡단중,보행자 보호의무 위반,교차로,교차로내
12642,2014-06-10 04,야간,화,1,1,0,0,0,부산,동래구,차대사람,기타,기타,안전운전 의무 불이행,교차로,교차로부근
12643,2014-04-22 12,주간,화,1,3,0,2,0,전북,군산시,차량단독,공작물충돌,공작물충돌,안전운전 의무 불이행,단일로,기타단일로
12644,2014-09-24 08,주간,수,1,2,1,0,0,경북,칠곡군,차량단독,기타,기타,안전운전 의무 불이행,단일로,기타단일로
12645,2014-06-17 12,주간,화,1,1,0,0,0,충남,천안시,차량단독,기타,기타,기타,단일로,기타단일로
12646,2014-06-25 00,야간,수,1,2,1,0,0,경기,양주시,차대차,정면충돌,정면충돌,중앙선 침범,교차로,교차로부근
12647,2014-12-18 10,주간,목,1,1,0,0,0,강원,동해시,차대차,기타,기타,안전거리 미확보,교차로,교차로부근
12648,2014-07-03 21,야간,목,1,1,0,0,0,충북,충주시,차대사람,횡단중,횡단중,안전운전 의무 불이행,단일로,기타단일로
12649,2014-03-30 22,야간,일,1,1,0,0,0,대구,달서구,차대차,정면충돌,정면충돌,신호위반,교차로,교차로내
12650,2014-05-07 00,야간,수,1,2,1,0,0,서울,마포구,차대차,기타,기타,안전운전 의무 불이행,단일로,기타단일로
12651,2014-03-09 21,야간,일,1,1,0,0,0,대전,서구,차대사람,횡단중,횡단중,안전운전 의무 불이행,단일로,기타단일로
12652,2014-04-11 10,주간,금,1,5,0,3,1,경북,경주시,차량단독,전도전복,전도전복,안전운전 의무 불이행,단일로,기타단일로
12653,2014-04-29 09,주간,화,1,1,0,0,0,서울,강서구,차대차,기타,기타,신호위반,교차로,교차로부근
12654,2014-04-29 10,주간,화,1,1,0,0,0,서울,강서구,차대사람,횡단중,횡단중,안전운전 의무 불이행,단일로,기타단일로
12655,2014-03-20 14,주간,목,2,2,0,0,0,경북,구미시,차대차,기타,기타,안전운전 의무 불이행,단일로,기타단일로
12656,2014-04-11 13,주간,금,1,1,0,0,0,경북,경주시,차대차,기타,기타,중앙선 침범,교차로,교차로부근
12657,2014-05-23 19,야간,금,1,1,0,0,0,대전,중구,차대차,측면충돌,측면충돌,안전운전 의무 불이행,교차로,교차로내
12658,2014-03-29 19,야간,토,1,1,0,0,0,전북,익산시,차대차,기타,기타,안전운전 의무 불이행,단일로,기타단일로
12659,2014-06-03 12,주간,화,1,8,0,0,7,경기,용인시,차대차,정면충돌,정면충돌,안전운전 의무 불이행,단일로,기타단일로
12660,2014-04-04 14,주간,금,1,1,0,0,0,경기,화성시,차대사람,횡단중,횡단중,보행자 보호의무 위반,단일로,횡단보도상
12661,2014-04-08 16,주간,화,1,1,0,0,0,전북,전주시,차대사람,차도통행중,차도통행중,안전운전 의무 불이행,단일로,기타단일로
12662,2014-06-09 23,야간,월,1,1,0,0,0,부산,사하구,차대사람,기타,기타,신호위반,단일로,기타단일로
12663,2014-06-20 12,주간,금,1,1,0,0,0,충남,천안시,차량단독,전도전복,전도전복,안전운전 의무 불이행,단일로,기타단일로
12664,2014-06-20 16,주간,금,1,1,0,0,0,충남,천안시,차대사람,횡단중,횡단중,신호위반,단일로,기타단일로
12665,2014-04-09 18,야간,수,1,1,0,0,0,경기,안산시,차량단독,공작물충돌,공작물충돌,안전운전 의무 불이행,단일로,기타단일로
12666,2014-09-04 10,주간,목,1,1,0,0,0,강원,속초시,차대차,측면충돌,측면충돌,안전운전 의무 불이행,단일로,기타단일로
12667,2014-08-29 06,주간,금,1,1,0,0,0,서울,은평구,차대사람,차도통행중,차도통행중,안전운전 의무 불이행,교차로,교차로부근
12668,2014-10-20 03,야간,월,1,1,0,0,0,경기,구리시,차대사람,기타,기타,안전운전 의무 불이행,단일로,기타단일로
12669,2014-05-20 12,주간,화,1,3,2,0,0,전남,여수시,차대차,기타,기타,신호위반,교차로,교차로내
12670,2014-06-29 23,야간,일,1,1,0,0,0,경기,양주시,차량단독,공작물충돌,공작물충돌,안전운전 의무 불이행,교차로,교차로부근
12671,2014-10-09 16,주간,목,1,1,0,0,0,서울,성북구,차대차,추돌,진행중 추돌,안전운전 의무 불이행,교차로,교차로부근
12672,2014-12-05 18,야간,금,1,1,0,0,0,경남,밀양시,차량단독,전도전복,전도전복,안전운전 의무 불이행,단일로,기타단일로
12673,2014-03-04 06,주간,화,1,7,6,0,0,경기,평택시,차대차,측면충돌,측면충돌,신호위반,교차로,교차로내
12674,2014-06-12 23,야간,목,1,1,0,0,0,경남,김해시,차대차,추돌,주정차중 추돌,과속,교차로,교차로부근
12675,2014-06-25 11,주간,수,2,8,2,3,1,대구,중구,차대사람,횡단중,횡단중,중앙선 침범,교차로,교차로내
12676,2014-05-22 01,야간,목,1,2,1,0,0,경기,안양시,차대차,정면충돌,정면충돌,중앙선 침범,단일로,지하차도(도로)내
12677,2014-07-14 22,야간,월,1,1,0,0,0,인천,연수구,차대사람,횡단중,횡단중,안전운전 의무 불이행,단일로,기타단일로
12678,2014-08-07 15,주간,목,1,1,0,0,0,경기,포천시,차대차,추돌,진행중 추돌,기타,단일로,기타단일로
12679,2014-10-22 13,주간,수,1,1,0,0,0,서울,종로구,차대사람,횡단중,횡단중,안전운전 의무 불이행,단일로,기타단일로
12680,2014-06-21 17,주간,토,1,1,0,0,0,충남,천안시,차대차,기타,기타,안전운전 의무 불이행,단일로,기타단일로
12681,2014-07-13 07,주간,일,1,1,0,0,0,서울,강북구,차대차,측면충돌,측면충돌,기타,교차로,교차로내
12682,2014-05-24 03,야간,토,1,1,0,0,0,전남,목포시,차량단독,공작물충돌,공작물충돌,안전운전 의무 불이행,교차로,교차로부근
12683,2014-07-26 10,주간,토,1,2,1,0,0,대구,달성군,차대차,기타,기타,중앙선 침범,교차로,교차로부근
12684,2014-07-01 18,야간,화,1,1,0,0,0,충남,서산시,차대차,정면충돌,정면충돌,중앙선 침범,단일로,기타단일로
12685,2014-09-05 17,주간,금,1,1,0,0,0,서울,성북구,차대차,기타,기타,중앙선 침범,교차로,교차로부근
12686,2014-05-01 21,야간,목,1,2,1,0,0,인천,남구,차대차,기타,기타,중앙선 침범,단일로,기타단일로
12687,2014-05-20 00,야간,화,1,1,0,0,0,전남,순천시,차량단독,공작물충돌,공작물충돌,안전운전 의무 불이행,단일로,기타단일로
12688,2014-09-07 17,주간,일,1,1,0,0,0,강원,속초시,차량단독,공작물충돌,공작물충돌,안전운전 의무 불이행,단일로,기타단일로
12689,2014-05-27 12,주간,화,1,1,0,0,0,경기,성남시,차량단독,기타,기타,안전운전 의무 불이행,교차로,교차로내
12690,2014-04-11 22,야간,금,1,2,1,0,0,경기,안산시,차대사람,횡단중,횡단중,안전운전 의무 불이행,기타/불명,기타/불명
12691,2014-05-02 00,야간,금,1,7,5,1,0,서울,강서구,차대차,기타,기타,신호위반,교차로,교차로내
12692,2014-04-10 13,주간,목,1,1,0,0,0,전북,전주시,차대차,측면충돌,측면충돌,중앙선 침범,단일로,기타단일로
12693,2014-09-08 02,야간,월,1,1,0,0,0,서울,성북구,차대사람,기타,기타,안전운전 의무 불이행,단일로,기타단일로
12694,2014-08-25 12,주간,월,1,1,0,0,0,인천,중구,차대사람,횡단중,횡단중,안전운전 의무 불이행,교차로,교차로부근
12695,2014-05-02 09,주간,금,1,1,0,0,0,서울,강서구,차대차,기타,기타,안전운전 의무 불이행,단일로,기타단일로
12696,2014-07-12 15,주간,토,1,1,0,0,0,제주,서귀포시,차량단독,공작물충돌,공작물충돌,안전운전 의무 불이행,단일로,기타단일로
12697,2014-12-30 11,주간,화,1,1,0,0,0,강원,동해시,차대차,추돌,진행중 추돌,안전운전 의무 불이행,교차로,교차로부근
12698,2014-04-30 23,야간,수,1,2,1,0,0,서울,동대문구,차대사람,횡단중,횡단중,안전운전 의무 불이행,교차로,교차로내
12699,2014-04-23 15,주간,수,1,3,1,1,0,경기,파주시,차대차,추돌,진행중 추돌,안전운전 의무 불이행,단일로,기타단일로
12700,2014-05-30 02,야간,금,1,1,0,0,0,서울,관악구,차량단독,기타,기타,안전운전 의무 불이행,단일로,기타단일로
12701,2014-06-20 07,주간,금,1,1,0,0,0,서울,광진구,차대차,추돌,진행중 추돌,안전운전 의무 불이행,교차로,교차로내
12702,2014-12-25 18,야간,목,1,1,0,0,0,충남,논산시,차대사람,횡단중,횡단중,안전운전 의무 불이행,교차로,교차로내
12703,2014-05-02 19,야간,금,1,1,0,0,0,서울,강서구,차대차,기타,기타,기타,단일로,횡단보도상
12704,2014-10-15 18,야간,수,1,1,0,0,0,경북,김천시,차대사람,기타,기타,안전운전 의무 불이행,단일로,기타단일로
12705,2014-04-05 01,야간,토,1,1,0,0,0,경기,안산시,차량단독,기타,기타,안전운전 의무 불이행,단일로,기타단일로
12706,2014-08-07 22,야간,목,1,1,0,0,0,경남,창원시(통합),차대사람,횡단중,횡단중,과속,단일로,기타단일로
12707,2014-06-07 09,주간,토,1,1,0,0,0,충북,청주시,차대사람,기타,기타,중앙선 침범,단일로,기타단일로
12708,2014-07-11 06,주간,금,1,1,0,0,0,충북,충주시,차대차,추돌,진행중 추돌,신호위반,교차로,교차로내
12709,2014-07-14 09,주간,월,1,1,0,0,0,광주,남구,차대사람,횡단중,횡단중,안전운전 의무 불이행,교차로,교차로부근
12710,2014-08-02 03,야간,토,1,2,0,1,0,울산,울주군,차대차,추돌,주정차중 추돌,안전운전 의무 불이행,교차로,교차로부근
12711,2014-07-31 22,야간,목,1,1,0,0,0,경남,진주시,차량단독,공작물충돌,공작물충돌,안전운전 의무 불이행,단일로,기타단일로
12712,2014-08-19 11,주간,화,1,2,1,0,0,전남,광양시,차대차,측면충돌,측면충돌,신호위반,교차로,교차로내
12713,2014-08-08 10,주간,금,1,3,0,1,1,서울,도봉구,차대사람,기타,기타,안전운전 의무 불이행,단일로,기타단일로
12714,2014-11-13 23,야간,목,1,1,0,0,0,경남,창원시(통합),차대차,추돌,주정차중 추돌,안전운전 의무 불이행,단일로,기타단일로
12715,2014-12-29 21,야간,월,1,1,0,0,0,충남,논산시,차대사람,횡단중,횡단중,안전운전 의무 불이행,교차로,교차로부근
12716,2014-05-19 04,야간,월,1,1,0,0,0,울산,중구,차대차,추돌,주정차중 추돌,안전운전 의무 불이행,교차로,교차로내
12717,2014-04-29 21,야간,화,1,1,0,0,0,대구,달서구,차대사람,길가장자리구역통행중,길가장자리구역통행중,안전운전 의무 불이행,교차로,교차로내
12718,2014-06-26 13,주간,목,1,1,0,0,0,충남,아산시,차대차,측면충돌,측면충돌,안전운전 의무 불이행,교차로,교차로내
12719,2014-05-29 09,주간,목,1,1,0,0,0,경남,양산시,차대사람,기타,기타,안전운전 의무 불이행,단일로,기타단일로
12720,2014-08-01 20,야간,금,1,1,0,0,0,대구,달성군,차대차,기타,기타,안전운전 의무 불이행,단일로,기타단일로
12721,2014-12-31 18,야간,수,1,1,0,0,0,충남,논산시,차대사람,횡단중,횡단중,안전운전 의무 불이행,단일로,기타단일로
12722,2014-06-06 11,주간,금,1,1,0,0,0,서울,강남구,차대사람,기타,기타,보행자 보호의무 위반,단일로,횡단보도상
12723,2014-07-16 07,주간,수,1,1,0,0,0,광주,남구,차대차,기타,기타,안전운전 의무 불이행,교차로,교차로부근
12724,2014-08-08 18,야간,금,1,1,0,0,0,경남,창원시(통합),차량단독,도로이탈,도로이탈 추락,안전운전 의무 불이행,단일로,기타단일로
12725,2014-09-26 03,야간,금,1,2,0,0,1,서울,중구,차대차,추돌,주정차중 추돌,안전운전 의무 불이행,단일로,지하차도(도로)내
12726,2014-03-23 17,주간,일,1,1,0,0,0,경북,구미시,차대차,기타,기타,안전운전 의무 불이행,단일로,기타단일로
12727,2014-07-12 17,주간,토,1,1,0,0,0,충북,충주시,차대차,측면충돌,측면충돌,안전운전 의무 불이행,단일로,기타단일로
12728,2014-10-08 14,주간,수,1,1,0,0,0,경북,칠곡군,차대차,추돌,진행중 추돌,안전운전 의무 불이행,단일로,기타단일로
12729,2014-07-29 07,주간,화,1,1,0,0,0,서울,구로구,차대차,기타,기타,안전거리 미확보,단일로,기타단일로
12730,2014-05-14 03,야간,수,1,2,0,1,0,제주,제주시,차량단독,공작물충돌,공작물충돌,안전운전 의무 불이행,단일로,기타단일로
12731,2014-07-22 09,주간,화,1,1,0,0,0,경북,안동시,차대사람,기타,기타,과속,단일로,기타단일로
12732,2014-06-19 18,야간,목,1,2,0,1,0,부산,동래구,차대차,측면충돌,측면충돌,신호위반,교차로,교차로내
12733,2014-05-16 09,주간,금,1,1,0,0,0,충북,청원군,차대사람,횡단중,횡단중,안전운전 의무 불이행,단일로,기타단일로
12734,2014-06-16 01,야간,월,1,2,1,0,0,경북,포항시,차량단독,기타,기타,안전운전 의무 불이행,교차로,교차로내
12735,2014-04-14 07,주간,월,1,3,1,1,0,전북,전주시,차대차,정면충돌,정면충돌,중앙선 침범,단일로,기타단일로
12736,2014-05-19 14,주간,월,1,1,0,0,0,제주,제주시,차량단독,전도전복,전도전복,안전운전 의무 불이행,단일로,기타단일로
12737,2014-05-22 20,야간,목,1,1,0,0,0,경기,광주시,차대사람,길가장자리구역통행중,길가장자리구역통행중,안전운전 의무 불이행,단일로,기타단일로
12738,2014-09-01 14,주간,월,1,1,0,0,0,서울,관악구,차대차,기타,기타,안전운전 의무 불이행,단일로,기타단일로
12739,2014-09-10 19,야간,수,1,1,0,0,0,경남,창원시(통합),차대사람,보도통행중,보도통행중,보행자 보호의무 위반,교차로,교차로내
12740,2014-10-22 19,야간,수,1,1,0,0,0,경북,김천시,차대사람,기타,기타,안전운전 의무 불이행,교차로,교차로부근
12741,2014-05-06 20,야간,화,1,1,0,0,0,대구,북구,차대사람,횡단중,횡단중,보행자 보호의무 위반,교차로,교차로부근
12742,2014-11-21 17,주간,금,1,1,0,0,0,부산,강서구,차대사람,기타,기타,안전운전 의무 불이행,단일로,기타단일로
12743,2014-08-02 10,주간,토,1,1,0,0,0,대전,동구,차량단독,도로이탈,도로이탈 기타,안전운전 의무 불이행,단일로,기타단일로
12744,2014-04-18 15,주간,금,1,2,0,1,0,경기,용인시,차대차,추돌,진행중 추돌,안전운전 의무 불이행,단일로,기타단일로
12745,2014-06-05 04,야간,목,1,1,0,0,0,대전,중구,차대사람,횡단중,횡단중,안전운전 의무 불이행,단일로,횡단보도부근
12746,2014-04-18 07,주간,금,1,1,0,0,0,경북,경주시,차대사람,기타,기타,안전운전 의무 불이행,단일로,기타단일로
12747,2014-07-02 13,주간,수,1,1,0,0,0,경기,성남시,차대차,추돌,진행중 추돌,신호위반,교차로,교차로내
12748,2014-11-22 22,야간,토,1,3,0,2,0,경기,여주시,차대차,기타,기타,안전운전 의무 불이행,단일로,기타단일로
12749,2014-07-05 04,야간,토,1,1,0,0,0,경기,안양시,차대차,기타,기타,안전운전 의무 불이행,단일로,기타단일로
12750,2014-09-16 17,주간,화,1,1,0,0,0,대전,대덕구,차대차,측면충돌,측면충돌,신호위반,교차로,교차로내
12751,2014-06-11 00,야간,수,1,1,0,0,0,서울,강남구,차대사람,횡단중,횡단중,과속,단일로,기타단일로
12752,2014-12-27 18,야간,토,1,5,2,2,0,경남,밀양시,차대차,정면충돌,정면충돌,중앙선 침범,단일로,기타단일로
12753,2014-06-27 10,주간,금,1,2,0,1,0,충남,천안시,차대차,추돌,진행중 추돌,안전운전 의무 불이행,교차로,교차로내
12754,2014-06-12 02,야간,목,1,1,0,0,0,충북,청주시,차량단독,공작물충돌,공작물충돌,안전운전 의무 불이행,교차로,교차로부근
12755,2014-09-20 06,주간,토,1,1,0,0,0,경남,통영시,차대사람,기타,기타,안전운전 의무 불이행,교차로,교차로부근
12756,2014-04-06 03,야간,일,1,1,0,0,0,대구,달서구,차대사람,기타,기타,안전운전 의무 불이행,단일로,기타단일로
12757,2014-06-27 18,야간,금,1,1,0,0,0,서울,동작구,차대사람,기타,기타,안전운전 의무 불이행,단일로,기타단일로
12758,2014-09-18 22,야간,목,1,1,0,0,0,경남,창원시(통합),차량단독,공작물충돌,공작물충돌,안전운전 의무 불이행,단일로,기타단일로
12759,2014-05-18 17,주간,일,1,2,1,0,0,충북,청원군,차량단독,공작물충돌,공작물충돌,안전운전 의무 불이행,단일로,기타단일로
12760,2014-10-08 05,야간,수,1,1,0,0,0,경기,부천시,차대사람,횡단중,횡단중,보행자 보호의무 위반,교차로,교차로부근
12761,2014-11-24 19,야간,월,1,1,0,0,0,경기,여주시,차대사람,횡단중,횡단중,안전운전 의무 불이행,교차로,교차로부근
12762,2014-07-24 02,야간,목,1,1,0,0,0,인천,연수구,차대차,기타,기타,안전운전 의무 불이행,단일로,기타단일로
12763,2014-10-31 04,야간,금,1,2,1,0,0,대전,서구,차량단독,공작물충돌,공작물충돌,안전운전 의무 불이행,단일로,기타단일로
12764,2014-04-29 05,야간,화,1,1,0,0,0,서울,영등포구,차대사람,기타,기타,안전운전 의무 불이행,단일로,기타단일로
12765,2014-06-02 16,주간,월,1,1,0,0,0,경남,양산시,차대사람,기타,기타,안전운전 의무 불이행,단일로,기타단일로
12766,2014-05-09 13,주간,금,1,1,0,0,0,서울,강서구,차대차,기타,기타,안전운전 의무 불이행,단일로,기타단일로
12767,2014-12-01 14,주간,월,1,2,0,1,0,경남,창원시(통합),차대차,추돌,주정차중 추돌,안전운전 의무 불이행,단일로,기타단일로
12768,2014-04-28 22,야간,월,1,8,0,7,0,경북,경산시,차대차,기타,기타,안전운전 의무 불이행,단일로,기타단일로
12769,2014-05-30 17,주간,금,1,1,0,0,0,전남,여수시,차대차,측면충돌,측면충돌,신호위반,교차로,교차로내
12770,2014-09-22 20,야간,월,1,1,0,0,0,충남,당진시,차대사람,기타,기타,안전운전 의무 불이행,단일로,기타단일로
12771,2014-08-17 03,야간,일,1,2,0,1,0,서울,도봉구,차대사람,횡단중,횡단중,과속,교차로,교차로부근
12772,2014-05-14 16,주간,수,1,1,0,0,0,서울,중랑구,차대사람,횡단중,횡단중,안전운전 의무 불이행,단일로,횡단보도상
12773,2014-05-09 21,야간,금,1,1,0,0,0,서울,동대문구,차대사람,횡단중,횡단중,안전운전 의무 불이행,단일로,기타단일로
12774,2014-12-20 07,주간,토,1,1,0,0,0,경북,영천시,차대사람,기타,기타,안전운전 의무 불이행,단일로,고가도로위
12775,2014-03-10 06,주간,월,1,1,0,0,0,경기,평택시,차대사람,기타,기타,과속,단일로,교량위
12776,2014-05-10 03,야간,토,1,1,0,0,0,서울,강서구,차대차,측면충돌,측면충돌,신호위반,교차로,교차로내
12777,2014-08-05 19,야간,화,1,1,0,0,0,서울,구로구,차대사람,기타,기타,안전운전 의무 불이행,교차로,교차로부근
12778,2014-08-30 16,주간,토,1,1,0,0,0,충북,제천시,차대차,측면충돌,측면충돌,기타,교차로,교차로내
12779,2014-04-12 00,야간,토,1,2,1,0,0,경기,오산시,차량단독,공작물충돌,공작물충돌,안전운전 의무 불이행,교차로,교차로부근
12780,2014-05-08 13,주간,목,1,4,3,0,0,경기,고양시,차대차,측면충돌,측면충돌,신호위반,교차로,교차로내
12781,2014-04-19 01,야간,토,1,1,0,0,0,전북,전주시,차량단독,공작물충돌,공작물충돌,안전운전 의무 불이행,단일로,기타단일로
12782,2014-04-01 04,야간,화,1,1,0,0,0,경기,고양시,차대사람,기타,기타,안전거리 미확보,단일로,기타단일로
12783,2014-07-30 22,야간,수,1,3,2,0,0,경북,안동시,차대차,추돌,진행중 추돌,안전운전 의무 불이행,단일로,기타단일로
12784,2014-09-26 05,야간,금,1,1,0,0,0,경남,통영시,차대사람,횡단중,횡단중,안전운전 의무 불이행,단일로,기타단일로
12785,2014-12-07 03,야간,일,1,3,1,0,1,경남,창원시(통합),차량단독,공작물충돌,공작물충돌,안전운전 의무 불이행,교차로,교차로부근
12786,2014-07-07 06,주간,월,1,1,0,0,0,경기,안성시,차대사람,기타,기타,안전운전 의무 불이행,교차로,교차로내
12787,2014-12-02 06,주간,화,1,1,0,0,0,경기,여주시,차대사람,횡단중,횡단중,보행자 보호의무 위반,단일로,횡단보도상
12788,2014-11-19 01,야간,수,1,1,0,0,0,경기,구리시,차대사람,차도통행중,차도통행중,안전운전 의무 불이행,단일로,기타단일로
12789,2014-06-28 23,야간,토,1,1,0,0,0,대구,북구,차대사람,횡단중,횡단중,안전운전 의무 불이행,단일로,기타단일로
12790,2014-11-09 00,야간,일,1,1,0,0,0,서울,성북구,차대차,측면충돌,측면충돌,신호위반,교차로,교차로내
12791,2014-05-31 06,주간,토,1,1,0,0,0,전남,순천시,차량단독,기타,기타,안전운전 의무 불이행,단일로,기타단일로
12792,2014-08-13 07,주간,수,1,1,0,0,0,울산,울주군,차량단독,전도전복,전도전복,안전운전 의무 불이행,단일로,기타단일로
12793,2014-12-20 07,주간,토,1,2,1,0,0,경북,영천시,차대차,기타,기타,중앙선 침범,단일로,기타단일로
12794,2014-08-19 13,주간,화,1,1,0,0,0,경남,김해시,차대차,기타,기타,안전운전 의무 불이행,단일로,기타단일로
12795,2014-06-26 16,주간,목,1,1,0,0,0,경남,김해시,차대사람,기타,기타,안전운전 의무 불이행,교차로,교차로내
12796,2014-07-11 00,야간,금,1,1,0,0,0,경기,이천시,차량단독,공작물충돌,공작물충돌,안전운전 의무 불이행,교차로,교차로내
12797,2014-12-30 02,야간,화,1,4,3,0,0,서울,종로구,차대차,정면충돌,정면충돌,중앙선 침범,단일로,기타단일로
12798,2014-06-27 00,야간,금,1,1,0,0,0,경남,김해시,차대사람,횡단중,횡단중,안전운전 의무 불이행,교차로,교차로내
12799,2014-07-25 09,주간,금,1,1,0,0,0,제주,서귀포시,차대사람,기타,기타,안전운전 의무 불이행,단일로,기타단일로
12800,2014-05-21 08,주간,수,1,1,0,0,0,충북,청원군,차대차,측면충돌,측면충돌,안전운전 의무 불이행,단일로,기타단일로
12801,2014-11-04 21,야간,화,1,1,0,0,0,대전,서구,차량단독,공작물충돌,공작물충돌,안전운전 의무 불이행,단일로,기타단일로
12802,2014-12-25 20,야간,목,1,1,0,0,0,경북,영천시,차대차,추돌,진행중 추돌,안전거리 미확보,단일로,기타단일로
12803,2014-05-13 07,주간,화,1,4,0,3,0,대구,북구,차대차,기타,기타,안전운전 의무 불이행,교차로,교차로부근
12804,2014-04-18 21,야간,금,1,1,0,0,0,전북,전주시,차대사람,보도통행중,보도통행중,신호위반,단일로,횡단보도부근
12805,2014-12-26 13,주간,금,1,1,0,0,0,경북,영천시,차대차,기타,기타,안전운전 의무 불이행,교차로,교차로내
12806,2014-05-26 20,야간,월,1,2,0,1,0,울산,남구,차대차,기타,기타,안전운전 의무 불이행,단일로,기타단일로
12807,2014-08-28 06,주간,목,1,3,0,1,1,경기,포천시,차량단독,공작물충돌,공작물충돌,안전운전 의무 불이행,단일로,기타단일로
12808,2014-04-07 01,야간,월,2,2,0,0,0,인천,남동구,차대차,추돌,진행중 추돌,안전운전 의무 불이행,교차로,교차로부근
12809,2014-11-24 06,주간,월,1,1,0,0,0,경남,사천시,차대사람,기타,기타,안전운전 의무 불이행,단일로,기타단일로
12810,2014-06-03 04,야간,화,1,1,0,0,0,경기,안양시,차대사람,기타,기타,안전운전 의무 불이행,단일로,기타단일로
12811,2014-04-16 05,야간,수,1,3,2,0,0,경기,성남시,차대차,추돌,진행중 추돌,안전운전 의무 불이행,단일로,지하차도(도로)내
12812,2014-11-05 19,야간,수,1,1,0,0,0,경북,김천시,차대사람,기타,기타,안전운전 의무 불이행,교차로,교차로내
12813,2014-04-26 09,주간,토,1,1,0,0,0,경기,의정부시,차량단독,공작물충돌,공작물충돌,안전운전 의무 불이행,단일로,기타단일로
12814,2014-06-27 07,주간,금,1,2,1,0,0,부산,사하구,차대차,정면충돌,정면충돌,중앙선 침범,단일로,기타단일로
12815,2014-04-05 21,야간,토,1,1,0,0,0,경기,시흥시,차대차,추돌,진행중 추돌,안전운전 의무 불이행,단일로,기타단일로
12816,2014-06-01 04,야간,일,1,1,0,0,0,경북,포항시,차대사람,차도통행중,차도통행중,안전운전 의무 불이행,단일로,기타단일로