교통사고이력ID(사고기록 순서),발생년월일시,주야코드,요일코드,사망자수,부상자수,중상자수,경상자수,부상신고자수,발생지시도코드,발생지시도코드,사고유형대분류코드,사고유형중분류코드,사고유형코드,법규위반코드,도로형태대분류코드,도로로형태코드
13017,2014-08-15 03,야간,금,1,1,0,0,0,경기,양주시,차대차,측면충돌,측면충돌,신호위반,교차로,교차로내
13018,2014-06-30 12,주간,월,1,2,0,1,0,경기,수원시,차대차,기타,기타,중앙선 침범,단일로,기타단일로
13019,2014-08-15 08,주간,금,1,2,0,1,0,경기,양주시,차대차,추돌,진행중 추돌,안전운전 의무 불이행,단일로,기타단일로
13020,2014-04-22 23,야간,화,1,1,0,0,0,전북,익산시,차대사람,횡단중,횡단중,안전운전 의무 불이행,단일로,기타단일로
13021,2014-11-09 23,야간,일,1,1,0,0,0,충남,당진시,차대차,추돌,주정차중 추돌,안전운전 의무 불이행,단일로,기타단일로
13022,2014-09-13 22,야간,토,1,1,0,0,0,서울,구로구,차대사람,횡단중,횡단중,안전운전 의무 불이행,단일로,횡단보도부근
13023,2014-03-24 05,야간,월,1,1,0,0,0,경기,평택시,차대사람,횡단중,횡단중,안전운전 의무 불이행,단일로,기타단일로
13024,2014-12-30 18,야간,화,1,1,0,0,0,경북,김천시,차대사람,기타,기타,보행자 보호의무 위반,단일로,횡단보도상
13025,2014-07-24 13,주간,목,1,1,0,0,0,경남,김해시,차량단독,기타,기타,안전운전 의무 불이행,단일로,기타단일로
13026,2014-08-29 05,야간,금,1,1,0,0,0,광주,남구,차대차,기타,기타,안전운전 의무 불이행,교차로,교차로내
13027,2014-04-23 12,주간,수,1,1,0,0,0,전북,익산시,차대차,측면충돌,측면충돌,안전운전 의무 불이행,단일로,기타단일로
13028,2014-08-24 15,주간,일,1,8,7,0,0,제주,서귀포시,차대차,측면충돌,측면충돌,기타,교차로,교차로내
13029,2014-09-25 13,주간,목,1,2,1,0,0,경남,김해시,차대차,측면충돌,측면충돌,신호위반,교차로,교차로내
13030,2014-07-11 01,야간,금,1,1,0,0,0,서울,강남구,차대사람,기타,기타,안전운전 의무 불이행,단일로,기타단일로
13031,2014-08-16 20,야간,토,1,1,0,0,0,경기,양주시,차대차,기타,기타,안전운전 의무 불이행,단일로,기타단일로
13032,2014-05-13 16,주간,화,1,1,0,0,0,부산,남구,차대차,측면충돌,측면충돌,안전운전 의무 불이행,단일로,기타단일로
13033,2014-07-12 16,주간,토,1,1,0,0,0,강원,강릉시,차량단독,공작물충돌,공작물충돌,안전운전 의무 불이행,단일로,기타단일로
13034,2014-10-18 17,주간,토,1,1,0,0,0,전남,광양시,차량단독,전도전복,전도전복,안전운전 의무 불이행,단일로,기타단일로
13035,2014-07-19 15,주간,토,1,1,0,0,0,부산,사상구,차대차,추돌,주정차중 추돌,안전운전 의무 불이행,단일로,기타단일로
13036,2014-11-19 19,야간,수,1,1,0,0,0,경남,창원시(통합),차대사람,횡단중,횡단중,안전운전 의무 불이행,단일로,기타단일로
13037,2014-11-13 03,야간,목,1,1,0,0,0,경남,통영시,차대차,추돌,주정차중 추돌,안전운전 의무 불이행,단일로,기타단일로
13038,2014-07-13 13,주간,일,1,1,0,0,0,강원,강릉시,차대사람,기타,기타,기타,단일로,기타단일로
13039,2014-10-27 00,야간,월,2,4,2,0,0,서울,금천구,차대차,정면충돌,정면충돌,중앙선 침범,단일로,고가도로위
13040,2014-11-07 12,주간,금,1,2,1,0,0,서울,성북구,차대사람,보도통행중,보도통행중,기타,교차로,교차로부근
13041,2014-07-16 00,야간,수,1,3,1,1,0,서울,관악구,차대차,추돌,주정차중 추돌,안전운전 의무 불이행,단일로,기타단일로
13042,2014-07-25 10,주간,금,2,2,0,0,0,경북,포항시,차대차,추돌,진행중 추돌,중앙선 침범,단일로,기타단일로
13043,2014-06-01 19,야간,일,1,2,0,1,0,인천,남구,차대차,측면충돌,측면충돌,중앙선 침범,단일로,기타단일로
13044,2014-10-03 18,야간,금,1,1,0,0,0,경남,진주시,차대사람,기타,기타,안전운전 의무 불이행,단일로,기타단일로
13045,2014-11-13 12,주간,목,1,5,1,3,0,울산,동구,차대차,기타,기타,중앙선 침범,단일로,기타단일로
13046,2014-05-16 02,야간,금,1,1,0,0,0,경기,의정부시,차대사람,횡단중,횡단중,과속,교차로,교차로부근
13047,2014-05-04 01,야간,일,1,1,0,0,0,경기,화성시,차량단독,공작물충돌,공작물충돌,안전운전 의무 불이행,단일로,기타단일로
13048,2014-07-15 23,야간,화,1,1,0,0,0,강원,강릉시,차량단독,전도전복,전도전복,안전운전 의무 불이행,단일로,기타단일로
13049,2014-05-08 22,야간,목,1,1,0,0,0,경북,경주시,차대차,기타,기타,과속,단일로,기타단일로
13050,2014-09-27 17,주간,토,1,1,0,0,0,대구,달성군,차량단독,전도전복,전도전복,안전운전 의무 불이행,단일로,기타단일로
13051,2014-05-05 18,야간,월,1,1,0,0,0,강원,원주시,차대사람,횡단중,횡단중,과속,단일로,횡단보도상
13052,2014-03-30 03,야간,일,1,1,0,0,0,대전,서구,차대사람,횡단중,횡단중,보행자 보호의무 위반,단일로,기타단일로
13053,2014-11-16 20,야간,일,1,1,0,0,0,경남,통영시,차대사람,횡단중,횡단중,안전운전 의무 불이행,단일로,기타단일로
13054,2014-08-18 09,주간,월,1,1,0,0,0,충남,아산시,차대사람,횡단중,횡단중,신호위반,교차로,교차로부근
13055,2014-11-28 20,야간,금,1,1,0,0,0,경남,창원시(통합),차량단독,전도전복,전도전복,안전운전 의무 불이행,단일로,기타단일로
13056,2014-06-09 05,야간,월,1,3,1,1,0,충남,천안시,차대차,기타,기타,신호위반,교차로,교차로내
13057,2014-05-15 16,주간,목,1,1,0,0,0,경기,용인시,차대사람,횡단중,횡단중,안전운전 의무 불이행,단일로,기타단일로
13058,2014-10-06 20,야간,월,1,1,0,0,0,경남,진주시,차대사람,횡단중,횡단중,안전운전 의무 불이행,단일로,기타단일로
13059,2014-10-31 00,야간,금,1,1,0,0,0,서울,금천구,차대사람,횡단중,횡단중,안전운전 의무 불이행,교차로,교차로내
13060,2014-08-09 02,야간,토,1,2,1,0,0,서울,동작구,차대차,기타,기타,안전운전 의무 불이행,단일로,기타단일로
13061,2014-11-25 20,야간,화,1,1,0,0,0,경기,하남시,차대사람,횡단중,횡단중,안전운전 의무 불이행,교차로,교차로부근
13062,2014-09-11 06,주간,목,1,1,0,0,0,서울,강북구,차대사람,횡단중,횡단중,보행자 보호의무 위반,단일로,횡단보도상
13063,2014-11-16 16,주간,일,1,2,1,0,0,충남,당진시,차대차,기타,기타,중앙선 침범,교차로,교차로내
13064,2014-04-08 04,야간,화,1,1,0,0,0,대구,수성구,차대사람,기타,기타,안전운전 의무 불이행,단일로,횡단보도부근
13065,2014-09-11 23,야간,목,1,1,0,0,0,경북,안동시,차대차,정면충돌,정면충돌,기타,교차로,교차로내
13066,2014-05-23 01,야간,금,1,1,0,0,0,경기,파주시,차대사람,기타,기타,안전운전 의무 불이행,단일로,기타단일로
13067,2014-07-31 13,주간,목,1,1,0,0,0,경남,김해시,차량단독,공작물충돌,공작물충돌,안전운전 의무 불이행,교차로,교차로내
13068,2014-04-20 19,야간,일,1,1,0,0,0,경기,남양주시,차대사람,기타,기타,안전운전 의무 불이행,교차로,교차로부근
13069,2014-07-05 09,주간,토,1,2,0,1,0,전남,순천시,차대차,기타,기타,안전거리 미확보,단일로,기타단일로
13070,2014-06-25 09,주간,수,1,1,0,0,0,울산,남구,차대차,기타,기타,기타,단일로,기타단일로
13071,2014-10-30 17,주간,목,1,2,0,1,0,인천,동구,차대차,기타,기타,안전거리 미확보,교차로,교차로내
13072,2014-11-18 20,야간,화,1,1,0,0,0,충남,당진시,차량단독,전도전복,전도전복,안전운전 의무 불이행,단일로,기타단일로
13073,2014-12-20 01,야간,토,1,1,0,0,0,대전,서구,차대사람,횡단중,횡단중,안전운전 의무 불이행,단일로,기타단일로
13074,2014-10-04 19,야간,토,1,1,0,0,0,대구,달성군,차대사람,횡단중,횡단중,안전운전 의무 불이행,단일로,기타단일로
13075,2014-06-11 00,야간,수,1,1,0,0,0,충남,천안시,차대사람,횡단중,횡단중,안전운전 의무 불이행,교차로,교차로내
13076,2014-09-04 07,주간,목,1,1,0,0,0,인천,연수구,차대차,기타,기타,안전운전 의무 불이행,교차로,교차로내
13077,2014-11-18 17,주간,화,1,1,0,0,0,강원,양양군,차량단독,공작물충돌,공작물충돌,안전운전 의무 불이행,단일로,기타단일로
13078,2014-12-28 18,야간,일,1,1,0,0,0,경북,칠곡군,차대사람,차도통행중,차도통행중,안전운전 의무 불이행,단일로,기타단일로
13079,2014-10-22 11,주간,수,1,1,0,0,0,경남,창원시(통합),차대사람,횡단중,횡단중,안전운전 의무 불이행,교차로,교차로내
13080,2014-08-23 19,야간,토,1,1,0,0,0,충남,아산시,차대차,기타,기타,안전운전 의무 불이행,기타/불명,기타/불명
13081,2014-06-03 23,야간,화,1,1,0,0,0,대구,달서구,차대사람,기타,기타,안전운전 의무 불이행,단일로,기타단일로
13082,2014-09-16 21,야간,화,1,1,0,0,0,경북,안동시,차대사람,횡단중,횡단중,안전운전 의무 불이행,단일로,기타단일로
13083,2014-05-18 21,야간,일,1,1,0,0,0,경기,용인시,차대사람,횡단중,횡단중,과속,단일로,고가도로위
13084,2014-05-09 11,주간,금,1,1,0,0,0,강원,원주시,차량단독,도로이탈,도로이탈 추락,안전운전 의무 불이행,단일로,기타단일로
13085,2014-07-20 17,주간,일,1,1,0,0,0,충북,청주시,차대사람,기타,기타,안전운전 의무 불이행,교차로,교차로내
13086,2014-05-07 22,야간,수,1,1,0,0,0,서울,송파구,차대차,기타,기타,안전운전 의무 불이행,교차로,교차로내
13087,2014-09-30 10,주간,화,1,1,0,0,0,울산,울주군,차대사람,기타,기타,안전운전 의무 불이행,교차로,교차로내
13088,2014-10-16 18,야간,목,1,2,1,0,0,경기,포천시,차대차,추돌,진행중 추돌,안전운전 의무 불이행,단일로,기타단일로
13089,2014-10-17 04,야간,금,1,1,0,0,0,경기,포천시,차대사람,횡단중,횡단중,안전운전 의무 불이행,단일로,교량위
13090,2014-11-22 09,주간,토,1,1,0,0,0,충남,당진시,차대차,측면충돌,측면충돌,교차로 통행방법 위반,교차로,교차로내
13091,2014-08-20 22,야간,수,1,1,0,0,0,경기,성남시,차대차,기타,기타,안전운전 의무 불이행,교차로,교차로부근
13092,2014-06-14 00,야간,토,1,1,0,0,0,대구,북구,차대사람,기타,기타,안전운전 의무 불이행,교차로,교차로부근
13093,2014-09-12 20,야간,금,1,1,0,0,0,인천,계양구,차대사람,횡단중,횡단중,안전운전 의무 불이행,단일로,횡단보도상
13094,2014-05-27 04,야간,화,1,1,0,0,0,서울,강남구,차대사람,횡단중,횡단중,안전운전 의무 불이행,단일로,기타단일로
13095,2014-10-15 10,주간,수,1,1,0,0,0,경남,진주시,차대사람,차도통행중,차도통행중,안전운전 의무 불이행,단일로,기타단일로
13096,2014-08-05 05,야간,화,1,1,0,0,0,경남,김해시,차대사람,횡단중,횡단중,안전운전 의무 불이행,단일로,기타단일로
13097,2014-11-27 06,주간,목,1,1,0,0,0,경남,통영시,차대차,측면충돌,측면충돌,안전운전 의무 불이행,교차로,교차로내
13098,2014-10-26 02,야간,일,2,2,0,0,0,경남,창원시(통합),차대차,기타,기타,안전운전 의무 불이행,단일로,기타단일로
13099,2014-11-27 08,주간,목,1,1,0,0,0,충남,당진시,차대사람,기타,기타,안전운전 의무 불이행,기타/불명,기타/불명
13100,2014-05-26 13,주간,월,1,1,0,0,0,인천,서구,차대사람,기타,기타,안전운전 의무 불이행,단일로,기타단일로
13101,2014-08-10 20,야간,일,1,1,0,0,0,경기,용인시,차대차,추돌,진행중 추돌,안전운전 의무 불이행,교차로,교차로부근
13102,2014-09-07 19,야간,일,1,1,0,0,0,충북,충주시,차대사람,기타,기타,안전운전 의무 불이행,단일로,기타단일로
13103,2014-04-03 05,야간,목,1,1,0,0,0,대전,서구,차대사람,횡단중,횡단중,안전운전 의무 불이행,교차로,교차로부근
13104,2014-07-05 06,주간,토,1,1,0,0,0,전남,여수시,차대사람,횡단중,횡단중,보행자 보호의무 위반,단일로,횡단보도상
13105,2014-06-08 22,야간,일,1,1,0,0,0,서울,동대문구,차대사람,기타,기타,안전운전 의무 불이행,교차로,교차로부근
13106,2014-05-09 17,주간,금,1,1,0,0,0,광주,광산구,차대차,정면충돌,정면충돌,중앙선 침범,단일로,기타단일로
13107,2014-10-11 09,주간,토,1,2,0,0,1,서울,서대문구,차대사람,기타,기타,안전운전 의무 불이행,단일로,기타단일로
13108,2014-05-20 12,주간,화,1,1,0,0,0,경기,용인시,차대차,추돌,주정차중 추돌,안전운전 의무 불이행,단일로,기타단일로
13109,2014-09-03 17,주간,수,1,1,0,0,0,경기,안성시,차대사람,횡단중,횡단중,안전운전 의무 불이행,단일로,기타단일로
13110,2014-09-20 17,주간,토,1,1,0,0,0,서울,강북구,차대차,기타,기타,안전운전 의무 불이행,단일로,횡단보도상
13111,2014-07-12 23,야간,토,1,1,0,0,0,경기,수원시,차대차,측면충돌,측면충돌,안전운전 의무 불이행,교차로,교차로부근
13112,2014-08-28 00,야간,목,1,1,0,0,0,경기,양주시,차량단독,공작물충돌,공작물충돌,안전운전 의무 불이행,교차로,교차로부근
13113,2014-07-02 16,주간,수,1,1,0,0,0,제주,제주시,차대차,기타,기타,신호위반,교차로,교차로내
13114,2014-07-14 08,주간,월,1,3,1,1,0,전남,신안군,차대차,기타,기타,중앙선 침범,기타/불명,기타/불명
13115,2014-06-11 03,야간,수,1,1,0,0,0,서울,동대문구,차대사람,횡단중,횡단중,안전운전 의무 불이행,교차로,교차로부근
13116,2014-05-11 07,주간,일,1,1,0,0,0,경기,화성시,차대차,정면충돌,정면충돌,중앙선 침범,단일로,기타단일로
13117,2014-12-06 04,야간,토,1,1,0,0,0,경남,창원시(통합),차량단독,도로이탈,도로이탈 추락,안전운전 의무 불이행,단일로,교량위
13118,2014-09-06 09,주간,토,1,1,0,0,0,제주,서귀포시,차량단독,전도전복,전도전복,안전운전 의무 불이행,단일로,기타단일로
13119,2014-05-18 11,주간,일,1,1,0,0,0,경기,안산시,차대사람,차도통행중,차도통행중,안전운전 의무 불이행,단일로,기타단일로
13120,2014-12-02 17,주간,화,1,1,0,0,0,충남,당진시,차대사람,횡단중,횡단중,안전운전 의무 불이행,교차로,교차로내
13121,2014-10-07 17,주간,화,2,5,2,1,0,울산,울주군,차대차,정면충돌,정면충돌,중앙선 침범,단일로,기타단일로
13122,2014-09-01 06,주간,월,1,1,0,0,0,충남,아산시,차량단독,공작물충돌,공작물충돌,안전운전 의무 불이행,기타/불명,기타/불명
13123,2014-08-24 05,야간,일,1,1,0,0,0,대구,중구,차대사람,기타,기타,안전운전 의무 불이행,단일로,횡단보도상
13124,2014-05-30 20,야간,금,1,1,0,0,0,경북,경산시,차대차,기타,기타,기타,단일로,기타단일로
13125,2014-08-15 20,야간,금,1,1,0,0,0,충남,천안시,차대사람,기타,기타,안전운전 의무 불이행,단일로,기타단일로
13126,2014-05-13 13,주간,화,1,1,0,0,0,강원,원주시,차량단독,공작물충돌,공작물충돌,안전운전 의무 불이행,단일로,기타단일로
13127,2014-04-21 22,야간,월,1,1,0,0,0,경기,남양주시,차량단독,전도전복,전도전복,안전운전 의무 불이행,단일로,기타단일로
13128,2014-06-12 07,주간,목,1,1,0,0,0,서울,동대문구,차대차,기타,기타,안전거리 미확보,단일로,기타단일로
13129,2014-06-30 12,주간,월,1,3,2,0,0,울산,중구,차대차,측면충돌,측면충돌,안전운전 의무 불이행,단일로,기타단일로
13130,2014-05-11 22,야간,일,1,1,0,0,0,서울,송파구,차대사람,횡단중,횡단중,안전운전 의무 불이행,단일로,횡단보도상
13131,2014-11-13 18,야간,목,1,1,0,0,0,인천,동구,차대차,측면충돌,측면충돌,안전운전 의무 불이행,교차로,교차로부근
13132,2014-06-15 17,주간,일,1,5,1,3,0,부산,해운대구,차대차,측면충돌,측면충돌,신호위반,교차로,교차로내
13133,2014-10-22 06,주간,수,1,1,0,0,0,경남,진주시,차대사람,횡단중,횡단중,안전운전 의무 불이행,단일로,기타단일로
13134,2014-09-25 10,주간,목,1,1,0,0,0,경북,안동시,차대사람,기타,기타,안전운전 의무 불이행,단일로,기타단일로
13135,2014-12-23 16,주간,화,1,1,0,0,0,경남,창원시(통합),차대차,기타,기타,중앙선 침범,단일로,기타단일로
13136,2014-10-26 20,야간,일,1,1,0,0,0,경기,포천시,차대사람,횡단중,횡단중,안전운전 의무 불이행,단일로,기타단일로
13137,2014-07-06 19,야간,일,2,2,0,0,0,제주,제주시,차대사람,횡단중,횡단중,보행자 보호의무 위반,교차로,교차로부근
13138,2014-07-10 10,주간,목,1,1,0,0,0,경기,안양시,차대차,측면충돌,측면충돌,신호위반,교차로,교차로내
13139,2014-07-10 22,야간,목,1,1,0,0,0,전남,여수시,차대차,추돌,진행중 추돌,안전운전 의무 불이행,교차로,교차로부근
13140,2014-10-12 20,야간,일,1,1,0,0,0,울산,울주군,차대차,기타,기타,안전운전 의무 불이행,단일로,기타단일로
13141,2014-10-18 01,야간,토,1,1,0,0,0,대구,달성군,차량단독,공작물충돌,공작물충돌,안전운전 의무 불이행,단일로,기타단일로
13142,2014-07-14 23,야간,월,1,1,0,0,0,전남,순천시,차대차,기타,기타,안전운전 의무 불이행,교차로,교차로부근
13143,2014-10-28 19,야간,화,1,1,0,0,0,경기,포천시,차대사람,횡단중,횡단중,신호위반,단일로,기타단일로
13144,2014-06-16 15,주간,월,1,1,0,0,0,서울,강서구,차대사람,기타,기타,안전운전 의무 불이행,단일로,기타단일로
13145,2014-06-01 07,주간,일,1,2,1,0,0,인천,서구,차량단독,공작물충돌,공작물충돌,안전운전 의무 불이행,단일로,기타단일로
13146,2014-08-19 03,야간,화,1,1,0,0,0,서울,광진구,차대사람,기타,기타,과속,단일로,기타단일로
13147,2014-11-06 11,주간,목,1,1,0,0,0,경남,창원시(통합),차량단독,공작물충돌,공작물충돌,안전운전 의무 불이행,단일로,기타단일로
13148,2014-08-30 18,야간,토,1,1,0,0,0,대구,남구,차대차,기타,기타,안전운전 의무 불이행,단일로,기타단일로
13149,2014-12-10 23,야간,수,1,1,0,0,0,울산,동구,차량단독,공작물충돌,공작물충돌,안전운전 의무 불이행,단일로,기타단일로
13150,2014-10-24 18,야간,금,1,1,0,0,0,경남,진주시,차대차,기타,기타,안전운전 의무 불이행,단일로,횡단보도상
13151,2014-05-14 14,주간,수,1,1,0,0,0,광주,광산구,차대차,측면충돌,측면충돌,안전운전 의무 불이행,교차로,교차로내
13152,2014-06-23 17,주간,월,1,1,0,0,0,울산,중구,차량단독,전도전복,전도전복,안전운전 의무 불이행,단일로,기타단일로
13153,2014-12-15 12,주간,월,1,1,0,0,0,경기,하남시,차대사람,기타,기타,안전운전 의무 불이행,기타/불명,기타/불명
13154,2014-12-09 14,주간,화,1,1,0,0,0,경남,통영시,차대사람,횡단중,횡단중,보행자 보호의무 위반,단일로,횡단보도상
13155,2014-05-27 04,야간,화,1,1,0,0,0,경기,의정부시,차대사람,기타,기타,안전운전 의무 불이행,단일로,기타단일로
13156,2014-05-04 20,야간,일,1,1,0,0,0,전북,익산시,차대사람,기타,기타,안전운전 의무 불이행,단일로,기타단일로
13157,2014-06-02 23,야간,월,1,1,0,0,0,전북,군산시,차대사람,기타,기타,안전운전 의무 불이행,단일로,기타단일로
13158,2014-05-21 13,주간,수,1,5,4,0,0,경북,경주시,차대차,기타,기타,중앙선 침범,단일로,기타단일로
13159,2014-10-16 01,야간,목,1,1,0,0,0,울산,울주군,차량단독,공작물충돌,공작물충돌,안전운전 의무 불이행,단일로,기타단일로
13160,2014-06-22 15,주간,일,1,2,0,1,0,서울,중랑구,차대차,기타,기타,안전운전 의무 불이행,단일로,기타단일로
13161,2014-09-02 22,야간,화,1,1,0,0,0,경기,성남시,차대사람,횡단중,횡단중,신호위반,교차로,교차로부근
13162,2014-04-25 22,야간,금,1,1,0,0,0,경기,고양시,차대사람,횡단중,횡단중,신호위반,교차로,교차로부근
13163,2014-05-19 21,야간,월,1,18,1,16,0,전북,전주시,차대차,추돌,주정차중 추돌,안전운전 의무 불이행,교차로,교차로부근
13164,2014-06-18 12,주간,수,1,1,0,0,0,부산,해운대구,차대사람,횡단중,횡단중,안전운전 의무 불이행,교차로,교차로부근
13165,2014-08-16 22,야간,토,1,2,1,0,0,부산,사하구,차대사람,기타,기타,안전운전 의무 불이행,교차로,교차로내
13166,2014-10-23 06,주간,목,1,1,0,0,0,경남,김해시,차대사람,기타,기타,신호위반,교차로,교차로부근
13167,2014-08-02 05,야간,토,1,1,0,0,0,서울,관악구,차대차,기타,기타,신호위반,교차로,교차로내
13168,2014-06-02 13,주간,월,1,1,0,0,0,서울,영등포구,차대사람,횡단중,횡단중,안전운전 의무 불이행,단일로,기타단일로
13169,2014-07-18 09,주간,금,1,1,0,0,0,서울,서초구,차대사람,기타,기타,안전운전 의무 불이행,단일로,기타단일로
13170,2014-07-08 07,주간,화,1,3,1,1,0,경기,광주시,차대사람,기타,기타,안전운전 의무 불이행,단일로,기타단일로
13171,2014-11-02 00,야간,일,1,1,0,0,0,경기,포천시,차대사람,차도통행중,차도통행중,안전운전 의무 불이행,단일로,기타단일로
13172,2014-09-30 18,야간,화,1,1,0,0,0,경북,안동시,차대차,추돌,진행중 추돌,안전운전 의무 불이행,교차로,교차로부근
13173,2014-08-31 10,주간,일,1,1,0,0,0,대구,중구,차대사람,횡단중,횡단중,안전운전 의무 불이행,단일로,기타단일로
13174,2014-10-24 12,주간,금,1,3,1,1,0,경남,김해시,차대차,측면충돌,측면충돌,기타,교차로,교차로내
13175,2014-05-03 04,야간,토,1,1,0,0,0,경기,시흥시,차대사람,횡단중,횡단중,안전운전 의무 불이행,교차로,교차로부근
13176,2014-10-26 05,야간,일,1,2,0,1,0,서울,서대문구,차대차,추돌,주정차중 추돌,안전운전 의무 불이행,단일로,고가도로위
13177,2014-09-14 18,야간,일,1,1,0,0,0,경기,안양시,차대사람,기타,기타,안전운전 의무 불이행,단일로,기타단일로
13178,2014-12-16 07,주간,화,1,1,0,0,0,충남,당진시,차대사람,기타,기타,안전운전 의무 불이행,단일로,기타단일로
13179,2014-10-31 00,야간,금,1,1,0,0,0,경남,진주시,차량단독,공작물충돌,공작물충돌,안전운전 의무 불이행,단일로,기타단일로
13180,2014-07-08 18,야간,화,1,1,0,0,0,경기,광주시,차대사람,기타,기타,안전운전 의무 불이행,교차로,교차로내
13181,2014-06-03 18,야간,화,1,4,2,1,0,경기,파주시,차대차,기타,기타,안전운전 의무 불이행,단일로,기타단일로
13182,2014-04-07 14,주간,월,1,1,0,0,0,대전,서구,차량단독,기타,기타,안전운전 의무 불이행,단일로,기타단일로
13183,2014-10-25 22,야간,토,1,1,0,0,0,경남,김해시,차량단독,공작물충돌,공작물충돌,안전운전 의무 불이행,단일로,기타단일로
13184,2014-11-22 10,주간,토,1,1,0,0,0,전남,광양시,차대사람,횡단중,횡단중,안전운전 의무 불이행,단일로,기타단일로
13185,2014-11-03 16,주간,월,1,1,0,0,0,경기,포천시,차대차,기타,기타,안전거리 미확보,교차로,교차로부근
13186,2014-12-29 10,주간,월,1,1,0,0,0,강원,양양군,차대사람,차도통행중,차도통행중,안전운전 의무 불이행,단일로,기타단일로
13187,2014-06-06 02,야간,금,1,2,1,0,0,전북,군산시,차대차,측면충돌,측면충돌,신호위반,교차로,교차로내
13188,2014-12-09 04,야간,화,1,1,0,0,0,서울,성동구,차대차,기타,기타,안전운전 의무 불이행,단일로,기타단일로
13189,2014-07-18 10,주간,금,1,2,1,0,0,경기,화성시,차대차,측면충돌,측면충돌,안전운전 의무 불이행,단일로,기타단일로
13190,2014-09-16 19,야간,화,1,1,0,0,0,경기,안양시,차대사람,횡단중,횡단중,안전운전 의무 불이행,교차로,교차로부근
13191,2014-09-02 19,야간,화,1,1,0,0,0,대구,중구,차대차,측면충돌,측면충돌,안전운전 의무 불이행,교차로,교차로부근
13192,2014-07-11 16,주간,금,1,1,0,0,0,강원,춘천시,차대사람,기타,기타,안전운전 의무 불이행,단일로,기타단일로
13193,2014-05-04 00,야간,일,1,1,0,0,0,경기,시흥시,차대사람,차도통행중,차도통행중,안전운전 의무 불이행,단일로,기타단일로
13194,2014-05-08 21,야간,목,1,1,0,0,0,전북,익산시,차대사람,기타,기타,과속,단일로,기타단일로
13195,2014-12-20 00,야간,토,1,1,0,0,0,울산,동구,차대사람,기타,기타,안전운전 의무 불이행,단일로,기타단일로
13196,2014-04-23 20,야간,수,1,4,2,1,0,경북,구미시,차대차,측면충돌,측면충돌,신호위반,교차로,교차로내
13197,2014-08-16 04,야간,토,1,1,0,0,0,부산,사상구,차대사람,횡단중,횡단중,안전운전 의무 불이행,교차로,교차로부근
13198,2014-09-05 06,주간,금,1,1,0,0,0,충남,태안군,차대차,측면충돌,측면충돌,안전운전 의무 불이행,단일로,기타단일로
13199,2014-09-17 13,주간,수,1,1,0,0,0,대전,동구,차대사람,보도통행중,보도통행중,안전운전 의무 불이행,교차로,교차로부근
13200,2014-04-30 16,주간,수,1,5,0,4,0,경기,남양주시,차대차,정면충돌,정면충돌,중앙선 침범,교차로,교차로부근
13201,2014-11-28 17,주간,금,1,1,0,0,0,인천,중구,차대사람,횡단중,횡단중,안전운전 의무 불이행,단일로,기타단일로
13202,2014-06-07 17,주간,토,1,3,2,0,0,인천,서구,차량단독,공작물충돌,공작물충돌,안전운전 의무 불이행,교차로,교차로내
13203,2014-08-23 06,주간,토,1,1,0,0,0,부산,사하구,차대사람,횡단중,횡단중,안전운전 의무 불이행,단일로,횡단보도상
13204,2014-06-22 04,야간,일,1,1,0,0,0,서울,강서구,차대사람,횡단중,횡단중,안전운전 의무 불이행,단일로,횡단보도상
13205,2014-05-25 05,야간,일,1,1,0,0,0,경기,안산시,차대사람,횡단중,횡단중,신호위반,교차로,교차로내
13206,2014-12-21 10,주간,일,1,1,0,0,0,충남,당진시,차대차,측면충돌,측면충돌,중앙선 침범,단일로,기타단일로
13207,2014-11-06 07,주간,목,1,3,2,0,0,경기,포천시,차대차,추돌,진행중 추돌,중앙선 침범,단일로,기타단일로
13208,2014-11-03 09,주간,월,1,2,1,0,0,경남,진주시,차대차,기타,기타,신호위반,교차로,교차로내
13209,2014-04-24 19,야간,목,1,1,0,0,0,경기,수원시,차대사람,기타,기타,안전운전 의무 불이행,교차로,교차로부근
13210,2014-07-08 14,주간,화,1,1,0,0,0,울산,중구,차대사람,횡단중,횡단중,안전운전 의무 불이행,단일로,기타단일로
13211,2014-07-24 11,주간,목,1,3,1,1,0,전남,목포시,차대차,측면충돌,측면충돌,중앙선 침범,단일로,기타단일로
13212,2014-11-04 07,주간,화,1,1,0,0,0,서울,도봉구,차대차,측면충돌,측면충돌,안전운전 의무 불이행,교차로,교차로부근
13213,2014-07-06 20,야간,일,1,1,0,0,0,경기,화성시,차량단독,도로이탈,도로이탈 추락,안전운전 의무 불이행,단일로,기타단일로
13214,2014-07-03 09,주간,목,1,1,0,0,0,충북,청주시,차량단독,공작물충돌,공작물충돌,안전운전 의무 불이행,단일로,기타단일로
13215,2014-09-09 14,주간,화,1,1,0,0,0,충남,태안군,차대사람,횡단중,횡단중,안전운전 의무 불이행,단일로,기타단일로
13216,2014-10-29 19,야간,수,1,1,0,0,0,대구,달성군,차대사람,횡단중,횡단중,과속,교차로,교차로부근
13217,2014-11-21 01,야간,금,1,1,0,0,0,경남,창원시(통합),차량단독,공작물충돌,공작물충돌,안전운전 의무 불이행,단일로,기타단일로