교통사고이력ID(사고기록 순서),발생년월일시,주야코드,요일코드,사망자수,부상자수,중상자수,경상자수,부상신고자수,발생지시도코드,발생지시도코드,사고유형대분류코드,사고유형중분류코드,사고유형코드,법규위반코드,도로형태대분류코드,도로로형태코드
13816,2014-12-14 11,주간,일,1,1,0,0,0,충남,태안군,차량단독,공작물충돌,공작물충돌,안전운전 의무 불이행,단일로,기타단일로
13817,2014-12-19 06,주간,금,1,1,0,0,0,부산,금정구,차대사람,기타,기타,안전운전 의무 불이행,교차로,교차로부근
13818,2014-09-25 14,주간,목,1,2,1,0,0,제주,제주시,차대차,기타,기타,안전운전 의무 불이행,단일로,기타단일로
13819,2014-07-16 13,주간,수,1,1,0,0,0,강원,원주시,차대사람,기타,기타,안전운전 의무 불이행,교차로,교차로내
13820,2014-07-13 10,주간,일,1,1,0,0,0,경기,오산시,차대차,측면충돌,측면충돌,신호위반,교차로,교차로내
13821,2014-07-27 15,주간,일,1,3,1,0,1,경기,용인시,차대차,측면충돌,측면충돌,중앙선 침범,단일로,기타단일로
13822,2014-10-26 16,주간,일,1,1,0,0,0,서울,관악구,차대사람,기타,기타,보행자 보호의무 위반,단일로,횡단보도상
13823,2014-09-17 22,야간,수,1,1,0,0,0,서울,마포구,차대사람,횡단중,횡단중,안전운전 의무 불이행,단일로,기타단일로
13824,2014-09-11 19,야간,목,1,1,0,0,0,서울,강서구,차대차,측면충돌,측면충돌,안전운전 의무 불이행,교차로,교차로내
13825,2014-10-17 06,주간,금,1,1,0,0,0,전남,순천시,차대사람,기타,기타,안전운전 의무 불이행,단일로,기타단일로
13826,2014-09-19 23,야간,금,1,1,0,0,0,경기,화성시,차대사람,보도통행중,보도통행중,보행자 보호의무 위반,단일로,기타단일로
13827,2014-07-24 11,주간,목,1,1,0,0,0,전북,전주시,차대차,측면충돌,측면충돌,안전운전 의무 불이행,교차로,교차로내
13828,2014-07-20 07,주간,일,1,2,0,1,0,광주,광산구,차대차,추돌,진행중 추돌,안전거리 미확보,단일로,기타단일로
13829,2014-09-26 07,주간,금,1,1,0,0,0,울산,북구,차대차,측면충돌,측면충돌,기타,교차로,교차로내
13830,2014-06-25 20,야간,수,1,1,0,0,0,경기,남양주시,차대차,기타,기타,안전운전 의무 불이행,단일로,기타단일로
13831,2014-09-28 18,야간,일,1,3,2,0,0,경기,광주시,차대차,정면충돌,정면충돌,중앙선 침범,단일로,기타단일로
13832,2014-07-12 18,야간,토,1,8,2,5,0,전북,익산시,차대차,측면충돌,측면충돌,중앙선 침범,단일로,기타단일로
13833,2014-09-30 16,주간,화,1,3,2,0,0,울산,남구,차대사람,길가장자리구역통행중,길가장자리구역통행중,안전운전 의무 불이행,단일로,기타단일로
13834,2014-12-02 18,야간,화,1,1,0,0,0,충남,천안시,차대사람,횡단중,횡단중,보행자 보호의무 위반,단일로,횡단보도상
13835,2014-11-05 11,주간,수,1,1,0,0,0,서울,강동구,차대사람,길가장자리구역통행중,길가장자리구역통행중,안전운전 의무 불이행,교차로,교차로부근
13836,2014-08-12 21,야간,화,1,1,0,0,0,전북,군산시,차량단독,공작물충돌,공작물충돌,안전운전 의무 불이행,단일로,기타단일로
13837,2014-10-07 18,야간,화,1,1,0,0,0,강원,춘천시,차대사람,횡단중,횡단중,안전운전 의무 불이행,단일로,기타단일로
13838,2014-09-22 21,야간,월,1,1,0,0,0,경기,화성시,차대사람,길가장자리구역통행중,길가장자리구역통행중,안전운전 의무 불이행,단일로,기타단일로
13839,2014-07-14 07,주간,월,1,1,0,0,0,전북,익산시,차대차,측면충돌,측면충돌,안전운전 의무 불이행,단일로,기타단일로
13840,2014-09-22 22,야간,월,1,1,0,0,0,서울,마포구,차대차,기타,기타,안전운전 의무 불이행,단일로,기타단일로
13841,2014-12-24 10,주간,수,1,1,0,0,0,부산,동래구,차대사람,기타,기타,안전운전 의무 불이행,단일로,횡단보도부근
13842,2014-10-14 10,주간,화,1,1,0,0,0,서울,양천구,차대사람,횡단중,횡단중,안전운전 의무 불이행,교차로,교차로부근
13843,2014-10-26 09,주간,일,1,1,0,0,0,경남,양산시,차량단독,공작물충돌,공작물충돌,안전운전 의무 불이행,단일로,기타단일로
13844,2014-09-16 00,야간,화,1,1,0,0,0,제주,제주시,차량단독,공작물충돌,공작물충돌,안전운전 의무 불이행,단일로,기타단일로
13845,2014-12-09 09,주간,화,1,1,0,0,0,대전,동구,차대사람,횡단중,횡단중,보행자 보호의무 위반,단일로,횡단보도상
13846,2014-09-23 21,야간,화,1,1,0,0,0,경기,화성시,차대사람,기타,기타,안전운전 의무 불이행,단일로,기타단일로
13847,2014-07-14 22,야간,월,1,1,0,0,0,전북,익산시,차량단독,공작물충돌,공작물충돌,안전운전 의무 불이행,교차로,교차로내
13848,2014-12-24 20,야간,수,1,1,0,0,0,충남,서산시,차대사람,길가장자리구역통행중,길가장자리구역통행중,안전운전 의무 불이행,단일로,기타단일로
13849,2014-10-12 03,야간,일,1,5,3,1,0,경기,안양시,차대차,추돌,진행중 추돌,안전운전 의무 불이행,교차로,교차로내
13850,2014-12-26 20,야간,금,1,1,0,0,0,서울,동작구,차대사람,횡단중,횡단중,보행자 보호의무 위반,교차로,교차로내
13851,2014-11-04 17,주간,화,1,1,0,0,0,경남,거제시,차대사람,길가장자리구역통행중,길가장자리구역통행중,안전운전 의무 불이행,단일로,기타단일로
13852,2014-10-08 03,야간,수,1,1,0,0,0,대구,서구,차대사람,횡단중,횡단중,안전운전 의무 불이행,교차로,교차로부근
13853,2014-07-20 06,주간,일,1,4,1,2,0,경기,수원시,차대차,정면충돌,정면충돌,중앙선 침범,단일로,기타단일로
13854,2014-11-13 14,주간,목,1,1,0,0,0,강원,강릉시,차대사람,기타,기타,안전운전 의무 불이행,교차로,교차로내
13855,2014-11-05 16,주간,수,1,1,0,0,0,경남,거제시,차대사람,횡단중,횡단중,안전운전 의무 불이행,단일로,기타단일로
13856,2014-09-18 20,야간,목,1,2,0,1,0,제주,제주시,차대차,정면충돌,정면충돌,중앙선 침범,단일로,기타단일로
13857,2014-06-22 22,야간,일,1,1,0,0,0,경기,고양시,차대사람,횡단중,횡단중,안전운전 의무 불이행,단일로,기타단일로
13858,2014-06-22 00,야간,일,1,1,0,0,0,충북,청주시,차대사람,횡단중,횡단중,안전운전 의무 불이행,단일로,횡단보도상
13859,2014-06-14 15,주간,토,1,1,0,0,0,경북,구미시,차량단독,전도전복,전도전복,안전운전 의무 불이행,단일로,기타단일로
13860,2014-10-31 18,야간,금,1,1,0,0,0,경남,양산시,차대사람,차도통행중,차도통행중,안전운전 의무 불이행,단일로,기타단일로
13861,2014-12-01 05,야간,월,1,1,0,0,0,경북,포항시,차대차,추돌,주정차중 추돌,안전운전 의무 불이행,단일로,기타단일로
13862,2014-10-25 14,주간,토,1,1,0,0,0,전남,순천시,차량단독,도로이탈,도로이탈 추락,안전운전 의무 불이행,단일로,기타단일로
13863,2014-08-11 12,주간,월,1,2,0,0,1,경북,경주시,차량단독,전도전복,전도전복,안전운전 의무 불이행,단일로,기타단일로
13864,2014-05-17 01,야간,토,1,1,0,0,0,경기,평택시,차대차,기타,기타,안전운전 의무 불이행,단일로,기타단일로
13865,2014-10-20 17,주간,월,1,3,0,2,0,서울,양천구,차대차,추돌,진행중 추돌,안전운전 의무 불이행,교차로,교차로부근
13866,2014-10-17 02,야간,금,1,1,0,0,0,강원,춘천시,차대차,정면충돌,정면충돌,중앙선 침범,단일로,기타단일로
13867,2014-07-11 03,야간,금,2,3,1,0,0,경기,안산시,차량단독,공작물충돌,공작물충돌,안전운전 의무 불이행,교차로,교차로부근
13868,2014-09-09 00,야간,화,1,1,0,0,0,충남,천안시,차대사람,횡단중,횡단중,안전운전 의무 불이행,단일로,기타단일로
13869,2014-07-02 14,주간,수,1,1,0,0,0,경기,남양주시,차대사람,횡단중,횡단중,안전운전 의무 불이행,단일로,기타단일로
13870,2014-10-01 15,주간,수,1,2,1,0,0,경기,화성시,차대차,기타,기타,신호위반,교차로,교차로내
13871,2014-08-19 02,야간,화,1,4,2,1,0,경기,성남시,차량단독,공작물충돌,공작물충돌,안전운전 의무 불이행,교차로,교차로부근
13872,2014-11-17 06,주간,월,1,1,0,0,0,서울,강남구,차대사람,횡단중,횡단중,안전운전 의무 불이행,교차로,교차로내
13873,2014-08-01 00,야간,금,1,1,0,0,0,전북,전주시,차대차,기타,기타,안전운전 의무 불이행,교차로,교차로부근
13874,2014-08-19 20,야간,화,1,1,0,0,0,경기,성남시,차대차,기타,기타,안전운전 의무 불이행,교차로,교차로부근
13875,2014-10-30 05,야간,목,2,8,6,0,0,서울,서초구,차량단독,전도전복,전도전복,안전운전 의무 불이행,단일로,기타단일로
13876,2014-06-17 22,야간,화,1,3,2,0,0,경기,수원시,차대차,측면충돌,측면충돌,신호위반,교차로,교차로내
13877,2014-09-07 06,주간,일,1,1,0,0,0,충남,천안시,차대차,기타,기타,안전운전 의무 불이행,단일로,기타단일로
13878,2014-10-10 01,야간,금,1,1,0,0,0,제주,제주시,차대사람,횡단중,횡단중,안전운전 의무 불이행,단일로,기타단일로
13879,2014-05-19 22,야간,월,1,1,0,0,0,경기,평택시,차대사람,기타,기타,안전운전 의무 불이행,단일로,기타단일로
13880,2014-07-03 01,야간,목,1,1,0,0,0,인천,남동구,차대사람,기타,기타,안전운전 의무 불이행,단일로,기타단일로
13881,2014-08-27 00,야간,수,1,5,1,1,2,서울,영등포구,차대차,기타,기타,안전운전 의무 불이행,단일로,기타단일로
13882,2014-10-25 02,야간,토,1,7,4,2,0,서울,노원구,차대차,측면충돌,측면충돌,신호위반,교차로,교차로내
13883,2014-11-22 20,야간,토,1,1,0,0,0,강원,강릉시,차대사람,횡단중,횡단중,안전운전 의무 불이행,단일로,기타단일로
13884,2014-08-16 04,야간,토,1,1,0,0,0,경북,경주시,차대사람,횡단중,횡단중,안전운전 의무 불이행,단일로,기타단일로
13885,2014-09-02 22,야간,화,1,1,0,0,0,경북,경산시,차대사람,횡단중,횡단중,안전운전 의무 불이행,교차로,교차로내
13886,2014-08-22 10,주간,금,1,1,0,0,0,전북,군산시,차대차,추돌,진행중 추돌,안전운전 의무 불이행,단일로,기타단일로
13887,2014-07-21 12,주간,월,1,1,0,0,0,경기,오산시,차대차,기타,기타,안전거리 미확보,교차로,교차로부근
13888,2014-10-02 11,주간,목,1,3,2,0,0,충북,청주시,차대차,기타,기타,중앙선 침범,단일로,기타단일로
13889,2014-08-17 07,주간,일,2,9,6,1,0,경북,경주시,차량단독,전도전복,전도전복,안전운전 의무 불이행,단일로,기타단일로
13890,2014-10-20 00,야간,월,1,1,0,0,0,경기,성남시,차량단독,공작물충돌,공작물충돌,안전운전 의무 불이행,단일로,기타단일로
13891,2014-09-29 06,주간,월,1,1,0,0,0,서울,강서구,차대사람,기타,기타,안전운전 의무 불이행,교차로,교차로부근
13892,2014-10-21 22,야간,화,1,1,0,0,0,전남,여수시,차대사람,횡단중,횡단중,안전운전 의무 불이행,단일로,기타단일로
13893,2014-08-22 05,야간,금,2,5,2,1,0,경기,성남시,차대차,기타,기타,안전운전 의무 불이행,교차로,교차로내
13894,2014-10-05 03,야간,일,1,1,0,0,0,경기,화성시,차량단독,공작물충돌,공작물충돌,안전운전 의무 불이행,교차로,교차로부근
13895,2014-09-15 20,야간,월,1,2,0,1,0,서울,동대문구,차대사람,횡단중,횡단중,안전운전 의무 불이행,단일로,기타단일로
13896,2014-10-13 04,야간,월,1,2,0,1,0,제주,제주시,차량단독,공작물충돌,공작물충돌,안전운전 의무 불이행,단일로,기타단일로
13897,2014-08-23 21,야간,토,1,2,0,1,0,경기,파주시,차대차,추돌,진행중 추돌,안전운전 의무 불이행,단일로,기타단일로
13898,2014-05-21 13,주간,수,1,1,0,0,0,경기,평택시,차대사람,기타,기타,안전운전 의무 불이행,교차로,교차로부근
13899,2014-09-19 12,주간,금,1,2,0,1,0,인천,남구,차대차,추돌,주정차중 추돌,안전운전 의무 불이행,단일로,지하차도(도로)내
13900,2014-06-15 04,야간,일,1,1,0,0,0,대구,수성구,차대사람,횡단중,횡단중,안전운전 의무 불이행,단일로,기타단일로
13901,2014-10-29 18,야간,수,1,1,0,0,0,전남,목포시,차대사람,기타,기타,보행자 보호의무 위반,단일로,기타단일로
13902,2014-09-17 14,주간,수,1,2,1,0,0,경기,고양시,차대차,추돌,진행중 추돌,안전운전 의무 불이행,단일로,기타단일로
13903,2014-12-18 23,야간,목,1,1,0,0,0,경남,김해시,차대사람,기타,기타,안전운전 의무 불이행,단일로,기타단일로
13904,2014-08-13 00,야간,수,1,1,0,0,0,경기,용인시,차량단독,기타,기타,안전운전 의무 불이행,단일로,기타단일로
13905,2014-07-29 01,야간,화,1,4,2,1,0,경기,수원시,차대차,기타,기타,신호위반,교차로,교차로내
13906,2014-11-19 14,주간,수,1,2,1,0,0,경남,거제시,차량단독,전도전복,전도전복,안전운전 의무 불이행,단일로,기타단일로
13907,2014-10-08 18,야간,수,1,1,0,0,0,경기,화성시,차량단독,전도전복,전도전복,안전운전 의무 불이행,단일로,기타단일로
13908,2014-11-19 21,야간,수,1,1,0,0,0,경남,거제시,차대사람,기타,기타,안전운전 의무 불이행,단일로,기타단일로
13909,2014-08-19 23,야간,화,1,1,0,0,0,경북,경주시,차대사람,기타,기타,안전운전 의무 불이행,단일로,횡단보도상
13910,2014-12-25 18,야간,목,1,1,0,0,0,충남,천안시,차대사람,기타,기타,안전운전 의무 불이행,단일로,기타단일로
13911,2014-10-02 00,야간,목,1,1,0,0,0,서울,강서구,차대차,기타,기타,신호위반,교차로,교차로내
13912,2014-10-09 22,야간,목,1,1,0,0,0,경기,화성시,차량단독,기타,기타,안전운전 의무 불이행,단일로,기타단일로
13913,2014-07-18 20,야간,금,1,1,0,0,0,대구,달서구,차대차,추돌,진행중 추돌,안전운전 의무 불이행,단일로,기타단일로
13914,2014-08-27 17,주간,수,1,1,0,0,0,경기,파주시,차대차,측면충돌,측면충돌,안전운전 의무 불이행,교차로,교차로내
13915,2014-07-12 13,주간,토,1,1,0,0,0,경기,시흥시,차대사람,기타,기타,기타,교차로,교차로부근
13916,2014-08-04 19,야간,월,1,2,1,0,0,광주,광산구,차대차,측면충돌,측면충돌,신호위반,교차로,교차로내
13917,2014-09-10 04,야간,수,1,1,0,0,0,경기,김포시,차대사람,기타,기타,안전운전 의무 불이행,단일로,기타단일로
13918,2014-09-05 18,야간,금,1,1,0,0,0,대구,동구,차대사람,횡단중,횡단중,안전운전 의무 불이행,교차로,교차로부근
13919,2014-07-02 23,야간,수,1,1,0,0,0,경기,고양시,차대사람,횡단중,횡단중,보행자 보호의무 위반,단일로,횡단보도상
13920,2014-10-30 11,주간,목,1,1,0,0,0,강원,춘천시,차대차,측면충돌,측면충돌,안전운전 의무 불이행,교차로,교차로내
13921,2014-10-04 22,야간,토,1,2,0,0,1,서울,강서구,차대차,측면충돌,측면충돌,신호위반,교차로,교차로내
13922,2014-12-29 11,주간,월,1,1,0,0,0,충남,천안시,차대사람,기타,기타,안전운전 의무 불이행,단일로,기타단일로
13923,2014-07-28 23,야간,월,1,1,0,0,0,광주,서구,차량단독,전도전복,전도전복,안전운전 의무 불이행,교차로,교차로부근
13924,2014-07-08 15,주간,화,1,1,0,0,0,인천,남동구,차대사람,차도통행중,차도통행중,안전운전 의무 불이행,단일로,기타단일로
13925,2014-12-26 04,야간,금,1,1,0,0,0,경기,군포시,차대사람,횡단중,횡단중,안전운전 의무 불이행,단일로,횡단보도상
13926,2014-07-10 10,주간,목,1,1,0,0,0,경기,남양주시,차대사람,기타,기타,안전운전 의무 불이행,단일로,기타단일로
13927,2014-11-15 08,주간,토,1,1,0,0,0,경남,양산시,차량단독,전도전복,전도전복,안전운전 의무 불이행,단일로,기타단일로
13928,2014-10-07 05,야간,화,1,1,0,0,0,대전,중구,차대차,기타,기타,안전운전 의무 불이행,교차로,교차로내
13929,2014-10-14 00,야간,화,1,1,0,0,0,서울,마포구,차대차,측면충돌,측면충돌,안전운전 의무 불이행,교차로,교차로내
13930,2014-08-07 08,주간,목,1,1,0,0,0,광주,광산구,차대차,측면충돌,측면충돌,안전운전 의무 불이행,교차로,교차로부근
13931,2014-10-29 12,주간,수,1,1,0,0,0,전남,여수시,차대사람,횡단중,횡단중,안전운전 의무 불이행,단일로,기타단일로
13932,2014-07-04 07,주간,금,1,1,0,0,0,광주,동구,차대차,측면충돌,측면충돌,안전거리 미확보,단일로,기타단일로
13933,2014-10-31 15,주간,금,1,1,0,0,0,경기,평택시,차대차,측면충돌,측면충돌,안전운전 의무 불이행,단일로,기타단일로
13934,2014-10-17 20,야간,금,1,2,0,1,0,울산,남구,차대차,측면충돌,측면충돌,신호위반,교차로,교차로내
13935,2014-12-29 05,야간,월,1,1,0,0,0,경기,군포시,차대사람,횡단중,횡단중,안전운전 의무 불이행,단일로,기타단일로
13936,2014-08-25 11,주간,월,1,1,0,0,0,경북,경주시,차량단독,공작물충돌,공작물충돌,안전운전 의무 불이행,교차로,교차로부근
13937,2014-10-31 03,야간,금,1,2,0,1,0,경북,포항시,차대차,기타,기타,안전운전 의무 불이행,교차로,교차로부근
13938,2014-11-15 05,야간,토,1,1,0,0,0,충북,청주시,차대사람,횡단중,횡단중,보행자 보호의무 위반,단일로,횡단보도상
13939,2014-08-03 00,야간,일,1,1,0,0,0,경기,수원시,차대사람,횡단중,횡단중,안전운전 의무 불이행,단일로,기타단일로
13940,2014-11-17 09,주간,월,1,1,0,0,0,경남,양산시,차대사람,기타,기타,안전운전 의무 불이행,교차로,교차로내
13941,2014-11-12 07,주간,수,1,1,0,0,0,전남,순천시,차대사람,횡단중,횡단중,보행자 보호의무 위반,단일로,횡단보도상
13942,2014-06-21 04,야간,토,1,1,0,0,0,대구,수성구,차량단독,공작물충돌,공작물충돌,안전운전 의무 불이행,단일로,기타단일로
13943,2014-11-08 16,주간,토,1,1,0,0,0,서울,양천구,차대사람,횡단중,횡단중,안전운전 의무 불이행,단일로,기타단일로
13944,2014-09-25 04,야간,목,1,1,0,0,0,경기,고양시,차량단독,공작물충돌,공작물충돌,안전운전 의무 불이행,교차로,교차로내
13945,2014-08-14 02,야간,목,2,3,0,1,0,전북,전주시,차대차,추돌,진행중 추돌,신호위반,교차로,교차로내
13946,2014-11-16 06,주간,일,1,1,0,0,0,충북,청주시,차대차,측면충돌,측면충돌,신호위반,교차로,교차로내
13947,2014-10-19 11,주간,일,1,1,0,0,0,울산,남구,차대사람,횡단중,횡단중,보행자 보호의무 위반,교차로,교차로내
13948,2014-11-17 18,야간,월,1,1,0,0,0,경기,수원시,차대차,측면충돌,측면충돌,신호위반,교차로,교차로내
13949,2014-08-14 11,주간,목,1,2,0,1,0,전북,전주시,차량단독,공작물충돌,공작물충돌,안전운전 의무 불이행,단일로,기타단일로
13950,2014-09-21 14,주간,일,1,1,0,0,0,충남,천안시,차량단독,도로이탈,도로이탈 추락,안전운전 의무 불이행,단일로,기타단일로
13951,2014-08-19 21,야간,화,1,1,0,0,0,경기,용인시,차대사람,횡단중,횡단중,안전운전 의무 불이행,단일로,기타단일로
13952,2014-10-16 22,야간,목,2,2,0,0,0,충북,청주시,차량단독,공작물충돌,공작물충돌,안전운전 의무 불이행,교차로,교차로부근
13953,2014-06-25 22,야간,수,1,1,0,0,0,경기,수원시,차대사람,횡단중,횡단중,안전운전 의무 불이행,교차로,교차로부근
13954,2014-09-26 23,야간,금,3,7,4,0,0,경기,고양시,차대차,기타,기타,안전운전 의무 불이행,단일로,기타단일로
13955,2014-12-01 06,주간,월,1,1,0,0,0,경남,거제시,차대사람,기타,기타,안전운전 의무 불이행,단일로,기타단일로
13956,2014-09-29 20,야간,월,1,1,0,0,0,인천,남구,차대사람,기타,기타,안전운전 의무 불이행,단일로,기타단일로
13957,2014-08-27 11,주간,수,2,2,0,0,0,경북,경주시,차대차,기타,기타,중앙선 침범,단일로,기타단일로
13958,2014-12-02 22,야간,화,1,1,0,0,0,경남,거제시,차대사람,기타,기타,안전운전 의무 불이행,단일로,기타단일로
13959,2014-06-25 23,야간,수,1,4,3,0,0,경기,수원시,차대차,정면충돌,정면충돌,신호위반,교차로,교차로내
13960,2014-09-28 03,야간,일,1,1,0,0,0,서울,동대문구,차량단독,공작물충돌,공작물충돌,안전운전 의무 불이행,단일로,기타단일로
13961,2014-11-09 05,야간,일,1,6,5,0,0,강원,춘천시,차량단독,전도전복,전도전복,안전운전 의무 불이행,단일로,기타단일로
13962,2014-09-11 08,주간,목,1,1,0,0,0,경북,경산시,차대차,추돌,진행중 추돌,안전운전 의무 불이행,단일로,기타단일로
13963,2014-07-07 04,야간,월,1,1,0,0,0,광주,북구,차대사람,횡단중,횡단중,보행자 보호의무 위반,단일로,횡단보도상
13964,2014-07-18 12,주간,금,1,4,0,3,0,경기,시흥시,차대차,추돌,진행중 추돌,안전운전 의무 불이행,단일로,기타단일로
13965,2014-10-13 13,주간,월,1,1,0,0,0,강원,춘천시,차대사람,기타,기타,안전운전 의무 불이행,교차로,교차로내
13966,2014-09-03 18,야간,수,1,1,0,0,0,전북,군산시,차대차,측면충돌,측면충돌,중앙선 침범,단일로,기타단일로
13967,2014-10-13 06,주간,월,1,1,0,0,0,대구,북구,차대차,기타,기타,안전운전 의무 불이행,교차로,교차로부근
13968,2014-10-22 01,야간,수,1,1,0,0,0,울산,남구,차대차,기타,기타,안전운전 의무 불이행,교차로,교차로부근
13969,2014-12-06 21,야간,토,1,1,0,0,0,서울,강동구,차량단독,공작물충돌,공작물충돌,안전운전 의무 불이행,단일로,기타단일로
13970,2014-09-24 05,야간,수,1,1,0,0,0,충남,천안시,차대사람,기타,기타,안전운전 의무 불이행,단일로,기타단일로
13971,2014-09-26 09,주간,금,1,1,0,0,0,대구,달서구,차대차,기타,기타,안전운전 의무 불이행,단일로,횡단보도상
13972,2014-11-30 07,주간,일,1,5,3,1,0,서울,관악구,차대차,기타,기타,중앙선 침범,단일로,기타단일로
13973,2014-12-29 01,야간,월,1,1,0,0,0,부산,수영구,차대사람,차도통행중,차도통행중,안전운전 의무 불이행,단일로,기타단일로
13974,2014-07-25 03,야간,금,1,1,0,0,0,경기,안산시,차대차,추돌,진행중 추돌,신호위반,교차로,교차로내
13975,2014-11-08 21,야간,토,1,2,1,0,0,경기,평택시,차대사람,차도통행중,차도통행중,안전운전 의무 불이행,단일로,기타단일로
13976,2014-09-27 06,주간,토,1,1,0,0,0,대구,달서구,차대차,측면충돌,측면충돌,기타,단일로,횡단보도부근
13977,2014-09-11 14,주간,목,1,1,0,0,0,서울,영등포구,차대사람,기타,기타,안전운전 의무 불이행,단일로,기타단일로
13978,2014-09-18 18,야간,목,1,1,0,0,0,경기,김포시,차대차,기타,기타,안전운전 의무 불이행,단일로,기타단일로
13979,2014-10-25 05,야간,토,1,1,0,0,0,울산,중구,차대사람,기타,기타,안전운전 의무 불이행,교차로,교차로부근
13980,2014-11-22 15,주간,토,1,2,0,1,0,충북,청주시,차량단독,공작물충돌,공작물충돌,안전운전 의무 불이행,단일로,기타단일로
13981,2014-10-25 07,주간,토,1,1,0,0,0,울산,중구,차대사람,횡단중,횡단중,안전운전 의무 불이행,단일로,기타단일로
13982,2014-07-21 16,주간,월,1,1,0,0,0,경기,시흥시,차대차,정면충돌,정면충돌,중앙선 침범,교차로,교차로부근
13983,2014-11-10 14,주간,월,1,2,0,1,0,경기,안성시,차대차,기타,기타,안전운전 의무 불이행,단일로,기타단일로
13984,2014-07-17 20,야간,목,1,1,0,0,0,경기,남양주시,차대차,측면충돌,측면충돌,신호위반,교차로,교차로내
13985,2014-08-06 20,야간,수,1,2,0,1,0,전북,익산시,차대사람,길가장자리구역통행중,길가장자리구역통행중,안전운전 의무 불이행,단일로,기타단일로
13986,2014-07-04 10,주간,금,1,1,0,0,0,경기,부천시,차대사람,기타,기타,안전운전 의무 불이행,교차로,교차로내
13987,2014-06-30 06,주간,월,1,1,0,0,0,경북,구미시,차대사람,기타,기타,안전운전 의무 불이행,교차로,교차로부근
13988,2014-08-26 15,주간,화,1,3,0,2,0,경기,안산시,차대차,추돌,진행중 추돌,안전운전 의무 불이행,단일로,기타단일로
13989,2014-10-11 05,야간,토,1,2,0,0,1,서울,중랑구,차대차,측면충돌,측면충돌,신호위반,교차로,교차로내
13990,2014-11-25 06,주간,화,1,1,0,0,0,충북,청주시,차대사람,횡단중,횡단중,안전운전 의무 불이행,단일로,기타단일로
13991,2014-05-29 23,야간,목,2,5,3,0,0,경기,평택시,차량단독,전도전복,전도전복,과속,단일로,기타단일로
13992,2014-08-12 00,야간,화,1,1,0,0,0,강원,원주시,차대차,기타,기타,신호위반,교차로,교차로내
13993,2014-08-08 10,주간,금,1,1,0,0,0,광주,서구,차대사람,횡단중,횡단중,안전운전 의무 불이행,교차로,교차로내
13994,2014-11-24 06,주간,월,1,1,0,0,0,전남,순천시,차대사람,횡단중,횡단중,안전운전 의무 불이행,단일로,횡단보도부근
13995,2014-11-07 01,야간,금,1,2,1,0,0,대구,서구,차대사람,횡단중,횡단중,안전운전 의무 불이행,단일로,횡단보도상
13996,2014-07-11 21,야간,금,1,1,0,0,0,충북,청주시,차대차,측면충돌,측면충돌,안전운전 의무 불이행,단일로,기타단일로
13997,2014-09-28 06,주간,일,1,1,0,0,0,충남,천안시,차대사람,기타,기타,안전운전 의무 불이행,단일로,횡단보도상
13998,2014-11-03 16,주간,월,1,1,0,0,0,경기,광주시,차대사람,기타,기타,안전운전 의무 불이행,단일로,기타단일로
13999,2014-08-07 07,주간,목,1,1,0,0,0,경기,오산시,차대차,측면충돌,측면충돌,안전운전 의무 불이행,교차로,교차로내
14000,2014-11-11 05,야간,화,1,1,0,0,0,전남,여수시,차대차,기타,기타,신호위반,교차로,교차로내
14001,2014-07-18 00,야간,금,1,1,0,0,0,인천,남동구,차대사람,차도통행중,차도통행중,안전운전 의무 불이행,단일로,기타단일로
14002,2014-09-22 07,주간,월,1,7,4,0,2,경기,김포시,차대차,기타,기타,안전운전 의무 불이행,단일로,횡단보도부근
14003,2014-09-16 23,야간,화,1,1,0,0,0,부산,남구,차대사람,기타,기타,안전운전 의무 불이행,교차로,교차로내
14004,2014-09-22 22,야간,월,1,1,0,0,0,경기,김포시,차대사람,횡단중,횡단중,안전운전 의무 불이행,단일로,기타단일로
14005,2014-09-08 12,주간,월,1,1,0,0,0,인천,서구,차대차,측면충돌,측면충돌,신호위반,교차로,교차로내
14006,2014-07-02 09,주간,수,1,1,0,0,0,경북,구미시,차량단독,공작물충돌,공작물충돌,안전운전 의무 불이행,단일로,기타단일로
14007,2014-09-29 15,주간,월,1,1,0,0,0,충남,천안시,차대차,기타,기타,안전운전 의무 불이행,교차로,교차로부근
14008,2014-11-01 02,야간,토,1,1,0,0,0,제주,제주시,차량단독,전도전복,전도전복,안전운전 의무 불이행,교차로,교차로부근
14009,2014-09-03 10,주간,수,1,1,0,0,0,경북,경주시,차대사람,기타,기타,안전운전 의무 불이행,교차로,교차로부근
14010,2014-10-16 16,주간,목,1,6,1,4,0,제주,제주시,차대차,측면충돌,측면충돌,신호위반,교차로,교차로내
14011,2014-08-04 12,주간,월,1,1,0,0,0,서울,송파구,차대차,기타,기타,신호위반,교차로,교차로내
14012,2014-06-28 22,야간,토,1,2,1,0,0,대구,수성구,차량단독,기타,기타,안전운전 의무 불이행,교차로,교차로내
14013,2014-08-13 20,야간,수,1,1,0,0,0,강원,원주시,차대사람,횡단중,횡단중,안전운전 의무 불이행,단일로,기타단일로
14014,2014-09-06 22,야간,토,1,1,0,0,0,인천,서구,차량단독,전도전복,전도전복,안전운전 의무 불이행,단일로,기타단일로