교통사고이력ID(사고기록 순서),발생년월일시,주야코드,요일코드,사망자수,부상자수,중상자수,경상자수,부상신고자수,발생지시도코드,발생지시도코드,사고유형대분류코드,사고유형중분류코드,사고유형코드,법규위반코드,도로형태대분류코드,도로로형태코드
14215,2014-07-25 23,야간,금,1,1,0,0,0,경기,수원시,차대사람,횡단중,횡단중,안전운전 의무 불이행,단일로,기타단일로
14216,2014-10-10 20,야간,금,1,1,0,0,0,전북,군산시,차대사람,횡단중,횡단중,안전운전 의무 불이행,단일로,기타단일로
14217,2014-12-03 19,야간,수,1,1,0,0,0,경기,화성시,차대사람,횡단중,횡단중,보행자 보호의무 위반,교차로,교차로내
14218,2014-11-22 04,야간,토,1,1,0,0,0,대전,중구,차대사람,보도통행중,보도통행중,안전운전 의무 불이행,교차로,교차로내
14219,2014-08-15 12,주간,금,1,3,2,0,0,경기,남양주시,차대차,측면충돌,측면충돌,신호위반,교차로,교차로내
14220,2014-11-06 20,야간,목,1,1,0,0,0,충남,천안시,차대사람,횡단중,횡단중,안전운전 의무 불이행,단일로,기타단일로
14221,2014-10-18 05,야간,토,1,1,0,0,0,인천,서구,차대차,기타,기타,신호위반,단일로,횡단보도상
14222,2014-06-23 21,야간,월,1,1,0,0,0,경기,평택시,차대차,추돌,진행중 추돌,안전운전 의무 불이행,단일로,기타단일로
14223,2014-12-19 07,주간,금,1,1,0,0,0,경기,광주시,차대차,기타,기타,안전운전 의무 불이행,교차로,교차로부근
14224,2014-10-04 15,주간,토,1,1,0,0,0,경기,안산시,차량단독,공작물충돌,공작물충돌,안전운전 의무 불이행,단일로,기타단일로
14225,2014-11-13 21,야간,목,1,1,0,0,0,경기,고양시,차량단독,공작물충돌,공작물충돌,안전운전 의무 불이행,단일로,기타단일로
14226,2014-09-11 10,주간,목,1,1,0,0,0,경기,화성시,차량단독,전도전복,전도전복,안전운전 의무 불이행,단일로,기타단일로
14227,2014-12-04 20,야간,목,1,1,0,0,0,울산,남구,차대사람,횡단중,횡단중,신호위반,교차로,교차로내
14228,2014-12-04 21,야간,목,1,1,0,0,0,울산,남구,차대사람,기타,기타,안전운전 의무 불이행,단일로,기타단일로
14229,2014-08-28 05,야간,목,1,2,1,0,0,경기,안산시,차대차,기타,기타,안전운전 의무 불이행,단일로,기타단일로
14230,2014-11-16 02,야간,일,1,1,0,0,0,서울,동대문구,차대사람,횡단중,횡단중,신호위반,단일로,기타단일로
14231,2014-10-27 09,주간,월,1,1,0,0,0,서울,영등포구,차대사람,기타,기타,안전운전 의무 불이행,단일로,기타단일로
14232,2014-12-12 19,야간,금,1,1,0,0,0,서울,마포구,차대사람,횡단중,횡단중,안전운전 의무 불이행,단일로,기타단일로
14233,2014-06-25 13,주간,수,2,3,1,0,0,경기,평택시,차대차,기타,기타,안전거리 미확보,단일로,교량위
14234,2014-10-28 07,주간,화,1,1,0,0,0,서울,영등포구,차대사람,횡단중,횡단중,안전운전 의무 불이행,단일로,횡단보도상
14235,2014-12-07 04,야간,일,1,1,0,0,0,대구,북구,차대차,기타,기타,신호위반,단일로,기타단일로
14236,2014-11-09 00,야간,일,1,1,0,0,0,충남,천안시,차대차,기타,기타,안전운전 의무 불이행,단일로,지하차도(도로)내
14237,2014-10-16 05,야간,목,1,2,0,1,0,경북,경주시,차대차,기타,기타,중앙선 침범,단일로,기타단일로
14238,2014-09-05 09,주간,금,1,1,0,0,0,서울,송파구,차대사람,차도통행중,차도통행중,기타,단일로,기타단일로
14239,2014-09-15 10,주간,월,1,1,0,0,0,광주,서구,차대사람,기타,기타,안전운전 의무 불이행,단일로,기타단일로
14240,2014-11-01 17,주간,토,1,1,0,0,0,부산,남구,차대사람,기타,기타,안전운전 의무 불이행,단일로,기타단일로
14241,2014-12-31 16,주간,수,1,1,0,0,0,대구,서구,차대사람,횡단중,횡단중,안전운전 의무 불이행,단일로,기타단일로
14242,2014-10-17 11,주간,금,1,1,0,0,0,경북,경주시,차대사람,기타,기타,안전운전 의무 불이행,단일로,기타단일로
14243,2014-11-11 21,야간,화,1,1,0,0,0,충남,천안시,차대사람,기타,기타,안전운전 의무 불이행,단일로,기타단일로
14244,2014-12-08 19,야간,월,1,1,0,0,0,울산,남구,차대사람,기타,기타,안전운전 의무 불이행,단일로,기타단일로
14245,2014-12-09 02,야간,화,1,2,1,0,0,울산,남구,차대사람,횡단중,횡단중,보행자 보호의무 위반,단일로,횡단보도상
14246,2014-12-16 21,야간,화,1,1,0,0,0,서울,마포구,차대사람,횡단중,횡단중,신호위반,단일로,횡단보도부근
14247,2014-07-31 02,야간,목,1,6,0,2,3,경기,수원시,차대차,추돌,주정차중 추돌,안전운전 의무 불이행,교차로,교차로부근
14248,2014-12-10 07,주간,수,1,1,0,0,0,대구,북구,차대사람,횡단중,횡단중,안전운전 의무 불이행,단일로,기타단일로
14249,2014-08-23 17,주간,토,1,1,0,0,0,경기,남양주시,차량단독,공작물충돌,공작물충돌,안전운전 의무 불이행,단일로,기타단일로
14250,2014-12-25 07,주간,목,1,1,0,0,0,제주,제주시,차대사람,기타,기타,안전운전 의무 불이행,단일로,기타단일로
14251,2014-06-27 07,주간,금,1,1,0,0,0,경기,평택시,차량단독,도로이탈,도로이탈 추락,안전운전 의무 불이행,단일로,기타단일로
14252,2014-08-28 14,주간,목,1,1,0,0,0,경기,시흥시,차대사람,기타,기타,안전운전 의무 불이행,교차로,교차로부근
14253,2014-12-12 06,주간,금,1,1,0,0,0,경기,화성시,차대사람,횡단중,횡단중,안전운전 의무 불이행,단일로,기타단일로
14254,2014-09-04 18,야간,목,1,1,0,0,0,대구,달서구,차대차,추돌,진행중 추돌,안전운전 의무 불이행,교차로,교차로내
14255,2014-08-14 21,야간,목,1,1,0,0,0,광주,북구,차대사람,차도통행중,차도통행중,안전운전 의무 불이행,단일로,기타단일로
14256,2014-11-13 11,주간,목,1,1,0,0,0,충남,천안시,차대차,측면충돌,측면충돌,안전운전 의무 불이행,교차로,교차로부근
14257,2014-08-29 03,야간,금,1,1,0,0,0,인천,남동구,차량단독,공작물충돌,공작물충돌,안전운전 의무 불이행,교차로,교차로부근
14258,2014-11-25 14,주간,화,1,1,0,0,0,인천,남구,차대사람,기타,기타,안전운전 의무 불이행,단일로,기타단일로
14259,2014-12-27 07,주간,토,1,1,0,0,0,경기,광주시,차대사람,횡단중,횡단중,안전운전 의무 불이행,교차로,교차로내
14260,2014-12-28 05,야간,일,1,3,1,1,0,경기,광주시,차대차,측면충돌,측면충돌,안전운전 의무 불이행,단일로,기타단일로
14261,2014-09-27 19,야간,토,1,3,0,2,0,전북,전주시,차대차,정면충돌,정면충돌,신호위반,교차로,교차로내
14262,2014-10-21 21,야간,화,1,1,0,0,0,경기,성남시,차대사람,기타,기타,신호위반,교차로,교차로부근
14263,2014-12-25 18,야간,목,1,1,0,0,0,충북,청주시,차대차,측면충돌,측면충돌,안전운전 의무 불이행,단일로,기타단일로
14264,2014-11-10 11,주간,월,1,1,0,0,0,경북,경산시,차대차,기타,기타,기타,교차로,교차로부근
14265,2014-11-21 11,주간,금,1,1,0,0,0,부산,해운대구,차대사람,횡단중,횡단중,안전운전 의무 불이행,단일로,기타단일로
14266,2014-12-07 20,야간,일,1,1,0,0,0,서울,중랑구,차대사람,횡단중,횡단중,안전운전 의무 불이행,교차로,교차로내
14267,2014-12-30 23,야간,화,1,1,0,0,0,경기,광주시,차대사람,차도통행중,차도통행중,안전운전 의무 불이행,교차로,교차로부근
14268,2014-10-06 17,주간,월,1,1,0,0,0,부산,부산진구,차대사람,기타,기타,안전운전 의무 불이행,단일로,기타단일로
14269,2014-10-26 19,야간,일,1,1,0,0,0,경기,파주시,차대사람,횡단중,횡단중,안전운전 의무 불이행,단일로,기타단일로
14270,2014-12-19 04,야간,금,1,2,1,0,0,서울,강서구,차량단독,공작물충돌,공작물충돌,안전운전 의무 불이행,단일로,기타단일로
14271,2014-08-22 02,야간,금,1,1,0,0,0,충북,청주시,차대사람,횡단중,횡단중,안전운전 의무 불이행,단일로,기타단일로
14272,2014-12-31 07,주간,수,1,1,0,0,0,제주,제주시,차대사람,기타,기타,보행자 보호의무 위반,단일로,횡단보도상
14273,2014-08-19 01,야간,화,1,1,0,0,0,광주,북구,차대사람,횡단중,횡단중,안전운전 의무 불이행,단일로,기타단일로
14274,2014-10-23 23,야간,목,1,1,0,0,0,경북,경주시,차대사람,기타,기타,안전운전 의무 불이행,단일로,교량위
14275,2014-09-29 16,주간,월,1,1,0,0,0,경기,수원시,차대사람,기타,기타,안전운전 의무 불이행,단일로,기타단일로
14276,2014-11-28 05,야간,금,1,1,0,0,0,서울,동대문구,차대사람,기타,기타,안전운전 의무 불이행,단일로,기타단일로
14277,2014-11-24 16,주간,월,1,1,0,0,0,부산,해운대구,차대사람,기타,기타,안전운전 의무 불이행,단일로,기타단일로
14278,2014-11-15 05,야간,토,1,1,0,0,0,경북,경산시,차대사람,기타,기타,안전운전 의무 불이행,단일로,기타단일로
14279,2014-11-10 14,주간,월,1,2,1,0,0,대구,동구,차대차,기타,기타,안전운전 의무 불이행,단일로,기타단일로
14280,2014-12-20 00,야간,토,1,2,1,0,0,경기,화성시,차량단독,전도전복,전도전복,안전운전 의무 불이행,단일로,기타단일로
14281,2014-10-25 13,주간,토,1,2,0,1,0,경북,경주시,차대차,추돌,진행중 추돌,안전운전 의무 불이행,단일로,기타단일로
14282,2014-12-27 23,야간,토,1,1,0,0,0,울산,중구,차대사람,횡단중,횡단중,안전운전 의무 불이행,단일로,교량위
14283,2014-08-25 05,야간,월,1,1,0,0,0,충북,청주시,차대사람,기타,기타,안전운전 의무 불이행,단일로,기타단일로
14284,2014-07-04 02,야간,금,1,1,0,0,0,대전,서구,차대사람,기타,기타,안전운전 의무 불이행,단일로,기타단일로
14285,2014-12-07 04,야간,일,1,1,0,0,0,대전,중구,차대사람,횡단중,횡단중,안전운전 의무 불이행,단일로,횡단보도상
14286,2014-11-14 06,주간,금,1,4,1,2,0,경기,김포시,차대차,측면충돌,측면충돌,중앙선 침범,단일로,기타단일로
14287,2014-10-09 03,야간,목,1,3,1,1,0,경기,의정부시,차대차,측면충돌,측면충돌,과속,교차로,교차로내
14288,2014-09-12 14,주간,금,1,1,0,0,0,대구,달서구,차대차,측면충돌,측면충돌,신호위반,단일로,횡단보도상
14289,2014-10-26 06,주간,일,1,1,0,0,0,경북,경주시,차대사람,기타,기타,안전운전 의무 불이행,단일로,기타단일로
14290,2014-11-04 23,야간,화,1,1,0,0,0,인천,서구,차대차,측면충돌,측면충돌,신호위반,교차로,교차로내
14291,2014-10-28 18,야간,화,1,1,0,0,0,경기,성남시,차대사람,횡단중,횡단중,안전운전 의무 불이행,단일로,기타단일로
14292,2014-08-10 10,주간,일,1,1,0,0,0,경북,구미시,차대차,측면충돌,측면충돌,안전운전 의무 불이행,단일로,기타단일로
14293,2014-12-23 08,주간,화,1,1,0,0,0,대구,북구,차대차,추돌,진행중 추돌,기타,단일로,기타단일로
14294,2014-12-23 02,야간,화,1,1,0,0,0,경기,화성시,차대사람,기타,기타,안전운전 의무 불이행,단일로,기타단일로
14295,2014-10-15 00,야간,수,1,2,1,0,0,경기,용인시,차대차,정면충돌,정면충돌,중앙선 침범,교차로,교차로부근
14296,2014-12-25 02,야간,목,1,1,0,0,0,대구,북구,차대사람,횡단중,횡단중,보행자 보호의무 위반,단일로,기타단일로
14297,2014-09-05 19,야간,금,1,1,0,0,0,경기,안산시,차대차,측면충돌,측면충돌,안전운전 의무 불이행,단일로,교량위
14298,2014-12-23 20,야간,화,1,1,0,0,0,경기,화성시,차대사람,기타,기타,안전운전 의무 불이행,교차로,교차로부근
14299,2014-11-06 18,야간,목,1,1,0,0,0,인천,서구,차대사람,횡단중,횡단중,안전운전 의무 불이행,단일로,기타단일로
14300,2014-12-28 07,주간,일,1,2,1,0,0,서울,강서구,차대사람,차도통행중,차도통행중,안전운전 의무 불이행,단일로,기타단일로
14301,2014-12-10 12,주간,수,1,1,0,0,0,대전,중구,차대차,측면충돌,측면충돌,안전운전 의무 불이행,단일로,기타단일로
14302,2014-10-27 09,주간,월,1,1,0,0,0,전북,군산시,차대차,측면충돌,측면충돌,신호위반,교차로,교차로내
14303,2014-10-07 01,야간,화,3,3,0,0,0,광주,광산구,차대사람,횡단중,횡단중,안전운전 의무 불이행,단일로,기타단일로
14304,2014-09-29 07,주간,월,1,1,0,0,0,전북,익산시,차대차,측면충돌,측면충돌,안전운전 의무 불이행,단일로,기타단일로
14305,2014-12-12 03,야간,금,1,1,0,0,0,대전,중구,차대사람,횡단중,횡단중,보행자 보호의무 위반,단일로,횡단보도상
14306,2014-09-07 03,야간,일,1,1,0,0,0,인천,남동구,차대사람,횡단중,횡단중,안전운전 의무 불이행,단일로,기타단일로
14307,2014-09-29 10,주간,월,1,1,0,0,0,전북,익산시,차대사람,횡단중,횡단중,안전운전 의무 불이행,단일로,횡단보도상
14308,2014-12-04 19,야간,목,1,1,0,0,0,경기,고양시,차대차,추돌,주정차중 추돌,안전운전 의무 불이행,단일로,기타단일로
14309,2014-11-03 18,야간,월,1,1,0,0,0,경기,성남시,차대사람,기타,기타,안전운전 의무 불이행,단일로,기타단일로
14310,2014-07-06 04,야간,일,1,1,0,0,0,경기,평택시,차대사람,횡단중,횡단중,보행자 보호의무 위반,교차로,교차로부근
14311,2014-10-28 18,야간,화,1,3,1,1,0,전북,군산시,차대차,추돌,진행중 추돌,안전운전 의무 불이행,단일로,기타단일로
14312,2014-11-18 21,야간,화,1,1,0,0,0,대구,동구,차대사람,횡단중,횡단중,신호위반,단일로,횡단보도상
14313,2014-09-28 09,주간,일,1,1,0,0,0,광주,서구,차대사람,보도통행중,보도통행중,안전운전 의무 불이행,단일로,기타단일로
14314,2014-12-22 06,주간,월,1,1,0,0,0,서울,중랑구,차대사람,횡단중,횡단중,안전운전 의무 불이행,교차로,교차로부근
14315,2014-09-01 04,야간,월,1,1,0,0,0,충북,청주시,차대사람,횡단중,횡단중,보행자 보호의무 위반,교차로,교차로부근
14316,2014-12-05 23,야간,금,1,1,0,0,0,경기,고양시,차대사람,횡단중,횡단중,안전운전 의무 불이행,단일로,기타단일로
14317,2014-11-02 23,야간,일,1,1,0,0,0,경북,경주시,차량단독,공작물충돌,공작물충돌,안전운전 의무 불이행,단일로,기타단일로
14318,2014-10-01 18,야간,수,1,1,0,0,0,전북,익산시,차대차,측면충돌,측면충돌,기타,교차로,교차로내
14319,2014-10-01 18,야간,수,1,3,2,0,0,전북,익산시,차대차,추돌,주정차중 추돌,안전운전 의무 불이행,기타/불명,기타/불명
14320,2014-12-06 06,주간,토,1,1,0,0,0,경기,고양시,차대사람,횡단중,횡단중,안전운전 의무 불이행,단일로,횡단보도상
14321,2014-12-26 22,야간,금,1,1,0,0,0,울산,남구,차대사람,횡단중,횡단중,안전운전 의무 불이행,단일로,기타단일로
14322,2014-12-07 19,야간,일,1,1,0,0,0,부산,해운대구,차대사람,기타,기타,신호위반,단일로,기타단일로
14323,2014-09-02 16,주간,화,1,1,0,0,0,충북,청주시,차량단독,공작물충돌,공작물충돌,안전운전 의무 불이행,단일로,기타단일로
14324,2014-10-12 18,야간,일,1,1,0,0,0,전북,전주시,차대차,기타,기타,안전운전 의무 불이행,단일로,기타단일로
14325,2014-10-31 10,주간,금,1,1,0,0,0,전북,군산시,차대사람,횡단중,횡단중,보행자 보호의무 위반,교차로,교차로부근
14326,2014-10-12 14,주간,일,1,1,0,0,0,경기,수원시,차대사람,횡단중,횡단중,안전운전 의무 불이행,단일로,기타단일로
14327,2014-10-01 18,야간,수,1,1,0,0,0,경기,화성시,차대사람,기타,기타,안전운전 의무 불이행,교차로,교차로내
14328,2014-11-15 23,야간,토,1,1,0,0,0,인천,서구,차대차,측면충돌,측면충돌,신호위반,교차로,교차로내
14329,2014-09-03 00,야간,수,1,1,0,0,0,충북,청주시,차대사람,기타,기타,안전운전 의무 불이행,단일로,기타단일로
14330,2014-12-19 02,야간,금,1,2,0,1,0,대전,중구,차대사람,횡단중,횡단중,안전운전 의무 불이행,단일로,횡단보도부근
14331,2014-10-31 21,야간,금,1,1,0,0,0,전북,군산시,차대사람,횡단중,횡단중,보행자 보호의무 위반,단일로,횡단보도상
14332,2014-12-17 05,야간,수,1,2,0,1,0,인천,남구,차대차,기타,기타,신호위반,교차로,교차로내
14333,2014-09-07 17,주간,일,1,1,0,0,0,경기,남양주시,차대차,추돌,진행중 추돌,안전운전 의무 불이행,단일로,기타단일로
14334,2014-08-23 04,야간,토,1,1,0,0,0,경기,고양시,차량단독,기타,기타,안전운전 의무 불이행,단일로,기타단일로
14335,2014-10-02 19,야간,목,1,1,0,0,0,광주,서구,차대사람,횡단중,횡단중,안전운전 의무 불이행,단일로,횡단보도상
14336,2014-10-06 10,주간,월,1,1,0,0,0,전북,익산시,차대사람,횡단중,횡단중,신호위반,교차로,교차로내
14337,2014-10-13 18,야간,월,1,1,0,0,0,경기,수원시,차대사람,기타,기타,안전운전 의무 불이행,단일로,기타단일로
14338,2014-12-12 21,야간,금,1,1,0,0,0,서울,동대문구,차대차,기타,기타,안전운전 의무 불이행,단일로,기타단일로
14339,2014-10-14 19,야간,화,1,1,0,0,0,전북,전주시,차대차,기타,기타,안전운전 의무 불이행,단일로,기타단일로
14340,2014-11-08 19,야간,토,1,1,0,0,0,경북,경주시,차대사람,기타,기타,안전운전 의무 불이행,단일로,기타단일로
14341,2014-09-14 19,야간,일,1,1,0,0,0,경기,안산시,차대사람,횡단중,횡단중,안전운전 의무 불이행,교차로,교차로부근
14342,2014-11-13 15,주간,목,1,1,0,0,0,경기,파주시,차대차,기타,기타,신호위반,교차로,교차로내
14343,2014-11-25 08,주간,화,1,1,0,0,0,대구,동구,차량단독,도로이탈,도로이탈 추락,안전운전 의무 불이행,단일로,기타단일로
14344,2014-10-14 23,야간,화,1,2,1,0,0,경기,수원시,차대차,기타,기타,중앙선 침범,단일로,기타단일로
14345,2014-07-11 02,야간,금,1,1,0,0,0,대전,서구,차대사람,횡단중,횡단중,안전운전 의무 불이행,단일로,횡단보도상
14346,2014-10-24 03,야간,금,1,1,0,0,0,부산,부산진구,차대사람,차도통행중,차도통행중,신호위반,단일로,횡단보도부근
14347,2014-09-24 02,야간,수,1,1,0,0,0,대구,달서구,차대사람,기타,기타,안전운전 의무 불이행,단일로,기타단일로
14348,2014-08-15 07,주간,금,1,1,0,0,0,경북,구미시,차량단독,공작물충돌,공작물충돌,안전운전 의무 불이행,단일로,기타단일로
14349,2014-08-25 15,주간,월,1,1,0,0,0,경기,고양시,차대차,기타,기타,안전운전 의무 불이행,단일로,기타단일로
14350,2014-11-28 06,주간,금,1,1,0,0,0,부산,수영구,차대사람,횡단중,횡단중,안전운전 의무 불이행,단일로,기타단일로
14351,2014-11-29 15,주간,토,1,2,1,0,0,경기,김포시,차대차,기타,기타,중앙선 침범,단일로,기타단일로
14352,2014-09-07 14,주간,일,1,1,0,0,0,충북,청주시,차량단독,공작물충돌,공작물충돌,안전운전 의무 불이행,단일로,기타단일로
14353,2014-11-21 15,주간,금,1,2,1,0,0,인천,서구,차대차,측면충돌,측면충돌,교차로 통행방법 위반,교차로,교차로내
14354,2014-12-16 06,주간,화,1,1,0,0,0,서울,동대문구,차량단독,주정차차량 충돌,주정차차량 충돌,안전운전 의무 불이행,단일로,기타단일로
14355,2014-11-30 06,주간,일,1,1,0,0,0,경기,김포시,차대사람,횡단중,횡단중,안전운전 의무 불이행,교차로,교차로부근
14356,2014-09-10 11,주간,수,1,1,0,0,0,경기,남양주시,차대차,추돌,진행중 추돌,안전운전 의무 불이행,교차로,교차로부근
14357,2014-10-15 16,주간,수,1,2,0,1,0,강원,원주시,차대사람,기타,기타,안전운전 의무 불이행,교차로,교차로부근
14358,2014-12-24 10,주간,수,1,1,0,0,0,대전,중구,차대사람,횡단중,횡단중,안전운전 의무 불이행,단일로,기타단일로
14359,2014-08-16 09,주간,토,1,1,0,0,0,경북,구미시,차량단독,전도전복,전도전복,안전운전 의무 불이행,단일로,기타단일로
14360,2014-11-23 15,주간,일,1,1,0,0,0,서울,영등포구,차대사람,횡단중,횡단중,안전운전 의무 불이행,단일로,기타단일로
14361,2014-11-23 18,야간,일,1,1,0,0,0,서울,영등포구,차대사람,기타,기타,안전운전 의무 불이행,단일로,기타단일로
14362,2014-09-17 04,야간,수,1,1,0,0,0,경기,시흥시,차대사람,횡단중,횡단중,안전운전 의무 불이행,교차로,교차로부근
14363,2014-11-30 02,야간,일,1,1,0,0,0,부산,남구,차대차,추돌,진행중 추돌,안전거리 미확보,단일로,터널안
14364,2014-11-06 09,주간,목,1,1,0,0,0,전북,군산시,차대차,측면충돌,측면충돌,신호위반,교차로,교차로내
14365,2014-12-19 21,야간,금,1,1,0,0,0,서울,동대문구,차대사람,기타,기타,안전운전 의무 불이행,단일로,기타단일로
14366,2014-09-18 13,주간,목,1,1,0,0,0,경기,시흥시,차대사람,기타,기타,안전운전 의무 불이행,단일로,기타단일로
14367,2014-12-09 01,야간,화,1,1,0,0,0,충남,천안시,차대차,추돌,주정차중 추돌,안전운전 의무 불이행,단일로,기타단일로
14368,2014-12-24 17,주간,수,1,1,0,0,0,인천,남구,차대사람,기타,기타,안전운전 의무 불이행,교차로,교차로내
14369,2014-07-14 07,주간,월,1,1,0,0,0,경기,평택시,차대차,측면충돌,측면충돌,중앙선 침범,단일로,기타단일로
14370,2014-12-24 18,야간,수,1,1,0,0,0,인천,남구,차대사람,기타,기타,안전운전 의무 불이행,교차로,교차로내
14371,2014-12-27 01,야간,토,1,1,0,0,0,제주,제주시,차대사람,횡단중,횡단중,안전운전 의무 불이행,교차로,교차로부근
14372,2014-11-30 17,주간,일,1,2,1,0,0,대구,동구,차량단독,공작물충돌,공작물충돌,안전운전 의무 불이행,단일로,기타단일로
14373,2014-09-27 23,야간,토,1,5,2,2,0,대구,달서구,차대차,측면충돌,측면충돌,신호위반,교차로,교차로내
14374,2014-10-11 21,야간,토,1,2,1,0,0,광주,서구,차대사람,횡단중,횡단중,안전운전 의무 불이행,단일로,기타단일로
14375,2014-09-20 22,야간,토,1,1,0,0,0,인천,남동구,차대사람,횡단중,횡단중,안전운전 의무 불이행,교차로,교차로부근
14376,2014-11-17 19,야간,월,1,1,0,0,0,경북,경주시,차대사람,기타,기타,안전운전 의무 불이행,단일로,기타단일로
14377,2014-10-20 07,주간,월,1,2,1,0,0,강원,원주시,차량단독,공작물충돌,공작물충돌,안전운전 의무 불이행,단일로,교량위
14378,2014-12-22 12,주간,월,1,2,0,1,0,부산,해운대구,차대차,기타,기타,신호위반,교차로,교차로부근
14379,2014-11-29 04,야간,토,1,1,0,0,0,서울,영등포구,차대사람,횡단중,횡단중,안전운전 의무 불이행,교차로,교차로부근
14380,2014-12-18 14,주간,목,1,1,0,0,0,대구,달서구,차대차,추돌,주정차중 추돌,안전운전 의무 불이행,단일로,기타단일로
14381,2014-11-19 14,주간,수,1,1,0,0,0,경북,경주시,차대사람,기타,기타,안전운전 의무 불이행,교차로,교차로부근
14382,2014-12-08 13,주간,월,1,1,0,0,0,경기,김포시,차대사람,횡단중,횡단중,신호위반,교차로,교차로내
14383,2014-09-15 19,야간,월,1,1,0,0,0,충북,청주시,차대사람,기타,기타,안전운전 의무 불이행,단일로,기타단일로
14384,2014-07-17 17,주간,목,1,1,0,0,0,경기,평택시,차대사람,횡단중,횡단중,안전운전 의무 불이행,교차로,교차로부근
14385,2014-09-09 00,야간,화,1,1,0,0,0,광주,북구,차대사람,길가장자리구역통행중,길가장자리구역통행중,안전운전 의무 불이행,단일로,기타단일로
14386,2014-11-01 11,주간,토,1,1,0,0,0,경기,의정부시,차대사람,보도통행중,보도통행중,안전운전 의무 불이행,단일로,기타단일로
14387,2014-09-16 21,야간,화,1,1,0,0,0,경기,남양주시,차대사람,횡단중,횡단중,안전운전 의무 불이행,교차로,교차로내
14388,2014-12-09 19,야간,화,1,1,0,0,0,경기,김포시,차대사람,기타,기타,안전운전 의무 불이행,단일로,기타단일로
14389,2014-11-03 05,야간,월,1,1,0,0,0,경기,용인시,차대사람,횡단중,횡단중,안전운전 의무 불이행,단일로,기타단일로
14390,2014-09-24 21,야간,수,1,4,2,1,0,인천,남동구,차대사람,기타,기타,안전운전 의무 불이행,단일로,기타단일로
14391,2014-10-14 17,주간,화,1,1,0,0,0,경기,오산시,차대사람,횡단중,횡단중,안전운전 의무 불이행,단일로,기타단일로
14392,2014-12-21 01,야간,일,1,3,0,2,0,대구,달서구,차대차,기타,기타,안전거리 미확보,단일로,터널안
14393,2014-09-18 02,야간,목,1,1,0,0,0,경기,남양주시,차량단독,공작물충돌,공작물충돌,안전운전 의무 불이행,단일로,기타단일로
14394,2014-10-23 08,주간,목,1,2,0,1,0,강원,원주시,차대차,정면충돌,정면충돌,중앙선 침범,단일로,기타단일로
14395,2014-11-02 21,야간,일,1,4,2,0,1,경기,의정부시,차대차,추돌,주정차중 추돌,안전운전 의무 불이행,단일로,기타단일로
14396,2014-11-15 16,주간,토,1,2,0,1,0,부산,수영구,차대차,추돌,주정차중 추돌,안전운전 의무 불이행,단일로,고가도로위
14397,2014-11-24 07,주간,월,1,8,4,3,0,경북,경주시,차대차,기타,기타,중앙선 침범,단일로,기타단일로
14398,2014-11-05 06,주간,수,1,1,0,0,0,전북,전주시,차대차,추돌,주정차중 추돌,안전운전 의무 불이행,단일로,기타단일로
14399,2014-10-26 22,야간,일,1,2,1,0,0,경기,수원시,차대사람,횡단중,횡단중,안전운전 의무 불이행,단일로,횡단보도상
14400,2014-11-17 03,야간,월,1,2,1,0,0,경기,안산시,차대사람,기타,기타,안전운전 의무 불이행,단일로,기타단일로
14401,2014-11-25 22,야간,화,1,1,0,0,0,경북,경주시,차대사람,횡단중,횡단중,안전운전 의무 불이행,단일로,기타단일로
14402,2014-12-15 22,야간,월,1,1,0,0,0,경북,경산시,차량단독,도로이탈,도로이탈 추락,안전운전 의무 불이행,단일로,기타단일로
14403,2014-11-25 20,야간,화,1,2,1,0,0,경기,성남시,차대사람,횡단중,횡단중,안전운전 의무 불이행,단일로,횡단보도상
14404,2014-11-26 20,야간,수,1,1,0,0,0,경북,경주시,차대사람,기타,기타,안전운전 의무 불이행,단일로,기타단일로
14405,2014-11-07 02,야간,금,1,1,0,0,0,경기,용인시,차대차,추돌,주정차중 추돌,안전운전 의무 불이행,단일로,기타단일로
14406,2014-08-26 15,주간,화,1,1,0,0,0,경북,구미시,차량단독,공작물충돌,공작물충돌,안전운전 의무 불이행,단일로,기타단일로
14407,2014-10-31 05,야간,금,1,1,0,0,0,전북,전주시,차대사람,횡단중,횡단중,과속,교차로,교차로내
14408,2014-10-14 21,야간,화,1,1,0,0,0,경기,화성시,차대차,기타,기타,신호위반,교차로,교차로내
14409,2014-10-31 10,주간,금,1,2,1,0,0,전북,전주시,차대사람,기타,기타,안전운전 의무 불이행,단일로,기타단일로
14410,2014-11-09 04,야간,일,1,2,1,0,0,부산,부산진구,차대사람,횡단중,횡단중,안전운전 의무 불이행,단일로,기타단일로
14411,2014-10-28 13,주간,화,1,1,0,0,0,광주,광산구,차대차,측면충돌,측면충돌,신호위반,교차로,교차로내
14412,2014-10-28 01,야간,화,1,1,0,0,0,강원,원주시,차량단독,공작물충돌,공작물충돌,안전운전 의무 불이행,교차로,교차로부근
14413,2014-11-10 12,주간,월,1,1,0,0,0,경기,용인시,차대차,추돌,진행중 추돌,안전운전 의무 불이행,단일로,기타단일로
14414,2014-09-23 20,야간,화,1,1,0,0,0,충북,청주시,차대사람,기타,기타,보행자 보호의무 위반,교차로,교차로내