교통사고이력ID(사고기록 순서),발생년월일시,주야코드,요일코드,사망자수,부상자수,중상자수,경상자수,부상신고자수,발생지시도코드,발생지시도코드,사고유형대분류코드,사고유형중분류코드,사고유형코드,법규위반코드,도로형태대분류코드,도로로형태코드
14415,2014-10-27 15,주간,월,1,1,0,0,0,전북,익산시,차대사람,길가장자리구역통행중,길가장자리구역통행중,안전운전 의무 불이행,단일로,기타단일로
14416,2014-09-04 11,주간,목,1,1,0,0,0,경기,수원시,차량단독,공작물충돌,공작물충돌,안전운전 의무 불이행,단일로,기타단일로
14417,2014-12-13 23,야간,토,1,2,0,1,0,인천,서구,차대차,기타,기타,중앙선 침범,단일로,기타단일로
14418,2014-11-04 13,주간,화,1,2,0,0,1,경기,수원시,차대차,측면충돌,측면충돌,중앙선 침범,교차로,교차로내
14419,2014-10-29 05,야간,수,1,1,0,0,0,전북,익산시,차대사람,횡단중,횡단중,과속,단일로,기타단일로
14420,2014-10-29 07,주간,수,1,1,0,0,0,전북,익산시,차대차,측면충돌,측면충돌,교차로 통행방법 위반,교차로,교차로내
14421,2014-10-03 21,야간,금,2,4,1,1,0,경기,시흥시,차대차,기타,기타,안전거리 미확보,교차로,교차로부근
14422,2014-11-03 16,주간,월,1,2,1,0,0,강원,원주시,차대차,측면충돌,측면충돌,교차로 통행방법 위반,교차로,교차로내
14423,2014-09-27 01,야간,토,1,1,0,0,0,충북,청주시,차대사람,기타,기타,안전운전 의무 불이행,교차로,교차로부근
14424,2014-09-27 00,야간,토,1,2,1,0,0,충북,청주시,차량단독,공작물충돌,공작물충돌,안전운전 의무 불이행,단일로,기타단일로
14425,2014-11-06 17,주간,목,1,1,0,0,0,경기,수원시,차대차,측면충돌,측면충돌,신호위반,교차로,교차로내
14426,2014-09-02 23,야간,화,1,1,0,0,0,경북,구미시,차대사람,횡단중,횡단중,안전운전 의무 불이행,기타/불명,기타/불명
14427,2014-09-02 22,야간,화,2,5,3,0,0,경북,구미시,차대사람,기타,기타,안전운전 의무 불이행,단일로,기타단일로
14428,2014-10-29 07,주간,수,1,1,0,0,0,경기,화성시,차대사람,기타,기타,안전운전 의무 불이행,단일로,기타단일로
14429,2014-11-29 07,주간,토,1,1,0,0,0,경기,안산시,차대사람,횡단중,횡단중,안전운전 의무 불이행,교차로,교차로내
14430,2014-11-10 18,야간,월,1,1,0,0,0,전북,전주시,차대사람,길가장자리구역통행중,길가장자리구역통행중,신호위반,단일로,기타단일로
14431,2014-07-29 04,야간,화,1,1,0,0,0,경기,평택시,차대사람,기타,기타,안전운전 의무 불이행,단일로,기타단일로
14432,2014-12-11 15,주간,목,1,1,0,0,0,경기,파주시,차대사람,기타,기타,신호위반,교차로,교차로내
14433,2014-12-11 17,주간,목,1,1,0,0,0,경기,파주시,차대사람,횡단중,횡단중,안전운전 의무 불이행,단일로,기타단일로
14434,2014-12-08 14,주간,월,1,1,0,0,0,경기,성남시,차대사람,기타,기타,안전운전 의무 불이행,단일로,기타단일로
14435,2014-07-30 23,야간,수,1,1,0,0,0,경기,평택시,차대차,기타,기타,신호위반,교차로,교차로내
14436,2014-11-08 14,주간,토,1,1,0,0,0,강원,원주시,차대차,기타,기타,안전운전 의무 불이행,단일로,기타단일로
14437,2014-12-14 16,주간,일,1,2,1,0,0,경기,파주시,차량단독,공작물충돌,공작물충돌,안전운전 의무 불이행,단일로,기타단일로
14438,2014-11-14 06,주간,금,1,1,0,0,0,전북,전주시,차대차,기타,기타,기타,단일로,기타단일로
14439,2014-12-04 13,주간,목,1,1,0,0,0,전북,군산시,차대사람,횡단중,횡단중,보행자 보호의무 위반,단일로,횡단보도상
14440,2014-12-28 01,야간,일,1,2,0,1,0,대구,동구,차대차,측면충돌,측면충돌,교차로 통행방법 위반,교차로,교차로내
14441,2014-11-15 13,주간,토,1,1,0,0,0,전북,전주시,차대사람,횡단중,횡단중,안전운전 의무 불이행,교차로,교차로부근
14442,2014-09-07 04,야간,일,1,1,0,0,0,경북,구미시,차대사람,기타,기타,안전운전 의무 불이행,단일로,기타단일로
14443,2014-12-17 18,야간,수,1,1,0,0,0,경북,경주시,차대사람,기타,기타,안전운전 의무 불이행,단일로,기타단일로
14444,2014-07-25 17,주간,금,1,1,0,0,0,대전,유성구,차대차,측면충돌,측면충돌,교차로 통행방법 위반,교차로,교차로내
14445,2014-10-03 02,야간,금,1,1,0,0,0,충북,청주시,차대사람,기타,기타,안전운전 의무 불이행,교차로,교차로부근
14446,2014-11-26 06,주간,수,1,1,0,0,0,전북,전주시,차대차,측면충돌,측면충돌,신호위반,교차로,교차로내
14447,2014-10-08 05,야간,수,1,1,0,0,0,경기,남양주시,차대사람,기타,기타,안전운전 의무 불이행,단일로,기타단일로
14448,2014-10-07 10,주간,화,1,1,0,0,0,경기,남양주시,차대차,측면충돌,측면충돌,안전운전 의무 불이행,단일로,기타단일로
14449,2014-11-12 22,야간,수,1,2,1,0,0,강원,원주시,차대차,기타,기타,중앙선 침범,단일로,기타단일로
14450,2014-12-19 21,야간,금,1,1,0,0,0,경북,경주시,차대차,기타,기타,안전운전 의무 불이행,교차로,교차로내
14451,2014-11-07 18,야간,금,1,2,1,0,0,전북,익산시,차대차,측면충돌,측면충돌,안전운전 의무 불이행,교차로,교차로내
14452,2014-11-07 17,주간,금,1,1,0,0,0,전북,익산시,차대사람,보도통행중,보도통행중,안전운전 의무 불이행,단일로,횡단보도상
14453,2014-10-08 20,야간,수,1,1,0,0,0,경기,남양주시,차대사람,횡단중,횡단중,중앙선 침범,단일로,기타단일로
14454,2014-10-15 06,주간,수,1,1,0,0,0,경기,시흥시,차대차,추돌,진행중 추돌,기타,교차로,교차로부근
14455,2014-11-27 18,야간,목,1,1,0,0,0,전북,전주시,차대사람,횡단중,횡단중,안전운전 의무 불이행,단일로,기타단일로
14456,2014-12-25 16,주간,목,1,1,0,0,0,서울,영등포구,차대사람,기타,기타,안전운전 의무 불이행,단일로,기타단일로
14457,2014-08-04 04,야간,월,1,1,0,0,0,경기,평택시,차대차,추돌,주정차중 추돌,안전운전 의무 불이행,교차로,교차로부근
14458,2014-07-28 00,야간,월,1,1,0,0,0,대전,유성구,차대사람,횡단중,횡단중,보행자 보호의무 위반,단일로,횡단보도상
14459,2014-12-12 18,야간,금,1,2,1,0,0,전북,군산시,차대사람,횡단중,횡단중,안전운전 의무 불이행,교차로,교차로부근
14460,2014-08-05 18,야간,화,1,4,1,2,0,경기,평택시,차대차,측면충돌,측면충돌,교차로 통행방법 위반,교차로,교차로부근
14461,2014-10-09 18,야간,목,1,1,0,0,0,충북,청주시,차대차,추돌,진행중 추돌,안전운전 의무 불이행,단일로,기타단일로
14462,2014-10-12 06,주간,일,1,1,0,0,0,경기,남양주시,차대사람,횡단중,횡단중,신호위반,단일로,횡단보도상
14463,2014-12-01 23,야간,월,1,1,0,0,0,전북,전주시,차량단독,도로이탈,도로이탈 추락,안전운전 의무 불이행,단일로,교량위
14464,2014-12-13 16,주간,토,1,3,2,0,0,전북,군산시,차량단독,공작물충돌,공작물충돌,안전운전 의무 불이행,교차로,교차로부근
14465,2014-12-02 15,주간,화,1,1,0,0,0,전북,전주시,차대사람,길가장자리구역통행중,길가장자리구역통행중,안전운전 의무 불이행,단일로,기타단일로
14466,2014-11-21 06,주간,금,1,1,0,0,0,경기,수원시,차대사람,횡단중,횡단중,안전운전 의무 불이행,교차로,교차로내
14467,2014-09-20 01,야간,토,1,1,0,0,0,경기,수원시,차대사람,횡단중,횡단중,안전운전 의무 불이행,단일로,기타단일로
14468,2014-10-13 18,야간,월,1,1,0,0,0,경기,남양주시,차대사람,횡단중,횡단중,안전운전 의무 불이행,단일로,기타단일로
14469,2014-12-04 06,주간,목,1,1,0,0,0,전북,전주시,차대차,기타,기타,안전운전 의무 불이행,단일로,기타단일로
14470,2014-11-03 06,주간,월,1,1,0,0,0,서울,송파구,차대차,측면충돌,측면충돌,신호위반,교차로,교차로내
14471,2014-10-04 22,야간,토,1,1,0,0,0,광주,북구,차대사람,횡단중,횡단중,보행자 보호의무 위반,교차로,교차로부근
14472,2014-12-29 10,주간,월,1,2,0,1,0,경북,경주시,차대차,기타,기타,중앙선 침범,단일로,기타단일로
14473,2014-10-05 00,야간,일,1,1,0,0,0,광주,북구,차대사람,횡단중,횡단중,보행자 보호의무 위반,교차로,교차로부근
14474,2014-10-23 12,주간,목,1,1,0,0,0,인천,남동구,차대차,측면충돌,측면충돌,안전운전 의무 불이행,단일로,지하차도(도로)내
14475,2014-12-02 04,야간,화,1,1,0,0,0,경기,용인시,차량단독,기타,기타,안전운전 의무 불이행,기타/불명,기타/불명
14476,2014-11-21 03,야간,금,1,3,1,1,0,강원,원주시,차대차,측면충돌,측면충돌,안전운전 의무 불이행,교차로,교차로내
14477,2014-12-20 06,주간,토,1,1,0,0,0,경기,안산시,차대차,추돌,진행중 추돌,안전운전 의무 불이행,단일로,기타단일로
14478,2014-09-07 01,야간,일,1,7,6,0,0,대구,수성구,차대차,정면충돌,정면충돌,중앙선 침범,교차로,교차로부근
14479,2014-12-02 16,주간,화,1,1,0,0,0,경기,용인시,차대사람,횡단중,횡단중,신호위반,단일로,기타단일로
14480,2014-12-26 07,주간,금,1,1,0,0,0,경기,파주시,차대차,기타,기타,안전운전 의무 불이행,단일로,기타단일로
14481,2014-12-07 17,주간,일,1,1,0,0,0,전북,전주시,차대차,기타,기타,안전운전 의무 불이행,단일로,기타단일로
14482,2014-12-08 18,야간,월,1,1,0,0,0,전북,전주시,차대사람,횡단중,횡단중,안전운전 의무 불이행,단일로,기타단일로
14483,2014-11-22 17,주간,토,1,1,0,0,0,강원,원주시,차대사람,기타,기타,안전운전 의무 불이행,단일로,기타단일로
14484,2014-11-16 19,야간,일,1,1,0,0,0,전북,익산시,차대사람,횡단중,횡단중,안전운전 의무 불이행,단일로,기타단일로
14485,2014-11-16 22,야간,일,1,1,0,0,0,전북,익산시,차대차,측면충돌,측면충돌,안전운전 의무 불이행,교차로,교차로내
14486,2014-09-18 19,야간,목,1,1,0,0,0,경북,구미시,차대사람,횡단중,횡단중,안전운전 의무 불이행,단일로,기타단일로
14487,2014-12-11 01,야간,목,1,1,0,0,0,부산,부산진구,차대차,측면충돌,측면충돌,안전운전 의무 불이행,교차로,교차로내
14488,2014-12-04 23,야간,목,1,1,0,0,0,경기,용인시,차대사람,기타,기타,안전운전 의무 불이행,단일로,기타단일로
14489,2014-12-05 03,야간,금,1,1,0,0,0,경기,용인시,차량단독,공작물충돌,공작물충돌,안전운전 의무 불이행,교차로,교차로부근
14490,2014-11-27 17,주간,목,1,6,1,4,0,경기,수원시,차대사람,횡단중,횡단중,안전운전 의무 불이행,단일로,횡단보도부근
14491,2014-10-29 02,야간,수,1,1,0,0,0,인천,남동구,차대사람,횡단중,횡단중,안전운전 의무 불이행,단일로,횡단보도상
14492,2014-11-30 05,야간,일,1,1,0,0,0,경기,수원시,차량단독,기타,기타,안전운전 의무 불이행,단일로,기타단일로
14493,2014-10-29 12,주간,수,1,1,0,0,0,경기,시흥시,차대사람,횡단중,횡단중,안전운전 의무 불이행,교차로,교차로부근
14494,2014-10-04 02,야간,토,1,3,2,0,0,경기,고양시,차대차,정면충돌,정면충돌,안전운전 의무 불이행,교차로,교차로내
14495,2014-11-08 07,주간,토,1,1,0,0,0,대구,달서구,차대차,측면충돌,측면충돌,교차로 통행방법 위반,교차로,교차로내
14496,2014-12-05 19,야간,금,1,1,0,0,0,전북,전주시,차대차,기타,기타,안전운전 의무 불이행,단일로,기타단일로
14497,2014-08-05 13,주간,화,1,1,0,0,0,대전,유성구,차대사람,횡단중,횡단중,안전운전 의무 불이행,단일로,횡단보도상
14498,2014-08-06 01,야간,수,1,1,0,0,0,대전,서구,차대사람,기타,기타,안전운전 의무 불이행,단일로,기타단일로
14499,2014-12-20 05,야간,토,1,1,0,0,0,경기,의정부시,차대사람,횡단중,횡단중,안전운전 의무 불이행,단일로,기타단일로
14500,2014-12-07 23,야간,일,1,1,0,0,0,전북,전주시,차대차,기타,기타,신호위반,교차로,교차로내
14501,2014-12-19 22,야간,금,1,1,0,0,0,전북,전주시,차대사람,횡단중,횡단중,안전운전 의무 불이행,교차로,교차로부근
14502,2014-11-15 06,주간,토,1,1,0,0,0,서울,송파구,차대사람,횡단중,횡단중,안전운전 의무 불이행,교차로,교차로부근
14503,2014-12-21 23,야간,일,1,4,2,1,0,전북,전주시,차대차,측면충돌,측면충돌,신호위반,교차로,교차로내
14504,2014-09-27 02,야간,토,1,3,2,0,0,경북,구미시,차대차,기타,기타,중앙선 침범,기타/불명,기타/불명
14505,2014-12-06 18,야간,토,1,1,0,0,0,강원,원주시,차대차,기타,기타,교차로 통행방법 위반,교차로,교차로내
14506,2014-10-03 05,야간,금,1,1,0,0,0,경기,수원시,차대사람,횡단중,횡단중,안전운전 의무 불이행,교차로,교차로부근
14507,2014-10-18 18,야간,토,1,2,0,1,0,광주,북구,차대사람,횡단중,횡단중,안전운전 의무 불이행,단일로,기타단일로
14508,2014-11-26 21,야간,수,1,1,0,0,0,광주,서구,차대사람,기타,기타,안전운전 의무 불이행,교차로,교차로내
14509,2014-12-10 20,야간,수,1,1,0,0,0,전북,전주시,차대사람,횡단중,횡단중,보행자 보호의무 위반,단일로,횡단보도상
14510,2014-11-29 15,주간,토,1,1,0,0,0,경기,화성시,차대사람,횡단중,횡단중,교차로 통행방법 위반,교차로,교차로내
14511,2014-10-29 22,야간,수,1,1,0,0,0,충북,청주시,차대차,추돌,진행중 추돌,안전운전 의무 불이행,단일로,기타단일로
14512,2014-11-16 01,야간,일,1,1,0,0,0,대구,달서구,차대차,추돌,주정차중 추돌,안전운전 의무 불이행,단일로,기타단일로
14513,2014-11-09 17,주간,일,1,1,0,0,0,경기,시흥시,차대차,정면충돌,정면충돌,중앙선 침범,단일로,기타단일로
14514,2014-10-01 17,주간,수,2,2,0,0,0,경북,구미시,차대차,측면충돌,측면충돌,교차로 통행방법 위반,교차로,교차로내
14515,2014-12-28 22,야간,일,1,4,2,1,0,전북,전주시,차대차,정면충돌,정면충돌,중앙선 침범,단일로,기타단일로
14516,2014-12-30 20,야간,화,1,1,0,0,0,전북,전주시,차대사람,횡단중,횡단중,보행자 보호의무 위반,단일로,횡단보도상
14517,2014-11-05 18,야간,수,1,1,0,0,0,경기,남양주시,차대사람,횡단중,횡단중,안전운전 의무 불이행,단일로,기타단일로
14518,2014-12-24 18,야간,수,1,1,0,0,0,경기,용인시,차대사람,차도통행중,차도통행중,안전운전 의무 불이행,교차로,교차로내
14519,2014-12-17 22,야간,수,1,1,0,0,0,경기,수원시,차대차,측면충돌,측면충돌,중앙선 침범,단일로,기타단일로
14520,2014-10-27 12,주간,월,1,1,0,0,0,광주,북구,차대사람,보도통행중,보도통행중,기타,단일로,기타단일로
14521,2014-12-08 11,주간,월,1,1,0,0,0,경기,오산시,차대차,기타,기타,안전운전 의무 불이행,단일로,기타단일로
14522,2014-10-03 04,야간,금,1,1,0,0,0,대구,수성구,차대사람,횡단중,횡단중,신호위반,교차로,교차로내
14523,2014-10-03 21,야간,금,1,1,0,0,0,대구,수성구,차대사람,차도통행중,차도통행중,안전운전 의무 불이행,단일로,기타단일로
14524,2014-12-19 09,주간,금,1,1,0,0,0,경기,수원시,차대사람,횡단중,횡단중,안전운전 의무 불이행,단일로,기타단일로
14525,2014-11-17 00,야간,월,1,2,1,0,0,경기,시흥시,차량단독,공작물충돌,공작물충돌,안전운전 의무 불이행,단일로,기타단일로
14526,2014-12-07 23,야간,일,1,1,0,0,0,광주,서구,차대사람,횡단중,횡단중,과속,교차로,교차로내
14527,2014-11-19 01,야간,수,1,4,2,1,0,경기,시흥시,차대차,추돌,주정차중 추돌,안전운전 의무 불이행,교차로,교차로부근
14528,2014-12-11 19,야간,목,1,1,0,0,0,경기,화성시,차대사람,기타,기타,안전운전 의무 불이행,교차로,교차로내
14529,2014-11-01 23,야간,토,1,2,1,0,0,광주,북구,차량단독,공작물충돌,공작물충돌,안전운전 의무 불이행,단일로,기타단일로
14530,2014-11-02 01,야간,일,1,1,0,0,0,광주,북구,차대차,측면충돌,측면충돌,신호위반,교차로,교차로내
14531,2014-11-11 00,야간,화,1,2,0,1,0,충북,청주시,차량단독,공작물충돌,공작물충돌,안전운전 의무 불이행,단일로,기타단일로
14532,2014-11-22 06,주간,토,1,1,0,0,0,경기,시흥시,차대사람,기타,기타,안전운전 의무 불이행,교차로,교차로부근
14533,2014-12-26 10,주간,금,1,2,0,1,0,광주,광산구,차대차,측면충돌,측면충돌,기타,단일로,기타단일로
14534,2014-10-11 19,야간,토,1,1,0,0,0,경북,구미시,차대사람,기타,기타,안전운전 의무 불이행,교차로,교차로내
14535,2014-12-12 19,야간,금,1,1,0,0,0,광주,서구,차대사람,차도통행중,차도통행중,안전운전 의무 불이행,단일로,기타단일로
14536,2014-12-18 08,주간,목,1,1,0,0,0,전북,익산시,차대차,기타,기타,안전운전 의무 불이행,교차로,교차로부근
14537,2014-10-23 22,야간,목,1,1,0,0,0,경기,수원시,차대차,측면충돌,측면충돌,신호위반,교차로,교차로내
14538,2014-11-25 15,주간,화,1,2,0,1,0,경기,시흥시,차대차,측면충돌,측면충돌,안전운전 의무 불이행,단일로,기타단일로
14539,2014-12-27 15,주간,토,1,1,0,0,0,강원,원주시,차대사람,횡단중,횡단중,안전운전 의무 불이행,단일로,기타단일로
14540,2014-12-27 16,주간,토,1,1,0,0,0,강원,원주시,차대차,기타,기타,안전운전 의무 불이행,교차로,교차로내
14541,2014-11-06 11,주간,목,1,1,0,0,0,광주,북구,차대차,측면충돌,측면충돌,안전운전 의무 불이행,단일로,기타단일로
14542,2014-12-16 06,주간,화,1,1,0,0,0,광주,서구,차대사람,횡단중,횡단중,신호위반,교차로,교차로내
14543,2014-11-21 15,주간,금,1,1,0,0,0,경기,안산시,차대사람,횡단중,횡단중,보행자 보호의무 위반,교차로,교차로내
14544,2014-12-06 05,야간,토,1,1,0,0,0,대구,달서구,차대차,추돌,진행중 추돌,안전운전 의무 불이행,단일로,기타단일로
14545,2014-10-15 00,야간,수,1,1,0,0,0,대구,수성구,차대사람,횡단중,횡단중,안전운전 의무 불이행,단일로,횡단보도상
14546,2014-11-27 10,주간,목,1,2,1,0,0,경기,시흥시,차대차,기타,기타,신호위반,교차로,교차로내
14547,2014-11-17 00,야간,월,1,1,0,0,0,충북,청주시,차대차,측면충돌,측면충돌,안전운전 의무 불이행,단일로,기타단일로
14548,2014-10-16 15,주간,목,1,1,0,0,0,경북,구미시,차량단독,기타,기타,안전운전 의무 불이행,단일로,교량위
14549,2014-12-22 23,야간,월,1,1,0,0,0,전북,익산시,차대사람,차도통행중,차도통행중,안전운전 의무 불이행,단일로,기타단일로
14550,2014-10-17 22,야간,금,1,1,0,0,0,경북,구미시,차대사람,기타,기타,안전운전 의무 불이행,단일로,기타단일로
14551,2014-12-23 23,야간,화,1,1,0,0,0,전북,익산시,차대사람,기타,기타,안전운전 의무 불이행,단일로,기타단일로
14552,2014-10-31 06,주간,금,1,1,0,0,0,경기,고양시,차대사람,횡단중,횡단중,안전운전 의무 불이행,단일로,횡단보도상
14553,2014-12-25 19,야간,목,1,1,0,0,0,전북,익산시,차량단독,공작물충돌,공작물충돌,안전운전 의무 불이행,단일로,기타단일로
14554,2014-10-20 17,주간,월,1,2,0,1,0,대구,수성구,차대사람,횡단중,횡단중,안전운전 의무 불이행,단일로,기타단일로
14555,2014-11-27 14,주간,목,1,1,0,0,0,경기,안산시,차대사람,횡단중,횡단중,안전운전 의무 불이행,단일로,횡단보도상
14556,2014-11-22 14,주간,토,1,4,1,2,0,충북,청주시,차대차,추돌,주정차중 추돌,안전운전 의무 불이행,단일로,기타단일로
14557,2014-12-14 22,야간,일,1,1,0,0,0,대구,달서구,차대차,추돌,진행중 추돌,안전운전 의무 불이행,교차로,교차로부근
14558,2014-12-27 00,야간,토,1,1,0,0,0,광주,서구,차대사람,차도통행중,차도통행중,안전운전 의무 불이행,단일로,기타단일로
14559,2014-11-15 19,야간,토,1,1,0,0,0,광주,북구,차대사람,횡단중,횡단중,안전운전 의무 불이행,단일로,기타단일로
14560,2014-11-17 06,주간,월,1,1,0,0,0,경기,부천시,차대사람,횡단중,횡단중,안전운전 의무 불이행,교차로,교차로부근
14561,2014-11-24 21,야간,월,1,1,0,0,0,충북,청주시,차량단독,공작물충돌,공작물충돌,안전운전 의무 불이행,교차로,교차로내
14562,2014-11-25 09,주간,화,1,1,0,0,0,충북,청주시,차대차,추돌,진행중 추돌,안전거리 미확보,단일로,기타단일로
14563,2014-12-09 19,야간,화,1,1,0,0,0,인천,남동구,차대사람,기타,기타,안전운전 의무 불이행,단일로,기타단일로
14564,2014-11-19 09,주간,수,1,1,0,0,0,광주,북구,차대차,추돌,진행중 추돌,안전운전 의무 불이행,교차로,교차로부근
14565,2014-12-04 06,주간,목,1,1,0,0,0,경기,남양주시,차대사람,횡단중,횡단중,신호위반,교차로,교차로부근
14566,2014-12-01 17,주간,월,1,1,0,0,0,충북,청주시,차량단독,공작물충돌,공작물충돌,안전운전 의무 불이행,단일로,기타단일로
14567,2014-11-22 16,주간,토,1,1,0,0,0,광주,북구,차대차,측면충돌,측면충돌,안전거리 미확보,교차로,교차로부근
14568,2014-12-07 01,야간,일,1,1,0,0,0,경기,안산시,차대사람,횡단중,횡단중,안전운전 의무 불이행,단일로,기타단일로
14569,2014-10-30 15,주간,목,1,1,0,0,0,경북,구미시,차대사람,기타,기타,안전운전 의무 불이행,단일로,기타단일로
14570,2014-10-30 21,야간,목,1,1,0,0,0,경북,구미시,차대사람,기타,기타,안전운전 의무 불이행,단일로,기타단일로
14571,2014-09-17 22,야간,수,1,1,0,0,0,경기,평택시,차량단독,도로이탈,도로이탈 기타,안전운전 의무 불이행,단일로,기타단일로
14572,2014-12-04 04,야간,목,1,1,0,0,0,충북,청주시,차대사람,기타,기타,안전운전 의무 불이행,단일로,기타단일로
14573,2014-11-15 01,야간,토,1,1,0,0,0,경기,수원시,차대사람,기타,기타,안전운전 의무 불이행,단일로,기타단일로
14574,2014-12-19 08,주간,금,1,3,2,0,0,경기,시흥시,차대차,추돌,진행중 추돌,안전운전 의무 불이행,단일로,기타단일로
14575,2014-12-19 18,야간,금,1,1,0,0,0,경기,시흥시,차대사람,횡단중,횡단중,안전운전 의무 불이행,단일로,기타단일로
14576,2014-11-05 17,주간,수,1,1,0,0,0,경북,구미시,차대사람,기타,기타,안전운전 의무 불이행,기타/불명,기타/불명
14577,2014-12-13 15,주간,토,1,1,0,0,0,경기,남양주시,차대차,추돌,진행중 추돌,안전운전 의무 불이행,단일로,기타단일로
14578,2014-12-15 19,야간,월,1,1,0,0,0,경기,안산시,차대사람,차도통행중,차도통행중,안전운전 의무 불이행,단일로,기타단일로
14579,2014-11-18 02,야간,화,1,1,0,0,0,경기,고양시,차대사람,기타,기타,안전운전 의무 불이행,교차로,교차로부근
14580,2014-12-04 22,야간,목,1,3,2,0,0,경기,부천시,차대차,추돌,진행중 추돌,신호위반,교차로,교차로내
14581,2014-11-11 05,야간,화,1,1,0,0,0,대구,수성구,차대차,추돌,주정차중 추돌,안전운전 의무 불이행,교차로,교차로부근
14582,2014-11-22 20,야간,토,1,1,0,0,0,경기,수원시,차대사람,횡단중,횡단중,신호위반,교차로,교차로내
14583,2014-12-19 18,야간,금,1,1,0,0,0,경기,남양주시,차대사람,횡단중,횡단중,안전운전 의무 불이행,단일로,기타단일로
14584,2014-09-05 21,야간,금,1,2,1,0,0,대전,유성구,차량단독,전도전복,전도전복,안전운전 의무 불이행,단일로,기타단일로
14585,2014-09-11 05,야간,목,1,1,0,0,0,대전,서구,차대차,추돌,주정차중 추돌,안전운전 의무 불이행,단일로,기타단일로
14586,2014-12-09 05,야간,화,1,1,0,0,0,광주,북구,차대사람,횡단중,횡단중,안전운전 의무 불이행,교차로,교차로내
14587,2014-09-30 19,야간,화,1,1,0,0,0,경기,평택시,차대차,측면충돌,측면충돌,신호위반,교차로,교차로내
14588,2014-12-23 06,주간,화,1,1,0,0,0,충북,청주시,차대사람,기타,기타,안전운전 의무 불이행,단일로,기타단일로
14589,2014-12-23 22,야간,화,1,1,0,0,0,충북,청주시,차대사람,횡단중,횡단중,신호위반,교차로,교차로내
14590,2014-12-19 07,주간,금,1,1,0,0,0,경기,부천시,차대사람,횡단중,횡단중,안전운전 의무 불이행,교차로,교차로내
14591,2014-09-16 22,야간,화,1,1,0,0,0,대전,유성구,차대차,기타,기타,기타,단일로,기타단일로
14592,2014-12-04 05,야간,목,1,1,0,0,0,경기,수원시,차대사람,횡단중,횡단중,안전운전 의무 불이행,단일로,기타단일로
14593,2014-10-12 17,주간,일,1,1,0,0,0,경기,평택시,차량단독,전도전복,전도전복,안전운전 의무 불이행,단일로,기타단일로
14594,2014-12-08 18,야간,월,1,1,0,0,0,경기,고양시,차량단독,공작물충돌,공작물충돌,안전운전 의무 불이행,단일로,기타단일로
14595,2014-12-13 03,야간,토,1,1,0,0,0,경기,수원시,차대사람,기타,기타,안전운전 의무 불이행,교차로,교차로부근
14596,2014-11-30 18,야간,일,1,1,0,0,0,경북,구미시,차대차,추돌,진행중 추돌,교차로 통행방법 위반,교차로,교차로부근
14597,2014-12-03 17,주간,수,1,1,0,0,0,대구,수성구,차대사람,보도통행중,보도통행중,안전운전 의무 불이행,교차로,교차로내
14598,2014-12-04 18,야간,목,1,1,0,0,0,대구,수성구,차대사람,횡단중,횡단중,안전운전 의무 불이행,단일로,횡단보도상
14599,2014-12-10 13,주간,수,1,2,1,0,0,대구,수성구,차대차,기타,기타,신호위반,교차로,교차로내
14600,2014-10-01 02,야간,수,1,1,0,0,0,대전,서구,차량단독,전도전복,전도전복,안전운전 의무 불이행,단일로,기타단일로
14601,2014-12-20 03,야간,토,1,1,0,0,0,경기,고양시,차량단독,공작물충돌,공작물충돌,안전운전 의무 불이행,단일로,터널안
14602,2014-10-25 04,야간,토,1,1,0,0,0,경기,평택시,차량단독,공작물충돌,공작물충돌,안전운전 의무 불이행,교차로,교차로부근
14603,2014-10-27 00,야간,월,1,1,0,0,0,경기,평택시,차대차,기타,기타,안전운전 의무 불이행,단일로,기타단일로
14604,2014-10-31 04,야간,금,1,1,0,0,0,경기,평택시,차량단독,공작물충돌,공작물충돌,안전운전 의무 불이행,단일로,기타단일로
14605,2014-12-24 05,야간,수,1,1,0,0,0,경북,구미시,차대사람,기타,기타,안전운전 의무 불이행,교차로,교차로내
14606,2014-11-04 05,야간,화,1,1,0,0,0,경기,평택시,차대차,기타,기타,안전운전 의무 불이행,교차로,교차로내
14607,2014-12-08 14,주간,월,1,1,0,0,0,경북,구미시,차량단독,공작물충돌,공작물충돌,안전운전 의무 불이행,교차로,교차로내
14608,2014-11-04 18,야간,화,1,1,0,0,0,경기,평택시,차대사람,횡단중,횡단중,안전운전 의무 불이행,단일로,기타단일로
14609,2014-11-07 22,야간,금,1,1,0,0,0,경기,평택시,차대사람,기타,기타,안전운전 의무 불이행,단일로,기타단일로
14610,2014-12-29 23,야간,월,1,1,0,0,0,대구,수성구,차대사람,기타,기타,안전운전 의무 불이행,단일로,기타단일로
14611,2014-12-31 02,야간,수,1,1,0,0,0,대구,수성구,차량단독,공작물충돌,공작물충돌,안전운전 의무 불이행,교차로,교차로부근
14612,2014-11-30 00,야간,일,5,5,0,0,0,경기,평택시,차대차,추돌,주정차중 추돌,안전운전 의무 불이행,단일로,기타단일로
14613,2014-12-07 18,야간,일,1,1,0,0,0,경기,평택시,차대사람,횡단중,횡단중,안전운전 의무 불이행,단일로,기타단일로