교통사고이력ID(사고기록 순서),발생년월일시,주야코드,요일코드,사망자수,부상자수,중상자수,경상자수,부상신고자수,발생지시도코드,발생지시도코드,사고유형대분류코드,사고유형중분류코드,사고유형코드,법규위반코드,도로형태대분류코드,도로로형태코드
14811,2015-03-17 19,야간,화,1,1,0,0,0,전북,임실군,차대차,추돌,진행중 추돌,안전운전 의무 불이행,단일로,기타단일로
14812,2015-04-22 17,주간,수,1,2,1,0,0,강원,인제군,차대차,정면충돌,정면충돌,중앙선 침범,단일로,기타단일로
14813,2015-01-19 10,주간,월,1,1,0,0,0,서울,은평구,차대사람,횡단중,횡단중,신호위반,단일로,횡단보도상
14814,2015-01-10 03,야간,토,1,1,0,0,0,서울,구로구,차대사람,횡단중,횡단중,과속,교차로,교차로부근
14815,2015-02-15 18,야간,일,1,1,0,0,0,경기,연천군,차대차,추돌,진행중 추돌,안전운전 의무 불이행,단일로,기타단일로
14816,2015-04-29 05,야간,수,1,1,0,0,0,경북,영양군,차량단독,공작물충돌,공작물충돌,안전운전 의무 불이행,단일로,기타단일로
14817,2015-03-19 19,야간,목,1,1,0,0,0,경북,봉화군,차대차,측면충돌,측면충돌,중앙선 침범,단일로,기타단일로
14818,2015-02-26 02,야간,목,1,5,2,2,0,충북,음성군,차대차,기타,기타,안전운전 의무 불이행,단일로,기타단일로
14819,2015-01-20 16,주간,화,1,3,1,1,0,경북,영주시,차량단독,전도전복,전도전복,안전운전 의무 불이행,단일로,기타단일로
14820,2015-01-10 04,야간,토,1,2,1,0,0,광주,남구,차량단독,공작물충돌,공작물충돌,안전운전 의무 불이행,단일로,기타단일로
14821,2015-01-09 09,주간,금,1,1,0,0,0,인천,계양구,차대차,측면충돌,측면충돌,신호위반,교차로,교차로내
14822,2015-02-18 20,야간,수,1,1,0,0,0,충남,부여군,차대사람,횡단중,횡단중,안전운전 의무 불이행,단일로,기타단일로
14823,2015-01-26 22,야간,월,1,1,0,0,0,세종,세종,차대차,추돌,주정차중 추돌,안전운전 의무 불이행,단일로,기타단일로
14824,2015-05-05 15,주간,화,1,1,0,0,0,전북,진안군,차대차,기타,기타,과속,단일로,기타단일로
14825,2015-03-02 06,주간,월,1,1,0,0,0,경남,하동군,차대차,측면충돌,측면충돌,안전운전 의무 불이행,교차로,교차로내
14826,2015-01-23 15,주간,금,1,1,0,0,0,충남,공주시,차량단독,공작물충돌,공작물충돌,안전운전 의무 불이행,단일로,기타단일로
14827,2015-02-17 09,주간,화,1,2,0,1,0,전남,강진군,차대차,측면충돌,측면충돌,과속,교차로,교차로내
14828,2015-01-12 18,야간,월,1,1,0,0,0,대구,중구,차량단독,공작물충돌,공작물충돌,안전운전 의무 불이행,단일로,기타단일로
14829,2015-01-07 07,주간,수,1,1,0,0,0,대전,동구,차대사람,횡단중,횡단중,안전운전 의무 불이행,단일로,횡단보도부근
14830,2015-01-09 22,야간,금,1,1,0,0,0,인천,계양구,차대사람,횡단중,횡단중,안전운전 의무 불이행,단일로,기타단일로
14831,2015-01-04 23,야간,일,1,1,0,0,0,경기,평택시,차대사람,차도통행중,차도통행중,안전운전 의무 불이행,단일로,기타단일로
14832,2015-03-02 07,주간,월,1,1,0,0,0,충남,청양군,차대사람,길가장자리구역통행중,길가장자리구역통행중,안전운전 의무 불이행,단일로,기타단일로
14833,2015-01-24 00,야간,토,1,2,1,0,0,충남,공주시,차대차,측면충돌,측면충돌,중앙선 침범,단일로,기타단일로
14834,2015-05-15 11,주간,금,2,3,1,0,0,전북,진안군,차량단독,도로이탈,도로이탈 기타,안전운전 의무 불이행,단일로,기타단일로
14835,2015-01-11 01,야간,일,1,2,0,0,1,경기,용인시,차량단독,도로이탈,도로이탈 추락,안전운전 의무 불이행,단일로,기타단일로
14836,2015-01-19 16,주간,월,1,1,0,0,0,충남,논산시,차대차,추돌,주정차중 추돌,기타,단일로,기타단일로
14837,2015-03-02 10,주간,월,1,2,1,0,0,경기,이천시,차대차,측면충돌,측면충돌,안전운전 의무 불이행,단일로,기타단일로
14838,2015-03-29 10,주간,일,1,1,0,0,0,전남,구례군,차량단독,도로이탈,도로이탈 추락,안전운전 의무 불이행,단일로,기타단일로
14839,2015-01-06 21,야간,화,1,1,0,0,0,서울,영등포구,차대사람,횡단중,횡단중,안전운전 의무 불이행,단일로,횡단보도상
14840,2015-01-08 06,주간,목,1,1,0,0,0,경기,성남시,차대사람,횡단중,횡단중,안전운전 의무 불이행,교차로,교차로부근
14841,2015-02-06 05,야간,금,1,1,0,0,0,전남,해남군,차량단독,도로이탈,도로이탈 기타,안전운전 의무 불이행,단일로,기타단일로
14842,2015-02-02 11,주간,월,1,1,0,0,0,경남,창녕군,차량단독,전도전복,전도전복,안전운전 의무 불이행,단일로,기타단일로
14843,2015-01-11 03,야간,일,1,5,1,3,0,경기,성남시,차대차,추돌,주정차중 추돌,안전운전 의무 불이행,단일로,기타단일로
14844,2015-01-21 19,야간,수,1,1,0,0,0,충남,홍성군,차대사람,횡단중,횡단중,안전운전 의무 불이행,단일로,기타단일로
14845,2015-01-11 18,야간,일,1,1,0,0,0,울산,울주군,차대사람,횡단중,횡단중,안전운전 의무 불이행,단일로,기타단일로
14846,2015-01-25 18,야간,일,1,1,0,0,0,전남,영암군,차대사람,기타,기타,안전운전 의무 불이행,단일로,기타단일로
14847,2015-01-03 15,주간,토,1,1,0,0,0,경기,성남시,차량단독,기타,기타,안전운전 의무 불이행,기타/불명,기타/불명
14848,2015-01-11 09,주간,일,2,5,0,3,0,충남,당진시,차대차,정면충돌,정면충돌,중앙선 침범,단일로,기타단일로
14849,2015-01-19 18,야간,월,1,1,0,0,0,충남,논산시,차대사람,횡단중,횡단중,중앙선 침범,교차로,교차로부근
14850,2015-01-11 05,야간,일,1,1,0,0,0,경기,이천시,차대사람,길가장자리구역통행중,길가장자리구역통행중,안전운전 의무 불이행,단일로,기타단일로
14851,2015-01-23 16,주간,금,1,1,0,0,0,경기,의왕시,차대사람,길가장자리구역통행중,길가장자리구역통행중,안전운전 의무 불이행,단일로,기타단일로
14852,2015-01-22 16,주간,목,1,1,0,0,0,경북,상주시,차대차,기타,기타,안전운전 의무 불이행,단일로,기타단일로
14853,2015-05-07 10,주간,목,1,1,0,0,0,전남,곡성군,차대사람,길가장자리구역통행중,길가장자리구역통행중,보행자 보호의무 위반,단일로,횡단보도상
14854,2015-03-31 15,주간,화,1,3,1,1,0,전북,임실군,차대차,추돌,주정차중 추돌,안전운전 의무 불이행,교차로,교차로부근
14855,2015-01-10 13,주간,토,1,3,1,1,0,충남,천안시,차대차,정면충돌,정면충돌,중앙선 침범,단일로,기타단일로
14856,2015-03-28 11,주간,토,1,1,0,0,0,전북,무주군,차대사람,횡단중,횡단중,안전운전 의무 불이행,단일로,기타단일로
14857,2015-01-26 14,주간,월,1,1,0,0,0,충남,공주시,차량단독,공작물충돌,공작물충돌,안전운전 의무 불이행,단일로,기타단일로
14858,2015-01-05 06,주간,월,1,1,0,0,0,경기,수원시,차대차,기타,기타,안전운전 의무 불이행,단일로,횡단보도상
14859,2015-01-12 21,야간,월,1,1,0,0,0,경기,안양시,차대사람,횡단중,횡단중,안전운전 의무 불이행,단일로,기타단일로
14860,2015-03-20 12,주간,금,1,1,0,0,0,전남,장성군,차량단독,전도전복,전도전복,안전운전 의무 불이행,단일로,기타단일로
14861,2015-03-11 19,야간,수,1,1,0,0,0,강원,평창군,차대사람,횡단중,횡단중,보행자 보호의무 위반,단일로,횡단보도상
14862,2015-03-30 19,야간,월,1,1,0,0,0,경남,남해군,차대차,추돌,진행중 추돌,안전운전 의무 불이행,단일로,기타단일로
14863,2015-01-07 06,주간,수,1,1,0,0,0,충남,천안시,차대사람,횡단중,횡단중,보행자 보호의무 위반,단일로,기타단일로
14864,2015-01-07 16,주간,수,1,8,7,0,0,경기,고양시,차대차,측면충돌,측면충돌,교차로 통행방법 위반,교차로,교차로내
14865,2015-03-05 19,야간,목,1,1,0,0,0,강원,횡성군,차량단독,공작물충돌,공작물충돌,안전운전 의무 불이행,교차로,교차로내
14866,2015-01-20 20,야간,화,1,1,0,0,0,경북,김천시,차대차,추돌,주정차중 추돌,안전운전 의무 불이행,단일로,기타단일로
14867,2015-01-31 06,주간,토,1,1,0,0,0,충북,청주시,차대차,기타,기타,안전운전 의무 불이행,단일로,기타단일로
14868,2015-01-14 18,야간,수,1,1,0,0,0,전남,광양시,차대사람,횡단중,횡단중,보행자 보호의무 위반,단일로,횡단보도상
14869,2015-03-09 12,주간,월,1,1,0,0,0,경남,하동군,차대사람,기타,기타,안전운전 의무 불이행,단일로,기타단일로
14870,2015-03-21 19,야간,토,1,1,0,0,0,전남,함평군,차량단독,도로이탈,도로이탈 추락,안전운전 의무 불이행,단일로,기타단일로
14871,2015-02-09 01,야간,월,1,2,1,0,0,충남,예산군,차량단독,기타,기타,안전운전 의무 불이행,단일로,기타단일로
14872,2015-02-07 19,야간,토,1,1,0,0,0,경남,창녕군,차대사람,차도통행중,차도통행중,안전운전 의무 불이행,단일로,기타단일로
14873,2015-04-09 11,주간,목,1,2,1,0,0,경북,봉화군,차량단독,도로이탈,도로이탈 추락,안전운전 의무 불이행,단일로,기타단일로
14874,2015-01-06 07,주간,화,1,2,1,0,0,경기,파주시,차대차,측면충돌,측면충돌,안전운전 의무 불이행,단일로,기타단일로
14875,2015-01-07 09,주간,수,1,1,0,0,0,전북,익산시,차대사람,길가장자리구역통행중,길가장자리구역통행중,안전운전 의무 불이행,단일로,기타단일로
14876,2015-01-22 20,야간,목,1,1,0,0,0,경기,동두천시,차대사람,횡단중,횡단중,안전운전 의무 불이행,단일로,기타단일로
14877,2015-02-17 14,주간,화,1,1,0,0,0,전북,부안군,차대차,측면충돌,측면충돌,신호위반,교차로,교차로내
14878,2015-04-17 11,주간,금,1,1,0,0,0,경남,진주시,차대사람,기타,기타,안전운전 의무 불이행,단일로,기타단일로
14879,2015-01-18 04,야간,일,1,1,0,0,0,부산,동구,차대사람,기타,기타,안전운전 의무 불이행,단일로,기타단일로
14880,2015-03-08 04,야간,일,1,1,0,0,0,충북,보은군,차대차,추돌,진행중 추돌,안전거리 미확보,단일로,기타단일로
14881,2015-03-07 13,주간,토,1,2,0,0,1,경북,청도군,차대차,정면충돌,정면충돌,신호위반,교차로,교차로내
14882,2015-01-22 08,주간,목,1,2,0,1,0,강원,동해시,차대차,측면충돌,측면충돌,신호위반,교차로,교차로내
14883,2015-02-01 16,주간,일,1,1,0,0,0,전북,완주군,차대차,정면충돌,정면충돌,안전운전 의무 불이행,교차로,교차로부근
14884,2015-01-19 07,주간,월,1,1,0,0,0,경남,사천시,차대사람,보도통행중,보도통행중,신호위반,단일로,기타단일로
14885,2015-02-22 19,야간,일,1,1,0,0,0,전남,담양군,차량단독,기타,기타,안전운전 의무 불이행,교차로,교차로부근
14886,2015-01-20 11,주간,화,1,1,0,0,0,경북,영천시,차대차,추돌,진행중 추돌,안전운전 의무 불이행,단일로,기타단일로
14887,2015-01-19 07,주간,월,1,1,0,0,0,인천,중구,차대사람,횡단중,횡단중,신호위반,교차로,교차로부근
14888,2015-01-30 03,야간,금,1,2,1,0,0,경기,광명시,차대사람,기타,기타,안전운전 의무 불이행,단일로,기타단일로
14889,2015-01-09 07,주간,금,1,1,0,0,0,부산,연제구,차대차,측면충돌,측면충돌,안전운전 의무 불이행,단일로,기타단일로
14890,2015-04-13 13,주간,월,1,1,0,0,0,전북,무주군,차대사람,기타,기타,안전운전 의무 불이행,단일로,기타단일로
14891,2015-02-27 19,야간,금,1,1,0,0,0,전남,장흥군,차대사람,차도통행중,차도통행중,안전운전 의무 불이행,단일로,기타단일로
14892,2015-01-07 08,주간,수,1,1,0,0,0,전남,목포시,차대사람,기타,기타,안전운전 의무 불이행,단일로,기타단일로
14893,2015-03-30 13,주간,월,1,1,0,0,0,전남,순천시,차량단독,전도전복,전도전복,안전운전 의무 불이행,단일로,기타단일로
14894,2015-05-16 10,주간,토,1,1,0,0,0,강원,영월군,차대사람,횡단중,횡단중,보행자 보호의무 위반,단일로,횡단보도상
14895,2015-02-13 14,주간,금,1,1,0,0,0,경남,함안군,차량단독,전도전복,전도전복,안전운전 의무 불이행,단일로,기타단일로
14896,2015-01-31 06,주간,토,1,3,1,1,0,경북,칠곡군,차대차,기타,기타,안전운전 의무 불이행,단일로,기타단일로
14897,2015-01-30 10,주간,금,1,2,1,0,0,경북,문경시,차량단독,공작물충돌,공작물충돌,안전운전 의무 불이행,단일로,기타단일로
14898,2015-09-29 15,주간,화,1,1,0,0,0,강원,화천군,차량단독,도로이탈,도로이탈 기타,안전운전 의무 불이행,단일로,교량위
14899,2015-04-23 11,주간,목,1,2,1,0,0,경북,청송군,차대차,정면충돌,정면충돌,중앙선 침범,단일로,기타단일로
14900,2015-02-03 12,주간,화,1,3,2,0,0,대구,동구,차량단독,공작물충돌,공작물충돌,안전운전 의무 불이행,단일로,기타단일로
14901,2015-03-17 15,주간,화,1,2,0,1,0,전남,보성군,차대차,추돌,진행중 추돌,안전운전 의무 불이행,교차로,교차로내
14902,2015-01-21 12,주간,수,1,1,0,0,0,경북,영천시,차량단독,공작물충돌,공작물충돌,안전운전 의무 불이행,단일로,기타단일로
14903,2015-02-23 02,야간,월,1,3,1,1,0,전남,고흥군,차대차,추돌,진행중 추돌,안전운전 의무 불이행,단일로,기타단일로
14904,2015-03-07 13,주간,토,1,1,0,0,0,충남,부여군,차대사람,횡단중,횡단중,안전운전 의무 불이행,단일로,기타단일로
14905,2015-03-20 13,주간,금,1,1,0,0,0,전남,완도군,차량단독,도로이탈,도로이탈 추락,안전운전 의무 불이행,단일로,기타단일로
14906,2015-01-14 06,주간,수,1,1,0,0,0,부산,사상구,차대사람,횡단중,횡단중,안전운전 의무 불이행,교차로,교차로내
14907,2015-01-15 20,야간,목,1,1,0,0,0,서울,서대문구,차대사람,횡단중,횡단중,안전운전 의무 불이행,단일로,횡단보도부근
14908,2015-04-21 07,주간,화,1,1,0,0,0,강원,철원군,차량단독,공작물충돌,공작물충돌,안전운전 의무 불이행,단일로,기타단일로
14909,2015-03-28 15,주간,토,1,2,1,0,0,전남,장성군,차량단독,전도전복,전도전복,기타,교차로,교차로내
14910,2015-01-16 09,주간,금,1,1,0,0,0,경남,창원시(통합),차대차,측면충돌,측면충돌,안전운전 의무 불이행,교차로,교차로내
14911,2015-04-06 08,주간,월,1,1,0,0,0,강원,평창군,차대차,측면충돌,측면충돌,안전운전 의무 불이행,단일로,기타단일로
14912,2015-05-01 08,주간,금,1,2,1,0,0,경남,의령군,차량단독,공작물충돌,공작물충돌,안전운전 의무 불이행,교차로,교차로내
14913,2015-05-28 10,주간,목,1,1,0,0,0,전북,순창군,차대차,추돌,진행중 추돌,교차로 통행방법 위반,단일로,기타단일로
14914,2015-01-17 17,주간,토,1,1,0,0,0,서울,금천구,차대사람,횡단중,횡단중,안전운전 의무 불이행,단일로,기타단일로
14915,2015-01-28 00,야간,수,1,1,0,0,0,충남,보령시,차대사람,횡단중,횡단중,안전운전 의무 불이행,교차로,교차로부근
14916,2015-01-06 23,야간,화,1,3,0,1,1,경기,수원시,차대차,측면충돌,측면충돌,중앙선 침범,단일로,기타단일로
14917,2015-01-07 14,주간,수,1,1,0,0,0,전북,전주시,차대사람,차도통행중,차도통행중,안전운전 의무 불이행,단일로,기타단일로
14918,2015-06-18 18,야간,목,1,1,0,0,0,전북,진안군,차량단독,전도전복,전도전복,안전운전 의무 불이행,단일로,기타단일로
14919,2015-05-07 00,야간,목,1,8,0,7,0,충남,서산시,차량단독,공작물충돌,공작물충돌,기타,단일로,기타단일로
14920,2015-03-25 15,주간,수,1,1,0,0,0,경북,고령군,차대차,측면충돌,측면충돌,신호위반,교차로,교차로내
14921,2015-01-28 07,주간,수,1,1,0,0,0,서울,성북구,차대사람,차도통행중,차도통행중,안전운전 의무 불이행,단일로,기타단일로
14922,2015-01-07 11,주간,수,1,1,0,0,0,강원,원주시,차량단독,공작물충돌,공작물충돌,안전운전 의무 불이행,단일로,기타단일로
14923,2015-04-13 17,주간,월,1,1,0,0,0,충북,단양군,차량단독,도로이탈,도로이탈 기타,안전운전 의무 불이행,단일로,기타단일로
14924,2015-01-26 05,야간,월,1,1,0,0,0,경남,창원시(통합),차대사람,길가장자리구역통행중,길가장자리구역통행중,안전운전 의무 불이행,단일로,기타단일로
14925,2015-01-13 23,야간,화,1,1,0,0,0,경기,양주시,차량단독,공작물충돌,공작물충돌,안전운전 의무 불이행,단일로,기타단일로
14926,2015-01-28 16,주간,수,1,1,0,0,0,서울,성북구,차대사람,횡단중,횡단중,안전운전 의무 불이행,단일로,기타단일로
14927,2015-11-05 16,주간,목,1,1,0,0,0,강원,화천군,차량단독,공작물충돌,공작물충돌,안전운전 의무 불이행,단일로,기타단일로
14928,2015-04-25 20,야간,토,1,1,0,0,0,강원,철원군,차대사람,횡단중,횡단중,과속,단일로,기타단일로
14929,2015-03-16 19,야간,월,1,1,0,0,0,충남,금산군,차대차,추돌,진행중 추돌,안전운전 의무 불이행,단일로,기타단일로
14930,2015-08-18 08,주간,화,1,2,1,0,0,전북,장수군,차대차,추돌,진행중 추돌,안전운전 의무 불이행,기타/불명,기타/불명
14931,2015-07-18 22,야간,토,5,6,1,0,0,전북,남원시,차대차,정면충돌,정면충돌,중앙선 침범,단일로,기타단일로
14932,2015-05-04 23,야간,월,1,1,0,0,0,경남,산청군,차대차,측면충돌,측면충돌,안전운전 의무 불이행,단일로,기타단일로
14933,2015-01-30 02,야간,금,1,1,0,0,0,부산,중구,차대사람,횡단중,횡단중,안전운전 의무 불이행,단일로,횡단보도상
14934,2015-01-15 06,주간,목,1,2,0,1,0,경기,화성시,차대차,기타,기타,안전운전 의무 불이행,단일로,기타단일로
14935,2015-04-24 13,주간,금,1,1,0,0,0,전남,구례군,차대사람,기타,기타,안전운전 의무 불이행,단일로,기타단일로
14936,2015-02-09 06,주간,월,1,3,0,1,1,충남,공주시,차대차,기타,기타,안전운전 의무 불이행,단일로,기타단일로
14937,2015-01-06 07,주간,화,1,1,0,0,0,경기,안산시,차대차,기타,기타,안전운전 의무 불이행,단일로,기타단일로
14938,2015-06-03 17,주간,수,1,1,0,0,0,충북,보은군,차대차,측면충돌,측면충돌,안전운전 의무 불이행,교차로,교차로내
14939,2015-06-09 13,주간,화,1,1,0,0,0,전북,순창군,차량단독,전도전복,전도전복,안전운전 의무 불이행,기타/불명,기타/불명
14940,2015-03-30 06,주간,월,1,1,0,0,0,강원,정선군,차대사람,횡단중,횡단중,안전운전 의무 불이행,교차로,교차로내
14941,2015-03-19 15,주간,목,1,1,0,0,0,경북,의성군,차대차,측면충돌,측면충돌,과속,단일로,기타단일로
14942,2015-01-17 11,주간,토,1,1,0,0,0,서울,구로구,차대사람,차도통행중,차도통행중,안전운전 의무 불이행,단일로,기타단일로
14943,2015-04-08 09,주간,수,1,2,1,0,0,전남,장성군,차대차,정면충돌,정면충돌,중앙선 침범,단일로,기타단일로
14944,2015-01-15 22,야간,목,1,1,0,0,0,울산,울주군,차대사람,차도통행중,차도통행중,과속,단일로,기타단일로
14945,2015-04-18 21,야간,토,1,2,0,1,0,전남,진도군,차대차,추돌,진행중 추돌,안전운전 의무 불이행,단일로,기타단일로
14946,2015-05-28 09,주간,목,1,1,0,0,0,경남,산청군,차대사람,횡단중,횡단중,안전운전 의무 불이행,교차로,교차로내
14947,2015-03-19 19,야간,목,1,1,0,0,0,경남,거창군,차대차,측면충돌,측면충돌,교차로 통행방법 위반,교차로,교차로내
14948,2015-03-01 02,야간,일,1,1,0,0,0,경남,창녕군,차대사람,차도통행중,차도통행중,안전운전 의무 불이행,단일로,기타단일로
14949,2015-05-06 09,주간,수,1,1,0,0,0,전북,무주군,차량단독,도로이탈,도로이탈 추락,안전운전 의무 불이행,단일로,기타단일로
14950,2015-01-14 14,주간,수,1,1,0,0,0,경남,김해시,차대차,추돌,주정차중 추돌,안전운전 의무 불이행,교차로,교차로부근
14951,2015-02-03 18,야간,화,1,1,0,0,0,충남,공주시,차량단독,도로이탈,도로이탈 기타,안전운전 의무 불이행,단일로,기타단일로
14952,2015-02-24 20,야간,화,1,1,0,0,0,경남,함안군,차대사람,횡단중,횡단중,안전운전 의무 불이행,단일로,기타단일로
14953,2015-05-13 21,야간,수,1,1,0,0,0,경북,청송군,차량단독,공작물충돌,공작물충돌,안전운전 의무 불이행,단일로,기타단일로
14954,2015-02-20 00,야간,금,1,2,1,0,0,경북,울진군,차대차,기타,기타,중앙선 침범,단일로,기타단일로
14955,2015-01-06 19,야간,화,1,1,0,0,0,경기,안산시,차대사람,횡단중,횡단중,안전운전 의무 불이행,단일로,기타단일로
14956,2015-03-02 16,주간,월,1,1,0,0,0,충북,괴산군,차량단독,전도전복,전도전복,안전운전 의무 불이행,단일로,기타단일로
14957,2015-04-07 15,주간,화,1,1,0,0,0,충북,영동군,차대차,추돌,진행중 추돌,안전운전 의무 불이행,단일로,기타단일로
14958,2015-03-14 19,야간,토,1,1,0,0,0,전남,영광군,차대사람,횡단중,횡단중,안전운전 의무 불이행,교차로,교차로내
14959,2015-03-06 14,주간,금,1,2,0,1,0,충남,서천군,차대차,기타,기타,신호위반,교차로,교차로내
14960,2015-01-09 18,야간,금,1,1,0,0,0,경기,고양시,차대차,추돌,진행중 추돌,안전운전 의무 불이행,교차로,교차로내
14961,2015-03-31 16,주간,화,1,1,0,0,0,강원,정선군,차량단독,공작물충돌,공작물충돌,안전운전 의무 불이행,단일로,기타단일로
14962,2015-02-09 05,야간,월,1,2,0,1,0,경북,김천시,차대차,추돌,진행중 추돌,안전운전 의무 불이행,단일로,기타단일로
14963,2015-01-15 14,주간,목,1,1,0,0,0,충남,태안군,차량단독,공작물충돌,공작물충돌,안전운전 의무 불이행,단일로,기타단일로
14964,2015-03-04 00,야간,수,1,1,0,0,0,경남,창녕군,차대사람,기타,기타,안전운전 의무 불이행,단일로,기타단일로
14965,2015-02-09 07,주간,월,1,1,0,0,0,서울,은평구,차대사람,횡단중,횡단중,안전운전 의무 불이행,교차로,교차로내
14966,2015-04-05 10,주간,일,2,2,0,0,0,강원,정선군,차대차,추돌,진행중 추돌,안전운전 의무 불이행,기타/불명,기타/불명
14967,2015-05-31 16,주간,일,1,3,2,0,0,경남,산청군,차대차,정면충돌,정면충돌,중앙선 침범,단일로,교량위
14968,2015-06-13 17,주간,토,1,1,0,0,0,충북,보은군,차대차,추돌,진행중 추돌,안전운전 의무 불이행,교차로,교차로내
14969,2015-04-04 09,주간,토,1,2,1,0,0,경북,청도군,차대차,추돌,진행중 추돌,안전운전 의무 불이행,단일로,기타단일로
14970,2015-06-24 20,야간,수,1,3,0,2,0,전북,순창군,차량단독,전도전복,전도전복,안전운전 의무 불이행,단일로,기타단일로
14971,2015-01-15 14,주간,목,1,1,0,0,0,충남,태안군,차량단독,도로이탈,도로이탈 추락,안전운전 의무 불이행,교차로,교차로내
14972,2015-06-18 18,야간,목,1,2,1,0,0,경북,군위군,차대차,정면충돌,정면충돌,안전운전 의무 불이행,단일로,기타단일로
14973,2015-09-06 16,주간,일,1,4,3,0,0,강원,양구군,차량단독,공작물충돌,공작물충돌,안전운전 의무 불이행,단일로,기타단일로
14974,2015-02-01 18,야간,일,1,1,0,0,0,충남,보령시,차대사람,횡단중,횡단중,안전운전 의무 불이행,교차로,교차로부근
14975,2015-02-15 07,주간,일,1,1,0,0,0,충북,청주시,차량단독,공작물충돌,공작물충돌,안전운전 의무 불이행,단일로,기타단일로
14976,2015-03-12 10,주간,목,1,2,0,1,0,전남,담양군,차대차,정면충돌,정면충돌,중앙선 침범,단일로,기타단일로
14977,2015-04-13 17,주간,월,1,1,0,0,0,전남,장성군,차량단독,공작물충돌,공작물충돌,안전운전 의무 불이행,단일로,기타단일로
14978,2015-01-12 19,야간,월,1,1,0,0,0,제주,서귀포시,차대사람,횡단중,횡단중,안전운전 의무 불이행,단일로,기타단일로
14979,2015-06-12 08,주간,금,1,1,0,0,0,강원,영월군,차대사람,횡단중,횡단중,안전운전 의무 불이행,단일로,기타단일로
14980,2015-03-18 11,주간,수,1,1,0,0,0,전남,영광군,차량단독,전도전복,전도전복,안전운전 의무 불이행,단일로,기타단일로
14981,2015-01-20 06,주간,화,1,1,0,0,0,서울,금천구,차대사람,횡단중,횡단중,안전운전 의무 불이행,단일로,횡단보도상
14982,2015-05-28 08,주간,목,1,1,0,0,0,전북,부안군,차대차,기타,기타,안전운전 의무 불이행,단일로,기타단일로
14983,2015-06-14 07,주간,일,1,2,0,0,1,강원,영월군,차량단독,도로이탈,도로이탈 기타,안전운전 의무 불이행,단일로,기타단일로
14984,2015-03-20 02,야간,금,1,2,1,0,0,경북,영덕군,차대차,추돌,주정차중 추돌,안전운전 의무 불이행,교차로,교차로부근
14985,2015-02-03 23,야간,화,1,1,0,0,0,부산,중구,차량단독,공작물충돌,공작물충돌,안전운전 의무 불이행,단일로,터널안
14986,2015-05-01 07,주간,금,1,1,0,0,0,전남,함평군,차대차,추돌,진행중 추돌,중앙선 침범,교차로,교차로부근
14987,2015-02-02 06,주간,월,1,1,0,0,0,충남,보령시,차대사람,횡단중,횡단중,안전운전 의무 불이행,교차로,교차로내
14988,2015-04-14 20,야간,화,1,1,0,0,0,충북,영동군,차대사람,차도통행중,차도통행중,안전운전 의무 불이행,단일로,기타단일로
14989,2015-06-28 20,야간,일,1,1,0,0,0,전북,순창군,차대사람,보도통행중,보도통행중,안전운전 의무 불이행,단일로,기타단일로
14990,2015-02-17 14,주간,화,1,2,0,1,0,충남,천안시,차대차,측면충돌,측면충돌,안전운전 의무 불이행,단일로,기타단일로
14991,2015-01-12 18,야간,월,1,1,0,0,0,전남,순천시,차대사람,기타,기타,과속,교차로,교차로부근
14992,2015-02-13 14,주간,금,1,1,0,0,0,경북,경산시,차대차,추돌,진행중 추돌,안전운전 의무 불이행,단일로,기타단일로
14993,2015-03-31 05,야간,화,2,4,1,1,0,경기,하남시,차대차,측면충돌,측면충돌,안전운전 의무 불이행,단일로,기타단일로
14994,2015-02-04 09,주간,수,1,1,0,0,0,경북,상주시,차대차,측면충돌,측면충돌,안전운전 의무 불이행,교차로,교차로내
14995,2015-01-11 19,야간,일,1,1,0,0,0,경기,안양시,차대사람,차도통행중,차도통행중,안전운전 의무 불이행,단일로,기타단일로
14996,2015-05-05 10,주간,화,1,3,2,0,0,경남,합천군,차량단독,도로이탈,도로이탈 추락,안전운전 의무 불이행,단일로,기타단일로
14997,2015-01-13 08,주간,화,1,1,0,0,0,서울,관악구,차대차,추돌,주정차중 추돌,안전운전 의무 불이행,교차로,교차로부근
14998,2015-07-20 22,야간,월,1,2,1,0,0,경북,영양군,차량단독,도로이탈,도로이탈 추락,안전운전 의무 불이행,단일로,기타단일로
14999,2015-02-11 15,주간,수,1,1,0,0,0,부산,영도구,차대사람,기타,기타,기타,단일로,기타단일로
15000,2015-03-29 22,야간,일,1,1,0,0,0,경북,의성군,차대사람,기타,기타,과속,단일로,기타단일로
15001,2015-01-13 17,주간,화,1,1,0,0,0,경기,군포시,차대사람,횡단중,횡단중,안전운전 의무 불이행,단일로,기타단일로
15002,2015-01-28 19,야간,수,1,1,0,0,0,경남,밀양시,차량단독,공작물충돌,공작물충돌,안전운전 의무 불이행,단일로,기타단일로
15003,2015-03-31 10,주간,화,1,2,1,0,0,충남,금산군,차대차,정면충돌,정면충돌,중앙선 침범,단일로,기타단일로
15004,2015-04-20 16,주간,월,1,1,0,0,0,강원,횡성군,차량단독,도로이탈,도로이탈 추락,안전운전 의무 불이행,단일로,기타단일로
15005,2015-01-12 13,주간,월,1,1,0,0,0,전남,여수시,차량단독,전도전복,전도전복,안전운전 의무 불이행,단일로,기타단일로