교통사고이력ID(사고기록 순서),발생년월일시,주야코드,요일코드,사망자수,부상자수,중상자수,경상자수,부상신고자수,발생지시도코드,발생지시도코드,사고유형대분류코드,사고유형중분류코드,사고유형코드,법규위반코드,도로형태대분류코드,도로로형태코드
15203,2015-03-06 19,야간,금,1,1,0,0,0,전북,완주군,차대사람,기타,기타,안전운전 의무 불이행,교차로,교차로내
15204,2015-08-10 08,주간,월,1,1,0,0,0,경남,함양군,차량단독,전도전복,전도전복,안전운전 의무 불이행,단일로,기타단일로
15205,2015-05-22 08,주간,금,1,1,0,0,0,경남,거창군,차대차,측면충돌,측면충돌,기타,교차로,교차로내
15206,2015-03-01 20,야간,일,1,1,0,0,0,경북,영주시,차대차,추돌,진행중 추돌,안전운전 의무 불이행,단일로,기타단일로
15207,2015-01-17 01,야간,토,1,1,0,0,0,경남,양산시,차대사람,횡단중,횡단중,안전운전 의무 불이행,단일로,기타단일로
15208,2015-01-31 20,야간,토,1,1,0,0,0,대구,달성군,차대사람,횡단중,횡단중,안전운전 의무 불이행,단일로,기타단일로
15209,2015-01-16 22,야간,금,1,1,0,0,0,서울,영등포구,차대사람,기타,기타,안전운전 의무 불이행,교차로,교차로부근
15210,2015-01-12 21,야간,월,1,1,0,0,0,경기,남양주시,차대차,추돌,주정차중 추돌,안전운전 의무 불이행,단일로,기타단일로
15211,2015-06-25 17,주간,목,1,1,0,0,0,전남,강진군,차대차,추돌,주정차중 추돌,안전운전 의무 불이행,단일로,기타단일로
15212,2015-04-29 19,야간,수,1,1,0,0,0,강원,태백시,차대차,추돌,주정차중 추돌,안전운전 의무 불이행,단일로,기타단일로
15213,2015-03-12 10,주간,목,1,1,0,0,0,전남,무안군,차량단독,전도전복,전도전복,안전운전 의무 불이행,교차로,교차로부근
15214,2015-01-22 06,주간,목,1,1,0,0,0,서울,강남구,차대사람,횡단중,횡단중,안전운전 의무 불이행,단일로,기타단일로
15215,2015-01-28 20,야간,수,1,1,0,0,0,경기,화성시,차대사람,차도통행중,차도통행중,안전운전 의무 불이행,단일로,기타단일로
15216,2015-01-28 06,주간,수,1,1,0,0,0,울산,울주군,차대사람,횡단중,횡단중,안전운전 의무 불이행,교차로,교차로부근
15217,2015-07-31 17,주간,금,1,1,0,0,0,경남,합천군,차대사람,길가장자리구역통행중,길가장자리구역통행중,안전운전 의무 불이행,단일로,기타단일로
15218,2015-01-18 06,주간,일,1,1,0,0,0,경기,김포시,차량단독,공작물충돌,공작물충돌,안전운전 의무 불이행,단일로,기타단일로
15219,2015-07-14 22,야간,화,1,1,0,0,0,전남,함평군,차량단독,도로이탈,도로이탈 추락,안전운전 의무 불이행,단일로,기타단일로
15220,2015-02-26 05,야간,목,1,2,1,0,0,충남,계룡시,차대차,추돌,진행중 추돌,안전운전 의무 불이행,단일로,기타단일로
15221,2015-04-13 16,주간,월,1,3,0,1,1,전북,부안군,차대차,추돌,진행중 추돌,안전운전 의무 불이행,단일로,기타단일로
15222,2015-06-29 09,주간,월,1,1,0,0,0,충북,영동군,차량단독,전도전복,전도전복,안전운전 의무 불이행,단일로,기타단일로
15223,2015-03-20 13,주간,금,1,8,5,2,0,경북,구미시,차대차,추돌,진행중 추돌,안전거리 미확보,단일로,터널안
15224,2015-09-03 15,주간,목,1,2,1,0,0,경남,산청군,차량단독,공작물충돌,공작물충돌,안전운전 의무 불이행,교차로,교차로부근
15225,2015-05-04 14,주간,월,1,2,0,1,0,전남,담양군,차대차,정면충돌,정면충돌,중앙선 침범,단일로,기타단일로
15226,2015-08-24 22,야간,월,1,4,2,1,0,전북,무주군,차대차,기타,기타,교차로 통행방법 위반,교차로,교차로내
15227,2015-01-29 07,주간,목,1,2,0,1,0,경기,이천시,차대차,기타,기타,신호위반,교차로,교차로내
15228,2015-05-27 18,야간,수,2,7,5,0,0,충남,금산군,차대차,정면충돌,정면충돌,중앙선 침범,단일로,기타단일로
15229,2015-08-06 12,주간,목,1,2,1,0,0,경남,합천군,차대차,정면충돌,정면충돌,중앙선 침범,단일로,기타단일로
15230,2015-01-20 04,야간,화,1,1,0,0,0,서울,강동구,차대사람,횡단중,횡단중,안전운전 의무 불이행,단일로,기타단일로
15231,2015-07-03 23,야간,금,1,2,1,0,0,전남,진도군,차량단독,공작물충돌,공작물충돌,안전운전 의무 불이행,기타/불명,기타/불명
15232,2015-04-18 20,야간,토,1,1,0,0,0,경북,성주군,차대사람,횡단중,횡단중,안전운전 의무 불이행,기타/불명,기타/불명
15233,2015-07-02 03,야간,목,1,1,0,0,0,충북,영동군,차대차,추돌,진행중 추돌,안전운전 의무 불이행,단일로,기타단일로
15234,2015-01-24 04,야간,토,1,1,0,0,0,대전,서구,차대사람,횡단중,횡단중,안전운전 의무 불이행,단일로,기타단일로
15235,2015-09-07 16,주간,월,1,1,0,0,0,강원,영월군,차대사람,횡단중,횡단중,보행자 보호의무 위반,단일로,횡단보도상
15236,2015-01-16 04,야간,금,1,2,1,0,0,경기,안산시,차대차,측면충돌,측면충돌,신호위반,교차로,교차로내
15237,2015-05-29 04,야간,금,1,2,1,0,0,충남,금산군,차량단독,공작물충돌,공작물충돌,안전운전 의무 불이행,단일로,기타단일로
15238,2015-09-11 10,주간,금,1,1,0,0,0,경남,산청군,차대사람,길가장자리구역통행중,길가장자리구역통행중,안전운전 의무 불이행,단일로,기타단일로
15239,2015-03-06 18,야간,금,1,1,0,0,0,전남,나주시,차대차,추돌,진행중 추돌,안전운전 의무 불이행,단일로,기타단일로
15240,2015-10-12 13,주간,월,2,5,3,0,0,경북,군위군,차대차,정면충돌,정면충돌,중앙선 침범,단일로,기타단일로
15241,2015-03-24 05,야간,화,1,1,0,0,0,경북,칠곡군,차대사람,기타,기타,안전운전 의무 불이행,단일로,기타단일로
15242,2015-04-09 20,야간,목,1,1,0,0,0,전남,해남군,차량단독,공작물충돌,공작물충돌,안전운전 의무 불이행,단일로,기타단일로
15243,2015-09-11 12,주간,금,1,1,0,0,0,경남,산청군,차량단독,공작물충돌,공작물충돌,안전운전 의무 불이행,단일로,기타단일로
15244,2015-04-11 12,주간,토,1,1,0,0,0,전남,해남군,차량단독,공작물충돌,공작물충돌,안전운전 의무 불이행,교차로,교차로부근
15245,2015-03-12 19,야간,목,1,1,0,0,0,전북,완주군,차대사람,횡단중,횡단중,안전운전 의무 불이행,교차로,교차로부근
15246,2015-06-29 06,주간,월,1,1,0,0,0,강원,횡성군,차량단독,도로이탈,도로이탈 추락,안전운전 의무 불이행,교차로,교차로부근
15247,2015-08-08 15,주간,토,1,1,0,0,0,전북,임실군,차량단독,전도전복,전도전복,안전운전 의무 불이행,단일로,교량위
15248,2015-03-05 11,주간,목,1,1,0,0,0,충남,홍성군,차대차,측면충돌,측면충돌,교차로 통행방법 위반,교차로,교차로내
15249,2015-01-16 13,주간,금,1,1,0,0,0,경기,수원시,차량단독,전도전복,전도전복,안전운전 의무 불이행,교차로,교차로내
15250,2015-04-20 07,주간,월,1,1,0,0,0,경북,성주군,차량단독,도로이탈,도로이탈 기타,안전운전 의무 불이행,기타/불명,기타/불명
15251,2015-06-26 17,주간,금,1,1,0,0,0,충남,청양군,차량단독,전도전복,전도전복,안전운전 의무 불이행,단일로,기타단일로
15252,2015-02-01 21,야간,일,1,1,0,0,0,충남,천안시,차대사람,횡단중,횡단중,안전운전 의무 불이행,단일로,기타단일로
15253,2015-03-23 10,주간,월,1,1,0,0,0,부산,기장군,차대사람,횡단중,횡단중,안전운전 의무 불이행,단일로,기타단일로
15254,2015-07-01 13,주간,수,1,1,0,0,0,전남,장성군,차대차,측면충돌,측면충돌,신호위반,교차로,교차로내
15255,2015-01-30 06,주간,금,1,1,0,0,0,경남,창원시(통합),차대사람,횡단중,횡단중,안전운전 의무 불이행,단일로,기타단일로
15256,2015-06-05 13,주간,금,1,3,1,1,0,충북,옥천군,차대차,기타,기타,신호위반,교차로,교차로내
15257,2015-07-25 20,야간,토,1,1,0,0,0,강원,철원군,차대사람,기타,기타,안전운전 의무 불이행,단일로,기타단일로
15258,2015-04-15 15,주간,수,1,1,0,0,0,경북,울진군,차대사람,길가장자리구역통행중,길가장자리구역통행중,안전운전 의무 불이행,단일로,기타단일로
15259,2015-12-03 19,야간,목,1,1,0,0,0,전북,진안군,차량단독,공작물충돌,공작물충돌,안전운전 의무 불이행,단일로,기타단일로
15260,2015-03-08 16,주간,일,1,1,0,0,0,전남,나주시,차량단독,기타,기타,안전운전 의무 불이행,단일로,기타단일로
15261,2015-01-18 22,야간,일,1,1,0,0,0,경북,경주시,차대사람,횡단중,횡단중,안전운전 의무 불이행,단일로,기타단일로
15262,2015-03-27 13,주간,금,1,2,0,1,0,경북,김천시,차대차,추돌,진행중 추돌,안전거리 미확보,단일로,터널안
15263,2015-02-06 09,주간,금,1,1,0,0,0,경기,하남시,차대사람,횡단중,횡단중,안전운전 의무 불이행,단일로,기타단일로
15264,2015-08-01 03,야간,토,1,1,0,0,0,충북,단양군,차량단독,공작물충돌,공작물충돌,안전운전 의무 불이행,단일로,기타단일로
15265,2015-01-16 07,주간,금,1,1,0,0,0,인천,서구,차대차,측면충돌,측면충돌,신호위반,교차로,교차로내
15266,2015-04-16 17,주간,목,1,1,0,0,0,경북,울진군,차량단독,도로이탈,도로이탈 기타,안전운전 의무 불이행,교차로,교차로부근
15267,2015-04-19 21,야간,일,1,1,0,0,0,전북,고창군,차량단독,공작물충돌,공작물충돌,안전운전 의무 불이행,단일로,기타단일로
15268,2015-10-19 18,야간,월,2,3,1,0,0,전북,순창군,차대차,기타,기타,안전운전 의무 불이행,단일로,기타단일로
15269,2015-08-13 02,야간,목,1,1,0,0,0,전북,임실군,차량단독,도로이탈,도로이탈 기타,안전운전 의무 불이행,단일로,기타단일로
15270,2015-07-31 10,주간,금,1,2,0,1,0,강원,철원군,차대차,측면충돌,측면충돌,교차로 통행방법 위반,교차로,교차로내
15271,2015-02-06 09,주간,금,1,2,0,1,0,전남,광양시,차대차,측면충돌,측면충돌,중앙선 침범,단일로,기타단일로
15272,2015-01-22 22,야간,목,2,2,0,0,0,경기,광명시,차대사람,횡단중,횡단중,안전운전 의무 불이행,단일로,기타단일로
15273,2015-01-30 16,주간,금,1,1,0,0,0,경남,창원시(통합),차대차,정면충돌,정면충돌,중앙선 침범,교차로,교차로내
15274,2015-02-24 20,야간,화,1,1,0,0,0,서울,성북구,차대사람,차도통행중,차도통행중,안전운전 의무 불이행,단일로,기타단일로
15275,2015-04-21 13,주간,화,1,2,0,1,0,경남,고성군,차대차,측면충돌,측면충돌,안전거리 미확보,교차로,교차로부근
15276,2015-02-03 00,야간,화,1,1,0,0,0,충남,당진시,차량단독,도로이탈,도로이탈 기타,안전운전 의무 불이행,단일로,기타단일로
15277,2015-08-20 08,주간,목,1,1,0,0,0,경남,합천군,차량단독,전도전복,전도전복,안전운전 의무 불이행,단일로,기타단일로
15278,2015-06-24 12,주간,수,1,15,3,11,0,강원,정선군,차대차,정면충돌,정면충돌,신호위반,기타/불명,기타/불명
15279,2015-09-21 16,주간,월,1,1,0,0,0,경남,산청군,차대사람,차도통행중,차도통행중,안전운전 의무 불이행,단일로,기타단일로
15280,2015-10-06 14,주간,화,2,3,1,0,0,경남,의령군,차대차,기타,기타,안전운전 의무 불이행,단일로,기타단일로
15281,2015-03-06 00,야간,금,1,1,0,0,0,경기,의왕시,차대사람,횡단중,횡단중,안전운전 의무 불이행,단일로,횡단보도상
15282,2015-03-30 15,주간,월,1,2,0,1,0,경북,영주시,차대차,추돌,주정차중 추돌,과속,단일로,기타단일로
15283,2015-01-15 18,야간,목,1,2,0,1,0,경기,의정부시,차대사람,기타,기타,안전운전 의무 불이행,단일로,기타단일로
15284,2015-02-12 20,야간,목,1,1,0,0,0,부산,강서구,차대차,추돌,진행중 추돌,안전운전 의무 불이행,교차로,교차로내
15285,2015-10-24 18,야간,토,1,1,0,0,0,경북,군위군,차대차,추돌,주정차중 추돌,안전운전 의무 불이행,단일로,기타단일로
15286,2015-04-15 21,야간,수,1,1,0,0,0,전남,해남군,차대사람,횡단중,횡단중,안전운전 의무 불이행,교차로,교차로부근
15287,2015-04-05 08,주간,일,1,4,1,2,0,충남,예산군,차대차,측면충돌,측면충돌,안전운전 의무 불이행,교차로,교차로내
15288,2015-02-14 08,주간,토,1,3,1,1,0,인천,중구,차대차,정면충돌,정면충돌,신호위반,교차로,교차로내
15289,2015-10-21 13,주간,수,1,5,2,2,0,충북,보은군,차대차,측면충돌,측면충돌,신호위반,교차로,교차로내
15290,2015-02-17 02,야간,화,1,2,1,0,0,강원,속초시,차대사람,기타,기타,안전운전 의무 불이행,단일로,기타단일로
15291,2015-08-11 05,야간,화,1,1,0,0,0,경남,함안군,차대차,추돌,주정차중 추돌,안전운전 의무 불이행,단일로,기타단일로
15292,2015-02-08 01,야간,일,2,5,3,0,0,전남,광양시,차량단독,공작물충돌,공작물충돌,안전운전 의무 불이행,단일로,기타단일로
15293,2015-08-31 12,주간,월,1,1,0,0,0,전남,구례군,차량단독,전도전복,전도전복,안전운전 의무 불이행,교차로,교차로내
15294,2015-06-05 17,주간,금,1,1,0,0,0,충남,금산군,차대차,측면충돌,측면충돌,안전운전 의무 불이행,교차로,교차로내
15295,2015-03-18 13,주간,수,1,1,0,0,0,충남,공주시,차량단독,공작물충돌,공작물충돌,안전운전 의무 불이행,단일로,기타단일로
15296,2015-02-02 01,야간,월,1,1,0,0,0,울산,울주군,차대사람,길가장자리구역통행중,길가장자리구역통행중,안전운전 의무 불이행,단일로,기타단일로
15297,2015-02-02 22,야간,월,1,1,0,0,0,충남,아산시,차대차,기타,기타,안전운전 의무 불이행,단일로,기타단일로
15298,2015-10-09 14,주간,금,1,2,0,0,1,경북,청송군,차대차,정면충돌,정면충돌,중앙선 침범,단일로,기타단일로
15299,2015-03-07 04,야간,토,1,1,0,0,0,경기,양평군,차대사람,기타,기타,안전운전 의무 불이행,단일로,기타단일로
15300,2015-04-04 23,야간,토,1,1,0,0,0,충북,청주시,차대차,기타,기타,안전운전 의무 불이행,단일로,기타단일로
15301,2015-09-18 11,주간,금,1,1,0,0,0,전남,영광군,차대사람,기타,기타,안전운전 의무 불이행,단일로,기타단일로
15302,2015-04-20 15,주간,월,1,3,0,2,0,전남,해남군,차대차,정면충돌,정면충돌,중앙선 침범,단일로,기타단일로
15303,2015-06-28 08,주간,일,1,3,1,1,0,경북,고령군,차대차,측면충돌,측면충돌,기타,교차로,교차로내
15304,2015-05-06 15,주간,수,1,1,0,0,0,경남,창녕군,차대사람,기타,기타,안전운전 의무 불이행,단일로,기타단일로
15305,2015-10-19 10,주간,월,1,2,1,0,0,경남,의령군,차대차,추돌,진행중 추돌,안전운전 의무 불이행,단일로,기타단일로
15306,2015-09-09 12,주간,수,1,1,0,0,0,전남,구례군,차량단독,전도전복,전도전복,안전운전 의무 불이행,단일로,기타단일로
15307,2015-09-05 21,야간,토,1,1,0,0,0,경남,합천군,차량단독,도로이탈,도로이탈 기타,안전운전 의무 불이행,단일로,기타단일로
15308,2015-08-01 12,주간,토,1,4,3,0,0,전남,진도군,차대차,측면충돌,측면충돌,교차로 통행방법 위반,교차로,교차로내
15309,2015-03-25 19,야간,수,1,1,0,0,0,전북,정읍시,차대차,측면충돌,측면충돌,신호위반,교차로,교차로내
15310,2015-02-03 04,야간,화,1,1,0,0,0,충북,충주시,차량단독,공작물충돌,공작물충돌,안전운전 의무 불이행,단일로,기타단일로
15311,2015-03-14 03,야간,토,1,1,0,0,0,전남,영암군,차대사람,차도통행중,차도통행중,안전운전 의무 불이행,단일로,기타단일로
15312,2015-02-15 01,야간,일,1,1,0,0,0,경북,칠곡군,차량단독,공작물충돌,공작물충돌,안전운전 의무 불이행,단일로,기타단일로
15313,2015-05-09 13,주간,토,3,12,9,0,0,경남,창녕군,차량단독,공작물충돌,공작물충돌,안전운전 의무 불이행,단일로,기타단일로
15314,2015-06-12 16,주간,금,1,1,0,0,0,충남,금산군,차대차,측면충돌,측면충돌,안전운전 의무 불이행,단일로,기타단일로
15315,2015-10-03 15,주간,토,1,1,0,0,0,전북,무주군,차량단독,기타,기타,안전운전 의무 불이행,단일로,기타단일로
15316,2015-06-26 19,야간,금,1,1,0,0,0,전남,완도군,차량단독,전도전복,전도전복,안전운전 의무 불이행,교차로,교차로부근
15317,2015-01-16 15,주간,금,1,1,0,0,0,광주,광산구,차대사람,보도통행중,보도통행중,안전운전 의무 불이행,단일로,기타단일로
15318,2015-03-30 16,주간,월,1,1,0,0,0,전북,남원시,차량단독,기타,기타,안전운전 의무 불이행,단일로,기타단일로
15319,2015-03-20 19,야간,금,1,1,0,0,0,경북,상주시,차대사람,횡단중,횡단중,안전운전 의무 불이행,단일로,기타단일로
15320,2015-02-09 16,주간,월,1,1,0,0,0,전남,광양시,차량단독,도로이탈,도로이탈 기타,안전운전 의무 불이행,단일로,기타단일로
15321,2015-02-04 22,야간,수,1,1,0,0,0,경기,안성시,차대사람,기타,기타,안전운전 의무 불이행,교차로,교차로내
15322,2015-01-24 14,주간,토,1,1,0,0,0,대구,서구,차대사람,횡단중,횡단중,보행자 보호의무 위반,교차로,교차로부근
15323,2015-02-09 18,야간,월,1,2,1,0,0,경남,통영시,차대차,측면충돌,측면충돌,안전운전 의무 불이행,교차로,교차로내
15324,2015-04-16 15,주간,목,1,3,0,2,0,경기,가평군,차대차,정면충돌,정면충돌,중앙선 침범,단일로,고가도로위
15325,2015-01-17 05,야간,토,1,1,0,0,0,경기,의정부시,차대사람,기타,기타,안전운전 의무 불이행,단일로,횡단보도상
15326,2015-02-03 13,주간,화,1,1,0,0,0,충북,충주시,차량단독,공작물충돌,공작물충돌,안전운전 의무 불이행,단일로,교량위
15327,2015-06-13 16,주간,토,1,1,0,0,0,전남,강진군,차량단독,도로이탈,도로이탈 추락,안전운전 의무 불이행,단일로,기타단일로
15328,2015-10-06 10,주간,화,1,1,0,0,0,전북,무주군,차대차,측면충돌,측면충돌,중앙선 침범,단일로,기타단일로
15329,2015-09-08 15,주간,화,1,1,0,0,0,경남,합천군,차대차,추돌,주정차중 추돌,안전운전 의무 불이행,단일로,기타단일로
15330,2015-01-24 15,주간,토,1,1,0,0,0,대구,북구,차대사람,기타,기타,안전운전 의무 불이행,교차로,교차로부근
15331,2015-07-25 07,주간,토,1,5,3,1,0,전남,구례군,차대차,추돌,진행중 추돌,안전운전 의무 불이행,단일로,터널안
15332,2015-03-02 19,야간,월,1,1,0,0,0,전북,김제시,차대사람,차도통행중,차도통행중,안전운전 의무 불이행,단일로,기타단일로
15333,2015-04-11 04,야간,토,1,2,0,1,0,경북,문경시,차대차,추돌,진행중 추돌,안전운전 의무 불이행,단일로,기타단일로
15334,2015-01-24 04,야간,토,1,1,0,0,0,경기,광주시,차량단독,공작물충돌,공작물충돌,안전운전 의무 불이행,단일로,기타단일로
15335,2015-09-10 22,야간,목,1,2,1,0,0,전북,임실군,차대차,정면충돌,정면충돌,중앙선 침범,단일로,기타단일로
15336,2015-09-13 14,주간,일,2,2,0,0,0,경남,합천군,차대사람,길가장자리구역통행중,길가장자리구역통행중,안전운전 의무 불이행,단일로,기타단일로
15337,2015-05-30 08,주간,토,1,3,0,2,0,경북,영덕군,차대사람,기타,기타,중앙선 침범,단일로,기타단일로
15338,2015-07-25 21,야간,토,1,2,0,1,0,전북,정읍시,차량단독,공작물충돌,공작물충돌,안전운전 의무 불이행,단일로,기타단일로
15339,2015-01-15 21,야간,목,2,2,0,0,0,광주,북구,차대사람,횡단중,횡단중,과속,단일로,기타단일로
15340,2015-05-31 13,주간,일,1,14,7,6,0,경북,영덕군,차대차,정면충돌,정면충돌,중앙선 침범,단일로,기타단일로
15341,2015-04-10 23,야간,금,1,1,0,0,0,세종,세종,차대차,추돌,주정차중 추돌,안전운전 의무 불이행,단일로,기타단일로
15342,2015-03-15 16,주간,일,1,1,0,0,0,충남,홍성군,차량단독,공작물충돌,공작물충돌,안전운전 의무 불이행,교차로,교차로부근
15343,2015-10-19 13,주간,월,1,4,3,0,0,강원,인제군,차대차,측면충돌,측면충돌,안전운전 의무 불이행,단일로,기타단일로
15344,2015-02-10 04,야간,화,1,1,0,0,0,서울,구로구,차대사람,횡단중,횡단중,안전운전 의무 불이행,단일로,기타단일로
15345,2015-01-21 11,주간,수,1,2,1,0,0,울산,북구,차대차,측면충돌,측면충돌,신호위반,교차로,교차로내
15346,2015-04-14 02,야간,화,1,2,1,0,0,대구,북구,차대차,추돌,진행중 추돌,안전운전 의무 불이행,단일로,기타단일로
15347,2015-02-08 12,주간,일,1,3,0,2,0,경기,성남시,차대차,추돌,진행중 추돌,안전운전 의무 불이행,단일로,기타단일로
15348,2015-08-15 19,야간,토,1,4,2,0,1,경남,남해군,차대차,측면충돌,측면충돌,중앙선 침범,단일로,기타단일로
15349,2015-01-20 16,주간,화,1,4,3,0,0,경북,경산시,차대차,측면충돌,측면충돌,신호위반,교차로,교차로내
15350,2015-04-14 21,야간,화,1,1,0,0,0,경북,문경시,차대사람,횡단중,횡단중,안전운전 의무 불이행,단일로,터널안
15351,2015-10-22 20,야간,목,1,1,0,0,0,강원,영월군,차대사람,길가장자리구역통행중,길가장자리구역통행중,안전운전 의무 불이행,단일로,기타단일로
15352,2015-04-15 13,주간,수,1,2,1,0,0,충남,예산군,차대차,정면충돌,정면충돌,중앙선 침범,단일로,기타단일로
15353,2015-09-21 19,야간,월,1,1,0,0,0,전북,임실군,차대사람,차도통행중,차도통행중,안전운전 의무 불이행,단일로,기타단일로
15354,2015-11-29 01,야간,일,1,1,0,0,0,경북,군위군,차량단독,공작물충돌,공작물충돌,안전운전 의무 불이행,단일로,교량위
15355,2015-02-11 08,주간,수,1,2,1,0,0,경기,포천시,차대차,측면충돌,측면충돌,신호위반,교차로,교차로내
15356,2015-02-08 11,주간,일,1,1,0,0,0,충남,당진시,차량단독,전도전복,전도전복,안전운전 의무 불이행,단일로,기타단일로
15357,2015-07-29 18,야간,수,1,1,0,0,0,전남,나주시,차대사람,횡단중,횡단중,안전운전 의무 불이행,단일로,기타단일로
15358,2015-03-07 16,주간,토,1,1,0,0,0,경북,김천시,차량단독,전도전복,전도전복,안전운전 의무 불이행,교차로,교차로부근
15359,2015-05-21 05,야간,목,1,1,0,0,0,충남,서천군,차대차,추돌,진행중 추돌,안전운전 의무 불이행,단일로,기타단일로
15360,2015-01-28 18,야간,수,1,3,2,0,0,제주,서귀포시,차대차,기타,기타,기타,교차로,교차로내
15361,2015-05-20 05,야간,수,1,1,0,0,0,전남,영광군,차량단독,공작물충돌,공작물충돌,안전운전 의무 불이행,단일로,기타단일로
15362,2015-10-03 17,주간,토,1,1,0,0,0,전남,구례군,차량단독,공작물충돌,공작물충돌,안전운전 의무 불이행,단일로,기타단일로
15363,2015-10-03 19,야간,토,1,1,0,0,0,경남,함양군,차량단독,전도전복,전도전복,안전운전 의무 불이행,단일로,기타단일로
15364,2015-09-28 21,야간,월,1,1,0,0,0,충남,서산시,차대사람,차도통행중,차도통행중,안전운전 의무 불이행,단일로,기타단일로
15365,2015-12-06 22,야간,일,1,2,1,0,0,경북,군위군,차대사람,차도통행중,차도통행중,안전운전 의무 불이행,단일로,기타단일로
15366,2015-06-30 21,야간,화,1,2,1,0,0,충북,옥천군,차대차,추돌,진행중 추돌,안전운전 의무 불이행,단일로,기타단일로
15367,2015-06-19 17,주간,금,1,1,0,0,0,전남,강진군,차대차,기타,기타,안전운전 의무 불이행,단일로,기타단일로
15368,2015-04-02 14,주간,목,1,2,0,1,0,전남,무안군,차대차,측면충돌,측면충돌,신호위반,교차로,교차로내
15369,2015-11-16 13,주간,월,1,1,0,0,0,충북,보은군,차대차,정면충돌,정면충돌,중앙선 침범,단일로,기타단일로
15370,2015-11-17 17,주간,화,1,1,0,0,0,충북,보은군,차대사람,차도통행중,차도통행중,안전운전 의무 불이행,단일로,기타단일로
15371,2015-03-14 16,주간,토,1,2,1,0,0,충북,음성군,차대차,기타,기타,신호위반,교차로,교차로내
15372,2015-07-21 20,야간,화,1,1,0,0,0,경북,고령군,차대차,추돌,진행중 추돌,안전운전 의무 불이행,단일로,교량위
15373,2015-09-04 14,주간,금,1,2,1,0,0,강원,평창군,차대차,정면충돌,정면충돌,중앙선 침범,단일로,기타단일로
15374,2015-01-19 14,주간,월,1,1,0,0,0,경기,안산시,차대사람,차도통행중,차도통행중,안전운전 의무 불이행,단일로,기타단일로
15375,2015-02-06 17,주간,금,1,3,0,1,1,울산,울주군,차대차,정면충돌,정면충돌,중앙선 침범,단일로,기타단일로
15376,2015-01-16 18,야간,금,1,1,0,0,0,광주,북구,차대차,측면충돌,측면충돌,중앙선 침범,단일로,기타단일로
15377,2015-11-04 19,야간,수,1,1,0,0,0,경북,청송군,차대사람,횡단중,횡단중,안전운전 의무 불이행,단일로,기타단일로
15378,2015-04-21 23,야간,화,1,2,0,1,0,경남,김해시,차대차,추돌,진행중 추돌,안전운전 의무 불이행,단일로,기타단일로
15379,2015-02-04 08,주간,수,1,1,0,0,0,충남,서산시,차대사람,횡단중,횡단중,보행자 보호의무 위반,교차로,교차로내
15380,2015-12-12 18,야간,토,1,1,0,0,0,경북,군위군,차대사람,기타,기타,안전운전 의무 불이행,단일로,기타단일로
15381,2015-01-24 01,야간,토,1,1,0,0,0,충북,청주시,차량단독,공작물충돌,공작물충돌,안전운전 의무 불이행,단일로,기타단일로
15382,2015-05-06 20,야간,수,1,1,0,0,0,전남,해남군,차대사람,기타,기타,안전운전 의무 불이행,단일로,기타단일로
15383,2015-08-26 18,야간,수,1,1,0,0,0,경북,예천군,차량단독,도로이탈,도로이탈 기타,기타,단일로,기타단일로
15384,2015-01-11 07,주간,일,1,1,0,0,0,대전,유성구,차량단독,공작물충돌,공작물충돌,안전운전 의무 불이행,단일로,기타단일로
15385,2015-03-12 16,주간,목,1,1,0,0,0,충남,논산시,차대사람,횡단중,횡단중,안전운전 의무 불이행,단일로,기타단일로
15386,2015-08-20 19,야간,목,1,1,0,0,0,충북,영동군,차대사람,횡단중,횡단중,안전운전 의무 불이행,교차로,교차로내
15387,2015-03-15 15,주간,일,1,2,0,1,0,경기,양평군,차량단독,공작물충돌,공작물충돌,안전운전 의무 불이행,단일로,기타단일로
15388,2015-02-26 22,야간,목,1,1,0,0,0,경남,사천시,차대사람,길가장자리구역통행중,길가장자리구역통행중,안전운전 의무 불이행,단일로,기타단일로
15389,2015-11-18 17,주간,수,1,2,0,0,1,경북,봉화군,차대차,추돌,진행중 추돌,안전운전 의무 불이행,단일로,기타단일로
15390,2015-01-31 08,주간,토,1,1,0,0,0,부산,사하구,차대사람,기타,기타,안전운전 의무 불이행,단일로,기타단일로
15391,2015-11-27 08,주간,금,1,1,0,0,0,충북,보은군,차량단독,공작물충돌,공작물충돌,안전운전 의무 불이행,교차로,교차로내
15392,2015-04-04 11,주간,토,1,1,0,0,0,전북,정읍시,차대차,측면충돌,측면충돌,중앙선 침범,단일로,기타단일로
15393,2015-05-08 16,주간,금,1,1,0,0,0,경남,고성군,차대사람,기타,기타,안전운전 의무 불이행,단일로,기타단일로
15394,2015-01-26 23,야간,월,1,1,0,0,0,경북,포항시,차대사람,횡단중,횡단중,안전운전 의무 불이행,교차로,교차로내
15395,2015-02-06 15,주간,금,1,1,0,0,0,충남,천안시,차량단독,전도전복,전도전복,안전운전 의무 불이행,단일로,기타단일로
15396,2015-09-03 17,주간,목,1,1,0,0,0,경남,하동군,차대차,정면충돌,정면충돌,안전운전 의무 불이행,단일로,기타단일로
15397,2015-10-08 20,야간,목,1,1,0,0,0,경남,합천군,차대차,추돌,진행중 추돌,안전운전 의무 불이행,단일로,기타단일로
15398,2015-01-24 01,야간,토,1,1,0,0,0,경북,포항시,차대차,기타,기타,안전운전 의무 불이행,단일로,기타단일로