교통사고이력ID(사고기록 순서),발생년월일시,주야코드,요일코드,사망자수,부상자수,중상자수,경상자수,부상신고자수,발생지시도코드,발생지시도코드,사고유형대분류코드,사고유형중분류코드,사고유형코드,법규위반코드,도로형태대분류코드,도로로형태코드
15991,2015-11-07 17,주간,토,1,10,4,5,0,경북,영덕군,차대차,추돌,진행중 추돌,안전운전 의무 불이행,단일로,기타단일로
15992,2015-06-07 17,주간,일,1,1,0,0,0,충남,공주시,차량단독,공작물충돌,공작물충돌,안전운전 의무 불이행,단일로,기타단일로
15993,2015-11-19 17,주간,목,1,1,0,0,0,전남,장흥군,차대사람,길가장자리구역통행중,길가장자리구역통행중,안전운전 의무 불이행,단일로,터널안
15994,2015-02-13 00,야간,금,1,1,0,0,0,부산,해운대구,차대사람,횡단중,횡단중,안전운전 의무 불이행,교차로,교차로부근
15995,2015-07-02 09,주간,목,1,1,0,0,0,전북,남원시,차대차,기타,기타,안전운전 의무 불이행,단일로,기타단일로
15996,2015-07-02 08,주간,목,1,1,0,0,0,세종,세종,차량단독,전도전복,전도전복,안전운전 의무 불이행,단일로,기타단일로
15997,2015-10-04 06,주간,일,1,2,1,0,0,광주,광산구,차대차,정면충돌,정면충돌,기타,단일로,기타단일로
15998,2015-06-03 05,야간,수,1,1,0,0,0,전남,영암군,차량단독,도로이탈,도로이탈 추락,안전운전 의무 불이행,단일로,기타단일로
15999,2015-04-30 16,주간,목,1,1,0,0,0,충남,보령시,차대사람,횡단중,횡단중,신호위반,교차로,교차로내
16000,2015-03-17 10,주간,화,1,1,0,0,0,경기,안성시,차대차,기타,기타,교차로 통행방법 위반,교차로,교차로내
16001,2015-03-28 06,주간,토,1,1,0,0,0,경남,진주시,차대사람,횡단중,횡단중,안전운전 의무 불이행,단일로,기타단일로
16002,2015-09-21 08,주간,월,1,1,0,0,0,충남,서천군,차량단독,도로이탈,도로이탈 추락,안전운전 의무 불이행,교차로,교차로부근
16003,2015-10-07 07,주간,수,1,4,2,1,0,충남,부여군,차대차,측면충돌,측면충돌,신호위반,교차로,교차로내
16004,2015-02-07 07,주간,토,1,1,0,0,0,대구,동구,차량단독,기타,기타,안전운전 의무 불이행,단일로,기타단일로
16005,2015-04-05 02,야간,일,1,1,0,0,0,경기,하남시,차대사람,차도통행중,차도통행중,안전운전 의무 불이행,단일로,기타단일로
16006,2015-09-25 18,야간,금,1,2,1,0,0,경북,성주군,차대차,정면충돌,정면충돌,중앙선 침범,단일로,기타단일로
16007,2015-10-24 06,주간,토,1,1,0,0,0,강원,태백시,차대차,측면충돌,측면충돌,신호위반,교차로,교차로내
16008,2015-11-16 16,주간,월,1,3,0,2,0,경북,영덕군,차대차,정면충돌,정면충돌,중앙선 침범,단일로,기타단일로
16009,2015-09-30 07,주간,수,1,1,0,0,0,전북,고창군,차대차,추돌,진행중 추돌,과속,단일로,기타단일로
16010,2015-09-09 08,주간,수,1,1,0,0,0,경남,고성군,차량단독,공작물충돌,공작물충돌,안전운전 의무 불이행,단일로,기타단일로
16011,2015-05-24 21,야간,일,1,3,2,0,0,경북,영주시,차대차,정면충돌,정면충돌,중앙선 침범,단일로,기타단일로
16012,2015-08-27 20,야간,목,1,3,2,0,0,전남,화순군,차대차,추돌,주정차중 추돌,안전운전 의무 불이행,단일로,기타단일로
16013,2015-05-13 20,야간,수,1,1,0,0,0,충남,논산시,차량단독,전도전복,전도전복,기타,단일로,기타단일로
16014,2015-05-07 15,주간,목,1,1,0,0,0,울산,동구,차대사람,기타,기타,안전운전 의무 불이행,단일로,기타단일로
16015,2015-02-11 01,야간,수,1,1,0,0,0,경기,수원시,차대사람,기타,기타,안전운전 의무 불이행,단일로,기타단일로
16016,2015-07-28 02,야간,화,1,1,0,0,0,경북,청도군,차대사람,기타,기타,안전운전 의무 불이행,단일로,기타단일로
16017,2015-06-15 17,주간,월,1,1,0,0,0,서울,은평구,차대사람,차도통행중,차도통행중,안전운전 의무 불이행,단일로,기타단일로
16018,2015-02-17 17,주간,화,2,13,4,7,0,제주,제주시,차대차,기타,기타,과속,교차로,교차로내
16019,2015-08-05 15,주간,수,1,1,0,0,0,충남,예산군,차량단독,기타,기타,안전운전 의무 불이행,단일로,기타단일로
16020,2015-10-07 15,주간,수,1,1,0,0,0,전남,담양군,차대차,기타,기타,안전운전 의무 불이행,단일로,기타단일로
16021,2015-10-29 09,주간,목,1,3,0,2,0,전남,영광군,차대차,측면충돌,측면충돌,중앙선 침범,단일로,기타단일로
16022,2015-02-17 11,주간,화,1,1,0,0,0,경북,포항시,차대사람,기타,기타,신호위반,단일로,횡단보도상
16023,2015-03-07 13,주간,토,1,1,0,0,0,강원,강릉시,차대차,측면충돌,측면충돌,안전운전 의무 불이행,교차로,교차로내
16024,2015-07-13 08,주간,월,1,1,0,0,0,서울,서초구,차대차,측면충돌,측면충돌,기타,교차로,교차로내
16025,2015-10-08 10,주간,목,1,1,0,0,0,경북,성주군,차대차,추돌,진행중 추돌,안전운전 의무 불이행,기타/불명,기타/불명
16026,2015-09-11 13,주간,금,1,1,0,0,0,경남,고성군,차대차,기타,기타,안전운전 의무 불이행,단일로,기타단일로
16027,2015-04-27 16,주간,월,1,3,1,1,0,강원,평창군,차대사람,기타,기타,안전운전 의무 불이행,단일로,기타단일로
16028,2015-05-09 11,주간,토,1,2,0,1,0,부산,서구,차대사람,횡단중,횡단중,안전운전 의무 불이행,교차로,교차로부근
16029,2015-06-13 21,야간,토,1,2,1,0,0,충남,공주시,차대차,정면충돌,정면충돌,중앙선 침범,단일로,기타단일로
16030,2015-06-02 15,주간,화,1,2,0,1,0,충남,홍성군,차대차,측면충돌,측면충돌,교차로 통행방법 위반,교차로,교차로내
16031,2015-11-02 17,주간,월,1,4,1,2,0,전남,영광군,차대차,기타,기타,안전운전 의무 불이행,교차로,교차로내
16032,2015-10-27 15,주간,화,1,1,0,0,0,인천,강화군,차대사람,횡단중,횡단중,안전운전 의무 불이행,단일로,기타단일로
16033,2015-02-18 22,야간,수,1,1,0,0,0,경기,광주시,차대차,정면충돌,정면충돌,중앙선 침범,단일로,기타단일로
16034,2015-05-08 08,주간,금,1,1,0,0,0,서울,성북구,차대차,측면충돌,측면충돌,안전거리 미확보,단일로,기타단일로
16035,2015-06-17 10,주간,수,1,2,1,0,0,서울,은평구,차대차,측면충돌,측면충돌,기타,단일로,기타단일로
16036,2015-03-31 01,야간,화,1,2,1,0,0,경기,포천시,차대차,정면충돌,정면충돌,신호위반,교차로,교차로내
16037,2015-10-12 18,야간,월,1,4,3,0,0,경북,성주군,차대차,정면충돌,정면충돌,안전운전 의무 불이행,교차로,교차로내
16038,2015-09-12 19,야간,토,1,1,0,0,0,경남,고성군,차대사람,기타,기타,안전운전 의무 불이행,단일로,기타단일로
16039,2015-10-06 11,주간,화,1,1,0,0,0,경북,울진군,차대차,추돌,진행중 추돌,안전운전 의무 불이행,교차로,교차로내
16040,2015-07-31 16,주간,금,1,1,0,0,0,경북,상주시,차대차,추돌,주정차중 추돌,안전운전 의무 불이행,단일로,기타단일로
16041,2015-03-06 03,야간,금,1,1,0,0,0,경기,성남시,차대사람,차도통행중,차도통행중,안전운전 의무 불이행,단일로,기타단일로
16042,2015-10-03 12,주간,토,1,1,0,0,0,전남,담양군,차량단독,기타,기타,안전운전 의무 불이행,단일로,기타단일로
16043,2015-08-23 10,주간,일,1,1,0,0,0,전북,부안군,차량단독,전도전복,전도전복,과속,단일로,기타단일로
16044,2015-03-20 20,야간,금,1,1,0,0,0,서울,강북구,차대사람,길가장자리구역통행중,길가장자리구역통행중,안전운전 의무 불이행,교차로,교차로부근
16045,2015-10-12 19,야간,월,1,4,0,3,0,전남,담양군,차대차,측면충돌,측면충돌,중앙선 침범,단일로,교량위
16046,2015-02-23 11,주간,월,1,1,0,0,0,경기,안양시,차대사람,횡단중,횡단중,안전운전 의무 불이행,교차로,교차로내
16047,2015-07-16 12,주간,목,1,1,0,0,0,부산,기장군,차대차,추돌,주정차중 추돌,안전거리 미확보,단일로,기타단일로
16048,2015-08-18 00,야간,화,1,2,1,0,0,경기,이천시,차대차,기타,기타,안전운전 의무 불이행,단일로,기타단일로
16049,2015-12-07 13,주간,월,1,4,2,1,0,전남,장흥군,차대차,정면충돌,정면충돌,중앙선 침범,단일로,기타단일로
16050,2015-07-23 18,야간,목,1,1,0,0,0,전남,무안군,차량단독,공작물충돌,공작물충돌,안전운전 의무 불이행,단일로,기타단일로
16051,2015-10-13 04,야간,화,1,1,0,0,0,전남,순천시,차대차,추돌,진행중 추돌,안전운전 의무 불이행,단일로,기타단일로
16052,2015-02-16 05,야간,월,1,1,0,0,0,부산,남구,차대사람,횡단중,횡단중,신호위반,단일로,기타단일로
16053,2015-05-01 07,주간,금,1,2,0,1,0,충북,단양군,차대차,추돌,진행중 추돌,안전거리 미확보,기타/불명,기타/불명
16054,2015-05-01 15,주간,금,1,7,4,2,0,강원,횡성군,차대차,추돌,진행중 추돌,안전운전 의무 불이행,단일로,터널안
16055,2015-04-28 15,주간,화,1,1,0,0,0,부산,강서구,차대사람,차도통행중,차도통행중,안전운전 의무 불이행,교차로,교차로내
16056,2015-02-25 03,야간,수,1,1,0,0,0,서울,용산구,차대차,기타,기타,안전운전 의무 불이행,단일로,기타단일로
16057,2015-11-10 22,야간,화,1,1,0,0,0,경남,거창군,차대차,추돌,주정차중 추돌,안전운전 의무 불이행,단일로,기타단일로
16058,2015-03-19 14,주간,목,1,1,0,0,0,부산,동래구,차대사람,횡단중,횡단중,안전운전 의무 불이행,교차로,교차로내
16059,2015-03-16 13,주간,월,1,1,0,0,0,경기,평택시,차대차,기타,기타,안전운전 의무 불이행,단일로,기타단일로
16060,2015-10-17 19,야간,토,1,3,1,1,0,충남,부여군,차량단독,전도전복,전도전복,안전거리 미확보,단일로,기타단일로
16061,2015-05-19 14,주간,화,1,2,0,1,0,경남,밀양시,차대차,정면충돌,정면충돌,중앙선 침범,단일로,기타단일로
16062,2015-05-02 13,주간,토,1,2,0,1,0,경남,사천시,차대차,정면충돌,정면충돌,중앙선 침범,단일로,기타단일로
16063,2015-06-05 20,야간,금,1,1,0,0,0,전북,완주군,차대차,추돌,주정차중 추돌,안전운전 의무 불이행,교차로,교차로부근
16064,2015-02-17 23,야간,화,1,1,0,0,0,경남,양산시,차대차,측면충돌,측면충돌,신호위반,교차로,교차로내
16065,2015-03-22 01,야간,일,1,1,0,0,0,서울,강북구,차대차,측면충돌,측면충돌,안전운전 의무 불이행,단일로,기타단일로
16066,2015-05-02 15,주간,토,1,1,0,0,0,경남,사천시,차량단독,전도전복,전도전복,안전운전 의무 불이행,단일로,기타단일로
16067,2015-06-16 19,야간,화,1,1,0,0,0,전남,나주시,차대사람,횡단중,횡단중,안전운전 의무 불이행,단일로,기타단일로
16068,2015-02-18 15,주간,수,1,1,0,0,0,경남,양산시,차량단독,공작물충돌,공작물충돌,안전운전 의무 불이행,기타/불명,기타/불명
16069,2015-04-06 10,주간,월,1,1,0,0,0,경남,통영시,차대차,기타,기타,신호위반,단일로,기타단일로
16070,2015-08-23 11,주간,일,1,1,0,0,0,충북,괴산군,차량단독,기타,기타,안전운전 의무 불이행,단일로,기타단일로
16071,2015-07-15 18,야간,수,1,1,0,0,0,세종,세종,차량단독,전도전복,전도전복,안전운전 의무 불이행,단일로,기타단일로
16072,2015-10-18 19,야간,일,1,2,1,0,0,전남,담양군,차대차,추돌,진행중 추돌,안전운전 의무 불이행,단일로,기타단일로
16073,2015-08-18 13,주간,화,1,1,0,0,0,충남,예산군,차대차,정면충돌,정면충돌,중앙선 침범,단일로,기타단일로
16074,2015-12-07 07,주간,월,1,1,0,0,0,전남,강진군,차대사람,횡단중,횡단중,안전운전 의무 불이행,단일로,기타단일로
16075,2015-06-16 22,야간,화,1,1,0,0,0,전남,영암군,차량단독,공작물충돌,공작물충돌,안전운전 의무 불이행,단일로,기타단일로
16076,2015-09-05 12,주간,토,1,1,0,0,0,전남,해남군,차대차,측면충돌,측면충돌,안전운전 의무 불이행,단일로,기타단일로
16077,2015-03-23 03,야간,월,1,2,1,0,0,서울,강북구,차대차,측면충돌,측면충돌,신호위반,교차로,교차로내
16078,2015-05-09 16,주간,토,1,2,0,1,0,경북,영천시,차대차,정면충돌,정면충돌,중앙선 침범,단일로,기타단일로
16079,2015-10-19 20,야간,월,1,1,0,0,0,전북,고창군,차량단독,공작물충돌,공작물충돌,안전운전 의무 불이행,교차로,교차로내
16080,2015-05-11 13,주간,월,1,3,0,2,0,광주,동구,차대차,측면충돌,측면충돌,안전운전 의무 불이행,교차로,교차로내
16081,2015-02-23 22,야간,월,1,1,0,0,0,인천,남구,차대사람,횡단중,횡단중,안전운전 의무 불이행,교차로,교차로부근
16082,2015-09-08 10,주간,화,1,1,0,0,0,경남,함안군,차대차,추돌,진행중 추돌,안전운전 의무 불이행,단일로,터널안
16083,2015-02-03 19,야간,화,1,1,0,0,0,경기,안산시,차대사람,보도통행중,보도통행중,기타,교차로,교차로부근
16084,2015-03-03 23,야간,화,1,3,1,1,0,대구,북구,차대차,추돌,진행중 추돌,안전운전 의무 불이행,단일로,횡단보도부근
16085,2015-07-30 21,야간,목,1,4,2,1,0,전남,무안군,차대차,정면충돌,정면충돌,안전운전 의무 불이행,교차로,교차로내
16086,2015-03-20 19,야간,금,1,1,0,0,0,충북,충주시,차대사람,기타,기타,보행자 보호의무 위반,단일로,기타단일로
16087,2015-04-20 14,주간,월,1,1,0,0,0,서울,구로구,차대차,기타,기타,안전운전 의무 불이행,교차로,교차로부근
16088,2015-03-23 19,야간,월,1,1,0,0,0,서울,강북구,차대사람,기타,기타,안전운전 의무 불이행,교차로,교차로부근
16089,2015-05-14 09,주간,목,1,1,0,0,0,경기,구리시,차대사람,기타,기타,중앙선 침범,단일로,기타단일로
16090,2015-09-08 22,야간,화,1,2,1,0,0,경남,함안군,차대차,추돌,진행중 추돌,안전운전 의무 불이행,단일로,기타단일로
16091,2015-10-22 23,야간,목,1,2,1,0,0,충남,부여군,차대차,추돌,주정차중 추돌,안전운전 의무 불이행,교차로,교차로부근
16092,2015-03-20 13,주간,금,1,2,1,0,0,충남,태안군,차량단독,도로이탈,도로이탈 추락,안전운전 의무 불이행,단일로,기타단일로
16093,2015-03-24 05,야간,화,1,1,0,0,0,경기,안성시,차대사람,횡단중,횡단중,안전운전 의무 불이행,단일로,기타단일로
16094,2015-02-26 13,주간,목,1,1,0,0,0,경기,수원시,차대차,추돌,진행중 추돌,안전거리 미확보,단일로,기타단일로
16095,2015-02-28 17,주간,토,1,2,1,0,0,대전,동구,차량단독,공작물충돌,공작물충돌,안전운전 의무 불이행,단일로,기타단일로
16096,2015-04-01 21,야간,수,1,1,0,0,0,서울,구로구,차대사람,횡단중,횡단중,안전거리 미확보,교차로,교차로부근
16097,2015-06-29 04,야간,월,1,2,1,0,0,서울,은평구,차대차,측면충돌,측면충돌,신호위반,교차로,교차로내
16098,2015-02-03 03,야간,화,4,5,0,1,0,경북,구미시,차대차,기타,기타,안전운전 의무 불이행,단일로,기타단일로
16099,2015-10-23 00,야간,금,1,1,0,0,0,경남,창녕군,차량단독,공작물충돌,공작물충돌,안전운전 의무 불이행,단일로,기타단일로
16100,2015-05-07 16,주간,목,1,1,0,0,0,경남,사천시,차량단독,전도전복,전도전복,안전운전 의무 불이행,단일로,기타단일로
16101,2015-10-24 02,야간,토,1,1,0,0,0,경북,울진군,차대사람,기타,기타,안전운전 의무 불이행,단일로,기타단일로
16102,2015-03-01 19,야간,일,1,1,0,0,0,대전,동구,차대사람,횡단중,횡단중,안전운전 의무 불이행,교차로,교차로내
16103,2015-08-21 06,주간,금,1,2,1,0,0,경남,양산시,차량단독,전도전복,전도전복,안전운전 의무 불이행,단일로,기타단일로
16104,2015-11-06 21,야간,금,1,2,1,0,0,경북,성주군,차대차,정면충돌,정면충돌,중앙선 침범,단일로,기타단일로
16105,2015-06-20 20,야간,토,1,1,0,0,0,경기,안산시,차량단독,공작물충돌,공작물충돌,안전운전 의무 불이행,단일로,기타단일로
16106,2015-10-10 17,주간,토,1,1,0,0,0,전남,고흥군,차량단독,도로이탈,도로이탈 추락,안전운전 의무 불이행,단일로,기타단일로
16107,2015-08-08 14,주간,토,1,1,0,0,0,경북,영천시,차대차,기타,기타,안전운전 의무 불이행,단일로,기타단일로
16108,2015-08-05 10,주간,수,1,4,0,3,0,전남,무안군,차대차,측면충돌,측면충돌,신호위반,교차로,교차로내
16109,2015-10-17 07,주간,토,1,1,0,0,0,충남,서천군,차대사람,길가장자리구역통행중,길가장자리구역통행중,안전운전 의무 불이행,단일로,기타단일로
16110,2015-09-04 19,야간,금,1,1,0,0,0,강원,홍천군,차대사람,횡단중,횡단중,안전운전 의무 불이행,단일로,기타단일로
16111,2015-04-26 19,야간,일,1,1,0,0,0,강원,속초시,차량단독,전도전복,전도전복,안전운전 의무 불이행,단일로,기타단일로
16112,2015-05-19 05,야간,화,1,1,0,0,0,부산,서구,차대사람,차도통행중,차도통행중,안전운전 의무 불이행,단일로,기타단일로
16113,2015-08-30 20,야간,일,1,1,0,0,0,충남,예산군,차대사람,횡단중,횡단중,안전운전 의무 불이행,교차로,교차로내
16114,2015-07-23 16,주간,목,1,1,0,0,0,경북,문경시,차대사람,기타,기타,안전운전 의무 불이행,단일로,기타단일로
16115,2015-09-16 06,주간,수,1,2,0,1,0,경남,함안군,차대차,측면충돌,측면충돌,신호위반,교차로,교차로내
16116,2015-04-26 19,야간,일,1,1,0,0,0,강원,양양군,차대사람,횡단중,횡단중,과속,교차로,교차로부근
16117,2015-10-03 18,야간,토,1,1,0,0,0,경남,고성군,차대사람,횡단중,횡단중,보행자 보호의무 위반,단일로,기타단일로
16118,2015-05-21 22,야간,목,1,1,0,0,0,울산,동구,차대사람,기타,기타,안전운전 의무 불이행,단일로,기타단일로
16119,2015-02-10 02,야간,화,1,1,0,0,0,전북,익산시,차량단독,공작물충돌,공작물충돌,안전운전 의무 불이행,단일로,기타단일로
16120,2015-02-19 11,주간,목,1,3,2,0,0,경북,경주시,차량단독,공작물충돌,공작물충돌,안전운전 의무 불이행,단일로,기타단일로
16121,2015-04-11 22,야간,토,1,1,0,0,0,경남,창원시(통합),차량단독,도로이탈,도로이탈 추락,안전운전 의무 불이행,기타/불명,기타/불명
16122,2015-04-05 21,야간,일,1,1,0,0,0,경남,진주시,차대사람,차도통행중,차도통행중,안전운전 의무 불이행,단일로,기타단일로
16123,2015-02-13 17,주간,금,1,1,0,0,0,경기,파주시,차대차,정면충돌,정면충돌,신호위반,교차로,교차로내
16124,2015-12-04 09,주간,금,1,1,0,0,0,전남,영광군,차대차,추돌,진행중 추돌,안전운전 의무 불이행,단일로,기타단일로
16125,2015-03-15 20,야간,일,1,1,0,0,0,충남,아산시,차대사람,횡단중,횡단중,안전운전 의무 불이행,교차로,교차로부근
16126,2015-04-08 20,야간,수,1,1,0,0,0,경기,포천시,차대차,측면충돌,측면충돌,신호위반,교차로,교차로내
16127,2015-11-01 17,주간,일,1,1,0,0,0,전남,담양군,차대사람,기타,기타,안전운전 의무 불이행,교차로,교차로내
16128,2015-09-05 08,주간,토,1,1,0,0,0,충남,예산군,차대차,추돌,진행중 추돌,안전운전 의무 불이행,교차로,교차로내
16129,2015-02-24 05,야간,화,1,2,1,0,0,제주,제주시,차대사람,횡단중,횡단중,과속,단일로,횡단보도상
16130,2015-05-18 20,야간,월,1,1,0,0,0,전북,김제시,차대차,추돌,진행중 추돌,안전운전 의무 불이행,단일로,기타단일로
16131,2015-04-08 17,주간,수,1,5,3,1,0,경기,포천시,차대차,기타,기타,중앙선 침범,단일로,기타단일로
16132,2015-07-03 21,야간,금,1,4,2,1,0,서울,은평구,차대차,추돌,진행중 추돌,안전운전 의무 불이행,교차로,교차로내
16133,2015-04-08 19,야간,수,1,3,0,2,0,경기,포천시,차대차,추돌,주정차중 추돌,안전운전 의무 불이행,단일로,기타단일로
16134,2015-03-26 00,야간,목,1,1,0,0,0,광주,남구,차대사람,횡단중,횡단중,안전운전 의무 불이행,단일로,기타단일로
16135,2015-08-24 10,주간,월,1,1,0,0,0,부산,기장군,차량단독,공작물충돌,공작물충돌,안전운전 의무 불이행,단일로,기타단일로
16136,2015-05-17 20,야간,일,1,1,0,0,0,경북,영천시,차대사람,차도통행중,차도통행중,중앙선 침범,단일로,기타단일로
16137,2015-11-04 07,주간,수,1,2,1,0,0,전북,고창군,차대차,측면충돌,측면충돌,신호위반,교차로,교차로내
16138,2015-02-11 21,야간,수,1,2,0,1,0,대구,동구,차대사람,기타,기타,안전운전 의무 불이행,단일로,기타단일로
16139,2015-03-28 21,야간,토,1,1,0,0,0,경남,김해시,차대사람,횡단중,횡단중,안전운전 의무 불이행,교차로,교차로내
16140,2015-11-19 18,야간,목,1,1,0,0,0,경북,성주군,차대차,추돌,진행중 추돌,안전운전 의무 불이행,기타/불명,기타/불명
16141,2015-04-05 21,야간,일,1,1,0,0,0,충남,당진시,차대사람,기타,기타,안전운전 의무 불이행,단일로,기타단일로
16142,2015-02-22 10,주간,일,1,1,0,0,0,경기,김포시,차대사람,횡단중,횡단중,보행자 보호의무 위반,교차로,교차로부근
16143,2015-09-19 17,주간,토,1,3,2,0,0,전남,해남군,차량단독,도로이탈,도로이탈 추락,안전운전 의무 불이행,단일로,기타단일로
16144,2015-06-26 02,야간,금,1,4,2,0,1,경기,부천시,차대차,측면충돌,측면충돌,안전운전 의무 불이행,단일로,기타단일로
16145,2015-02-18 08,주간,수,1,1,0,0,0,서울,영등포구,차대사람,횡단중,횡단중,보행자 보호의무 위반,교차로,교차로내
16146,2015-07-07 23,야간,화,1,1,0,0,0,서울,은평구,차대사람,횡단중,횡단중,안전운전 의무 불이행,단일로,기타단일로
16147,2015-11-08 10,주간,일,1,1,0,0,0,전남,담양군,차량단독,기타,기타,안전운전 의무 불이행,단일로,기타단일로
16148,2015-02-19 23,야간,목,1,1,0,0,0,부산,남구,차대차,측면충돌,측면충돌,안전운전 의무 불이행,단일로,기타단일로
16149,2015-11-03 11,주간,화,1,1,0,0,0,충남,부여군,차대차,정면충돌,정면충돌,안전운전 의무 불이행,단일로,기타단일로
16150,2015-12-06 18,야간,일,1,1,0,0,0,경남,거창군,차대사람,횡단중,횡단중,안전운전 의무 불이행,단일로,횡단보도부근
16151,2015-03-02 00,야간,월,1,1,0,0,0,서울,용산구,차대사람,횡단중,횡단중,과속,단일로,횡단보도부근
16152,2015-04-15 20,야간,수,1,1,0,0,0,충북,제천시,차대사람,기타,기타,과속,교차로,교차로내
16153,2015-07-25 17,주간,토,1,1,0,0,0,세종,세종,차대차,기타,기타,안전운전 의무 불이행,교차로,교차로내
16154,2015-05-18 22,야간,월,1,1,0,0,0,경북,김천시,차량단독,전도전복,전도전복,안전운전 의무 불이행,단일로,기타단일로
16155,2015-02-18 19,야간,수,1,1,0,0,0,서울,영등포구,차대사람,횡단중,횡단중,안전운전 의무 불이행,단일로,기타단일로
16156,2015-02-15 21,야간,일,1,1,0,0,0,전북,전주시,차량단독,공작물충돌,공작물충돌,안전운전 의무 불이행,교차로,교차로부근
16157,2015-02-13 10,주간,금,1,1,0,0,0,경기,안산시,차대차,기타,기타,신호위반,단일로,기타단일로
16158,2015-04-08 14,주간,수,1,2,1,0,0,경남,진주시,차대사람,기타,기타,기타,교차로,교차로부근
16159,2015-11-07 18,야간,토,1,1,0,0,0,충남,부여군,차대사람,횡단중,횡단중,안전운전 의무 불이행,단일로,기타단일로
16160,2015-05-15 21,야간,금,1,4,2,1,0,충남,금산군,차대차,기타,기타,안전운전 의무 불이행,단일로,기타단일로
16161,2015-09-24 16,주간,목,1,1,0,0,0,경남,함안군,차대차,기타,기타,안전운전 의무 불이행,단일로,기타단일로
16162,2015-03-07 03,야간,토,1,1,0,0,0,서울,강동구,차량단독,기타,기타,안전운전 의무 불이행,단일로,기타단일로
16163,2015-11-04 17,주간,수,1,1,0,0,0,경남,창녕군,차대차,추돌,진행중 추돌,안전운전 의무 불이행,단일로,기타단일로
16164,2015-06-02 00,야간,화,1,2,0,1,0,경남,밀양시,차대차,추돌,주정차중 추돌,안전운전 의무 불이행,교차로,교차로부근
16165,2015-05-13 06,주간,수,1,1,0,0,0,충남,보령시,차량단독,공작물충돌,공작물충돌,안전운전 의무 불이행,단일로,기타단일로
16166,2015-03-31 13,주간,화,1,1,0,0,0,전북,김제시,차량단독,공작물충돌,공작물충돌,안전운전 의무 불이행,기타/불명,기타/불명
16167,2015-07-28 00,야간,화,1,1,0,0,0,강원,삼척시,차량단독,공작물충돌,공작물충돌,안전운전 의무 불이행,단일로,기타단일로
16168,2015-02-21 23,야간,토,1,1,0,0,0,부산,해운대구,차대사람,횡단중,횡단중,과속,교차로,교차로내
16169,2015-06-29 17,주간,월,1,2,0,0,1,전남,영암군,차량단독,공작물충돌,공작물충돌,안전운전 의무 불이행,단일로,기타단일로
16170,2015-05-11 14,주간,월,1,3,1,1,0,강원,횡성군,차대차,추돌,진행중 추돌,안전운전 의무 불이행,단일로,기타단일로
16171,2015-07-20 17,주간,월,1,1,0,0,0,전북,정읍시,차량단독,전도전복,전도전복,안전운전 의무 불이행,단일로,기타단일로
16172,2015-07-17 12,주간,금,1,2,0,1,0,충남,공주시,차대차,추돌,진행중 추돌,안전운전 의무 불이행,단일로,기타단일로
16173,2015-02-21 20,야간,토,1,2,0,1,0,서울,영등포구,차대차,정면충돌,정면충돌,안전운전 의무 불이행,단일로,교량위
16174,2015-07-21 09,주간,화,1,1,0,0,0,전북,정읍시,차대사람,차도통행중,차도통행중,기타,단일로,기타단일로
16175,2015-08-02 18,야간,일,1,1,0,0,0,세종,세종,차대차,측면충돌,측면충돌,신호위반,교차로,교차로내
16176,2015-02-13 14,주간,금,1,2,0,1,0,충북,청주시,차대차,기타,기타,안전운전 의무 불이행,단일로,기타단일로
16177,2015-03-21 15,주간,토,1,3,0,2,0,부산,금정구,차대차,추돌,진행중 추돌,안전운전 의무 불이행,단일로,기타단일로
16178,2015-07-22 13,주간,수,1,1,0,0,0,전북,정읍시,차대차,측면충돌,측면충돌,기타,교차로,교차로내
16179,2015-05-17 18,야간,일,3,4,1,0,0,경남,사천시,차대차,추돌,진행중 추돌,안전운전 의무 불이행,단일로,기타단일로
16180,2015-06-09 08,주간,화,1,1,0,0,0,충북,음성군,차대차,측면충돌,측면충돌,안전운전 의무 불이행,단일로,기타단일로
16181,2015-10-27 12,주간,화,1,1,0,0,0,전남,고흥군,차대사람,길가장자리구역통행중,길가장자리구역통행중,안전운전 의무 불이행,교차로,교차로내
16182,2015-02-14 23,야간,토,1,2,1,0,0,전북,군산시,차대차,측면충돌,측면충돌,과속,단일로,기타단일로
16183,2015-06-07 15,주간,일,2,2,0,0,0,충남,논산시,차량단독,전도전복,전도전복,안전운전 의무 불이행,단일로,기타단일로
16184,2015-05-30 20,야간,토,1,1,0,0,0,강원,동해시,차대사람,횡단중,횡단중,보행자 보호의무 위반,단일로,기타단일로
16185,2015-02-05 15,주간,목,1,1,0,0,0,서울,송파구,차대사람,기타,기타,보행자 보호의무 위반,교차로,교차로내
16186,2015-12-10 10,주간,목,1,1,0,0,0,경기,연천군,차대사람,횡단중,횡단중,안전운전 의무 불이행,교차로,교차로부근
16187,2015-02-15 07,주간,일,1,1,0,0,0,전북,군산시,차대차,기타,기타,기타,기타/불명,기타/불명
16188,2015-07-04 02,야간,토,1,2,0,1,0,전남,나주시,차대차,추돌,주정차중 추돌,안전운전 의무 불이행,단일로,기타단일로
16189,2015-10-23 14,주간,금,1,1,0,0,0,경남,고성군,차대사람,횡단중,횡단중,과속,교차로,교차로내