교통사고이력ID(사고기록 순서),발생년월일시,주야코드,요일코드,사망자수,부상자수,중상자수,경상자수,부상신고자수,발생지시도코드,발생지시도코드,사고유형대분류코드,사고유형중분류코드,사고유형코드,법규위반코드,도로형태대분류코드,도로로형태코드
16783,2015-06-14 05,야간,일,1,3,2,0,0,경남,진주시,차대사람,보도통행중,보도통행중,안전운전 의무 불이행,단일로,기타단일로
16784,2015-04-17 08,주간,금,1,2,0,1,0,서울,강동구,차대차,기타,기타,안전운전 의무 불이행,기타/불명,기타/불명
16785,2015-04-17 23,야간,금,1,1,0,0,0,서울,강서구,차대사람,기타,기타,안전운전 의무 불이행,교차로,교차로부근
16786,2015-08-18 07,주간,화,1,3,2,0,0,부산,서구,차대사람,길가장자리구역통행중,길가장자리구역통행중,안전운전 의무 불이행,단일로,기타단일로
16787,2015-11-14 03,야간,토,1,1,0,0,0,서울,서초구,차대사람,횡단중,횡단중,과속,단일로,기타단일로
16788,2015-08-02 11,주간,일,1,1,0,0,0,강원,춘천시,차량단독,공작물충돌,공작물충돌,안전운전 의무 불이행,단일로,기타단일로
16789,2015-08-22 01,야간,토,1,2,0,1,0,서울,종로구,차대사람,기타,기타,안전운전 의무 불이행,단일로,기타단일로
16790,2015-12-25 20,야간,금,1,2,0,1,0,경남,양산시,차대차,정면충돌,정면충돌,안전운전 의무 불이행,교차로,교차로내
16791,2015-12-10 08,주간,목,1,1,0,0,0,경북,문경시,차대차,측면충돌,측면충돌,안전운전 의무 불이행,단일로,기타단일로
16792,2015-06-06 03,야간,토,1,1,0,0,0,서울,광진구,차대사람,횡단중,횡단중,안전운전 의무 불이행,단일로,기타단일로
16793,2015-03-29 13,주간,일,1,1,0,0,0,울산,중구,차대차,측면충돌,측면충돌,기타,교차로,교차로내
16794,2015-03-18 19,야간,수,1,1,0,0,0,경북,경산시,차대사람,길가장자리구역통행중,길가장자리구역통행중,안전운전 의무 불이행,단일로,기타단일로
16795,2015-03-18 16,주간,수,1,2,1,0,0,경북,경산시,차량단독,전도전복,전도전복,안전운전 의무 불이행,교차로,교차로부근
16796,2015-12-12 17,주간,토,1,1,0,0,0,경북,문경시,차대사람,횡단중,횡단중,보행자 보호의무 위반,단일로,횡단보도상
16797,2015-06-23 20,야간,화,1,6,3,1,1,충남,금산군,차대차,기타,기타,안전운전 의무 불이행,단일로,기타단일로
16798,2015-11-08 17,주간,일,1,2,1,0,0,전남,영암군,차대차,정면충돌,정면충돌,중앙선 침범,단일로,기타단일로
16799,2015-04-14 04,야간,화,1,1,0,0,0,경기,광명시,차대차,추돌,주정차중 추돌,안전운전 의무 불이행,단일로,기타단일로
16800,2015-06-27 12,주간,토,1,1,0,0,0,인천,부평구,차대사람,횡단중,횡단중,보행자 보호의무 위반,단일로,횡단보도상
16801,2015-10-09 17,주간,금,1,1,0,0,0,경북,영주시,차대차,측면충돌,측면충돌,안전운전 의무 불이행,교차로,교차로내
16802,2015-10-14 05,야간,수,1,1,0,0,0,전남,나주시,차대차,추돌,진행중 추돌,안전운전 의무 불이행,단일로,기타단일로
16803,2015-05-06 06,주간,수,1,1,0,0,0,충남,천안시,차대차,측면충돌,측면충돌,교차로 통행방법 위반,교차로,교차로내
16804,2015-10-05 06,주간,월,1,1,0,0,0,전북,완주군,차대차,추돌,진행중 추돌,안전운전 의무 불이행,교차로,교차로부근
16805,2015-08-21 02,야간,금,1,2,1,0,0,강원,동해시,차량단독,공작물충돌,공작물충돌,안전운전 의무 불이행,교차로,교차로부근
16806,2015-10-14 17,주간,수,1,1,0,0,0,전남,나주시,차량단독,전도전복,전도전복,안전운전 의무 불이행,단일로,기타단일로
16807,2015-10-19 01,야간,월,1,1,0,0,0,경북,상주시,차량단독,전도전복,전도전복,안전운전 의무 불이행,단일로,기타단일로
16808,2015-11-17 00,야간,화,1,1,0,0,0,서울,서초구,차대사람,횡단중,횡단중,안전운전 의무 불이행,단일로,기타단일로
16809,2015-03-02 10,주간,월,1,1,0,0,0,서울,송파구,차대사람,횡단중,횡단중,보행자 보호의무 위반,교차로,교차로내
16810,2015-09-12 23,야간,토,1,1,0,0,0,경남,밀양시,차량단독,공작물충돌,공작물충돌,안전운전 의무 불이행,단일로,기타단일로
16811,2015-10-28 15,주간,수,1,1,0,0,0,전북,정읍시,차대사람,기타,기타,안전운전 의무 불이행,교차로,교차로부근
16812,2015-08-22 03,야간,토,1,2,0,1,0,부산,서구,차대사람,횡단중,횡단중,안전운전 의무 불이행,단일로,기타단일로
16813,2015-06-21 10,주간,일,1,2,1,0,0,경남,통영시,차대차,정면충돌,정면충돌,중앙선 침범,단일로,기타단일로
16814,2015-03-19 11,주간,목,1,4,0,3,0,전북,군산시,차대차,측면충돌,측면충돌,신호위반,교차로,교차로내
16815,2015-05-06 19,야간,수,1,1,0,0,0,충남,천안시,차대사람,횡단중,횡단중,안전운전 의무 불이행,단일로,기타단일로
16816,2015-08-09 18,야간,일,1,1,0,0,0,경북,영천시,차대차,추돌,진행중 추돌,안전운전 의무 불이행,단일로,기타단일로
16817,2015-07-20 01,야간,월,1,1,0,0,0,경북,칠곡군,차대사람,기타,기타,안전운전 의무 불이행,단일로,기타단일로
16818,2015-03-09 23,야간,월,1,3,1,1,0,광주,광산구,차대차,정면충돌,정면충돌,중앙선 침범,단일로,기타단일로
16819,2015-06-17 20,야간,수,1,1,0,0,0,경남,진주시,차대사람,기타,기타,안전운전 의무 불이행,단일로,기타단일로
16820,2015-06-13 06,주간,토,1,1,0,0,0,경남,창원시(통합),차대차,측면충돌,측면충돌,기타,단일로,횡단보도상
16821,2015-09-17 12,주간,목,1,1,0,0,0,충남,논산시,차량단독,도로이탈,도로이탈 기타,안전운전 의무 불이행,단일로,기타단일로
16822,2015-04-17 01,야간,금,1,1,0,0,0,서울,서초구,차량단독,도로이탈,도로이탈 기타,안전운전 의무 불이행,단일로,기타단일로
16823,2015-11-19 04,야간,목,1,1,0,0,0,서울,서초구,차대사람,보도통행중,보도통행중,신호위반,단일로,기타단일로
16824,2015-08-23 05,야간,일,1,1,0,0,0,경남,사천시,차대차,추돌,진행중 추돌,안전운전 의무 불이행,단일로,기타단일로
16825,2015-03-23 01,야간,월,1,1,0,0,0,부산,부산진구,차량단독,공작물충돌,공작물충돌,신호위반,단일로,기타단일로
16826,2015-04-25 11,주간,토,1,1,0,0,0,강원,춘천시,차대사람,횡단중,횡단중,보행자 보호의무 위반,단일로,기타단일로
16827,2015-10-21 18,야간,수,1,1,0,0,0,경북,상주시,차대사람,횡단중,횡단중,과속,단일로,기타단일로
16828,2015-03-19 12,주간,목,1,1,0,0,0,경기,안산시,차대사람,차도통행중,차도통행중,안전운전 의무 불이행,교차로,교차로내
16829,2015-04-04 19,야간,토,1,1,0,0,0,경남,양산시,차대사람,횡단중,횡단중,보행자 보호의무 위반,교차로,교차로부근
16830,2015-03-15 11,주간,일,1,2,1,0,0,전북,익산시,차량단독,공작물충돌,공작물충돌,안전운전 의무 불이행,단일로,기타단일로
16831,2015-06-17 17,주간,수,1,1,0,0,0,경남,진주시,차대차,측면충돌,측면충돌,기타,교차로,교차로내
16832,2015-04-17 20,야간,금,1,1,0,0,0,서울,서초구,차량단독,기타,기타,안전운전 의무 불이행,단일로,터널안
16833,2015-09-22 08,주간,화,1,1,0,0,0,충남,논산시,차대차,추돌,진행중 추돌,안전운전 의무 불이행,교차로,교차로부근
16834,2015-03-07 06,주간,토,1,1,0,0,0,경기,안산시,차대차,추돌,주정차중 추돌,안전운전 의무 불이행,단일로,기타단일로
16835,2015-10-23 06,주간,금,1,1,0,0,0,경북,상주시,차대차,추돌,주정차중 추돌,안전운전 의무 불이행,단일로,기타단일로
16836,2015-09-22 01,야간,화,1,1,0,0,0,충남,계룡시,차량단독,전도전복,전도전복,안전운전 의무 불이행,단일로,기타단일로
16837,2015-07-07 00,야간,화,1,1,0,0,0,서울,성북구,차대차,측면충돌,측면충돌,중앙선 침범,단일로,기타단일로
16838,2015-10-01 20,야간,목,1,1,0,0,0,충북,음성군,차대사람,기타,기타,안전운전 의무 불이행,단일로,기타단일로
16839,2015-05-19 14,주간,화,1,3,2,0,0,경기,양주시,차대차,측면충돌,측면충돌,교차로 통행방법 위반,교차로,교차로내
16840,2015-04-27 22,야간,월,2,2,0,0,0,강원,춘천시,차대차,추돌,진행중 추돌,과속,단일로,기타단일로
16841,2015-10-03 09,주간,토,1,1,0,0,0,충북,음성군,차량단독,기타,기타,안전운전 의무 불이행,단일로,기타단일로
16842,2015-07-25 17,주간,토,1,1,0,0,0,경북,칠곡군,차량단독,공작물충돌,공작물충돌,안전운전 의무 불이행,단일로,기타단일로
16843,2015-04-03 21,야간,금,1,1,0,0,0,인천,남구,차대사람,차도통행중,차도통행중,과속,교차로,교차로부근
16844,2015-04-12 21,야간,일,1,1,0,0,0,충북,청주시,차대사람,횡단중,횡단중,안전운전 의무 불이행,단일로,교량위
16845,2015-04-09 10,주간,목,1,1,0,0,0,전남,신안군,차량단독,기타,기타,안전운전 의무 불이행,기타/불명,기타/불명
16846,2015-04-25 20,야간,토,1,1,0,0,0,서울,양천구,차대사람,횡단중,횡단중,보행자 보호의무 위반,단일로,횡단보도부근
16847,2015-10-21 05,야간,수,1,1,0,0,0,경북,영주시,차대사람,길가장자리구역통행중,길가장자리구역통행중,안전운전 의무 불이행,단일로,기타단일로
16848,2015-09-19 07,주간,토,1,1,0,0,0,경남,밀양시,차대차,기타,기타,안전운전 의무 불이행,단일로,기타단일로
16849,2015-08-17 17,주간,월,1,1,0,0,0,경북,영천시,차대사람,보도통행중,보도통행중,기타,단일로,기타단일로
16850,2015-03-06 13,주간,금,1,2,0,1,0,경기,수원시,차대사람,기타,기타,안전운전 의무 불이행,단일로,기타단일로
16851,2015-04-09 18,야간,목,1,4,3,0,0,경기,고양시,차량단독,공작물충돌,공작물충돌,안전운전 의무 불이행,교차로,교차로부근
16852,2015-05-15 11,주간,금,1,2,0,1,0,충북,충주시,차대차,기타,기타,안전운전 의무 불이행,교차로,교차로내
16853,2015-11-08 18,야간,일,1,1,0,0,0,전북,정읍시,차대사람,횡단중,횡단중,안전운전 의무 불이행,단일로,기타단일로
16854,2015-08-07 09,주간,금,1,4,3,0,0,강원,춘천시,차대차,추돌,주정차중 추돌,안전운전 의무 불이행,단일로,기타단일로
16855,2015-03-24 00,야간,화,1,1,0,0,0,경기,파주시,차대사람,기타,기타,안전운전 의무 불이행,단일로,기타단일로
16856,2015-04-15 21,야간,수,1,2,0,1,0,전남,순천시,차대차,추돌,진행중 추돌,안전운전 의무 불이행,단일로,기타단일로
16857,2015-06-22 09,주간,월,1,1,0,0,0,경남,창원시(통합),차대사람,길가장자리구역통행중,길가장자리구역통행중,안전운전 의무 불이행,단일로,기타단일로
16858,2015-11-10 04,야간,화,1,1,0,0,0,전북,정읍시,차량단독,공작물충돌,공작물충돌,안전운전 의무 불이행,단일로,기타단일로
16859,2015-05-30 04,야간,토,1,1,0,0,0,울산,울주군,차대차,추돌,진행중 추돌,안전운전 의무 불이행,교차로,교차로내
16860,2015-11-10 10,주간,화,1,1,0,0,0,전북,정읍시,차대사람,횡단중,횡단중,안전운전 의무 불이행,교차로,교차로부근
16861,2015-04-08 08,주간,수,1,2,0,1,0,전남,여수시,차대차,정면충돌,정면충돌,중앙선 침범,교차로,교차로부근
16862,2015-04-03 12,주간,금,2,5,3,0,0,부산,해운대구,차대사람,기타,기타,안전운전 의무 불이행,단일로,기타단일로
16863,2015-08-13 11,주간,목,1,1,0,0,0,부산,강서구,차량단독,도로이탈,도로이탈 추락,안전운전 의무 불이행,단일로,기타단일로
16864,2015-12-06 10,주간,일,1,4,2,1,0,충북,진천군,차대차,정면충돌,정면충돌,중앙선 침범,단일로,기타단일로
16865,2015-03-17 14,주간,화,1,2,1,0,0,전북,익산시,차대차,측면충돌,측면충돌,안전운전 의무 불이행,단일로,기타단일로
16866,2015-05-19 00,야간,화,1,1,0,0,0,대구,중구,차대차,기타,기타,안전운전 의무 불이행,단일로,기타단일로
16867,2015-07-29 22,야간,수,1,2,1,0,0,경북,칠곡군,차대차,기타,기타,안전운전 의무 불이행,단일로,기타단일로
16868,2015-04-27 11,주간,월,1,1,0,0,0,경남,거제시,차대사람,차도통행중,차도통행중,중앙선 침범,교차로,교차로부근
16869,2015-07-29 20,야간,수,2,2,0,0,0,경북,칠곡군,차량단독,공작물충돌,공작물충돌,안전운전 의무 불이행,단일로,기타단일로
16870,2015-12-27 20,야간,일,1,1,0,0,0,전북,남원시,차대차,측면충돌,측면충돌,안전운전 의무 불이행,단일로,기타단일로
16871,2015-09-01 16,주간,화,1,1,0,0,0,경남,사천시,차대사람,횡단중,횡단중,중앙선 침범,단일로,기타단일로
16872,2015-08-20 10,주간,목,1,1,0,0,0,경북,영천시,차량단독,공작물충돌,공작물충돌,안전운전 의무 불이행,단일로,기타단일로
16873,2015-02-24 10,주간,화,1,1,0,0,0,경기,평택시,차대사람,기타,기타,안전운전 의무 불이행,기타/불명,기타/불명
16874,2015-06-30 00,야간,화,1,2,1,0,0,충남,천안시,차대차,추돌,주정차중 추돌,안전운전 의무 불이행,단일로,기타단일로
16875,2015-05-08 17,주간,금,1,1,0,0,0,대구,북구,차대차,측면충돌,측면충돌,신호위반,단일로,기타단일로
16876,2015-08-16 06,주간,일,1,2,1,0,0,부산,강서구,차대차,측면충돌,측면충돌,교차로 통행방법 위반,교차로,교차로내
16877,2015-05-23 16,주간,토,1,1,0,0,0,인천,계양구,차대사람,차도통행중,차도통행중,기타,단일로,기타단일로
16878,2015-06-06 04,야간,토,1,2,0,1,0,경기,이천시,차대차,정면충돌,정면충돌,중앙선 침범,단일로,기타단일로
16879,2015-08-29 15,주간,토,1,1,0,0,0,경북,김천시,차대차,측면충돌,측면충돌,기타,단일로,횡단보도상
16880,2015-03-20 20,야간,금,1,1,0,0,0,경기,의정부시,차대사람,차도통행중,차도통행중,안전운전 의무 불이행,단일로,기타단일로
16881,2015-04-09 04,야간,목,1,1,0,0,0,경기,화성시,차대차,기타,기타,안전운전 의무 불이행,단일로,기타단일로
16882,2015-05-17 16,주간,일,1,1,0,0,0,충북,충주시,차대사람,기타,기타,안전운전 의무 불이행,단일로,기타단일로
16883,2015-03-24 23,야간,화,1,1,0,0,0,전북,전주시,차대사람,차도통행중,차도통행중,안전운전 의무 불이행,단일로,기타단일로
16884,2015-04-30 21,야간,목,1,5,0,4,0,강원,춘천시,차대차,측면충돌,측면충돌,신호위반,교차로,교차로내
16885,2015-04-03 10,주간,금,1,1,0,0,0,경북,경주시,차대차,측면충돌,측면충돌,교차로 통행방법 위반,교차로,교차로내
16886,2015-06-28 02,야간,일,1,1,0,0,0,경남,창원시(통합),차량단독,도로이탈,도로이탈 추락,안전운전 의무 불이행,교차로,교차로내
16887,2015-10-13 10,주간,화,1,1,0,0,0,충북,음성군,차대차,기타,기타,교차로 통행방법 위반,교차로,교차로내
16888,2015-10-03 19,야간,토,1,1,0,0,0,충남,논산시,차대사람,횡단중,횡단중,과속,단일로,기타단일로
16889,2015-08-28 18,야간,금,1,1,0,0,0,경기,양평군,차량단독,공작물충돌,공작물충돌,안전운전 의무 불이행,단일로,기타단일로
16890,2015-04-18 13,주간,토,1,1,0,0,0,서울,마포구,차대사람,기타,기타,안전운전 의무 불이행,단일로,기타단일로
16891,2015-09-30 09,주간,수,1,1,0,0,0,전북,김제시,차량단독,공작물충돌,공작물충돌,안전운전 의무 불이행,단일로,기타단일로
16892,2015-04-08 02,야간,수,1,3,0,2,0,인천,남구,차대차,측면충돌,측면충돌,신호위반,교차로,교차로내
16893,2015-06-14 10,주간,일,1,1,0,0,0,경기,포천시,차량단독,전도전복,전도전복,안전운전 의무 불이행,단일로,기타단일로
16894,2015-07-27 11,주간,월,1,1,0,0,0,경북,영천시,차량단독,전도전복,전도전복,안전운전 의무 불이행,단일로,기타단일로
16895,2015-03-29 12,주간,일,1,2,0,0,1,서울,동대문구,차대차,기타,기타,안전운전 의무 불이행,교차로,교차로내
16896,2015-10-13 13,주간,화,1,1,0,0,0,충북,음성군,차대차,측면충돌,측면충돌,안전운전 의무 불이행,교차로,교차로내
16897,2015-07-15 23,야간,수,1,3,0,2,0,인천,부평구,차대차,정면충돌,정면충돌,신호위반,교차로,교차로내
16898,2015-05-26 13,주간,화,1,1,0,0,0,경기,양주시,차대차,측면충돌,측면충돌,기타,단일로,기타단일로
16899,2015-09-07 12,주간,월,1,1,0,0,0,울산,동구,차대차,측면충돌,측면충돌,안전운전 의무 불이행,교차로,교차로내
16900,2015-11-14 17,주간,토,1,1,0,0,0,경북,상주시,차량단독,전도전복,전도전복,안전운전 의무 불이행,단일로,기타단일로
16901,2015-08-21 22,야간,금,1,1,0,0,0,부산,강서구,차대사람,기타,기타,안전운전 의무 불이행,단일로,기타단일로
16902,2015-08-26 02,야간,수,1,1,0,0,0,경북,영천시,차량단독,공작물충돌,공작물충돌,안전운전 의무 불이행,단일로,기타단일로
16903,2015-11-07 14,주간,토,1,5,2,2,0,전남,나주시,차량단독,공작물충돌,공작물충돌,안전운전 의무 불이행,단일로,기타단일로
16904,2015-04-07 19,야간,화,1,1,0,0,0,인천,서구,차대사람,횡단중,횡단중,안전운전 의무 불이행,단일로,횡단보도상
16905,2015-10-03 17,주간,토,1,1,0,0,0,전북,김제시,차대사람,기타,기타,안전운전 의무 불이행,교차로,교차로부근
16906,2015-05-26 19,야간,화,1,1,0,0,0,경기,양주시,차대차,추돌,진행중 추돌,안전운전 의무 불이행,단일로,기타단일로
16907,2015-04-21 14,주간,화,1,2,1,0,0,경기,광명시,차대차,추돌,진행중 추돌,안전운전 의무 불이행,단일로,기타단일로
16908,2015-03-22 01,야간,일,1,3,1,1,0,경기,의정부시,차량단독,공작물충돌,공작물충돌,안전운전 의무 불이행,교차로,교차로부근
16909,2015-10-02 10,주간,금,1,4,3,0,0,전북,김제시,차대차,추돌,주정차중 추돌,안전운전 의무 불이행,단일로,기타단일로
16910,2015-11-04 08,주간,수,1,1,0,0,0,경북,영주시,차대차,추돌,진행중 추돌,안전운전 의무 불이행,단일로,기타단일로
16911,2015-10-14 16,주간,수,1,1,0,0,0,충북,음성군,차대차,기타,기타,안전운전 의무 불이행,교차로,교차로내
16912,2015-06-04 21,야간,목,1,1,0,0,0,경북,안동시,차대사람,보도통행중,보도통행중,기타,단일로,기타단일로
16913,2015-06-05 12,주간,금,1,2,1,0,0,경북,안동시,차대사람,기타,기타,안전운전 의무 불이행,교차로,교차로부근
16914,2015-05-12 11,주간,화,1,1,0,0,0,부산,사하구,차량단독,공작물충돌,공작물충돌,안전운전 의무 불이행,단일로,기타단일로
16915,2015-05-27 21,야간,수,1,1,0,0,0,경기,양주시,차대차,정면충돌,정면충돌,신호위반,교차로,교차로내
16916,2015-07-04 08,주간,토,1,1,0,0,0,경기,하남시,차대차,기타,기타,안전운전 의무 불이행,단일로,기타단일로
16917,2015-06-17 11,주간,수,1,4,3,0,0,경기,포천시,차대차,추돌,주정차중 추돌,안전운전 의무 불이행,단일로,기타단일로
16918,2015-10-16 17,주간,금,1,1,0,0,0,경기,동두천시,차대차,기타,기타,기타,단일로,기타단일로
16919,2015-06-17 23,야간,수,1,1,0,0,0,경남,김해시,차대차,추돌,주정차중 추돌,기타,교차로,교차로부근
16920,2015-05-26 22,야간,화,1,2,0,1,0,서울,동작구,차대차,측면충돌,측면충돌,신호위반,교차로,교차로내
16921,2015-12-15 04,야간,화,1,1,0,0,0,서울,서초구,차대차,기타,기타,안전운전 의무 불이행,단일로,기타단일로
16922,2015-03-21 19,야간,토,1,1,0,0,0,전북,익산시,차대사람,횡단중,횡단중,안전운전 의무 불이행,단일로,횡단보도상
16923,2015-12-17 06,주간,목,1,1,0,0,0,서울,서초구,차대사람,횡단중,횡단중,보행자 보호의무 위반,교차로,교차로부근
16924,2015-02-14 00,야간,토,1,1,0,0,0,대전,유성구,차대사람,횡단중,횡단중,안전운전 의무 불이행,단일로,기타단일로
16925,2015-04-01 06,주간,수,1,1,0,0,0,전북,전주시,차대사람,횡단중,횡단중,안전운전 의무 불이행,단일로,기타단일로
16926,2015-09-07 19,야간,월,1,1,0,0,0,경북,김천시,차대차,추돌,진행중 추돌,안전운전 의무 불이행,단일로,기타단일로
16927,2015-10-30 09,주간,금,1,1,0,0,0,부산,영도구,차대사람,횡단중,횡단중,보행자 보호의무 위반,단일로,횡단보도상
16928,2015-11-29 19,야간,일,1,2,1,0,0,경북,김천시,차대차,측면충돌,측면충돌,기타,단일로,기타단일로
16929,2015-12-15 00,야간,화,1,1,0,0,0,전남,영암군,차량단독,전도전복,전도전복,안전운전 의무 불이행,단일로,기타단일로
16930,2015-03-29 12,주간,일,1,1,0,0,0,경기,파주시,차량단독,공작물충돌,공작물충돌,안전운전 의무 불이행,단일로,기타단일로
16931,2015-10-19 18,야간,월,1,1,0,0,0,충북,음성군,차대사람,차도통행중,차도통행중,안전운전 의무 불이행,교차로,교차로내
16932,2015-09-01 19,야간,화,1,1,0,0,0,경북,영천시,차대사람,횡단중,횡단중,안전운전 의무 불이행,단일로,기타단일로
16933,2015-09-05 14,주간,토,1,1,0,0,0,서울,성북구,차량단독,전도전복,전도전복,안전운전 의무 불이행,단일로,기타단일로
16934,2015-07-10 15,주간,금,1,1,0,0,0,인천,동구,차대사람,횡단중,횡단중,안전거리 미확보,단일로,횡단보도상
16935,2015-09-12 06,주간,토,1,1,0,0,0,경남,사천시,차대사람,횡단중,횡단중,안전운전 의무 불이행,단일로,기타단일로
16936,2015-11-21 17,주간,토,1,1,0,0,0,경북,상주시,차대사람,차도통행중,차도통행중,안전운전 의무 불이행,단일로,기타단일로
16937,2015-11-08 17,주간,일,1,1,0,0,0,충남,홍성군,차대사람,횡단중,횡단중,보행자 보호의무 위반,단일로,기타단일로
16938,2015-05-10 08,주간,일,1,1,0,0,0,서울,노원구,차량단독,기타,기타,안전운전 의무 불이행,단일로,지하차도(도로)내
16939,2015-06-22 09,주간,월,1,1,0,0,0,경남,김해시,차대차,기타,기타,안전운전 의무 불이행,단일로,기타단일로
16940,2015-08-14 09,주간,금,1,1,0,0,0,경기,여주시,차대차,측면충돌,측면충돌,교차로 통행방법 위반,교차로,교차로내
16941,2015-04-17 14,주간,금,2,2,0,0,0,제주,제주시,차대차,측면충돌,측면충돌,중앙선 침범,단일로,기타단일로
16942,2015-11-15 17,주간,일,1,1,0,0,0,전남,나주시,차대차,추돌,주정차중 추돌,안전운전 의무 불이행,단일로,기타단일로
16943,2015-12-22 07,주간,화,1,1,0,0,0,충북,진천군,차량단독,전도전복,전도전복,안전운전 의무 불이행,단일로,기타단일로
16944,2015-04-15 00,야간,수,1,2,0,0,1,경기,화성시,차대사람,차도통행중,차도통행중,안전운전 의무 불이행,단일로,기타단일로
16945,2015-09-14 00,야간,월,1,1,0,0,0,울산,동구,차량단독,공작물충돌,공작물충돌,안전운전 의무 불이행,단일로,기타단일로
16946,2015-04-21 23,야간,화,1,1,0,0,0,충북,청주시,차량단독,공작물충돌,공작물충돌,안전운전 의무 불이행,단일로,기타단일로
16947,2015-03-11 04,야간,수,1,1,0,0,0,경기,고양시,차대차,기타,기타,과속,단일로,기타단일로
16948,2015-12-01 17,주간,화,1,1,0,0,0,강원,삼척시,차량단독,도로이탈,도로이탈 추락,안전운전 의무 불이행,단일로,기타단일로
16949,2015-07-26 05,야간,일,1,1,0,0,0,인천,부평구,차대사람,기타,기타,안전운전 의무 불이행,단일로,기타단일로
16950,2015-06-09 18,야간,화,1,1,0,0,0,부산,북구,차대사람,기타,기타,안전운전 의무 불이행,단일로,기타단일로
16951,2015-07-07 04,야간,화,1,1,0,0,0,충북,옥천군,차대사람,기타,기타,안전운전 의무 불이행,단일로,기타단일로
16952,2015-03-27 16,주간,금,1,1,0,0,0,경기,안산시,차대차,측면충돌,측면충돌,신호위반,단일로,횡단보도상
16953,2015-05-27 14,주간,수,2,5,3,0,0,충남,태안군,차대차,정면충돌,정면충돌,중앙선 침범,교차로,교차로부근
16954,2015-03-28 01,야간,토,1,2,1,0,0,경기,안산시,차량단독,공작물충돌,공작물충돌,과속,단일로,기타단일로
16955,2015-07-08 04,야간,수,1,2,0,0,1,경남,창원시(통합),차대차,정면충돌,정면충돌,중앙선 침범,단일로,기타단일로
16956,2015-11-02 18,야간,월,1,1,0,0,0,경기,동두천시,차대사람,보도통행중,보도통행중,보행자 보호의무 위반,단일로,횡단보도상
16957,2015-06-05 01,야간,금,1,1,0,0,0,부산,동래구,차량단독,공작물충돌,공작물충돌,안전운전 의무 불이행,교차로,교차로내
16958,2015-03-31 02,야간,화,1,2,1,0,0,경기,파주시,차대차,추돌,진행중 추돌,안전운전 의무 불이행,교차로,교차로부근
16959,2015-10-17 21,야간,토,1,1,0,0,0,경남,밀양시,차량단독,도로이탈,도로이탈 기타,안전운전 의무 불이행,단일로,기타단일로
16960,2015-04-22 13,주간,수,1,2,0,1,0,대구,서구,차대차,측면충돌,측면충돌,신호위반,단일로,기타단일로
16961,2015-08-31 02,야간,월,1,1,0,0,0,부산,동구,차량단독,기타,기타,안전운전 의무 불이행,단일로,기타단일로
16962,2015-05-18 12,주간,월,1,1,0,0,0,부산,사하구,차대사람,기타,기타,안전운전 의무 불이행,단일로,기타단일로
16963,2015-10-18 19,야간,일,1,1,0,0,0,충남,논산시,차대사람,횡단중,횡단중,안전운전 의무 불이행,단일로,기타단일로
16964,2015-04-29 01,야간,수,1,1,0,0,0,서울,서초구,차대사람,기타,기타,안전운전 의무 불이행,단일로,기타단일로
16965,2015-04-12 22,야간,일,1,1,0,0,0,인천,서구,차대사람,차도통행중,차도통행중,안전운전 의무 불이행,단일로,기타단일로
16966,2015-04-23 00,야간,목,1,2,1,0,0,경기,안양시,차대사람,횡단중,횡단중,신호위반,교차로,교차로부근
16967,2015-11-16 19,야간,월,1,14,6,7,0,경북,영주시,차대차,추돌,주정차중 추돌,안전운전 의무 불이행,교차로,교차로부근
16968,2015-06-13 08,주간,토,1,2,1,0,0,울산,울주군,차량단독,공작물충돌,공작물충돌,안전운전 의무 불이행,단일로,기타단일로
16969,2015-11-19 12,주간,목,1,1,0,0,0,전남,나주시,차량단독,전도전복,전도전복,안전운전 의무 불이행,단일로,기타단일로
16970,2015-10-02 10,주간,금,1,1,0,0,0,경남,창원시(통합),차대차,측면충돌,측면충돌,신호위반,교차로,교차로내
16971,2015-11-30 07,주간,월,1,1,0,0,0,경북,상주시,차대사람,횡단중,횡단중,안전운전 의무 불이행,교차로,교차로내
16972,2015-12-30 00,야간,수,1,2,1,0,0,충북,진천군,차량단독,전도전복,전도전복,안전운전 의무 불이행,교차로,교차로내
16973,2015-04-20 04,야간,월,1,1,0,0,0,전남,목포시,차대사람,길가장자리구역통행중,길가장자리구역통행중,안전운전 의무 불이행,단일로,기타단일로
16974,2015-09-24 01,야간,목,1,1,0,0,0,서울,종로구,차대사람,차도통행중,차도통행중,안전운전 의무 불이행,단일로,기타단일로
16975,2015-06-25 11,주간,목,1,1,0,0,0,경기,포천시,차량단독,전도전복,전도전복,안전운전 의무 불이행,단일로,기타단일로
16976,2015-10-19 18,야간,월,1,1,0,0,0,충남,논산시,차대사람,횡단중,횡단중,안전운전 의무 불이행,단일로,기타단일로
16977,2015-05-02 02,야간,토,1,1,0,0,0,서울,강남구,차량단독,기타,기타,안전운전 의무 불이행,단일로,기타단일로
16978,2015-12-29 18,야간,화,1,1,0,0,0,전남,영암군,차대사람,횡단중,횡단중,안전운전 의무 불이행,단일로,기타단일로
16979,2015-11-08 13,주간,일,1,1,0,0,0,부산,영도구,차대사람,길가장자리구역통행중,길가장자리구역통행중,안전운전 의무 불이행,단일로,기타단일로