교통사고이력ID(사고기록 순서),발생년월일시,주야코드,요일코드,사망자수,부상자수,중상자수,경상자수,부상신고자수,발생지시도코드,발생지시도코드,사고유형대분류코드,사고유형중분류코드,사고유형코드,법규위반코드,도로형태대분류코드,도로로형태코드
18772,2015-11-12 06,주간,목,1,2,0,1,0,경기,김포시,차대차,정면충돌,정면충돌,안전거리 미확보,단일로,교량위
18773,2015-11-26 22,야간,목,1,1,0,0,0,울산,남구,차대사람,횡단중,횡단중,안전운전 의무 불이행,단일로,횡단보도부근
18774,2015-12-08 18,야간,화,1,1,0,0,0,전북,전주시,차대사람,횡단중,횡단중,안전운전 의무 불이행,교차로,교차로내
18775,2015-09-26 16,주간,토,1,2,0,1,0,광주,광산구,차대차,정면충돌,정면충돌,신호위반,교차로,교차로내
18776,2015-08-30 19,야간,일,1,1,0,0,0,서울,송파구,차대차,측면충돌,측면충돌,신호위반,교차로,교차로내
18777,2015-12-10 07,주간,목,1,3,0,2,0,경기,화성시,차대차,정면충돌,정면충돌,중앙선 침범,단일로,기타단일로
18778,2015-12-06 17,주간,일,1,1,0,0,0,부산,해운대구,차대사람,기타,기타,안전운전 의무 불이행,단일로,기타단일로
18779,2015-08-21 12,주간,금,1,2,0,0,1,경북,구미시,차대차,기타,기타,안전거리 미확보,단일로,기타단일로
18780,2015-11-09 22,야간,월,1,1,0,0,0,경북,경주시,차대사람,차도통행중,차도통행중,안전운전 의무 불이행,단일로,기타단일로
18781,2015-11-10 00,야간,화,1,1,0,0,0,경북,경주시,차대사람,횡단중,횡단중,안전운전 의무 불이행,단일로,기타단일로
18782,2015-10-30 05,야간,금,1,1,0,0,0,경기,파주시,차대사람,길가장자리구역통행중,길가장자리구역통행중,안전운전 의무 불이행,단일로,기타단일로
18783,2015-11-26 18,야간,목,1,1,0,0,0,인천,서구,차대차,측면충돌,측면충돌,신호위반,교차로,교차로내
18784,2015-09-28 22,야간,월,1,1,0,0,0,경기,용인시,차대사람,기타,기타,안전운전 의무 불이행,교차로,교차로부근
18785,2015-12-23 05,야간,수,1,1,0,0,0,경기,고양시,차대사람,횡단중,횡단중,안전운전 의무 불이행,교차로,교차로부근
18786,2015-11-18 06,주간,수,1,1,0,0,0,전북,전주시,차대사람,횡단중,횡단중,안전운전 의무 불이행,교차로,교차로부근
18787,2015-11-10 18,야간,화,1,3,0,1,1,경북,경주시,차대차,추돌,진행중 추돌,안전운전 의무 불이행,단일로,기타단일로
18788,2015-12-14 07,주간,월,1,2,0,1,0,전북,전주시,차대차,정면충돌,정면충돌,중앙선 침범,단일로,기타단일로
18789,2015-09-29 15,주간,화,1,1,0,0,0,경기,용인시,차량단독,공작물충돌,공작물충돌,안전운전 의무 불이행,단일로,기타단일로
18790,2015-08-23 01,야간,일,1,2,0,1,0,경북,구미시,차대차,기타,기타,안전운전 의무 불이행,교차로,교차로부근
18791,2015-10-31 09,주간,토,1,4,3,0,0,경기,파주시,차대차,정면충돌,정면충돌,중앙선 침범,단일로,기타단일로
18792,2015-08-23 06,주간,일,1,2,1,0,0,경북,구미시,차대차,기타,기타,안전운전 의무 불이행,단일로,기타단일로
18793,2015-10-22 14,주간,목,1,1,0,0,0,전북,익산시,차량단독,공작물충돌,공작물충돌,안전운전 의무 불이행,단일로,기타단일로
18794,2015-12-01 17,주간,화,2,2,0,0,0,울산,남구,차대사람,횡단중,횡단중,보행자 보호의무 위반,단일로,횡단보도상
18795,2015-11-12 22,야간,목,1,2,0,1,0,대전,중구,차대차,추돌,진행중 추돌,기타,단일로,기타단일로
18796,2015-11-07 03,야간,토,1,1,0,0,0,충남,천안시,차대사람,횡단중,횡단중,안전운전 의무 불이행,단일로,기타단일로
18797,2015-12-25 09,주간,금,1,1,0,0,0,경기,고양시,차대사람,기타,기타,안전운전 의무 불이행,단일로,기타단일로
18798,2015-10-07 18,야간,수,1,1,0,0,0,경기,의정부시,차대차,기타,기타,신호위반,교차로,교차로내
18799,2015-08-19 11,주간,수,1,1,0,0,0,경기,고양시,차대사람,횡단중,횡단중,신호위반,단일로,횡단보도상
18800,2015-12-15 12,주간,화,1,2,0,1,0,경기,화성시,차대차,추돌,주정차중 추돌,안전운전 의무 불이행,교차로,교차로부근
18801,2015-12-11 13,주간,금,1,1,0,0,0,제주,제주시,차대사람,횡단중,횡단중,안전운전 의무 불이행,기타/불명,기타/불명
18802,2015-12-12 00,야간,토,1,1,0,0,0,제주,제주시,차대사람,기타,기타,안전운전 의무 불이행,단일로,기타단일로
18803,2015-09-20 23,야간,일,1,1,0,0,0,대구,달서구,차대사람,횡단중,횡단중,안전운전 의무 불이행,단일로,횡단보도상
18804,2015-10-21 10,주간,수,1,1,0,0,0,강원,원주시,차대차,추돌,진행중 추돌,안전거리 미확보,단일로,기타단일로
18805,2015-10-04 03,야간,일,1,1,0,0,0,광주,광산구,차대사람,횡단중,횡단중,안전운전 의무 불이행,교차로,교차로내
18806,2015-11-09 13,주간,월,1,1,0,0,0,충남,천안시,차대차,측면충돌,측면충돌,안전운전 의무 불이행,단일로,기타단일로
18807,2015-08-26 14,주간,수,1,1,0,0,0,경북,구미시,차대사람,기타,기타,안전운전 의무 불이행,기타/불명,기타/불명
18808,2015-08-30 05,야간,일,1,1,0,0,0,경기,안산시,차대차,기타,기타,신호위반,단일로,횡단보도상
18809,2015-11-26 20,야간,목,1,2,1,0,0,경기,안산시,차대차,정면충돌,정면충돌,중앙선 침범,단일로,기타단일로
18810,2015-09-30 09,주간,수,1,1,0,0,0,경기,의정부시,차대사람,기타,기타,안전운전 의무 불이행,기타/불명,기타/불명
18811,2015-12-04 17,주간,금,1,1,0,0,0,인천,남구,차대차,기타,기타,안전운전 의무 불이행,교차로,교차로내
18812,2015-11-07 03,야간,토,1,1,0,0,0,대구,동구,차대사람,기타,기타,안전운전 의무 불이행,교차로,교차로부근
18813,2015-12-16 07,주간,수,1,1,0,0,0,제주,제주시,차대차,기타,기타,안전운전 의무 불이행,교차로,교차로내
18814,2015-12-16 18,야간,수,1,1,0,0,0,제주,제주시,차대사람,횡단중,횡단중,안전운전 의무 불이행,기타/불명,기타/불명
18815,2015-11-24 03,야간,화,1,1,0,0,0,전북,전주시,차대사람,횡단중,횡단중,안전운전 의무 불이행,단일로,기타단일로
18816,2015-11-05 09,주간,목,1,1,0,0,0,서울,영등포구,차대사람,기타,기타,안전운전 의무 불이행,단일로,기타단일로
18817,2015-12-18 18,야간,금,1,1,0,0,0,제주,제주시,차대사람,횡단중,횡단중,안전운전 의무 불이행,교차로,교차로부근
18818,2015-08-28 19,야간,금,1,1,0,0,0,경북,구미시,차대차,기타,기타,안전운전 의무 불이행,교차로,교차로부근
18819,2015-11-20 04,야간,금,1,1,0,0,0,대전,중구,차량단독,공작물충돌,공작물충돌,안전운전 의무 불이행,단일로,횡단보도부근
18820,2015-11-20 10,주간,금,1,1,0,0,0,경북,경주시,차대차,기타,기타,중앙선 침범,단일로,기타단일로
18821,2015-10-25 07,주간,일,1,4,2,1,0,강원,원주시,차대사람,보도통행중,보도통행중,안전거리 미확보,단일로,기타단일로
18822,2015-12-09 06,주간,수,1,1,0,0,0,인천,남구,차대사람,횡단중,횡단중,안전운전 의무 불이행,단일로,기타단일로
18823,2015-07-18 23,야간,토,1,2,1,0,0,경기,평택시,차대차,기타,기타,안전운전 의무 불이행,단일로,기타단일로
18824,2015-10-31 17,주간,토,1,1,0,0,0,전북,익산시,차대사람,횡단중,횡단중,안전운전 의무 불이행,단일로,기타단일로
18825,2015-10-08 00,야간,목,1,1,0,0,0,경기,용인시,차량단독,공작물충돌,공작물충돌,안전운전 의무 불이행,단일로,기타단일로
18826,2015-12-30 02,야간,수,1,1,0,0,0,서울,중랑구,차량단독,전도전복,전도전복,안전운전 의무 불이행,단일로,기타단일로
18827,2015-11-29 10,주간,일,1,1,0,0,0,전북,전주시,차대차,측면충돌,측면충돌,안전거리 미확보,단일로,기타단일로
18828,2015-12-03 01,야간,목,1,2,1,0,0,경기,안산시,차대차,기타,기타,신호위반,교차로,교차로내
18829,2015-12-29 22,야간,화,1,2,1,0,0,전북,전주시,차대차,측면충돌,측면충돌,신호위반,교차로,교차로내
18830,2015-06-10 01,야간,수,2,2,0,0,0,대전,유성구,차대차,추돌,진행중 추돌,안전운전 의무 불이행,단일로,지하차도(도로)내
18831,2015-11-26 17,주간,목,1,1,0,0,0,경기,김포시,차대사람,횡단중,횡단중,안전운전 의무 불이행,단일로,기타단일로
18832,2015-11-30 19,야간,월,1,2,1,0,0,전북,전주시,차대차,기타,기타,보행자 보호의무 위반,교차로,교차로부근
18833,2015-06-10 11,주간,수,1,1,0,0,0,대전,유성구,차대차,측면충돌,측면충돌,기타,단일로,기타단일로
18834,2015-12-07 06,주간,월,1,1,0,0,0,대구,달서구,차대차,기타,기타,보행자 보호의무 위반,교차로,교차로부근
18835,2015-10-28 23,야간,수,1,1,0,0,0,강원,원주시,차량단독,공작물충돌,공작물충돌,안전운전 의무 불이행,교차로,교차로내
18836,2015-09-29 18,야간,화,1,1,0,0,0,인천,남동구,차대차,측면충돌,측면충돌,신호위반,교차로,교차로내
18837,2015-09-12 10,주간,토,1,2,1,0,0,경기,시흥시,차대차,추돌,주정차중 추돌,안전운전 의무 불이행,단일로,기타단일로
18838,2015-11-28 00,야간,토,2,2,0,0,0,경북,경산시,차량단독,전도전복,전도전복,안전운전 의무 불이행,단일로,기타단일로
18839,2015-10-11 21,야간,일,1,1,0,0,0,경기,용인시,차량단독,공작물충돌,공작물충돌,중앙선 침범,단일로,기타단일로
18840,2015-11-14 06,주간,토,1,1,0,0,0,제주,제주시,차대사람,횡단중,횡단중,보행자 보호의무 위반,단일로,횡단보도상
18841,2015-09-29 22,야간,화,1,1,0,0,0,대구,달서구,차대차,추돌,진행중 추돌,신호위반,교차로,교차로내
18842,2015-11-27 06,주간,금,1,1,0,0,0,경북,경주시,차대차,기타,기타,안전운전 의무 불이행,단일로,기타단일로
18843,2015-09-17 20,야간,목,1,1,0,0,0,광주,북구,차대사람,횡단중,횡단중,안전운전 의무 불이행,단일로,기타단일로
18844,2015-12-04 16,주간,금,1,1,0,0,0,전북,전주시,차대사람,횡단중,횡단중,신호위반,교차로,교차로내
18845,2015-10-30 19,야간,금,1,1,0,0,0,강원,원주시,차대사람,횡단중,횡단중,안전운전 의무 불이행,단일로,기타단일로
18846,2015-10-12 17,주간,월,1,3,0,2,0,광주,서구,차대사람,횡단중,횡단중,보행자 보호의무 위반,단일로,횡단보도상
18847,2015-11-14 15,주간,토,1,1,0,0,0,충남,천안시,차량단독,기타,기타,안전운전 의무 불이행,교차로,교차로부근
18848,2015-11-01 11,주간,일,1,2,0,0,1,강원,원주시,차대사람,횡단중,횡단중,보행자 보호의무 위반,교차로,교차로부근
18849,2015-12-08 06,주간,화,1,1,0,0,0,전북,전주시,차대사람,횡단중,횡단중,안전운전 의무 불이행,단일로,횡단보도상
18850,2015-09-08 06,주간,화,2,3,0,1,0,경기,부천시,차대사람,차도통행중,차도통행중,안전운전 의무 불이행,교차로,교차로부근
18851,2015-10-21 01,야간,수,1,1,0,0,0,경기,의정부시,차량단독,공작물충돌,공작물충돌,안전운전 의무 불이행,단일로,기타단일로
18852,2015-10-14 10,주간,수,1,2,1,0,0,충북,청주시,차대차,정면충돌,정면충돌,안전운전 의무 불이행,교차로,교차로내
18853,2015-10-18 19,야간,일,1,1,0,0,0,광주,광산구,차대사람,횡단중,횡단중,과속,단일로,기타단일로
18854,2015-12-06 07,주간,일,1,2,0,1,0,전북,군산시,차대차,정면충돌,정면충돌,중앙선 침범,단일로,기타단일로
18855,2015-12-06 17,주간,일,1,1,0,0,0,전북,군산시,차대사람,횡단중,횡단중,안전운전 의무 불이행,단일로,기타단일로
18856,2015-10-20 19,야간,화,1,1,0,0,0,광주,광산구,차대차,측면충돌,측면충돌,신호위반,교차로,교차로내
18857,2015-10-05 16,주간,월,1,1,0,0,0,인천,남동구,차대사람,횡단중,횡단중,안전운전 의무 불이행,교차로,교차로부근
18858,2015-09-22 03,야간,화,1,1,0,0,0,광주,동구,차량단독,공작물충돌,공작물충돌,안전운전 의무 불이행,교차로,교차로내
18859,2015-09-08 09,주간,화,1,2,1,0,0,경북,구미시,차대차,기타,기타,안전운전 의무 불이행,단일로,기타단일로
18860,2015-12-29 00,야간,화,1,1,0,0,0,울산,남구,차대사람,횡단중,횡단중,신호위반,교차로,교차로내
18861,2015-10-06 16,주간,화,1,1,0,0,0,대구,달서구,차대사람,횡단중,횡단중,안전운전 의무 불이행,단일로,기타단일로
18862,2015-11-23 09,주간,월,1,1,0,0,0,제주,제주시,차대사람,횡단중,횡단중,안전운전 의무 불이행,단일로,기타단일로
18863,2015-10-19 09,주간,월,1,1,0,0,0,경기,용인시,차대사람,횡단중,횡단중,신호위반,교차로,교차로내
18864,2015-10-22 20,야간,목,1,1,0,0,0,서울,동대문구,차대차,기타,기타,안전운전 의무 불이행,단일로,기타단일로
18865,2015-09-12 12,주간,토,1,1,0,0,0,경기,안산시,차대차,기타,기타,중앙선 침범,단일로,기타단일로
18866,2015-12-07 09,주간,월,1,1,0,0,0,경북,경주시,차대사람,기타,기타,안전운전 의무 불이행,단일로,기타단일로
18867,2015-12-16 16,주간,수,1,1,0,0,0,경기,안산시,차대사람,기타,기타,안전운전 의무 불이행,단일로,기타단일로
18868,2015-10-25 01,야간,일,1,1,0,0,0,광주,광산구,차대사람,횡단중,횡단중,안전운전 의무 불이행,단일로,기타단일로
18869,2015-09-29 20,야간,화,1,1,0,0,0,경기,수원시,차대차,기타,기타,과속,교차로,교차로내
18870,2015-10-19 17,주간,월,1,1,0,0,0,충북,청주시,차대차,측면충돌,측면충돌,중앙선 침범,단일로,기타단일로
18871,2015-11-13 11,주간,금,1,1,0,0,0,전북,익산시,차대사람,차도통행중,차도통행중,안전운전 의무 불이행,교차로,교차로부근
18872,2015-09-14 12,주간,월,1,1,0,0,0,경기,부천시,차대차,측면충돌,측면충돌,안전운전 의무 불이행,교차로,교차로내
18873,2015-12-21 12,주간,월,1,2,0,1,0,대구,달서구,차대차,정면충돌,정면충돌,신호위반,교차로,교차로내
18874,2015-10-09 05,야간,금,1,1,0,0,0,인천,남동구,차대차,측면충돌,측면충돌,신호위반,교차로,교차로내
18875,2015-11-10 06,주간,화,1,1,0,0,0,경기,성남시,차대차,측면충돌,측면충돌,신호위반,교차로,교차로내
18876,2015-11-25 00,야간,수,1,1,0,0,0,서울,영등포구,차대사람,횡단중,횡단중,보행자 보호의무 위반,단일로,횡단보도상
18877,2015-09-21 02,야간,월,1,3,2,0,0,서울,송파구,차대차,측면충돌,측면충돌,신호위반,교차로,교차로내
18878,2015-07-28 09,주간,화,1,2,1,0,0,경기,평택시,차대차,정면충돌,정면충돌,중앙선 침범,단일로,기타단일로
18879,2015-12-11 02,야간,금,1,1,0,0,0,경북,경주시,차대사람,기타,기타,안전운전 의무 불이행,단일로,기타단일로
18880,2015-09-25 22,야간,금,1,1,0,0,0,광주,북구,차대사람,횡단중,횡단중,안전운전 의무 불이행,단일로,기타단일로
18881,2015-11-25 21,야간,수,1,1,0,0,0,서울,영등포구,차대사람,기타,기타,안전운전 의무 불이행,단일로,기타단일로
18882,2015-07-28 22,야간,화,1,2,1,0,0,경기,평택시,차대차,기타,기타,중앙선 침범,단일로,교량위
18883,2015-12-13 15,주간,일,1,1,0,0,0,경기,김포시,차대차,정면충돌,정면충돌,안전운전 의무 불이행,교차로,교차로부근
18884,2015-11-27 09,주간,금,1,1,0,0,0,서울,영등포구,차대차,측면충돌,측면충돌,신호위반,교차로,교차로내
18885,2015-10-22 20,야간,목,1,1,0,0,0,충북,청주시,차대사람,횡단중,횡단중,신호위반,교차로,교차로내
18886,2015-11-27 17,주간,금,1,2,1,0,0,대구,동구,차대사람,횡단중,횡단중,안전운전 의무 불이행,단일로,횡단보도상
18887,2015-12-13 03,야간,일,1,1,0,0,0,경북,경산시,차대사람,횡단중,횡단중,안전운전 의무 불이행,단일로,기타단일로
18888,2015-09-18 04,야간,금,1,1,0,0,0,경기,부천시,차대차,측면충돌,측면충돌,안전운전 의무 불이행,교차로,교차로부근
18889,2015-12-01 01,야간,화,1,1,0,0,0,서울,영등포구,차대사람,횡단중,횡단중,안전운전 의무 불이행,단일로,기타단일로
18890,2015-12-25 01,야간,금,1,1,0,0,0,경기,안산시,차대사람,차도통행중,차도통행중,안전운전 의무 불이행,단일로,기타단일로
18891,2015-12-02 15,주간,수,1,1,0,0,0,서울,영등포구,차대차,정면충돌,정면충돌,기타,교차로,교차로내
18892,2015-12-27 12,주간,일,1,1,0,0,0,경기,안산시,차대사람,횡단중,횡단중,안전운전 의무 불이행,단일로,기타단일로
18893,2015-12-01 02,야간,화,1,1,0,0,0,서울,강남구,차대사람,기타,기타,안전운전 의무 불이행,단일로,기타단일로
18894,2015-10-28 12,주간,수,1,3,0,2,0,경기,용인시,차대차,정면충돌,정면충돌,중앙선 침범,단일로,기타단일로
18895,2015-11-30 06,주간,월,1,1,0,0,0,경기,파주시,차대차,정면충돌,정면충돌,안전운전 의무 불이행,교차로,교차로부근
18896,2015-12-21 23,야간,월,1,1,0,0,0,경북,경주시,차량단독,도로이탈,도로이탈 추락,안전운전 의무 불이행,단일로,기타단일로
18897,2015-09-20 09,주간,일,1,4,3,0,0,경북,구미시,차대차,기타,기타,과속,교차로,교차로내
18898,2015-09-15 07,주간,화,1,1,0,0,0,경기,고양시,차대차,기타,기타,안전거리 미확보,단일로,기타단일로
18899,2015-12-12 12,주간,토,1,1,0,0,0,충남,천안시,차대차,측면충돌,측면충돌,안전운전 의무 불이행,교차로,교차로부근
18900,2015-06-24 23,야간,수,1,2,1,0,0,대전,유성구,차대차,정면충돌,정면충돌,중앙선 침범,단일로,기타단일로
18901,2015-09-16 10,주간,수,1,1,0,0,0,경기,고양시,차대차,기타,기타,신호위반,교차로,교차로내
18902,2015-10-02 15,주간,금,1,3,1,1,0,경기,남양주시,차대차,추돌,진행중 추돌,신호위반,교차로,교차로내
18903,2015-11-22 02,야간,일,1,2,1,0,0,강원,원주시,차량단독,공작물충돌,공작물충돌,안전운전 의무 불이행,교차로,교차로내
18904,2015-12-09 19,야간,수,1,1,0,0,0,서울,영등포구,차대사람,횡단중,횡단중,안전운전 의무 불이행,기타/불명,기타/불명
18905,2015-11-03 13,주간,화,1,1,0,0,0,광주,서구,차대사람,차도통행중,차도통행중,안전운전 의무 불이행,단일로,기타단일로
18906,2015-12-28 20,야간,월,1,1,0,0,0,경북,경주시,차대차,기타,기타,안전운전 의무 불이행,단일로,기타단일로
18907,2015-11-07 18,야간,토,1,1,0,0,0,서울,동대문구,차대사람,횡단중,횡단중,안전운전 의무 불이행,단일로,기타단일로
18908,2015-12-07 18,야간,월,1,1,0,0,0,경기,파주시,차대사람,횡단중,횡단중,안전운전 의무 불이행,교차로,교차로부근
18909,2015-11-09 11,주간,월,1,1,0,0,0,광주,광산구,차대사람,횡단중,횡단중,보행자 보호의무 위반,교차로,교차로내
18910,2015-12-26 15,주간,토,1,2,0,1,0,경북,경산시,차대사람,횡단중,횡단중,안전운전 의무 불이행,단일로,기타단일로
18911,2015-12-13 05,야간,일,1,1,0,0,0,제주,제주시,차대사람,횡단중,횡단중,과속,교차로,교차로내
18912,2015-10-06 12,주간,화,1,3,0,2,0,경기,남양주시,차대차,기타,기타,안전운전 의무 불이행,단일로,기타단일로
18913,2015-10-22 20,야간,목,1,1,0,0,0,인천,남동구,차대차,측면충돌,측면충돌,안전운전 의무 불이행,단일로,기타단일로
18914,2015-10-09 15,주간,금,1,1,0,0,0,광주,북구,차대차,기타,기타,기타,단일로,기타단일로
18915,2015-11-11 18,야간,수,1,1,0,0,0,광주,광산구,차대차,측면충돌,측면충돌,안전운전 의무 불이행,교차로,교차로내
18916,2015-10-24 20,야간,토,1,1,0,0,0,대구,달서구,차대차,측면충돌,측면충돌,안전운전 의무 불이행,단일로,횡단보도상
18917,2015-12-15 13,주간,화,1,1,0,0,0,서울,영등포구,차대사람,횡단중,횡단중,보행자 보호의무 위반,교차로,교차로부근
18918,2015-09-21 01,야간,월,1,1,0,0,0,경기,고양시,차량단독,공작물충돌,공작물충돌,안전운전 의무 불이행,교차로,교차로내
18919,2015-12-21 05,야간,월,1,1,0,0,0,충남,천안시,차대차,추돌,진행중 추돌,안전운전 의무 불이행,단일로,기타단일로
18920,2015-10-08 12,주간,목,1,1,0,0,0,서울,송파구,차량단독,공작물충돌,공작물충돌,안전운전 의무 불이행,단일로,기타단일로
18921,2015-12-30 22,야간,수,1,1,0,0,0,경북,경산시,차대사람,횡단중,횡단중,안전운전 의무 불이행,단일로,횡단보도상
18922,2015-12-02 06,주간,수,1,3,0,2,0,경기,성남시,차대차,추돌,주정차중 추돌,안전운전 의무 불이행,교차로,교차로부근
18923,2015-11-08 22,야간,일,1,1,0,0,0,경기,용인시,차대사람,차도통행중,차도통행중,안전운전 의무 불이행,교차로,교차로내
18924,2015-12-13 19,야간,일,1,1,0,0,0,경기,파주시,차대사람,횡단중,횡단중,안전운전 의무 불이행,교차로,교차로부근
18925,2015-09-22 12,주간,화,1,1,0,0,0,경기,고양시,차대차,측면충돌,측면충돌,안전운전 의무 불이행,단일로,기타단일로
18926,2015-08-10 14,주간,월,1,1,0,0,0,경기,평택시,차대차,측면충돌,측면충돌,안전운전 의무 불이행,교차로,교차로내
18927,2015-11-14 00,야간,토,1,1,0,0,0,광주,광산구,차대사람,횡단중,횡단중,과속,단일로,기타단일로
18928,2015-12-14 01,야간,월,1,1,0,0,0,서울,강남구,차대차,측면충돌,측면충돌,안전운전 의무 불이행,교차로,교차로내
18929,2015-09-28 06,주간,월,1,3,0,2,0,경북,구미시,차대차,정면충돌,정면충돌,중앙선 침범,교차로,교차로부근
18930,2015-11-10 01,야간,화,1,1,0,0,0,경기,용인시,차대사람,횡단중,횡단중,안전운전 의무 불이행,교차로,교차로내
18931,2015-09-12 05,야간,토,1,1,0,0,0,대구,수성구,차대사람,횡단중,횡단중,안전운전 의무 불이행,단일로,횡단보도상
18932,2015-10-28 00,야간,수,1,1,0,0,0,인천,남동구,차대사람,기타,기타,중앙선 침범,단일로,기타단일로
18933,2015-10-18 00,야간,일,1,1,0,0,0,광주,북구,차대사람,횡단중,횡단중,안전운전 의무 불이행,단일로,기타단일로
18934,2015-10-29 10,주간,목,1,1,0,0,0,인천,남동구,차대사람,차도통행중,차도통행중,안전운전 의무 불이행,교차로,교차로내
18935,2015-10-29 09,주간,목,1,1,0,0,0,인천,남동구,차대차,기타,기타,안전운전 의무 불이행,단일로,기타단일로
18936,2015-11-18 20,야간,수,1,1,0,0,0,광주,광산구,차대사람,횡단중,횡단중,과속,단일로,기타단일로
18937,2015-12-19 15,주간,토,1,1,0,0,0,경기,파주시,차대차,기타,기타,안전운전 의무 불이행,단일로,기타단일로
18938,2015-12-23 22,야간,수,1,1,0,0,0,대구,동구,차대사람,기타,기타,안전운전 의무 불이행,교차로,교차로부근
18939,2015-11-17 17,주간,화,1,2,1,0,0,서울,동대문구,차대사람,횡단중,횡단중,안전운전 의무 불이행,교차로,교차로내
18940,2015-12-20 14,주간,일,1,1,0,0,0,경기,파주시,차대사람,횡단중,횡단중,안전운전 의무 불이행,교차로,교차로부근
18941,2015-08-13 13,주간,목,1,6,4,1,0,경기,평택시,차대차,정면충돌,정면충돌,안전운전 의무 불이행,교차로,교차로내
18942,2015-04-28 12,주간,화,1,31,8,22,0,서울,양천구,차대차,추돌,주정차중 추돌,안전운전 의무 불이행,단일로,기타단일로
18943,2015-11-15 01,야간,일,1,1,0,0,0,광주,서구,차대사람,차도통행중,차도통행중,신호위반,교차로,교차로내
18944,2015-10-04 20,야간,일,1,1,0,0,0,경북,구미시,차대사람,차도통행중,차도통행중,안전운전 의무 불이행,단일로,기타단일로
18945,2015-12-24 18,야간,목,1,1,0,0,0,서울,영등포구,차대사람,횡단중,횡단중,안전운전 의무 불이행,단일로,기타단일로
18946,2015-11-12 19,야간,목,1,2,1,0,0,충북,청주시,차대사람,횡단중,횡단중,보행자 보호의무 위반,단일로,기타단일로
18947,2015-10-17 12,주간,토,1,1,0,0,0,경기,화성시,차대사람,기타,기타,안전운전 의무 불이행,단일로,기타단일로
18948,2015-10-09 16,주간,금,1,2,0,1,0,경기,안산시,차대차,측면충돌,측면충돌,기타,교차로,교차로부근
18949,2015-10-12 03,야간,월,1,3,0,2,0,경기,안산시,차대차,추돌,진행중 추돌,안전운전 의무 불이행,교차로,교차로부근
18950,2015-10-05 07,주간,월,1,1,0,0,0,경기,고양시,차대사람,횡단중,횡단중,신호위반,기타/불명,기타/불명
18951,2015-10-13 16,주간,화,2,3,1,0,0,경기,안산시,차대차,정면충돌,정면충돌,중앙선 침범,단일로,기타단일로
18952,2015-10-24 06,주간,토,1,1,0,0,0,경기,남양주시,차대사람,차도통행중,차도통행중,안전운전 의무 불이행,단일로,기타단일로
18953,2015-10-12 01,야간,월,1,1,0,0,0,경북,구미시,차대사람,보도통행중,보도통행중,안전운전 의무 불이행,교차로,교차로내
18954,2015-11-18 22,야간,수,1,1,0,0,0,충북,청주시,차대사람,횡단중,횡단중,안전운전 의무 불이행,교차로,교차로부근
18955,2015-11-25 01,야간,수,1,1,0,0,0,광주,서구,차량단독,공작물충돌,공작물충돌,안전운전 의무 불이행,교차로,교차로부근
18956,2015-11-20 05,야간,금,1,1,0,0,0,충북,청주시,차대사람,횡단중,횡단중,신호위반,교차로,교차로부근
18957,2015-11-28 05,야간,토,1,2,1,0,0,서울,동대문구,차대차,정면충돌,정면충돌,중앙선 침범,단일로,기타단일로
18958,2015-10-14 05,야간,수,1,1,0,0,0,경기,수원시,차대사람,횡단중,횡단중,안전운전 의무 불이행,교차로,교차로내
18959,2015-12-01 18,야간,화,1,1,0,0,0,광주,광산구,차대차,정면충돌,정면충돌,신호위반,교차로,교차로내
18960,2015-08-21 22,야간,금,1,1,0,0,0,경기,평택시,차대사람,기타,기타,안전운전 의무 불이행,단일로,기타단일로
18961,2015-10-15 14,주간,목,1,1,0,0,0,경북,구미시,차대차,기타,기타,안전운전 의무 불이행,단일로,교량위
18962,2015-10-09 07,주간,금,1,1,0,0,0,경기,고양시,차대사람,길가장자리구역통행중,길가장자리구역통행중,안전운전 의무 불이행,기타/불명,기타/불명
18963,2015-08-22 18,야간,토,1,1,0,0,0,경기,평택시,차량단독,공작물충돌,공작물충돌,안전운전 의무 불이행,단일로,기타단일로
18964,2015-08-23 04,야간,일,1,1,0,0,0,경기,평택시,차량단독,공작물충돌,공작물충돌,안전운전 의무 불이행,단일로,기타단일로
18965,2015-11-29 06,주간,일,1,2,0,1,0,광주,서구,차대차,정면충돌,정면충돌,신호위반,교차로,교차로내
18966,2015-11-16 13,주간,월,1,1,0,0,0,인천,남동구,차대차,추돌,진행중 추돌,신호위반,교차로,교차로내
18967,2015-12-02 22,야간,수,1,1,0,0,0,경기,용인시,차대사람,횡단중,횡단중,안전운전 의무 불이행,단일로,기타단일로
18968,2015-10-27 04,야간,화,1,1,0,0,0,경기,시흥시,차대사람,기타,기타,안전운전 의무 불이행,단일로,기타단일로
18969,2015-10-20 10,주간,화,1,1,0,0,0,경북,구미시,차대사람,기타,기타,안전운전 의무 불이행,교차로,교차로내
18970,2015-10-20 18,야간,화,1,1,0,0,0,경북,구미시,차대사람,기타,기타,안전운전 의무 불이행,단일로,기타단일로
18971,2015-12-03 18,야간,목,1,1,0,0,0,광주,서구,차대사람,횡단중,횡단중,중앙선 침범,단일로,기타단일로
18972,2015-11-08 06,주간,일,1,1,0,0,0,광주,북구,차대사람,횡단중,횡단중,보행자 보호의무 위반,단일로,기타단일로