교통사고이력ID(사고기록 순서),발생년월일시,주야코드,요일코드,사망자수,부상자수,중상자수,경상자수,부상신고자수,발생지시도코드,발생지시도코드,사고유형대분류코드,사고유형중분류코드,사고유형코드,법규위반코드,도로형태대분류코드,도로로형태코드
19171,2016-02-15 18,야간,월,1,1,0,0,0,전남,함평군,차대사람,차도통행중,차도통행중,과속,단일로,기타단일로
19172,2016-01-12 19,야간,화,1,6,2,3,0,경남,창원시(통합),차대차,추돌,진행중 추돌,안전운전 의무 불이행,단일로,기타단일로
19173,2016-01-05 12,주간,화,1,1,0,0,0,대전,대덕구,차대사람,횡단중,횡단중,안전운전 의무 불이행,단일로,기타단일로
19174,2016-01-07 07,주간,목,1,1,0,0,0,경남,김해시,차대사람,길가장자리구역통행중,길가장자리구역통행중,안전운전 의무 불이행,단일로,기타단일로
19175,2016-02-23 00,야간,화,3,3,0,0,0,전북,전주시,차대차,측면충돌,측면충돌,기타,단일로,기타단일로
19176,2016-03-16 17,주간,수,1,1,0,0,0,전남,곡성군,차량단독,전도전복,전도전복,안전운전 의무 불이행,단일로,기타단일로
19177,2016-02-03 15,주간,수,1,1,0,0,0,경북,고령군,차대차,정면충돌,정면충돌,신호위반,교차로,교차로내
19178,2016-02-13 16,주간,토,1,3,2,0,0,경북,청도군,차대차,측면충돌,측면충돌,중앙선 침범,단일로,기타단일로
19179,2016-01-08 04,야간,금,1,2,0,1,0,경북,안동시,차대차,추돌,진행중 추돌,안전운전 의무 불이행,단일로,기타단일로
19180,2016-01-12 16,주간,화,1,1,0,0,0,경기,가평군,차량단독,공작물충돌,공작물충돌,안전운전 의무 불이행,단일로,기타단일로
19181,2016-01-04 15,주간,월,1,1,0,0,0,광주,서구,차대차,측면충돌,측면충돌,안전거리 미확보,단일로,기타단일로
19182,2016-01-05 15,주간,화,1,1,0,0,0,전남,순천시,차대사람,기타,기타,안전운전 의무 불이행,단일로,기타단일로
19183,2016-01-14 22,야간,목,1,1,0,0,0,충북,괴산군,차량단독,공작물충돌,공작물충돌,안전운전 의무 불이행,단일로,기타단일로
19184,2016-03-17 14,주간,목,1,4,3,0,0,전남,곡성군,차대차,정면충돌,정면충돌,중앙선 침범,단일로,기타단일로
19185,2016-02-23 23,야간,화,1,1,0,0,0,경북,예천군,차량단독,공작물충돌,공작물충돌,안전운전 의무 불이행,교차로,교차로부근
19186,2016-03-15 12,주간,화,1,1,0,0,0,경남,의령군,차대차,추돌,진행중 추돌,안전운전 의무 불이행,단일로,기타단일로
19187,2016-01-15 08,주간,금,1,3,1,1,0,전북,정읍시,차대차,정면충돌,정면충돌,중앙선 침범,단일로,교량위
19188,2016-01-19 12,주간,화,1,8,2,5,0,전북,정읍시,차대차,기타,기타,안전운전 의무 불이행,단일로,기타단일로
19189,2016-02-28 03,야간,일,1,1,0,0,0,경남,함양군,차량단독,전도전복,전도전복,안전거리 미확보,단일로,기타단일로
19190,2016-01-28 07,주간,목,1,1,0,0,0,충남,부여군,차대사람,횡단중,횡단중,안전운전 의무 불이행,교차로,교차로부근
19191,2016-01-04 22,야간,월,1,1,0,0,0,경북,경주시,차대사람,횡단중,횡단중,안전운전 의무 불이행,단일로,기타단일로
19192,2016-02-20 19,야간,토,1,1,0,0,0,충북,영동군,차대사람,횡단중,횡단중,안전운전 의무 불이행,단일로,기타단일로
19193,2016-02-11 16,주간,목,1,1,0,0,0,충남,금산군,차량단독,전도전복,전도전복,안전운전 의무 불이행,교차로,교차로내
19194,2016-02-26 10,주간,금,1,1,0,0,0,경북,예천군,차대사람,횡단중,횡단중,안전운전 의무 불이행,단일로,기타단일로
19195,2016-01-15 11,주간,금,1,1,0,0,0,경북,문경시,차대차,측면충돌,측면충돌,중앙선 침범,단일로,기타단일로
19196,2016-01-25 13,주간,월,1,4,0,3,0,경기,광주시,차량단독,공작물충돌,공작물충돌,안전운전 의무 불이행,단일로,기타단일로
19197,2016-01-06 13,주간,수,1,1,0,0,0,경기,이천시,차량단독,전도전복,전도전복,안전운전 의무 불이행,단일로,교량위
19198,2016-02-23 18,야간,화,1,1,0,0,0,전북,무주군,차대사람,횡단중,횡단중,안전운전 의무 불이행,교차로,교차로부근
19199,2016-02-22 22,야간,월,1,1,0,0,0,경남,합천군,차량단독,공작물충돌,공작물충돌,안전운전 의무 불이행,단일로,기타단일로
19200,2016-10-06 20,야간,목,1,1,0,0,0,경북,울릉군,차량단독,전도전복,전도전복,안전운전 의무 불이행,교차로,교차로부근
19201,2016-01-12 04,야간,화,1,4,3,0,0,전남,광양시,차대차,추돌,진행중 추돌,안전운전 의무 불이행,단일로,기타단일로
19202,2016-02-18 15,주간,목,1,1,0,0,0,경북,청도군,차량단독,도로이탈,도로이탈 추락,안전운전 의무 불이행,단일로,기타단일로
19203,2016-01-15 10,주간,금,1,1,0,0,0,전남,영암군,차량단독,전도전복,전도전복,안전운전 의무 불이행,단일로,기타단일로
19204,2016-01-27 18,야간,수,1,1,0,0,0,경남,거창군,차대차,추돌,진행중 추돌,안전운전 의무 불이행,단일로,기타단일로
19205,2016-01-12 07,주간,화,1,1,0,0,0,충남,논산시,차대차,추돌,진행중 추돌,안전운전 의무 불이행,단일로,기타단일로
19206,2016-01-08 17,주간,금,1,2,0,1,0,충남,당진시,차대차,정면충돌,정면충돌,중앙선 침범,단일로,기타단일로
19207,2016-01-07 04,야간,목,1,1,0,0,0,경북,안동시,차대사람,횡단중,횡단중,안전운전 의무 불이행,교차로,교차로부근
19208,2016-03-07 19,야간,월,1,1,0,0,0,충남,청양군,차대사람,기타,기타,안전운전 의무 불이행,단일로,기타단일로
19209,2016-01-28 10,주간,목,1,1,0,0,0,경남,고성군,차량단독,전도전복,전도전복,안전운전 의무 불이행,교차로,교차로내
19210,2016-01-21 18,야간,목,1,1,0,0,0,경북,울진군,차대사람,횡단중,횡단중,안전운전 의무 불이행,단일로,기타단일로
19211,2016-03-06 19,야간,일,2,2,0,0,0,경북,청송군,차대차,정면충돌,정면충돌,중앙선 침범,단일로,기타단일로
19212,2016-03-05 19,야간,토,1,1,0,0,0,경북,예천군,차대사람,차도통행중,차도통행중,안전운전 의무 불이행,단일로,기타단일로
19213,2016-01-21 23,야간,목,1,1,0,0,0,부산,강서구,차대사람,차도통행중,차도통행중,안전운전 의무 불이행,단일로,기타단일로
19214,2016-01-11 12,주간,월,1,1,0,0,0,경북,경주시,차대차,추돌,진행중 추돌,안전운전 의무 불이행,단일로,기타단일로
19215,2016-01-06 10,주간,수,1,1,0,0,0,강원,강릉시,차대사람,횡단중,횡단중,안전운전 의무 불이행,단일로,기타단일로
19216,2016-01-09 21,야간,토,1,1,0,0,0,충남,당진시,차대사람,기타,기타,안전운전 의무 불이행,교차로,교차로내
19217,2016-03-05 11,주간,토,1,1,0,0,0,경북,군위군,차대사람,횡단중,횡단중,안전운전 의무 불이행,단일로,기타단일로
19218,2016-02-04 00,야간,목,1,1,0,0,0,인천,강화군,차대사람,횡단중,횡단중,안전운전 의무 불이행,단일로,기타단일로
19219,2016-09-15 17,주간,목,1,1,0,0,0,경기,고양시,차량단독,기타,기타,안전운전 의무 불이행,단일로,기타단일로
19220,2016-02-17 08,주간,수,1,1,0,0,0,경북,의성군,차대차,측면충돌,측면충돌,신호위반,교차로,교차로내
19221,2016-02-04 19,야간,목,1,1,0,0,0,인천,강화군,차대사람,차도통행중,차도통행중,안전운전 의무 불이행,단일로,기타단일로
19222,2016-01-30 10,주간,토,2,3,0,1,0,충북,충주시,차대차,추돌,진행중 추돌,안전거리 미확보,기타/불명,기타/불명
19223,2016-01-05 21,야간,화,1,4,3,0,0,경기,고양시,차대차,측면충돌,측면충돌,중앙선 침범,단일로,기타단일로
19224,2016-02-11 09,주간,목,1,1,0,0,0,전남,강진군,차량단독,기타,기타,안전운전 의무 불이행,단일로,기타단일로
19225,2016-06-01 07,주간,수,1,1,0,0,0,강원,화천군,차량단독,기타,기타,안전운전 의무 불이행,단일로,기타단일로
19226,2016-04-30 20,야간,토,1,1,0,0,0,전북,순창군,차대사람,차도통행중,차도통행중,안전운전 의무 불이행,단일로,기타단일로
19227,2016-01-19 05,야간,화,1,1,0,0,0,서울,은평구,차대사람,횡단중,횡단중,안전운전 의무 불이행,단일로,횡단보도부근
19228,2016-05-03 13,주간,화,1,1,0,0,0,강원,양구군,차대사람,횡단중,횡단중,안전운전 의무 불이행,교차로,교차로내
19229,2016-01-04 19,야간,월,1,1,0,0,0,충북,청주시,차대사람,횡단중,횡단중,안전운전 의무 불이행,단일로,기타단일로
19230,2016-01-16 15,주간,토,1,2,0,1,0,충북,음성군,차대차,기타,기타,안전운전 의무 불이행,단일로,기타단일로
19231,2016-03-11 07,주간,금,1,5,4,0,0,경북,예천군,차대차,정면충돌,정면충돌,중앙선 침범,단일로,기타단일로
19232,2016-02-18 18,야간,목,1,1,0,0,0,경북,의성군,차대차,정면충돌,정면충돌,중앙선 침범,단일로,기타단일로
19233,2016-01-18 15,주간,월,1,1,0,0,0,전북,김제시,차량단독,전도전복,전도전복,안전운전 의무 불이행,단일로,기타단일로
19234,2016-02-21 11,주간,일,1,1,0,0,0,전남,장흥군,차량단독,전도전복,전도전복,안전운전 의무 불이행,단일로,기타단일로
19235,2016-01-12 02,야간,화,1,1,0,0,0,서울,구로구,차대사람,기타,기타,안전운전 의무 불이행,단일로,지하차도(도로)내
19236,2016-04-09 10,주간,토,1,1,0,0,0,경북,봉화군,차대차,측면충돌,측면충돌,안전운전 의무 불이행,단일로,기타단일로
19237,2016-01-07 04,야간,목,1,1,0,0,0,경기,안산시,차량단독,공작물충돌,공작물충돌,안전운전 의무 불이행,단일로,기타단일로
19238,2016-04-02 17,주간,토,1,1,0,0,0,전북,무주군,차량단독,기타,기타,안전운전 의무 불이행,단일로,기타단일로
19239,2016-01-09 00,야간,토,1,1,0,0,0,대구,달성군,차량단독,전도전복,전도전복,안전운전 의무 불이행,단일로,기타단일로
19240,2016-01-31 18,야간,일,1,1,0,0,0,충남,서천군,차대차,추돌,진행중 추돌,안전운전 의무 불이행,단일로,기타단일로
19241,2016-02-15 06,주간,월,1,10,6,3,0,전남,강진군,차대차,측면충돌,측면충돌,안전운전 의무 불이행,단일로,기타단일로
19242,2016-01-06 15,주간,수,1,1,0,0,0,광주,서구,차량단독,전도전복,전도전복,안전운전 의무 불이행,단일로,기타단일로
19243,2016-02-29 15,주간,월,1,2,1,0,0,전남,완도군,차량단독,공작물충돌,공작물충돌,안전운전 의무 불이행,단일로,기타단일로
19244,2016-01-07 08,주간,목,1,3,2,0,0,강원,춘천시,차대차,측면충돌,측면충돌,중앙선 침범,단일로,교량위
19245,2016-03-01 09,주간,화,1,1,0,0,0,경남,남해군,차량단독,전도전복,전도전복,안전운전 의무 불이행,단일로,기타단일로
19246,2016-03-03 14,주간,목,1,1,0,0,0,경북,청도군,차량단독,전도전복,전도전복,안전운전 의무 불이행,단일로,기타단일로
19247,2016-02-03 18,야간,수,1,1,0,0,0,경남,고성군,차대사람,횡단중,횡단중,안전운전 의무 불이행,단일로,기타단일로
19248,2016-02-26 20,야간,금,1,1,0,0,0,경북,의성군,차대차,기타,기타,안전운전 의무 불이행,단일로,기타단일로
19249,2016-03-01 18,야간,화,1,2,1,0,0,경남,남해군,차대차,정면충돌,정면충돌,중앙선 침범,단일로,기타단일로
19250,2016-01-27 11,주간,수,1,1,0,0,0,전북,남원시,차량단독,전도전복,전도전복,안전운전 의무 불이행,단일로,기타단일로
19251,2016-03-27 15,주간,일,1,2,0,1,0,전남,구례군,차량단독,공작물충돌,공작물충돌,안전운전 의무 불이행,교차로,교차로내
19252,2016-03-21 09,주간,월,1,2,1,0,0,경북,군위군,차대차,추돌,진행중 추돌,안전운전 의무 불이행,교차로,교차로부근
19253,2016-01-05 05,야간,화,1,2,1,0,0,경기,고양시,차대차,측면충돌,측면충돌,신호위반,교차로,교차로내
19254,2016-01-06 08,주간,수,1,3,0,2,0,서울,영등포구,차대차,측면충돌,측면충돌,안전운전 의무 불이행,단일로,기타단일로
19255,2016-01-28 19,야간,목,1,1,0,0,0,부산,중구,차대차,기타,기타,안전운전 의무 불이행,단일로,기타단일로
19256,2016-03-28 15,주간,월,1,1,0,0,0,충남,청양군,차대차,측면충돌,측면충돌,기타,교차로,교차로내
19257,2016-02-02 15,주간,화,1,2,1,0,0,충남,공주시,차대차,추돌,진행중 추돌,안전운전 의무 불이행,단일로,기타단일로
19258,2016-02-16 08,주간,화,1,5,2,2,0,전남,장성군,차대차,측면충돌,측면충돌,중앙선 침범,단일로,기타단일로
19259,2016-01-18 06,주간,월,1,7,1,5,0,경남,밀양시,차대차,측면충돌,측면충돌,안전거리 미확보,단일로,교량위
19260,2016-02-09 20,야간,화,1,2,0,1,0,전남,고흥군,차대사람,기타,기타,안전운전 의무 불이행,교차로,교차로내
19261,2016-02-07 08,주간,일,1,3,2,0,0,경남,고성군,차량단독,공작물충돌,공작물충돌,안전운전 의무 불이행,교차로,교차로부근
19262,2016-01-16 10,주간,토,1,1,0,0,0,경남,창원시(통합),차대차,정면충돌,정면충돌,안전운전 의무 불이행,교차로,교차로부근
19263,2016-03-29 09,주간,화,4,19,11,4,0,전북,임실군,차대차,추돌,진행중 추돌,안전운전 의무 불이행,단일로,기타단일로
19264,2016-01-31 01,야간,일,1,2,1,0,0,세종,세종,차량단독,전도전복,전도전복,안전운전 의무 불이행,단일로,기타단일로
19265,2016-02-09 20,야간,화,1,1,0,0,0,전남,화순군,차대사람,횡단중,횡단중,안전운전 의무 불이행,단일로,기타단일로
19266,2016-02-10 16,주간,수,1,4,0,3,0,충남,예산군,차대차,측면충돌,측면충돌,신호위반,교차로,교차로내
19267,2016-01-07 19,야간,목,1,1,0,0,0,서울,양천구,차대차,측면충돌,측면충돌,신호위반,교차로,교차로부근
19268,2016-01-12 05,야간,화,1,1,0,0,0,경기,군포시,차대사람,횡단중,횡단중,안전운전 의무 불이행,교차로,교차로내
19269,2016-02-09 23,야간,화,1,1,0,0,0,전북,고창군,차량단독,전도전복,전도전복,안전운전 의무 불이행,교차로,교차로부근
19270,2016-01-16 19,야간,토,1,1,0,0,0,충남,논산시,차대사람,차도통행중,차도통행중,안전운전 의무 불이행,단일로,기타단일로
19271,2016-01-22 10,주간,금,1,2,1,0,0,강원,삼척시,차대차,추돌,진행중 추돌,안전운전 의무 불이행,단일로,기타단일로
19272,2016-01-20 00,야간,수,1,1,0,0,0,서울,중구,차대사람,횡단중,횡단중,안전운전 의무 불이행,단일로,기타단일로
19273,2016-01-14 10,주간,목,1,1,0,0,0,경남,창원시(통합),차대사람,횡단중,횡단중,신호위반,단일로,횡단보도상
19274,2016-01-09 18,야간,토,1,1,0,0,0,서울,서초구,차대사람,기타,기타,보행자 보호의무 위반,교차로,교차로부근
19275,2016-01-06 04,야간,수,1,1,0,0,0,충남,천안시,차대차,추돌,진행중 추돌,안전운전 의무 불이행,단일로,기타단일로
19276,2016-01-07 02,야간,목,1,4,1,2,0,전북,전주시,차대차,측면충돌,측면충돌,안전운전 의무 불이행,교차로,교차로내
19277,2016-01-22 07,주간,금,1,1,0,0,0,경기,여주시,차대사람,횡단중,횡단중,안전운전 의무 불이행,단일로,횡단보도상
19278,2016-01-09 13,주간,토,1,1,0,0,0,전남,순천시,차대사람,횡단중,횡단중,중앙선 침범,단일로,횡단보도상
19279,2016-04-16 15,주간,토,1,2,1,0,0,강원,철원군,차대차,정면충돌,정면충돌,중앙선 침범,단일로,기타단일로
19280,2016-01-17 18,야간,일,1,5,4,0,0,전남,광양시,차대차,정면충돌,정면충돌,중앙선 침범,교차로,교차로부근
19281,2016-01-07 02,야간,목,1,2,0,1,0,부산,수영구,차대차,정면충돌,정면충돌,중앙선 침범,단일로,기타단일로
19282,2016-03-10 10,주간,목,1,1,0,0,0,전남,진도군,차량단독,공작물충돌,공작물충돌,안전운전 의무 불이행,단일로,기타단일로
19283,2016-02-12 21,야간,금,1,4,0,3,0,전북,고창군,차대차,측면충돌,측면충돌,신호위반,교차로,교차로내
19284,2016-01-19 16,주간,화,1,1,0,0,0,경기,양평군,차량단독,전도전복,전도전복,안전운전 의무 불이행,단일로,기타단일로
19285,2016-06-29 12,주간,수,1,1,0,0,0,강원,화천군,차량단독,전도전복,전도전복,안전운전 의무 불이행,단일로,기타단일로
19286,2016-06-25 13,주간,토,1,1,0,0,0,경북,영양군,차대차,추돌,진행중 추돌,안전운전 의무 불이행,단일로,기타단일로
19287,2016-03-04 11,주간,금,1,1,0,0,0,경북,고령군,차대사람,횡단중,횡단중,안전운전 의무 불이행,단일로,기타단일로
19288,2016-01-09 02,야간,토,1,1,0,0,0,경기,광주시,차대사람,횡단중,횡단중,안전운전 의무 불이행,단일로,기타단일로
19289,2016-02-22 16,주간,월,1,1,0,0,0,경북,성주군,차대차,정면충돌,정면충돌,안전운전 의무 불이행,단일로,기타단일로
19290,2016-02-26 22,야간,금,1,8,1,5,1,충남,서천군,차대차,측면충돌,측면충돌,안전운전 의무 불이행,단일로,기타단일로
19291,2016-01-17 17,주간,일,1,1,0,0,0,경북,영천시,차대사람,기타,기타,안전운전 의무 불이행,단일로,기타단일로
19292,2016-01-10 00,야간,일,1,1,0,0,0,전북,전주시,차대차,측면충돌,측면충돌,안전운전 의무 불이행,교차로,교차로내
19293,2016-04-07 12,주간,목,1,5,4,0,0,경북,군위군,차대차,측면충돌,측면충돌,중앙선 침범,단일로,기타단일로
19294,2016-04-06 23,야간,수,1,1,0,0,0,충남,청양군,차대사람,횡단중,횡단중,안전운전 의무 불이행,단일로,기타단일로
19295,2016-02-06 01,야간,토,1,1,0,0,0,세종,세종,차대사람,기타,기타,안전운전 의무 불이행,단일로,기타단일로
19296,2016-01-11 14,주간,월,1,1,0,0,0,충북,충주시,차대사람,기타,기타,안전운전 의무 불이행,단일로,기타단일로
19297,2016-03-22 05,야간,화,1,1,0,0,0,전남,보성군,차대사람,횡단중,횡단중,신호위반,단일로,횡단보도상
19298,2016-03-17 23,야간,목,1,1,0,0,0,경북,청도군,차대사람,기타,기타,안전운전 의무 불이행,단일로,기타단일로
19299,2016-03-24 08,주간,목,1,1,0,0,0,강원,고성군,차량단독,전도전복,전도전복,안전운전 의무 불이행,교차로,교차로부근
19300,2016-02-03 23,야간,수,1,1,0,0,0,전남,해남군,차대사람,횡단중,횡단중,안전운전 의무 불이행,교차로,교차로부근
19301,2016-01-12 04,야간,화,1,1,0,0,0,경기,성남시,차대사람,횡단중,횡단중,신호위반,교차로,교차로부근
19302,2016-01-09 17,주간,토,1,1,0,0,0,강원,강릉시,차대사람,횡단중,횡단중,안전운전 의무 불이행,단일로,기타단일로
19303,2016-03-15 14,주간,화,1,1,0,0,0,전남,완도군,차량단독,전도전복,전도전복,안전운전 의무 불이행,단일로,기타단일로
19304,2016-01-10 17,주간,일,1,1,0,0,0,경북,포항시,차대사람,횡단중,횡단중,안전운전 의무 불이행,단일로,기타단일로
19305,2016-02-05 07,주간,금,1,1,0,0,0,경남,창녕군,차대사람,횡단중,횡단중,안전운전 의무 불이행,단일로,횡단보도부근
19306,2016-02-13 16,주간,토,1,1,0,0,0,강원,평창군,차량단독,전도전복,전도전복,안전운전 의무 불이행,단일로,기타단일로
19307,2016-01-09 02,야간,토,1,3,2,0,0,전남,목포시,차대차,정면충돌,정면충돌,중앙선 침범,단일로,기타단일로
19308,2016-04-09 12,주간,토,1,1,0,0,0,경남,합천군,차대차,측면충돌,측면충돌,교차로 통행방법 위반,교차로,교차로내
19309,2016-02-22 18,야간,월,1,1,0,0,0,경남,거창군,차대차,기타,기타,중앙선 침범,단일로,기타단일로
19310,2016-01-30 11,주간,토,1,4,2,1,0,전남,나주시,차대차,정면충돌,정면충돌,중앙선 침범,단일로,기타단일로
19311,2016-04-11 12,주간,월,1,1,0,0,0,경북,군위군,차량단독,기타,기타,안전운전 의무 불이행,단일로,기타단일로
19312,2016-01-06 20,야간,수,1,1,0,0,0,충남,천안시,차대사람,보도통행중,보도통행중,과속,교차로,교차로내
19313,2016-04-05 17,주간,화,1,1,0,0,0,경북,예천군,차량단독,기타,기타,안전운전 의무 불이행,단일로,기타단일로
19314,2016-03-22 14,주간,화,1,1,0,0,0,전남,진도군,차대차,추돌,진행중 추돌,안전운전 의무 불이행,단일로,기타단일로
19315,2016-02-16 09,주간,화,1,1,0,0,0,경남,고성군,차량단독,전도전복,전도전복,안전운전 의무 불이행,단일로,기타단일로
19316,2016-01-07 12,주간,목,1,1,0,0,0,서울,동대문구,차대사람,횡단중,횡단중,안전운전 의무 불이행,단일로,기타단일로
19317,2016-02-07 13,주간,일,1,2,0,1,0,경남,함안군,차대차,측면충돌,측면충돌,안전운전 의무 불이행,교차로,교차로내
19318,2016-01-14 02,야간,목,1,1,0,0,0,서울,서대문구,차대사람,길가장자리구역통행중,길가장자리구역통행중,안전운전 의무 불이행,단일로,기타단일로
19319,2016-01-06 17,주간,수,1,1,0,0,0,충북,청주시,차대차,기타,기타,안전운전 의무 불이행,단일로,기타단일로
19320,2016-04-12 13,주간,화,1,2,0,1,0,경남,합천군,차대차,측면충돌,측면충돌,중앙선 침범,단일로,기타단일로
19321,2016-01-06 21,야간,수,1,4,0,2,1,경기,용인시,차대차,측면충돌,측면충돌,중앙선 침범,단일로,기타단일로
19322,2016-08-02 10,주간,화,1,1,0,0,0,전북,장수군,차량단독,전도전복,전도전복,안전운전 의무 불이행,기타/불명,기타/불명
19323,2016-01-08 02,야간,금,1,2,1,0,0,경북,경주시,차대차,기타,기타,과속,단일로,기타단일로
19324,2016-01-12 13,주간,화,1,1,0,0,0,서울,동작구,차대사람,횡단중,횡단중,안전운전 의무 불이행,단일로,기타단일로
19325,2016-01-10 19,야간,일,1,1,0,0,0,서울,서초구,차대사람,기타,기타,안전운전 의무 불이행,단일로,기타단일로
19326,2016-01-23 18,야간,토,1,2,0,1,0,충남,보령시,차대차,정면충돌,정면충돌,중앙선 침범,단일로,기타단일로
19327,2016-01-08 00,야간,금,1,1,0,0,0,서울,마포구,차량단독,공작물충돌,공작물충돌,안전운전 의무 불이행,단일로,기타단일로
19328,2016-01-24 07,주간,일,1,1,0,0,0,경기,양평군,차량단독,공작물충돌,공작물충돌,안전운전 의무 불이행,단일로,기타단일로
19329,2016-06-07 19,야간,화,1,1,0,0,0,전북,순창군,차대차,측면충돌,측면충돌,기타,교차로,교차로부근
19330,2016-01-21 15,주간,목,1,5,1,3,0,경북,김천시,차대차,추돌,진행중 추돌,안전운전 의무 불이행,단일로,기타단일로
19331,2016-01-31 00,야간,일,1,3,2,0,0,전북,정읍시,차량단독,도로이탈,도로이탈 추락,과속,단일로,기타단일로
19332,2016-01-13 06,주간,수,1,1,0,0,0,경기,수원시,차대차,추돌,진행중 추돌,안전운전 의무 불이행,단일로,기타단일로
19333,2016-01-09 11,주간,토,2,2,0,0,0,경기,파주시,차대차,측면충돌,측면충돌,신호위반,교차로,교차로내
19334,2016-06-07 13,주간,화,1,2,0,1,0,전북,순창군,차량단독,전도전복,전도전복,안전운전 의무 불이행,교차로,교차로부근
19335,2016-02-10 19,야간,수,1,1,0,0,0,경남,창녕군,차대사람,횡단중,횡단중,안전운전 의무 불이행,교차로,교차로내
19336,2016-01-31 08,주간,일,1,2,1,0,0,전북,정읍시,차대사람,길가장자리구역통행중,길가장자리구역통행중,중앙선 침범,단일로,기타단일로
19337,2016-04-08 12,주간,금,1,1,0,0,0,경북,예천군,차량단독,도로이탈,도로이탈 추락,안전운전 의무 불이행,단일로,기타단일로
19338,2016-02-15 08,주간,월,1,3,0,2,0,충남,공주시,차대차,정면충돌,정면충돌,신호위반,교차로,교차로내
19339,2016-04-09 11,주간,토,1,1,0,0,0,충남,금산군,차량단독,전도전복,전도전복,안전운전 의무 불이행,단일로,기타단일로
19340,2016-03-22 13,주간,화,1,2,0,1,0,전남,담양군,차대차,측면충돌,측면충돌,신호위반,교차로,교차로내
19341,2016-02-01 01,야간,월,1,2,1,0,0,경기,동두천시,차대차,정면충돌,정면충돌,중앙선 침범,단일로,기타단일로
19342,2016-01-16 20,야간,토,1,1,0,0,0,충북,제천시,차대차,측면충돌,측면충돌,신호위반,교차로,교차로내
19343,2016-02-25 23,야간,목,1,2,1,0,0,경기,이천시,차대차,추돌,진행중 추돌,안전거리 미확보,단일로,기타단일로
19344,2016-01-23 20,야간,토,1,1,0,0,0,경북,김천시,차대사람,차도통행중,차도통행중,안전운전 의무 불이행,단일로,기타단일로
19345,2016-06-11 00,야간,토,1,1,0,0,0,전북,순창군,차대사람,기타,기타,안전운전 의무 불이행,단일로,기타단일로
19346,2016-02-27 06,주간,토,1,6,1,4,0,경기,이천시,차대차,측면충돌,측면충돌,과속,단일로,기타단일로
19347,2016-03-30 08,주간,수,1,1,0,0,0,전남,무안군,차대차,추돌,진행중 추돌,안전운전 의무 불이행,단일로,터널안
19348,2016-01-22 11,주간,금,1,1,0,0,0,서울,금천구,차대사람,횡단중,횡단중,안전운전 의무 불이행,교차로,교차로내
19349,2016-01-10 05,야간,일,1,3,2,0,0,전북,익산시,차량단독,공작물충돌,공작물충돌,안전운전 의무 불이행,단일로,기타단일로
19350,2016-02-23 17,주간,화,1,1,0,0,0,경북,영덕군,차량단독,공작물충돌,공작물충돌,안전운전 의무 불이행,단일로,기타단일로
19351,2016-03-01 06,주간,화,1,1,0,0,0,충남,예산군,차대차,정면충돌,정면충돌,중앙선 침범,단일로,기타단일로
19352,2016-04-01 17,주간,금,1,1,0,0,0,전북,임실군,차량단독,전도전복,전도전복,안전운전 의무 불이행,단일로,기타단일로
19353,2016-05-15 10,주간,일,1,1,0,0,0,충북,보은군,차량단독,전도전복,전도전복,안전운전 의무 불이행,단일로,기타단일로
19354,2016-01-10 19,야간,일,1,1,0,0,0,충남,천안시,차대차,측면충돌,측면충돌,안전운전 의무 불이행,단일로,기타단일로
19355,2016-01-27 21,야간,수,1,1,0,0,0,경남,창원시(통합),차대사람,횡단중,횡단중,신호위반,단일로,기타단일로
19356,2016-06-09 00,야간,목,1,1,0,0,0,경남,의령군,차대사람,기타,기타,안전운전 의무 불이행,단일로,기타단일로
19357,2016-03-03 19,야간,목,1,1,0,0,0,충남,예산군,차대사람,횡단중,횡단중,안전운전 의무 불이행,단일로,기타단일로
19358,2016-05-20 15,주간,금,1,1,0,0,0,경북,봉화군,차량단독,전도전복,전도전복,안전운전 의무 불이행,단일로,기타단일로
19359,2016-08-05 12,주간,금,1,1,0,0,0,강원,화천군,차대사람,횡단중,횡단중,안전운전 의무 불이행,단일로,기타단일로
19360,2016-01-07 04,야간,목,1,1,0,0,0,대구,수성구,차대차,추돌,진행중 추돌,안전운전 의무 불이행,단일로,기타단일로
19361,2016-01-19 22,야간,화,1,3,2,0,0,충남,당진시,차대차,정면충돌,정면충돌,중앙선 침범,단일로,기타단일로
19362,2016-04-25 02,야간,월,1,2,1,0,0,경남,창녕군,차대차,추돌,진행중 추돌,안전운전 의무 불이행,단일로,기타단일로
19363,2016-04-25 10,주간,월,1,2,1,0,0,경남,진주시,차량단독,전도전복,전도전복,안전운전 의무 불이행,단일로,기타단일로
19364,2016-01-15 13,주간,금,1,1,0,0,0,부산,금정구,차대차,측면충돌,측면충돌,교차로 통행방법 위반,교차로,교차로내
19365,2016-03-20 01,야간,일,1,2,1,0,0,전남,장성군,차량단독,전도전복,전도전복,안전운전 의무 불이행,단일로,기타단일로
19366,2016-01-07 06,주간,목,1,1,0,0,0,인천,남동구,차대사람,횡단중,횡단중,신호위반,교차로,교차로내
19367,2016-05-14 12,주간,토,1,1,0,0,0,충북,보은군,차량단독,전도전복,전도전복,안전운전 의무 불이행,단일로,기타단일로