교통사고이력ID(사고기록 순서),발생년월일시,주야코드,요일코드,사망자수,부상자수,중상자수,경상자수,부상신고자수,발생지시도코드,발생지시도코드,사고유형대분류코드,사고유형중분류코드,사고유형코드,법규위반코드,도로형태대분류코드,도로로형태코드
19565,2016-10-18 13,주간,화,1,1,0,0,0,전북,진안군,차대사람,횡단중,횡단중,안전운전 의무 불이행,단일로,기타단일로
19566,2016-01-31 07,주간,일,1,1,0,0,0,서울,구로구,차대차,기타,기타,중앙선 침범,단일로,기타단일로
19567,2016-12-29 10,주간,목,1,1,0,0,0,경북,영양군,차량단독,전도전복,전도전복,안전운전 의무 불이행,단일로,기타단일로
19568,2016-04-21 20,야간,목,1,1,0,0,0,전남,영광군,차대사람,차도통행중,차도통행중,안전운전 의무 불이행,단일로,기타단일로
19569,2016-04-15 21,야간,금,1,1,0,0,0,전북,고창군,차대사람,횡단중,횡단중,안전운전 의무 불이행,단일로,기타단일로
19570,2016-02-06 11,주간,토,1,1,0,0,0,경북,김천시,차대차,기타,기타,안전운전 의무 불이행,단일로,기타단일로
19571,2016-03-17 02,야간,목,2,3,1,0,0,전남,무안군,차대차,기타,기타,안전운전 의무 불이행,교차로,교차로내
19572,2016-01-22 06,주간,금,1,1,0,0,0,충남,태안군,차대차,기타,기타,신호위반,교차로,교차로내
19573,2016-01-24 21,야간,일,1,1,0,0,0,서울,관악구,차대사람,길가장자리구역통행중,길가장자리구역통행중,안전운전 의무 불이행,단일로,기타단일로
19574,2016-03-28 17,주간,월,1,1,0,0,0,충북,증평군,차량단독,전도전복,전도전복,안전운전 의무 불이행,단일로,기타단일로
19575,2016-08-09 18,야간,화,1,1,0,0,0,경북,군위군,차대차,정면충돌,정면충돌,안전운전 의무 불이행,교차로,교차로내
19576,2016-06-07 03,야간,화,1,2,0,1,0,충남,서천군,차대차,추돌,진행중 추돌,안전운전 의무 불이행,단일로,기타단일로
19577,2016-01-29 19,야간,금,1,1,0,0,0,경남,김해시,차대차,추돌,진행중 추돌,안전운전 의무 불이행,단일로,기타단일로
19578,2016-02-19 08,주간,금,1,1,0,0,0,전북,완주군,차대사람,기타,기타,기타,단일로,기타단일로
19579,2016-01-26 16,주간,화,1,1,0,0,0,경남,진주시,차대차,측면충돌,측면충돌,신호위반,교차로,교차로내
19580,2016-03-02 06,주간,수,1,1,0,0,0,전남,영암군,차대사람,횡단중,횡단중,신호위반,교차로,교차로내
19581,2016-04-26 16,주간,화,1,1,0,0,0,충남,부여군,차대차,추돌,진행중 추돌,안전운전 의무 불이행,단일로,기타단일로
19582,2016-01-15 11,주간,금,1,1,0,0,0,충북,청주시,차대사람,횡단중,횡단중,안전운전 의무 불이행,교차로,교차로부근
19583,2016-06-30 11,주간,목,1,1,0,0,0,강원,영월군,차량단독,기타,기타,안전운전 의무 불이행,단일로,기타단일로
19584,2016-02-11 22,야간,목,1,1,0,0,0,서울,종로구,차대사람,횡단중,횡단중,안전운전 의무 불이행,단일로,기타단일로
19585,2016-10-26 03,야간,수,1,2,1,0,0,전남,곡성군,차량단독,공작물충돌,공작물충돌,안전운전 의무 불이행,교차로,교차로부근
19586,2016-01-20 04,야간,수,2,3,0,1,0,경북,포항시,차대차,추돌,진행중 추돌,안전운전 의무 불이행,단일로,기타단일로
19587,2016-01-19 13,주간,화,1,17,2,13,1,전북,전주시,차대차,추돌,진행중 추돌,안전운전 의무 불이행,단일로,지하차도(도로)내
19588,2016-08-16 20,야간,화,1,1,0,0,0,경북,군위군,차대사람,길가장자리구역통행중,길가장자리구역통행중,안전운전 의무 불이행,단일로,기타단일로
19589,2016-02-08 13,주간,월,1,4,3,0,0,경북,김천시,차량단독,공작물충돌,공작물충돌,안전운전 의무 불이행,단일로,기타단일로
19590,2016-07-02 17,주간,토,1,1,0,0,0,경북,예천군,차량단독,전도전복,전도전복,안전운전 의무 불이행,단일로,기타단일로
19591,2016-02-22 04,야간,월,1,4,3,0,0,강원,평창군,차대차,추돌,진행중 추돌,안전운전 의무 불이행,단일로,기타단일로
19592,2016-05-16 08,주간,월,1,1,0,0,0,경북,의성군,차량단독,전도전복,전도전복,안전운전 의무 불이행,단일로,교량위
19593,2016-09-18 09,주간,일,1,2,0,1,0,전북,순창군,차량단독,전도전복,전도전복,안전운전 의무 불이행,단일로,기타단일로
19594,2016-01-29 08,주간,금,2,2,0,0,0,울산,울주군,차대차,추돌,진행중 추돌,안전운전 의무 불이행,단일로,기타단일로
19595,2016-06-17 11,주간,금,1,1,0,0,0,충북,영동군,차대사람,횡단중,횡단중,안전운전 의무 불이행,교차로,교차로내
19596,2016-02-09 19,야간,화,1,1,0,0,0,충남,논산시,차대차,추돌,진행중 추돌,안전거리 미확보,단일로,기타단일로
19597,2016-05-03 20,야간,화,2,3,1,0,0,인천,강화군,차대차,추돌,진행중 추돌,안전운전 의무 불이행,단일로,기타단일로
19598,2016-02-16 13,주간,화,1,1,0,0,0,경남,밀양시,차량단독,전도전복,전도전복,안전운전 의무 불이행,단일로,기타단일로
19599,2016-01-16 17,주간,토,1,1,0,0,0,전북,익산시,차대차,정면충돌,정면충돌,중앙선 침범,교차로,교차로부근
19600,2016-03-15 18,야간,화,1,1,0,0,0,경기,과천시,차대차,측면충돌,측면충돌,안전운전 의무 불이행,단일로,기타단일로
19601,2016-05-16 08,주간,월,1,1,0,0,0,전남,장흥군,차대차,측면충돌,측면충돌,기타,교차로,교차로내
19602,2016-06-14 20,야간,화,1,2,1,0,0,경북,청도군,차대차,측면충돌,측면충돌,중앙선 침범,단일로,기타단일로
19603,2016-01-16 18,야간,토,1,1,0,0,0,전북,익산시,차대사람,횡단중,횡단중,안전운전 의무 불이행,교차로,교차로내
19604,2016-01-14 20,야간,목,1,1,0,0,0,경북,경산시,차대사람,횡단중,횡단중,보행자 보호의무 위반,단일로,기타단일로
19605,2016-08-22 14,주간,월,1,1,0,0,0,경북,군위군,차대사람,횡단중,횡단중,안전운전 의무 불이행,교차로,교차로내
19606,2016-07-11 12,주간,월,1,1,0,0,0,전남,함평군,차대사람,횡단중,횡단중,신호위반,교차로,교차로부근
19607,2016-06-04 14,주간,토,1,3,1,1,0,경남,하동군,차대차,측면충돌,측면충돌,안전운전 의무 불이행,교차로,교차로내
19608,2016-01-27 05,야간,수,1,2,0,1,0,서울,강북구,차대차,추돌,진행중 추돌,안전운전 의무 불이행,교차로,교차로부근
19609,2016-07-07 19,야간,목,1,1,0,0,0,충북,단양군,차대차,정면충돌,정면충돌,중앙선 침범,단일로,기타단일로
19610,2016-02-27 00,야간,토,1,1,0,0,0,충북,진천군,차대차,추돌,진행중 추돌,안전운전 의무 불이행,단일로,지하차도(도로)내
19611,2016-06-11 10,주간,토,1,1,0,0,0,강원,인제군,차량단독,전도전복,전도전복,안전운전 의무 불이행,단일로,기타단일로
19612,2016-01-15 18,야간,금,1,1,0,0,0,광주,서구,차대사람,횡단중,횡단중,안전운전 의무 불이행,단일로,기타단일로
19613,2016-01-19 00,야간,화,1,3,0,2,0,서울,마포구,차대차,정면충돌,정면충돌,안전거리 미확보,단일로,기타단일로
19614,2016-05-15 10,주간,일,1,1,0,0,0,전남,담양군,차량단독,전도전복,전도전복,안전운전 의무 불이행,교차로,교차로내
19615,2016-03-21 19,야간,월,1,1,0,0,0,세종,세종,차대차,측면충돌,측면충돌,중앙선 침범,단일로,횡단보도부근
19616,2016-01-19 18,야간,화,1,1,0,0,0,대구,북구,차대사람,차도통행중,차도통행중,안전운전 의무 불이행,단일로,기타단일로
19617,2016-01-14 09,주간,목,1,1,0,0,0,부산,해운대구,차대차,추돌,진행중 추돌,안전운전 의무 불이행,단일로,기타단일로
19618,2016-02-11 21,야간,목,1,1,0,0,0,충남,논산시,차대사람,횡단중,횡단중,안전운전 의무 불이행,교차로,교차로내
19619,2016-06-09 10,주간,목,1,1,0,0,0,전남,완도군,차량단독,전도전복,전도전복,안전운전 의무 불이행,교차로,교차로부근
19620,2016-02-29 16,주간,월,1,1,0,0,0,경북,상주시,차량단독,공작물충돌,공작물충돌,안전운전 의무 불이행,단일로,기타단일로
19621,2016-01-21 23,야간,목,1,2,1,0,0,경기,안성시,차대차,추돌,진행중 추돌,안전운전 의무 불이행,단일로,기타단일로
19622,2016-03-31 12,주간,목,1,1,0,0,0,전남,무안군,차대사람,길가장자리구역통행중,길가장자리구역통행중,안전운전 의무 불이행,교차로,교차로내
19623,2016-02-20 17,주간,토,1,1,0,0,0,경남,창원시(통합),차대사람,횡단중,횡단중,안전운전 의무 불이행,단일로,기타단일로
19624,2016-02-12 02,야간,금,1,1,0,0,0,경기,안양시,차대사람,기타,기타,안전운전 의무 불이행,단일로,기타단일로
19625,2016-02-10 02,야간,수,1,1,0,0,0,경기,부천시,차대사람,횡단중,횡단중,안전운전 의무 불이행,교차로,교차로내
19626,2016-01-30 20,야간,토,1,1,0,0,0,울산,울주군,차대사람,횡단중,횡단중,안전운전 의무 불이행,단일로,횡단보도부근
19627,2016-02-21 07,주간,일,1,1,0,0,0,경남,창원시(통합),차대차,측면충돌,측면충돌,신호위반,교차로,교차로내
19628,2016-04-12 13,주간,화,1,1,0,0,0,전남,보성군,차대차,추돌,진행중 추돌,안전운전 의무 불이행,단일로,터널안
19629,2016-08-10 17,주간,수,1,1,0,0,0,강원,철원군,차량단독,공작물충돌,공작물충돌,안전운전 의무 불이행,단일로,기타단일로
19630,2016-02-13 02,야간,토,1,1,0,0,0,경기,안양시,차량단독,공작물충돌,공작물충돌,안전운전 의무 불이행,단일로,기타단일로
19631,2016-01-18 05,야간,월,1,1,0,0,0,대전,동구,차량단독,기타,기타,안전운전 의무 불이행,단일로,기타단일로
19632,2016-04-28 06,주간,목,1,2,0,1,0,전북,고창군,차대차,정면충돌,정면충돌,중앙선 침범,단일로,기타단일로
19633,2016-06-07 11,주간,화,1,6,2,3,0,강원,횡성군,차대차,정면충돌,정면충돌,중앙선 침범,단일로,기타단일로
19634,2016-07-16 22,야간,토,1,2,0,1,0,충남,금산군,차대차,정면충돌,정면충돌,신호위반,교차로,교차로내
19635,2016-02-20 04,야간,토,1,1,0,0,0,충북,음성군,차대사람,횡단중,횡단중,안전운전 의무 불이행,단일로,기타단일로
19636,2016-01-17 21,야간,일,1,2,0,1,0,경북,경주시,차대차,기타,기타,안전운전 의무 불이행,단일로,기타단일로
19637,2016-06-19 02,야간,일,1,1,0,0,0,경남,남해군,차대사람,횡단중,횡단중,안전운전 의무 불이행,단일로,기타단일로
19638,2016-02-14 19,야간,일,1,1,0,0,0,경남,창원시(통합),차량단독,전도전복,전도전복,안전운전 의무 불이행,단일로,기타단일로
19639,2016-03-22 21,야간,화,1,1,0,0,0,세종,세종,차대차,기타,기타,중앙선 침범,교차로,교차로부근
19640,2016-06-26 20,야간,일,1,1,0,0,0,충북,영동군,차량단독,전도전복,전도전복,안전운전 의무 불이행,단일로,기타단일로
19641,2016-01-21 18,야간,목,1,3,0,2,0,전남,여수시,차대차,정면충돌,정면충돌,중앙선 침범,단일로,기타단일로
19642,2016-01-15 19,야간,금,1,1,0,0,0,광주,광산구,차대사람,횡단중,횡단중,안전운전 의무 불이행,단일로,기타단일로
19643,2016-05-03 08,주간,화,1,2,1,0,0,경남,거창군,차대차,측면충돌,측면충돌,신호위반,교차로,교차로내
19644,2016-02-17 22,야간,수,1,2,1,0,0,울산,북구,차대차,추돌,진행중 추돌,안전운전 의무 불이행,단일로,기타단일로
19645,2016-04-06 04,야간,수,1,1,0,0,0,충북,괴산군,차대차,측면충돌,측면충돌,기타,교차로,교차로내
19646,2016-02-24 10,주간,수,1,2,0,1,0,강원,삼척시,차대사람,기타,기타,과속,단일로,기타단일로
19647,2016-03-01 23,야간,화,1,3,0,2,0,전남,나주시,차대차,추돌,진행중 추돌,안전운전 의무 불이행,단일로,기타단일로
19648,2016-07-02 09,주간,토,1,1,0,0,0,충북,영동군,차대차,기타,기타,신호위반,교차로,교차로내
19649,2016-01-16 06,주간,토,1,1,0,0,0,인천,남구,차대사람,횡단중,횡단중,안전운전 의무 불이행,교차로,교차로부근
19650,2016-04-04 20,야간,월,1,1,0,0,0,강원,홍천군,차대사람,차도통행중,차도통행중,안전운전 의무 불이행,단일로,기타단일로
19651,2016-05-26 19,야간,목,1,2,0,1,0,전남,장흥군,차대차,측면충돌,측면충돌,중앙선 침범,단일로,기타단일로
19652,2016-01-19 07,주간,화,1,1,0,0,0,서울,영등포구,차량단독,전도전복,전도전복,안전운전 의무 불이행,단일로,기타단일로
19653,2016-03-03 15,주간,목,1,1,0,0,0,전남,나주시,차량단독,공작물충돌,공작물충돌,안전운전 의무 불이행,단일로,기타단일로
19654,2016-06-16 06,주간,목,1,1,0,0,0,강원,고성군,차대차,정면충돌,정면충돌,중앙선 침범,단일로,기타단일로
19655,2016-07-25 13,주간,월,1,1,0,0,0,경남,합천군,차량단독,전도전복,전도전복,안전운전 의무 불이행,단일로,기타단일로
19656,2016-12-01 12,주간,목,1,2,1,0,0,전남,곡성군,차량단독,전도전복,전도전복,안전운전 의무 불이행,단일로,기타단일로
19657,2016-04-23 17,주간,토,1,1,0,0,0,전남,고흥군,차대사람,횡단중,횡단중,안전운전 의무 불이행,단일로,기타단일로
19658,2016-05-04 19,야간,수,1,3,0,2,0,전북,고창군,차대차,측면충돌,측면충돌,안전운전 의무 불이행,교차로,교차로내
19659,2016-01-30 00,야간,토,1,1,0,0,0,경남,진주시,차대사람,횡단중,횡단중,신호위반,단일로,횡단보도부근
19660,2016-06-02 19,야간,목,1,1,0,0,0,경북,의성군,차량단독,공작물충돌,공작물충돌,안전운전 의무 불이행,단일로,기타단일로
19661,2016-07-28 18,야간,목,1,1,0,0,0,경북,예천군,차량단독,공작물충돌,공작물충돌,안전운전 의무 불이행,단일로,기타단일로
19662,2016-04-26 23,야간,화,2,2,0,0,0,충북,음성군,차대차,추돌,진행중 추돌,안전운전 의무 불이행,단일로,기타단일로
19663,2016-07-01 17,주간,금,1,1,0,0,0,전남,보성군,차량단독,기타,기타,기타,교차로,교차로내
19664,2016-01-25 17,주간,월,1,1,0,0,0,서울,노원구,차대사람,횡단중,횡단중,신호위반,교차로,교차로내
19665,2016-05-07 22,야간,토,1,1,0,0,0,전남,강진군,차량단독,전도전복,전도전복,안전운전 의무 불이행,단일로,교량위
19666,2016-07-08 20,야간,금,1,2,1,0,0,전북,임실군,차대차,측면충돌,측면충돌,기타,교차로,교차로내
19667,2016-07-31 14,주간,일,1,1,0,0,0,전남,함평군,차대차,측면충돌,측면충돌,신호위반,교차로,교차로내
19668,2016-10-24 17,주간,월,1,1,0,0,0,경남,의령군,차량단독,전도전복,전도전복,안전운전 의무 불이행,단일로,기타단일로
19669,2016-09-22 19,야간,목,1,1,0,0,0,충북,보은군,차대사람,차도통행중,차도통행중,안전운전 의무 불이행,단일로,기타단일로
19670,2016-06-21 16,주간,화,1,1,0,0,0,강원,횡성군,차량단독,전도전복,전도전복,안전운전 의무 불이행,단일로,기타단일로
19671,2016-06-01 11,주간,수,1,1,0,0,0,경북,고령군,차량단독,공작물충돌,공작물충돌,안전운전 의무 불이행,기타/불명,기타/불명
19672,2016-08-16 05,야간,화,1,2,0,1,0,경남,창녕군,차대차,기타,기타,안전운전 의무 불이행,단일로,기타단일로
19673,2016-02-11 23,야간,목,1,1,0,0,0,경기,의왕시,차대사람,횡단중,횡단중,과속,단일로,기타단일로
19674,2016-08-19 16,주간,금,1,1,0,0,0,전남,구례군,차량단독,전도전복,전도전복,안전운전 의무 불이행,단일로,기타단일로
19675,2016-07-10 04,야간,일,1,4,1,2,0,전북,부안군,차대차,추돌,진행중 추돌,안전운전 의무 불이행,단일로,기타단일로
19676,2016-06-08 08,주간,수,1,3,2,0,0,경북,의성군,차대차,정면충돌,정면충돌,중앙선 침범,단일로,기타단일로
19677,2016-09-27 16,주간,화,1,1,0,0,0,경북,청송군,차량단독,공작물충돌,공작물충돌,안전운전 의무 불이행,단일로,기타단일로
19678,2016-05-05 16,주간,목,1,3,0,2,0,경북,영덕군,차대차,정면충돌,정면충돌,중앙선 침범,단일로,기타단일로
19679,2016-08-03 15,주간,수,1,1,0,0,0,전남,함평군,차대사람,길가장자리구역통행중,길가장자리구역통행중,기타,단일로,기타단일로
19680,2016-07-01 16,주간,금,1,2,1,0,0,경남,하동군,차량단독,전도전복,전도전복,안전운전 의무 불이행,단일로,기타단일로
19681,2016-08-27 21,야간,토,1,1,0,0,0,강원,철원군,차량단독,공작물충돌,공작물충돌,안전운전 의무 불이행,단일로,기타단일로
19682,2016-02-19 15,주간,금,1,1,0,0,0,경남,김해시,차대차,추돌,진행중 추돌,안전운전 의무 불이행,단일로,기타단일로
19683,2016-05-08 00,야간,일,1,3,2,0,0,충남,예산군,차량단독,전도전복,전도전복,안전운전 의무 불이행,단일로,기타단일로
19684,2016-03-12 20,야간,토,1,2,0,1,0,전남,영암군,차대차,정면충돌,정면충돌,중앙선 침범,단일로,기타단일로
19685,2016-04-20 15,주간,수,1,1,0,0,0,충남,서천군,차대사람,횡단중,횡단중,안전운전 의무 불이행,단일로,기타단일로
19686,2016-08-01 15,주간,월,1,1,0,0,0,경남,합천군,차량단독,공작물충돌,공작물충돌,안전운전 의무 불이행,단일로,기타단일로
19687,2016-08-21 18,야간,일,1,1,0,0,0,전남,구례군,차량단독,공작물충돌,공작물충돌,안전운전 의무 불이행,단일로,기타단일로
19688,2016-02-05 06,주간,금,1,1,0,0,0,경기,부천시,차대사람,횡단중,횡단중,안전운전 의무 불이행,단일로,횡단보도상
19689,2016-01-31 02,야간,일,1,2,1,0,0,경기,양주시,차대차,정면충돌,정면충돌,중앙선 침범,단일로,기타단일로
19690,2016-03-06 06,주간,일,1,1,0,0,0,충북,진천군,차대사람,기타,기타,안전운전 의무 불이행,단일로,기타단일로
19691,2016-01-19 16,주간,화,1,1,0,0,0,충북,청주시,차량단독,전도전복,전도전복,안전운전 의무 불이행,단일로,기타단일로
19692,2016-02-03 04,야간,수,1,1,0,0,0,서울,도봉구,차대사람,차도통행중,차도통행중,안전운전 의무 불이행,단일로,횡단보도상
19693,2016-05-22 09,주간,일,1,1,0,0,0,충남,부여군,차대차,측면충돌,측면충돌,안전운전 의무 불이행,교차로,교차로내
19694,2016-08-08 15,주간,월,1,1,0,0,0,전남,함평군,차대차,측면충돌,측면충돌,안전운전 의무 불이행,교차로,교차로내
19695,2016-01-22 19,야간,금,1,1,0,0,0,대구,북구,차대차,측면충돌,측면충돌,안전운전 의무 불이행,교차로,교차로내
19696,2016-07-18 02,야간,월,1,2,1,0,0,충남,서천군,차대차,측면충돌,측면충돌,안전운전 의무 불이행,단일로,기타단일로
19697,2016-10-04 19,야간,화,1,1,0,0,0,경북,봉화군,차대사람,기타,기타,안전운전 의무 불이행,단일로,기타단일로
19698,2016-01-20 21,야간,수,1,1,0,0,0,경기,고양시,차대차,정면충돌,정면충돌,중앙선 침범,교차로,교차로부근
19699,2016-01-29 16,주간,금,1,2,0,1,0,충남,태안군,차대차,정면충돌,정면충돌,중앙선 침범,기타/불명,기타/불명
19700,2016-01-23 22,야간,토,1,1,0,0,0,서울,강동구,차대사람,횡단중,횡단중,신호위반,교차로,교차로내
19701,2016-08-08 16,주간,월,1,2,1,0,0,강원,영월군,차대사람,기타,기타,안전운전 의무 불이행,기타/불명,기타/불명
19702,2016-07-19 20,야간,화,1,1,0,0,0,충남,서산시,차대차,추돌,진행중 추돌,안전거리 미확보,단일로,기타단일로
19703,2016-04-22 15,주간,금,1,6,5,0,0,충남,서천군,차대차,정면충돌,정면충돌,중앙선 침범,단일로,기타단일로
19704,2016-10-01 13,주간,토,1,1,0,0,0,경북,청송군,차량단독,전도전복,전도전복,안전운전 의무 불이행,단일로,기타단일로
19705,2016-07-17 20,야간,일,1,2,1,0,0,경남,남해군,차대사람,차도통행중,차도통행중,안전운전 의무 불이행,단일로,기타단일로
19706,2016-01-31 14,주간,일,1,1,0,0,0,부산,사상구,차량단독,도로이탈,도로이탈 추락,안전운전 의무 불이행,단일로,기타단일로
19707,2016-07-03 22,야간,일,1,1,0,0,0,경북,청도군,차대사람,기타,기타,안전운전 의무 불이행,단일로,기타단일로
19708,2016-03-05 16,주간,토,1,1,0,0,0,전북,김제시,차량단독,전도전복,전도전복,안전운전 의무 불이행,단일로,기타단일로
19709,2016-11-15 14,주간,화,1,2,1,0,0,전북,순창군,차대사람,보도통행중,보도통행중,기타,교차로,교차로내
19710,2016-01-23 00,야간,토,1,1,0,0,0,충남,당진시,차량단독,공작물충돌,공작물충돌,안전운전 의무 불이행,단일로,기타단일로
19711,2016-01-16 18,야간,토,1,1,0,0,0,서울,동대문구,차대차,추돌,진행중 추돌,안전운전 의무 불이행,단일로,기타단일로
19712,2016-03-25 10,주간,금,1,1,0,0,0,충남,공주시,차량단독,전도전복,전도전복,안전운전 의무 불이행,기타/불명,기타/불명
19713,2016-01-20 09,주간,수,1,5,0,4,0,충북,청주시,차대차,추돌,진행중 추돌,안전운전 의무 불이행,교차로,교차로부근
19714,2016-03-13 03,야간,일,2,2,0,0,0,서울,중구,차대차,측면충돌,측면충돌,신호위반,교차로,교차로내
19715,2016-07-04 21,야간,월,4,4,0,0,0,강원,정선군,차량단독,전도전복,전도전복,안전운전 의무 불이행,단일로,기타단일로
19716,2016-08-12 10,주간,금,1,1,0,0,0,강원,영월군,차대사람,횡단중,횡단중,안전운전 의무 불이행,단일로,기타단일로
19717,2016-02-20 03,야간,토,1,1,0,0,0,경남,창원시(통합),차대차,기타,기타,안전운전 의무 불이행,단일로,기타단일로
19718,2016-09-05 08,주간,월,1,1,0,0,0,전남,구례군,차대차,측면충돌,측면충돌,신호위반,교차로,교차로내
19719,2016-05-21 20,야간,토,1,1,0,0,0,인천,강화군,차대차,정면충돌,정면충돌,중앙선 침범,단일로,기타단일로
19720,2016-11-20 10,주간,일,1,1,0,0,0,전북,순창군,차대차,측면충돌,측면충돌,안전운전 의무 불이행,단일로,기타단일로
19721,2016-02-14 21,야간,일,2,10,0,8,0,강원,속초시,차대차,정면충돌,정면충돌,중앙선 침범,교차로,교차로부근
19722,2016-07-16 19,야간,토,1,1,0,0,0,전남,완도군,차대차,기타,기타,안전운전 의무 불이행,단일로,기타단일로
19723,2016-07-27 07,주간,수,1,1,0,0,0,충북,영동군,차대차,정면충돌,정면충돌,중앙선 침범,단일로,기타단일로
19724,2016-01-23 02,야간,토,1,1,0,0,0,충남,아산시,차량단독,전도전복,전도전복,안전운전 의무 불이행,교차로,교차로부근
19725,2016-10-07 19,야간,금,1,2,1,0,0,경북,청송군,차대차,정면충돌,정면충돌,중앙선 침범,단일로,기타단일로
19726,2016-08-13 05,야간,토,1,1,0,0,0,강원,영월군,차대차,추돌,진행중 추돌,안전운전 의무 불이행,단일로,기타단일로
19727,2016-01-16 06,주간,토,1,1,0,0,0,광주,북구,차대사람,횡단중,횡단중,안전운전 의무 불이행,단일로,횡단보도상
19728,2016-11-20 18,야간,일,1,1,0,0,0,전북,순창군,차대사람,횡단중,횡단중,보행자 보호의무 위반,단일로,횡단보도상
19729,2016-02-09 20,야간,화,1,1,0,0,0,경남,통영시,차대사람,횡단중,횡단중,안전운전 의무 불이행,단일로,기타단일로
19730,2016-07-10 05,야간,일,1,2,1,0,0,강원,횡성군,차대차,정면충돌,정면충돌,중앙선 침범,단일로,기타단일로
19731,2016-05-17 07,주간,화,1,1,0,0,0,전북,고창군,차대사람,횡단중,횡단중,과속,단일로,기타단일로
19732,2016-05-06 14,주간,금,1,1,0,0,0,전남,화순군,차량단독,공작물충돌,공작물충돌,안전운전 의무 불이행,단일로,지하차도(도로)내
19733,2016-01-30 14,주간,토,1,1,0,0,0,충남,서산시,차량단독,공작물충돌,공작물충돌,안전운전 의무 불이행,단일로,기타단일로
19734,2016-04-15 09,주간,금,1,1,0,0,0,전남,무안군,차대차,기타,기타,안전운전 의무 불이행,단일로,기타단일로
19735,2016-02-23 11,주간,화,1,1,0,0,0,서울,금천구,차대차,측면충돌,측면충돌,안전운전 의무 불이행,교차로,교차로내
19736,2016-06-17 14,주간,금,1,1,0,0,0,충북,옥천군,차대사람,횡단중,횡단중,안전운전 의무 불이행,교차로,교차로부근
19737,2016-02-10 10,주간,수,1,1,0,0,0,경남,김해시,차대사람,횡단중,횡단중,안전운전 의무 불이행,단일로,기타단일로
19738,2016-05-20 10,주간,금,1,1,0,0,0,경기,연천군,차대사람,횡단중,횡단중,안전운전 의무 불이행,단일로,기타단일로
19739,2016-06-21 23,야간,화,1,1,0,0,0,경남,합천군,차대사람,기타,기타,안전운전 의무 불이행,단일로,기타단일로
19740,2016-07-11 17,주간,월,2,8,5,1,0,강원,정선군,차대차,정면충돌,정면충돌,중앙선 침범,단일로,기타단일로
19741,2016-01-21 17,주간,목,1,1,0,0,0,경기,고양시,차대사람,횡단중,횡단중,안전운전 의무 불이행,교차로,교차로내
19742,2016-05-23 23,야간,월,1,2,1,0,0,충남,예산군,차대차,정면충돌,정면충돌,기타,교차로,교차로내
19743,2016-05-24 16,주간,화,1,1,0,0,0,전남,강진군,차대차,측면충돌,측면충돌,교차로 통행방법 위반,교차로,교차로내
19744,2016-02-16 18,야간,화,1,1,0,0,0,전남,광양시,차대사람,횡단중,횡단중,안전운전 의무 불이행,단일로,기타단일로
19745,2016-03-09 10,주간,수,1,1,0,0,0,충북,진천군,차대차,기타,기타,안전운전 의무 불이행,교차로,교차로부근
19746,2016-01-16 19,야간,토,1,1,0,0,0,충남,천안시,차대사람,횡단중,횡단중,안전운전 의무 불이행,단일로,기타단일로
19747,2016-02-23 20,야간,화,1,2,0,1,0,경북,김천시,차대차,정면충돌,정면충돌,중앙선 침범,단일로,교량위
19748,2016-03-16 12,주간,수,1,1,0,0,0,충남,홍성군,차대차,측면충돌,측면충돌,교차로 통행방법 위반,교차로,교차로부근
19749,2016-08-13 14,주간,토,1,6,3,2,0,충북,단양군,차대차,측면충돌,측면충돌,기타,교차로,교차로내
19750,2016-05-31 16,주간,화,1,2,1,0,0,경남,거창군,차량단독,전도전복,전도전복,안전운전 의무 불이행,단일로,기타단일로
19751,2016-08-22 05,야간,월,1,1,0,0,0,경북,예천군,차대차,측면충돌,측면충돌,안전운전 의무 불이행,교차로,교차로내
19752,2016-04-14 11,주간,목,1,1,0,0,0,전북,부안군,차량단독,공작물충돌,공작물충돌,안전운전 의무 불이행,교차로,교차로부근
19753,2016-04-13 08,주간,수,1,2,0,1,0,전남,해남군,차대차,정면충돌,정면충돌,안전운전 의무 불이행,교차로,교차로내
19754,2016-01-18 17,주간,월,1,3,1,1,0,광주,광산구,차량단독,공작물충돌,공작물충돌,안전운전 의무 불이행,단일로,기타단일로
19755,2016-02-22 13,주간,월,1,1,0,0,0,충남,보령시,차량단독,기타,기타,안전운전 의무 불이행,단일로,기타단일로
19756,2016-02-17 13,주간,수,1,1,0,0,0,전남,광양시,차대사람,횡단중,횡단중,안전운전 의무 불이행,단일로,기타단일로
19757,2016-07-14 19,야간,목,1,3,2,0,0,강원,인제군,차량단독,전도전복,전도전복,안전운전 의무 불이행,단일로,기타단일로
19758,2016-01-21 06,주간,목,1,1,0,0,0,경기,안산시,차대사람,횡단중,횡단중,안전운전 의무 불이행,교차로,교차로부근
19759,2016-08-22 16,주간,월,2,3,1,0,0,경남,산청군,차대차,정면충돌,정면충돌,중앙선 침범,단일로,기타단일로
19760,2016-07-25 18,야간,월,2,2,0,0,0,전남,완도군,차량단독,전도전복,전도전복,안전운전 의무 불이행,단일로,기타단일로
19761,2016-05-20 06,주간,금,1,3,1,1,0,전북,고창군,차대차,측면충돌,측면충돌,기타,교차로,교차로내