교통사고이력ID(사고기록 순서),발생년월일시,주야코드,요일코드,사망자수,부상자수,중상자수,경상자수,부상신고자수,발생지시도코드,발생지시도코드,사고유형대분류코드,사고유형중분류코드,사고유형코드,법규위반코드,도로형태대분류코드,도로로형태코드
19762,2016-03-21 17,주간,월,1,1,0,0,0,전북,남원시,차량단독,전도전복,전도전복,안전운전 의무 불이행,교차로,교차로내
19763,2016-02-07 04,야간,일,1,8,0,7,0,인천,연수구,차대차,추돌,진행중 추돌,안전운전 의무 불이행,단일로,교량위
19764,2016-01-15 19,야간,금,1,1,0,0,0,경북,구미시,차대차,추돌,진행중 추돌,안전운전 의무 불이행,단일로,기타단일로
19765,2016-11-12 12,주간,토,1,1,0,0,0,경북,군위군,차대사람,차도통행중,차도통행중,과속,단일로,기타단일로
19766,2016-02-26 22,야간,금,1,1,0,0,0,서울,금천구,차대사람,기타,기타,안전운전 의무 불이행,단일로,기타단일로
19767,2016-03-10 09,주간,목,1,1,0,0,0,전북,김제시,차량단독,전도전복,전도전복,안전운전 의무 불이행,교차로,교차로부근
19768,2016-12-29 15,주간,목,1,4,1,2,0,전북,순창군,차대차,측면충돌,측면충돌,중앙선 침범,단일로,기타단일로
19769,2016-02-11 08,주간,목,1,2,0,1,0,서울,성북구,차대차,측면충돌,측면충돌,신호위반,교차로,교차로내
19770,2016-03-07 14,주간,월,4,5,0,1,0,경북,청도군,차대차,추돌,진행중 추돌,안전운전 의무 불이행,단일로,기타단일로
19771,2016-07-18 08,주간,월,1,1,0,0,0,강원,정선군,차량단독,전도전복,전도전복,안전운전 의무 불이행,단일로,기타단일로
19772,2016-06-05 18,야간,일,1,1,0,0,0,충남,부여군,차대차,추돌,진행중 추돌,안전운전 의무 불이행,교차로,교차로부근
19773,2016-02-03 04,야간,수,1,2,0,1,0,경남,진주시,차량단독,전도전복,전도전복,안전운전 의무 불이행,단일로,기타단일로
19774,2016-08-22 16,주간,월,1,1,0,0,0,강원,영월군,차대사람,횡단중,횡단중,안전운전 의무 불이행,단일로,기타단일로
19775,2016-03-22 23,야간,화,1,4,0,0,3,전남,장흥군,차대차,정면충돌,정면충돌,중앙선 침범,단일로,기타단일로
19776,2016-06-03 08,주간,금,1,1,0,0,0,경남,거창군,차대차,정면충돌,정면충돌,과속,교차로,교차로내
19777,2016-01-19 12,주간,화,1,1,0,0,0,인천,서구,차대사람,횡단중,횡단중,보행자 보호의무 위반,교차로,교차로내
19778,2016-06-06 15,주간,월,1,1,0,0,0,전남,영광군,차량단독,전도전복,전도전복,안전운전 의무 불이행,교차로,교차로내
19779,2016-06-09 10,주간,목,1,1,0,0,0,충남,부여군,차대차,측면충돌,측면충돌,안전운전 의무 불이행,교차로,교차로내
19780,2016-01-25 02,야간,월,1,3,0,2,0,대전,대덕구,차대차,추돌,진행중 추돌,안전운전 의무 불이행,단일로,기타단일로
19781,2016-07-18 15,주간,월,1,1,0,0,0,강원,인제군,차량단독,전도전복,전도전복,안전운전 의무 불이행,단일로,기타단일로
19782,2016-05-21 15,주간,토,1,2,1,0,0,전남,고흥군,차량단독,전도전복,전도전복,안전운전 의무 불이행,단일로,기타단일로
19783,2016-01-16 16,주간,토,1,1,0,0,0,강원,원주시,차량단독,전도전복,전도전복,안전운전 의무 불이행,단일로,기타단일로
19784,2016-08-08 00,야간,월,2,3,1,0,0,전남,보성군,차량단독,공작물충돌,공작물충돌,과속,단일로,기타단일로
19785,2016-09-02 21,야간,금,1,1,0,0,0,경북,예천군,차량단독,공작물충돌,공작물충돌,안전운전 의무 불이행,단일로,기타단일로
19786,2016-06-11 13,주간,토,1,1,0,0,0,충남,부여군,차대차,측면충돌,측면충돌,안전운전 의무 불이행,단일로,기타단일로
19787,2016-08-01 23,야간,월,1,1,0,0,0,경남,남해군,차대사람,횡단중,횡단중,보행자 보호의무 위반,단일로,횡단보도상
19788,2016-03-07 09,주간,월,1,1,0,0,0,경남,사천시,차대사람,차도통행중,차도통행중,안전운전 의무 불이행,단일로,기타단일로
19789,2016-09-24 22,야간,토,1,2,0,1,0,경남,진주시,차량단독,공작물충돌,공작물충돌,안전운전 의무 불이행,단일로,기타단일로
19790,2016-06-10 17,주간,금,1,1,0,0,0,경남,거창군,차대차,측면충돌,측면충돌,안전운전 의무 불이행,교차로,교차로내
19791,2016-06-02 05,야간,목,1,1,0,0,0,전남,강진군,차대사람,횡단중,횡단중,안전운전 의무 불이행,단일로,기타단일로
19792,2016-01-23 18,야간,토,1,1,0,0,0,경북,포항시,차대사람,횡단중,횡단중,안전운전 의무 불이행,단일로,기타단일로
19793,2016-05-18 20,야간,수,1,1,0,0,0,경북,성주군,차량단독,공작물충돌,공작물충돌,안전운전 의무 불이행,단일로,기타단일로
19794,2016-03-26 05,야간,토,1,1,0,0,0,전남,영암군,차대차,측면충돌,측면충돌,안전운전 의무 불이행,교차로,교차로부근
19795,2016-05-04 17,주간,수,1,1,0,0,0,충남,서천군,차량단독,기타,기타,안전운전 의무 불이행,단일로,기타단일로
19796,2016-06-18 21,야간,토,1,1,0,0,0,강원,태백시,차대사람,횡단중,횡단중,안전운전 의무 불이행,단일로,기타단일로
19797,2016-03-08 13,주간,화,1,2,0,1,0,경남,사천시,차대차,추돌,진행중 추돌,안전운전 의무 불이행,단일로,기타단일로
19798,2016-05-26 05,야간,목,1,1,0,0,0,전남,고흥군,차량단독,전도전복,전도전복,안전운전 의무 불이행,단일로,기타단일로
19799,2016-07-29 10,주간,금,1,1,0,0,0,강원,정선군,차대사람,기타,기타,안전운전 의무 불이행,단일로,기타단일로
19800,2016-03-11 14,주간,금,1,10,4,5,0,경북,문경시,차대차,추돌,진행중 추돌,안전거리 미확보,단일로,터널안
19801,2016-05-12 00,야간,목,1,5,0,4,0,충북,충주시,차대차,정면충돌,정면충돌,안전운전 의무 불이행,단일로,터널안
19802,2016-01-30 23,야간,토,1,1,0,0,0,경기,성남시,차대사람,기타,기타,안전운전 의무 불이행,교차로,교차로내
19803,2016-05-13 00,야간,금,1,2,0,1,0,충북,충주시,차대차,기타,기타,안전운전 의무 불이행,단일로,기타단일로
19804,2016-02-05 11,주간,금,1,2,1,0,0,대구,달성군,차대차,추돌,진행중 추돌,안전운전 의무 불이행,교차로,교차로부근
19805,2016-01-22 18,야간,금,1,1,0,0,0,경북,경주시,차대사람,횡단중,횡단중,안전운전 의무 불이행,교차로,교차로부근
19806,2016-07-25 07,주간,월,1,1,0,0,0,강원,인제군,차량단독,전도전복,전도전복,안전운전 의무 불이행,단일로,기타단일로
19807,2016-03-26 23,야간,토,1,1,0,0,0,전남,영암군,차대차,추돌,진행중 추돌,안전운전 의무 불이행,단일로,기타단일로
19808,2016-05-30 14,주간,월,1,6,5,0,0,전북,고창군,차대차,측면충돌,측면충돌,신호위반,교차로,교차로내
19809,2016-05-13 01,야간,금,1,3,0,2,0,충북,충주시,차대차,추돌,진행중 추돌,안전거리 미확보,단일로,기타단일로
19810,2016-02-04 06,주간,목,1,1,0,0,0,경기,양주시,차량단독,도로이탈,도로이탈 추락,안전운전 의무 불이행,단일로,기타단일로
19811,2016-09-18 15,주간,일,1,1,0,0,0,전남,함평군,차량단독,전도전복,전도전복,안전운전 의무 불이행,단일로,기타단일로
19812,2016-03-09 19,야간,수,1,1,0,0,0,경기,여주시,차대사람,차도통행중,차도통행중,안전운전 의무 불이행,단일로,기타단일로
19813,2016-03-15 18,야간,화,1,1,0,0,0,전북,완주군,차대차,기타,기타,안전운전 의무 불이행,단일로,기타단일로
19814,2016-08-14 22,야간,일,1,1,0,0,0,전북,임실군,차대사람,차도통행중,차도통행중,안전운전 의무 불이행,단일로,기타단일로
19815,2016-03-23 07,주간,수,1,1,0,0,0,광주,동구,차량단독,도로이탈,도로이탈 기타,안전운전 의무 불이행,기타/불명,기타/불명
19816,2016-02-28 23,야간,일,1,2,0,0,1,충남,논산시,차대차,추돌,진행중 추돌,안전운전 의무 불이행,단일로,교량위
19817,2016-06-23 14,주간,목,1,1,0,0,0,충남,부여군,차량단독,전도전복,전도전복,안전운전 의무 불이행,단일로,기타단일로
19818,2016-07-10 19,야간,일,1,1,0,0,0,경북,의성군,차대사람,기타,기타,안전운전 의무 불이행,단일로,기타단일로
19819,2016-03-24 15,주간,목,1,2,0,1,0,충남,홍성군,차대차,정면충돌,정면충돌,중앙선 침범,단일로,기타단일로
19820,2016-04-03 14,주간,일,1,1,0,0,0,충남,공주시,차량단독,전도전복,전도전복,안전운전 의무 불이행,단일로,기타단일로
19821,2016-06-16 08,주간,목,1,1,0,0,0,경남,거창군,차대차,추돌,진행중 추돌,안전운전 의무 불이행,단일로,기타단일로
19822,2016-12-21 11,주간,수,1,1,0,0,0,경북,군위군,차대차,정면충돌,정면충돌,중앙선 침범,단일로,기타단일로
19823,2016-03-29 08,주간,화,1,3,0,2,0,전남,영암군,차대차,추돌,진행중 추돌,안전운전 의무 불이행,교차로,교차로부근
19824,2016-07-09 18,야간,토,1,2,1,0,0,충북,옥천군,차대차,측면충돌,측면충돌,중앙선 침범,단일로,기타단일로
19825,2016-06-17 07,주간,금,1,1,0,0,0,경북,영덕군,차량단독,도로이탈,도로이탈 추락,안전운전 의무 불이행,단일로,기타단일로
19826,2016-04-29 14,주간,금,1,1,0,0,0,충북,괴산군,차대사람,차도통행중,차도통행중,안전운전 의무 불이행,교차로,교차로내
19827,2016-08-05 05,야간,금,1,2,1,0,0,전남,완도군,차량단독,기타,기타,안전운전 의무 불이행,단일로,기타단일로
19828,2016-01-23 00,야간,토,1,1,0,0,0,서울,영등포구,차대사람,횡단중,횡단중,안전운전 의무 불이행,단일로,횡단보도상
19829,2016-06-09 13,주간,목,1,2,0,1,0,충남,예산군,차대차,추돌,진행중 추돌,안전운전 의무 불이행,단일로,기타단일로
19830,2016-08-22 11,주간,월,1,1,0,0,0,전남,보성군,차대차,측면충돌,측면충돌,안전운전 의무 불이행,교차로,교차로내
19831,2016-01-25 04,야간,월,1,1,0,0,0,대구,남구,차대사람,횡단중,횡단중,안전운전 의무 불이행,교차로,교차로내
19832,2016-04-30 15,주간,토,1,1,0,0,0,충북,괴산군,차량단독,전도전복,전도전복,안전운전 의무 불이행,단일로,기타단일로
19833,2016-01-21 01,야간,목,1,1,0,0,0,인천,서구,차량단독,공작물충돌,공작물충돌,안전운전 의무 불이행,단일로,기타단일로
19834,2016-10-21 16,주간,금,1,1,0,0,0,강원,철원군,차대차,추돌,진행중 추돌,안전운전 의무 불이행,단일로,기타단일로
19835,2016-03-18 05,야간,금,1,1,0,0,0,부산,강서구,차대차,추돌,진행중 추돌,안전운전 의무 불이행,교차로,교차로부근
19836,2016-01-27 10,주간,수,1,1,0,0,0,전북,전주시,차대사람,횡단중,횡단중,보행자 보호의무 위반,단일로,횡단보도상
19837,2016-02-05 00,야간,금,1,2,0,1,0,경기,용인시,차대사람,횡단중,횡단중,안전운전 의무 불이행,교차로,교차로부근
19838,2016-01-18 20,야간,월,1,1,0,0,0,경기,오산시,차대사람,횡단중,횡단중,보행자 보호의무 위반,교차로,교차로부근
19839,2016-02-19 07,주간,금,1,1,0,0,0,충남,당진시,차대차,측면충돌,측면충돌,안전운전 의무 불이행,교차로,교차로내
19840,2016-03-14 19,야간,월,1,3,0,2,0,경북,상주시,차대차,추돌,진행중 추돌,안전운전 의무 불이행,단일로,기타단일로
19841,2016-05-20 15,주간,금,1,4,0,3,0,경기,광주시,차대차,추돌,진행중 추돌,안전운전 의무 불이행,단일로,기타단일로
19842,2016-02-04 14,주간,목,1,1,0,0,0,서울,관악구,차대사람,보도통행중,보도통행중,안전운전 의무 불이행,교차로,교차로부근
19843,2016-08-07 03,야간,일,1,1,0,0,0,강원,횡성군,차량단독,기타,기타,기타,단일로,기타단일로
19844,2016-02-03 21,야간,수,1,1,0,0,0,충남,서산시,차대사람,횡단중,횡단중,과속,단일로,기타단일로
19845,2016-07-13 03,야간,수,1,1,0,0,0,충북,옥천군,차대사람,기타,기타,안전운전 의무 불이행,단일로,기타단일로
19846,2016-04-03 01,야간,일,1,1,0,0,0,전북,정읍시,차량단독,전도전복,전도전복,안전운전 의무 불이행,단일로,교량위
19847,2016-05-28 20,야간,토,1,2,1,0,0,경남,고성군,차대차,추돌,진행중 추돌,안전운전 의무 불이행,단일로,기타단일로
19848,2016-07-21 08,주간,목,1,2,0,1,0,경북,의성군,차대차,정면충돌,정면충돌,중앙선 침범,단일로,기타단일로
19849,2016-03-02 00,야간,수,1,1,0,0,0,경남,김해시,차대사람,기타,기타,안전운전 의무 불이행,단일로,기타단일로
19850,2016-10-08 08,주간,토,1,1,0,0,0,경북,예천군,차대차,측면충돌,측면충돌,안전운전 의무 불이행,교차로,교차로내
19851,2016-04-02 03,야간,토,1,3,2,0,0,전북,정읍시,차량단독,전도전복,전도전복,안전운전 의무 불이행,단일로,교량위
19852,2016-10-10 18,야간,월,1,1,0,0,0,경남,산청군,차대사람,차도통행중,차도통행중,안전운전 의무 불이행,단일로,기타단일로
19853,2016-04-24 12,주간,일,1,2,1,0,0,서울,은평구,차량단독,공작물충돌,공작물충돌,안전운전 의무 불이행,교차로,교차로내
19854,2016-03-16 08,주간,수,1,1,0,0,0,강원,삼척시,차량단독,전도전복,전도전복,안전운전 의무 불이행,기타/불명,기타/불명
19855,2016-03-30 04,야간,수,1,1,0,0,0,경북,영주시,차량단독,전도전복,전도전복,안전운전 의무 불이행,단일로,기타단일로
19856,2016-03-28 19,야간,월,1,2,0,1,0,충남,홍성군,차대차,측면충돌,측면충돌,신호위반,교차로,교차로내
19857,2016-08-20 18,야간,토,1,1,0,0,0,충남,청양군,차량단독,전도전복,전도전복,안전운전 의무 불이행,단일로,기타단일로
19858,2016-11-08 18,야간,화,1,1,0,0,0,전남,구례군,차대차,정면충돌,정면충돌,중앙선 침범,단일로,기타단일로
19859,2016-07-19 07,주간,화,1,1,0,0,0,강원,횡성군,차량단독,전도전복,전도전복,안전운전 의무 불이행,단일로,기타단일로
19860,2016-06-01 09,주간,수,1,1,0,0,0,경남,고성군,차대차,측면충돌,측면충돌,과속,교차로,교차로내
19861,2016-11-09 10,주간,수,3,4,0,1,0,경남,하동군,차대차,기타,기타,안전운전 의무 불이행,단일로,기타단일로
19862,2016-07-23 09,주간,토,1,1,0,0,0,경북,의성군,차대차,추돌,진행중 추돌,안전운전 의무 불이행,단일로,기타단일로
19863,2016-01-16 04,야간,토,2,2,0,0,0,대구,수성구,차량단독,전도전복,전도전복,안전운전 의무 불이행,교차로,교차로부근
19864,2016-01-22 01,야간,금,1,2,1,0,0,대구,동구,차대차,측면충돌,측면충돌,신호위반,교차로,교차로내
19865,2016-08-20 20,야간,토,1,1,0,0,0,경남,남해군,차량단독,전도전복,전도전복,안전운전 의무 불이행,단일로,기타단일로
19866,2016-01-28 06,주간,목,1,1,0,0,0,강원,춘천시,차대사람,횡단중,횡단중,안전운전 의무 불이행,단일로,횡단보도부근
19867,2016-01-18 12,주간,월,1,1,0,0,0,경북,구미시,차대차,측면충돌,측면충돌,안전운전 의무 불이행,교차로,교차로부근
19868,2016-04-07 21,야간,목,1,2,1,0,0,충남,공주시,차량단독,공작물충돌,공작물충돌,안전운전 의무 불이행,단일로,기타단일로
19869,2016-05-20 15,주간,금,1,4,1,2,0,경기,광주시,차대차,추돌,진행중 추돌,안전운전 의무 불이행,단일로,기타단일로
19870,2016-02-27 13,주간,토,1,1,0,0,0,경북,칠곡군,차대사람,보도통행중,보도통행중,기타,교차로,교차로부근
19871,2016-03-27 15,주간,일,1,1,0,0,0,강원,원주시,차량단독,공작물충돌,공작물충돌,안전운전 의무 불이행,단일로,기타단일로
19872,2016-07-26 06,주간,화,1,1,0,0,0,전남,장성군,차대차,측면충돌,측면충돌,교차로 통행방법 위반,교차로,교차로내
19873,2016-04-01 04,야간,금,1,1,0,0,0,경기,동두천시,차대사람,기타,기타,안전운전 의무 불이행,단일로,기타단일로
19874,2016-09-14 21,야간,수,1,1,0,0,0,경남,하동군,차대사람,횡단중,횡단중,안전운전 의무 불이행,단일로,횡단보도부근
19875,2016-07-27 10,주간,수,1,1,0,0,0,경북,의성군,차대차,기타,기타,중앙선 침범,단일로,기타단일로
19876,2016-09-05 17,주간,월,1,2,1,0,0,충북,영동군,차대차,정면충돌,정면충돌,중앙선 침범,단일로,기타단일로
19877,2016-07-01 12,주간,금,1,1,0,0,0,전남,담양군,차대사람,횡단중,횡단중,안전운전 의무 불이행,교차로,교차로부근
19878,2016-02-05 15,주간,금,1,1,0,0,0,서울,관악구,차대사람,기타,기타,안전운전 의무 불이행,교차로,교차로부근
19879,2016-05-10 13,주간,화,1,1,0,0,0,경남,창녕군,차량단독,도로이탈,도로이탈 추락,안전운전 의무 불이행,단일로,기타단일로
19880,2016-05-28 10,주간,토,1,1,0,0,0,경기,광주시,차대차,추돌,진행중 추돌,안전운전 의무 불이행,단일로,기타단일로
19881,2016-07-03 03,야간,일,1,1,0,0,0,경북,영덕군,차대사람,기타,기타,안전운전 의무 불이행,단일로,기타단일로
19882,2016-03-19 06,주간,토,1,1,0,0,0,경북,구미시,차대차,추돌,진행중 추돌,안전거리 미확보,단일로,기타단일로
19883,2016-04-23 07,주간,토,1,1,0,0,0,경기,가평군,차대차,추돌,진행중 추돌,안전운전 의무 불이행,단일로,터널안
19884,2016-11-27 18,야간,일,1,2,0,1,0,전남,진도군,차대사람,횡단중,횡단중,안전운전 의무 불이행,단일로,기타단일로
19885,2016-06-20 15,주간,월,1,1,0,0,0,전남,고흥군,차대차,측면충돌,측면충돌,안전운전 의무 불이행,단일로,기타단일로
19886,2016-02-25 07,주간,목,1,1,0,0,0,경남,창원시(통합),차대사람,횡단중,횡단중,안전운전 의무 불이행,단일로,기타단일로
19887,2016-01-28 22,야간,목,1,1,0,0,0,서울,강서구,차대차,추돌,진행중 추돌,기타,단일로,기타단일로
19888,2016-07-03 01,야간,일,1,1,0,0,0,경남,거창군,차대사람,횡단중,횡단중,안전운전 의무 불이행,단일로,기타단일로
19889,2016-08-02 09,주간,화,1,1,0,0,0,경북,의성군,차대차,기타,기타,안전운전 의무 불이행,교차로,교차로부근
19890,2016-05-12 12,주간,목,1,2,0,1,0,경남,창녕군,차대차,측면충돌,측면충돌,안전운전 의무 불이행,교차로,교차로내
19891,2016-02-26 04,야간,금,1,1,0,0,0,경남,창원시(통합),차량단독,도로이탈,도로이탈 추락,안전운전 의무 불이행,단일로,기타단일로
19892,2016-08-04 00,야간,목,1,1,0,0,0,전남,장흥군,차량단독,전도전복,전도전복,안전운전 의무 불이행,단일로,기타단일로
19893,2016-09-25 09,주간,일,1,1,0,0,0,충북,단양군,차량단독,전도전복,전도전복,안전운전 의무 불이행,기타/불명,기타/불명
19894,2016-03-10 19,야간,목,1,1,0,0,0,충남,보령시,차량단독,전도전복,전도전복,안전운전 의무 불이행,단일로,기타단일로
19895,2016-10-26 07,주간,수,1,1,0,0,0,경북,예천군,차량단독,도로이탈,도로이탈 기타,안전운전 의무 불이행,단일로,기타단일로
19896,2016-01-30 08,주간,토,1,4,2,1,0,충북,옥천군,차대차,추돌,진행중 추돌,안전운전 의무 불이행,단일로,기타단일로
19897,2016-09-21 22,야간,수,1,3,2,0,0,전북,김제시,차량단독,공작물충돌,공작물충돌,안전운전 의무 불이행,단일로,기타단일로
19898,2016-02-06 05,야간,토,1,1,0,0,0,서울,관악구,차대차,추돌,진행중 추돌,중앙선 침범,교차로,교차로부근
19899,2016-07-12 11,주간,화,1,1,0,0,0,충남,부여군,차대차,측면충돌,측면충돌,중앙선 침범,단일로,기타단일로
19900,2016-01-27 15,주간,수,1,1,0,0,0,대전,대덕구,차대사람,횡단중,횡단중,보행자 보호의무 위반,교차로,교차로내
19901,2016-06-03 08,주간,금,1,1,0,0,0,경남,함안군,차대차,측면충돌,측면충돌,기타,단일로,기타단일로
19902,2016-01-30 07,주간,토,1,1,0,0,0,대전,서구,차대사람,횡단중,횡단중,안전운전 의무 불이행,교차로,교차로내
19903,2016-04-25 20,야간,월,1,1,0,0,0,경북,문경시,차량단독,전도전복,전도전복,안전운전 의무 불이행,단일로,기타단일로
19904,2016-02-04 21,야간,목,1,1,0,0,0,경기,성남시,차대사람,횡단중,횡단중,안전운전 의무 불이행,단일로,기타단일로
19905,2016-12-02 13,주간,금,1,2,0,1,0,경남,창녕군,차대차,추돌,진행중 추돌,안전운전 의무 불이행,단일로,기타단일로
19906,2016-08-03 17,주간,수,1,1,0,0,0,경북,고령군,차대차,측면충돌,측면충돌,교차로 통행방법 위반,교차로,교차로내
19907,2016-04-10 11,주간,일,2,4,1,1,0,전남,영암군,차대차,측면충돌,측면충돌,신호위반,교차로,교차로내
19908,2016-02-26 14,주간,금,1,1,0,0,0,경기,부천시,차대사람,횡단중,횡단중,보행자 보호의무 위반,교차로,교차로내
19909,2016-01-29 19,야간,금,1,1,0,0,0,서울,마포구,차대사람,차도통행중,차도통행중,과속,단일로,기타단일로
19910,2016-04-26 04,야간,화,1,1,0,0,0,경북,문경시,차대사람,보도통행중,보도통행중,보행자 보호의무 위반,교차로,교차로부근
19911,2016-11-04 16,주간,금,1,1,0,0,0,경북,예천군,차대차,측면충돌,측면충돌,안전운전 의무 불이행,교차로,교차로내
19912,2016-05-31 14,주간,화,1,5,0,4,0,경북,울진군,차대차,추돌,진행중 추돌,안전운전 의무 불이행,단일로,기타단일로
19913,2016-10-04 19,야간,화,1,1,0,0,0,경남,합천군,차대사람,횡단중,횡단중,안전운전 의무 불이행,단일로,기타단일로
19914,2016-05-07 15,주간,토,1,1,0,0,0,전북,부안군,차대차,측면충돌,측면충돌,신호위반,교차로,교차로내
19915,2016-03-14 11,주간,월,1,3,2,0,0,경남,밀양시,차대차,정면충돌,정면충돌,중앙선 침범,단일로,기타단일로
19916,2016-02-22 05,야간,월,1,1,0,0,0,서울,구로구,차대사람,횡단중,횡단중,안전운전 의무 불이행,단일로,횡단보도상
19917,2016-06-23 20,야간,목,1,3,2,0,0,강원,평창군,차대차,추돌,진행중 추돌,과속,단일로,기타단일로
19918,2016-01-29 19,야간,금,1,1,0,0,0,서울,강서구,차대사람,차도통행중,차도통행중,안전운전 의무 불이행,단일로,기타단일로
19919,2016-03-23 20,야간,수,1,2,1,0,0,경북,군위군,차대차,추돌,진행중 추돌,안전운전 의무 불이행,단일로,기타단일로
19920,2016-04-03 04,야간,일,1,1,0,0,0,충북,진천군,차량단독,도로이탈,도로이탈 추락,안전운전 의무 불이행,단일로,기타단일로
19921,2016-09-03 23,야간,토,2,2,0,0,0,경남,함양군,차량단독,전도전복,전도전복,안전운전 의무 불이행,단일로,기타단일로
19922,2016-08-08 19,야간,월,1,1,0,0,0,경북,고령군,차대사람,길가장자리구역통행중,길가장자리구역통행중,안전운전 의무 불이행,단일로,기타단일로
19923,2016-07-14 10,주간,목,1,2,1,0,0,충남,부여군,차대차,정면충돌,정면충돌,중앙선 침범,단일로,교량위
19924,2016-08-09 16,주간,화,1,1,0,0,0,경북,의성군,차대차,측면충돌,측면충돌,교차로 통행방법 위반,교차로,교차로내
19925,2016-09-30 16,주간,금,1,1,0,0,0,충북,단양군,차대차,측면충돌,측면충돌,안전거리 미확보,단일로,기타단일로
19926,2016-02-10 02,야간,수,1,1,0,0,0,서울,광진구,차량단독,공작물충돌,공작물충돌,안전운전 의무 불이행,단일로,기타단일로
19927,2016-07-15 10,주간,금,1,1,0,0,0,충남,부여군,차대차,기타,기타,안전운전 의무 불이행,교차로,교차로부근
19928,2016-09-09 09,주간,금,1,1,0,0,0,경북,청도군,차량단독,전도전복,전도전복,안전운전 의무 불이행,단일로,기타단일로
19929,2016-02-06 01,야간,토,1,1,0,0,0,경기,성남시,차대사람,횡단중,횡단중,안전운전 의무 불이행,단일로,기타단일로
19930,2016-02-06 04,야간,토,1,2,1,0,0,부산,사하구,차대차,추돌,진행중 추돌,안전운전 의무 불이행,단일로,기타단일로
19931,2016-02-10 05,야간,수,1,4,3,0,0,서울,광진구,차대차,측면충돌,측면충돌,신호위반,교차로,교차로내
19932,2016-10-14 18,야간,금,1,1,0,0,0,강원,영월군,차대차,측면충돌,측면충돌,신호위반,교차로,교차로내
19933,2016-05-17 21,야간,화,1,1,0,0,0,전남,무안군,차대차,추돌,진행중 추돌,과속,단일로,기타단일로
19934,2016-02-05 08,주간,금,1,1,0,0,0,충남,천안시,차대차,기타,기타,신호위반,교차로,교차로내
19935,2016-08-14 16,주간,일,1,1,0,0,0,전남,장흥군,차량단독,공작물충돌,공작물충돌,안전운전 의무 불이행,교차로,교차로부근
19936,2016-08-14 20,야간,일,1,1,0,0,0,경북,의성군,차대사람,길가장자리구역통행중,길가장자리구역통행중,안전운전 의무 불이행,단일로,기타단일로
19937,2016-10-04 13,주간,화,1,5,0,4,0,충남,홍성군,차대차,추돌,진행중 추돌,안전운전 의무 불이행,단일로,기타단일로
19938,2016-02-25 04,야간,목,1,1,0,0,0,경남,김해시,차량단독,전도전복,전도전복,안전운전 의무 불이행,단일로,기타단일로
19939,2016-11-01 11,주간,화,1,1,0,0,0,충남,금산군,차량단독,기타,기타,안전운전 의무 불이행,단일로,기타단일로
19940,2016-05-18 09,주간,수,1,1,0,0,0,전남,해남군,차대사람,횡단중,횡단중,안전운전 의무 불이행,교차로,교차로내
19941,2016-12-29 16,주간,목,1,1,0,0,0,경북,청송군,차대차,기타,기타,기타,단일로,기타단일로
19942,2016-09-15 02,야간,목,1,1,0,0,0,경북,청도군,차량단독,공작물충돌,공작물충돌,안전운전 의무 불이행,단일로,기타단일로
19943,2016-10-08 00,야간,토,2,2,0,0,0,충북,단양군,차대차,측면충돌,측면충돌,안전운전 의무 불이행,교차로,교차로내
19944,2016-02-16 12,주간,화,1,1,0,0,0,경북,안동시,차량단독,전도전복,전도전복,안전운전 의무 불이행,단일로,기타단일로
19945,2016-12-28 23,야간,수,1,1,0,0,0,충북,보은군,차량단독,전도전복,전도전복,안전운전 의무 불이행,단일로,기타단일로
19946,2016-07-19 14,주간,화,1,2,0,0,1,경남,거창군,차대차,정면충돌,정면충돌,중앙선 침범,단일로,기타단일로
19947,2016-09-15 10,주간,목,1,1,0,0,0,경북,청도군,차량단독,전도전복,전도전복,안전운전 의무 불이행,단일로,기타단일로
19948,2016-06-22 13,주간,수,2,8,2,2,2,충북,보은군,차대차,추돌,진행중 추돌,안전운전 의무 불이행,단일로,기타단일로
19949,2016-05-20 09,주간,금,1,5,0,4,0,전남,해남군,차대차,추돌,진행중 추돌,안전운전 의무 불이행,단일로,기타단일로
19950,2016-01-27 18,야간,수,1,1,0,0,0,전북,익산시,차대사람,횡단중,횡단중,안전운전 의무 불이행,단일로,기타단일로
19951,2016-09-01 09,주간,목,1,1,0,0,0,강원,횡성군,차량단독,기타,기타,안전운전 의무 불이행,단일로,기타단일로
19952,2016-11-26 15,주간,토,1,1,0,0,0,경북,예천군,차량단독,전도전복,전도전복,안전운전 의무 불이행,단일로,기타단일로
19953,2016-09-12 16,주간,월,1,1,0,0,0,충남,청양군,차량단독,전도전복,전도전복,안전운전 의무 불이행,단일로,기타단일로
19954,2016-07-18 07,주간,월,1,1,0,0,0,충남,예산군,차대차,측면충돌,측면충돌,신호위반,교차로,교차로내
19955,2016-02-03 06,주간,수,1,1,0,0,0,경기,안양시,차대사람,횡단중,횡단중,안전운전 의무 불이행,교차로,교차로내
19956,2016-07-13 08,주간,수,1,1,0,0,0,전남,고흥군,차대사람,횡단중,횡단중,안전운전 의무 불이행,단일로,기타단일로
19957,2016-02-06 17,주간,토,1,1,0,0,0,서울,동작구,차대차,기타,기타,안전운전 의무 불이행,단일로,기타단일로
19958,2016-04-15 00,야간,금,1,1,0,0,0,전북,김제시,차대차,추돌,진행중 추돌,안전운전 의무 불이행,단일로,기타단일로