교통사고이력ID(사고기록 순서),발생년월일시,주야코드,요일코드,사망자수,부상자수,중상자수,경상자수,부상신고자수,발생지시도코드,발생지시도코드,사고유형대분류코드,사고유형중분류코드,사고유형코드,법규위반코드,도로형태대분류코드,도로로형태코드
20158,2016-02-11 16,주간,목,1,1,0,0,0,울산,중구,차대차,측면충돌,측면충돌,안전운전 의무 불이행,단일로,기타단일로
20159,2016-08-18 23,야간,목,1,2,0,1,0,충북,충주시,차대차,추돌,진행중 추돌,안전운전 의무 불이행,단일로,기타단일로
20160,2016-02-10 09,주간,수,1,1,0,0,0,서울,양천구,차대사람,차도통행중,차도통행중,안전운전 의무 불이행,단일로,기타단일로
20161,2016-10-24 15,주간,월,1,1,0,0,0,전남,장흥군,차량단독,기타,기타,안전운전 의무 불이행,교차로,교차로부근
20162,2016-02-18 13,주간,목,1,1,0,0,0,충남,천안시,차대차,측면충돌,측면충돌,교차로 통행방법 위반,교차로,교차로내
20163,2016-05-02 18,야간,월,1,1,0,0,0,충북,진천군,차대차,기타,기타,신호위반,교차로,교차로내
20164,2016-09-05 06,주간,월,1,4,3,0,0,강원,태백시,차대차,정면충돌,정면충돌,중앙선 침범,교차로,교차로내
20165,2016-07-15 08,주간,금,1,3,2,0,0,충남,서천군,차량단독,공작물충돌,공작물충돌,안전운전 의무 불이행,교차로,교차로내
20166,2016-12-04 00,야간,일,1,1,0,0,0,경북,청도군,차량단독,전도전복,전도전복,안전운전 의무 불이행,단일로,기타단일로
20167,2016-08-16 09,주간,화,1,1,0,0,0,인천,강화군,차대차,측면충돌,측면충돌,과속,교차로,교차로내
20168,2016-04-08 10,주간,금,1,2,1,0,0,경북,김천시,차대차,측면충돌,측면충돌,안전운전 의무 불이행,단일로,기타단일로
20169,2016-10-23 17,주간,일,1,1,0,0,0,강원,고성군,차량단독,전도전복,전도전복,안전운전 의무 불이행,단일로,기타단일로
20170,2016-09-04 16,주간,일,1,1,0,0,0,전남,고흥군,차대차,정면충돌,정면충돌,안전운전 의무 불이행,단일로,기타단일로
20171,2016-05-28 08,주간,토,1,2,0,1,0,전남,영암군,차대차,측면충돌,측면충돌,안전운전 의무 불이행,교차로,교차로내
20172,2016-03-02 06,주간,수,1,1,0,0,0,경남,진주시,차량단독,기타,기타,안전운전 의무 불이행,단일로,기타단일로
20173,2016-12-02 05,야간,금,1,1,0,0,0,전남,완도군,차대사람,기타,기타,안전운전 의무 불이행,단일로,기타단일로
20174,2016-11-19 17,주간,토,1,1,0,0,0,강원,횡성군,차대차,추돌,진행중 추돌,안전운전 의무 불이행,단일로,기타단일로
20175,2016-10-02 17,주간,일,3,5,2,0,0,충남,부여군,차대차,측면충돌,측면충돌,중앙선 침범,단일로,기타단일로
20176,2016-02-24 06,주간,수,1,1,0,0,0,경남,김해시,차대사람,횡단중,횡단중,안전운전 의무 불이행,교차로,교차로내
20177,2016-02-10 01,야간,수,1,3,1,1,0,경기,광주시,차량단독,공작물충돌,공작물충돌,과속,단일로,기타단일로
20178,2016-09-12 10,주간,월,1,1,0,0,0,전남,영광군,차량단독,전도전복,전도전복,안전운전 의무 불이행,단일로,기타단일로
20179,2016-02-16 07,주간,화,1,1,0,0,0,강원,강릉시,차대차,측면충돌,측면충돌,신호위반,교차로,교차로내
20180,2016-03-02 15,주간,수,1,1,0,0,0,경북,안동시,차량단독,전도전복,전도전복,안전운전 의무 불이행,기타/불명,기타/불명
20181,2016-12-12 06,주간,월,1,1,0,0,0,경북,청도군,차량단독,전도전복,전도전복,안전운전 의무 불이행,기타/불명,기타/불명
20182,2016-08-28 03,야간,일,1,1,0,0,0,경남,고성군,차대차,추돌,진행중 추돌,안전운전 의무 불이행,단일로,기타단일로
20183,2016-11-06 15,주간,일,1,1,0,0,0,전남,장성군,차대차,추돌,진행중 추돌,안전운전 의무 불이행,단일로,기타단일로
20184,2016-05-29 18,야간,일,1,1,0,0,0,세종,세종,차량단독,전도전복,전도전복,안전운전 의무 불이행,단일로,기타단일로
20185,2016-04-26 19,야간,화,1,1,0,0,0,전북,완주군,차대사람,횡단중,횡단중,안전운전 의무 불이행,단일로,횡단보도부근
20186,2016-02-06 19,야간,토,1,1,0,0,0,대전,대덕구,차대사람,횡단중,횡단중,안전운전 의무 불이행,교차로,교차로내
20187,2016-10-31 18,야간,월,1,1,0,0,0,전남,장흥군,차대사람,횡단중,횡단중,안전운전 의무 불이행,단일로,기타단일로
20188,2016-08-22 17,주간,월,1,1,0,0,0,강원,평창군,차대사람,기타,기타,안전운전 의무 불이행,단일로,기타단일로
20189,2016-03-16 15,주간,수,1,1,0,0,0,경남,김해시,차대사람,횡단중,횡단중,보행자 보호의무 위반,교차로,교차로내
20190,2016-09-01 13,주간,목,1,1,0,0,0,경북,성주군,차대사람,기타,기타,안전운전 의무 불이행,기타/불명,기타/불명
20191,2016-09-15 19,야간,목,1,12,2,9,0,전남,영광군,차대차,정면충돌,정면충돌,중앙선 침범,단일로,기타단일로
20192,2016-08-16 10,주간,화,1,1,0,0,0,경남,함안군,차량단독,전도전복,전도전복,안전운전 의무 불이행,교차로,교차로부근
20193,2016-02-20 23,야간,토,1,1,0,0,0,인천,연수구,차대사람,횡단중,횡단중,안전운전 의무 불이행,단일로,기타단일로
20194,2016-09-16 15,주간,금,1,5,2,0,2,전남,담양군,차대차,측면충돌,측면충돌,중앙선 침범,교차로,교차로부근
20195,2016-11-10 10,주간,목,1,1,0,0,0,전남,장성군,차량단독,전도전복,전도전복,안전운전 의무 불이행,단일로,기타단일로
20196,2016-09-14 02,야간,수,2,4,0,2,0,경북,영덕군,차대차,정면충돌,정면충돌,중앙선 침범,단일로,기타단일로
20197,2016-08-12 17,주간,금,1,1,0,0,0,경남,함안군,차량단독,도로이탈,도로이탈 추락,안전운전 의무 불이행,교차로,교차로부근
20198,2016-10-07 20,야간,금,2,2,0,0,0,충남,부여군,차량단독,전도전복,전도전복,안전운전 의무 불이행,단일로,기타단일로
20199,2016-10-31 06,주간,월,1,1,0,0,0,강원,고성군,차대사람,횡단중,횡단중,과속,교차로,교차로부근
20200,2016-05-11 14,주간,수,1,1,0,0,0,광주,동구,차대차,정면충돌,정면충돌,신호위반,교차로,교차로내
20201,2016-04-18 08,주간,월,1,1,0,0,0,경기,여주시,차대차,측면충돌,측면충돌,과속,교차로,교차로내
20202,2016-05-14 08,주간,토,1,2,0,1,0,서울,서초구,차대차,정면충돌,정면충돌,중앙선 침범,교차로,교차로부근
20203,2016-03-19 18,야간,토,1,1,0,0,0,충남,당진시,차대차,측면충돌,측면충돌,중앙선 침범,단일로,기타단일로
20204,2016-04-04 12,주간,월,1,1,0,0,0,충남,논산시,차대사람,횡단중,횡단중,안전운전 의무 불이행,교차로,교차로내
20205,2016-10-10 09,주간,월,1,1,0,0,0,충남,부여군,차대차,측면충돌,측면충돌,과속,단일로,기타단일로
20206,2016-03-14 15,주간,월,1,2,1,0,0,경기,포천시,차대차,추돌,진행중 추돌,신호위반,교차로,교차로내
20207,2016-03-18 10,주간,금,1,1,0,0,0,경기,부천시,차대차,정면충돌,정면충돌,신호위반,교차로,교차로내
20208,2016-09-04 16,주간,일,1,1,0,0,0,경북,성주군,차량단독,도로이탈,도로이탈 추락,안전운전 의무 불이행,단일로,기타단일로
20209,2016-09-12 05,야간,월,2,4,2,0,0,경기,광주시,차대차,기타,기타,안전운전 의무 불이행,단일로,기타단일로
20210,2016-04-13 04,야간,수,1,1,0,0,0,경북,김천시,차대사람,횡단중,횡단중,안전운전 의무 불이행,단일로,기타단일로
20211,2016-05-09 16,주간,월,1,1,0,0,0,충북,진천군,차대사람,횡단중,횡단중,신호위반,교차로,교차로내
20212,2016-06-03 03,야간,금,1,1,0,0,0,전남,영암군,차대사람,기타,기타,안전운전 의무 불이행,단일로,기타단일로
20213,2016-09-10 13,주간,토,1,2,1,0,0,전남,고흥군,차대차,측면충돌,측면충돌,안전운전 의무 불이행,단일로,기타단일로
20214,2016-01-27 18,야간,수,1,1,0,0,0,경북,구미시,차대차,추돌,진행중 추돌,안전운전 의무 불이행,교차로,교차로부근
20215,2016-02-27 12,주간,토,1,1,0,0,0,경기,성남시,차대사람,횡단중,횡단중,보행자 보호의무 위반,교차로,교차로부근
20216,2016-04-27 10,주간,수,1,2,0,1,0,강원,삼척시,차대차,추돌,진행중 추돌,안전운전 의무 불이행,단일로,기타단일로
20217,2016-02-05 23,야간,금,1,1,0,0,0,경기,고양시,차대사람,차도통행중,차도통행중,과속,단일로,기타단일로
20218,2016-10-19 06,주간,수,1,1,0,0,0,충남,예산군,차대차,측면충돌,측면충돌,안전운전 의무 불이행,단일로,기타단일로
20219,2016-05-13 12,주간,금,1,1,0,0,0,전북,남원시,차량단독,전도전복,전도전복,안전운전 의무 불이행,단일로,기타단일로
20220,2016-04-07 08,주간,목,1,1,0,0,0,충남,보령시,차량단독,도로이탈,도로이탈 추락,안전운전 의무 불이행,단일로,교량위
20221,2016-02-05 10,주간,금,1,1,0,0,0,경기,화성시,차대사람,횡단중,횡단중,안전운전 의무 불이행,단일로,기타단일로
20222,2016-01-27 15,주간,수,1,3,0,2,0,경기,안산시,차대차,측면충돌,측면충돌,신호위반,교차로,교차로내
20223,2016-05-12 17,주간,목,1,1,0,0,0,충남,공주시,차대차,추돌,진행중 추돌,안전운전 의무 불이행,단일로,기타단일로
20224,2016-02-15 12,주간,월,1,1,0,0,0,경북,포항시,차대차,측면충돌,측면충돌,안전운전 의무 불이행,교차로,교차로내
20225,2016-02-16 07,주간,화,1,1,0,0,0,경남,거제시,차대사람,횡단중,횡단중,보행자 보호의무 위반,교차로,교차로부근
20226,2016-07-25 17,주간,월,2,5,2,1,0,충남,서천군,차대차,측면충돌,측면충돌,안전운전 의무 불이행,교차로,교차로내
20227,2016-01-30 03,야간,토,1,1,0,0,0,대구,달서구,차대사람,횡단중,횡단중,안전운전 의무 불이행,단일로,기타단일로
20228,2016-02-19 06,주간,금,1,1,0,0,0,전남,순천시,차대차,측면충돌,측면충돌,신호위반,교차로,교차로내
20229,2016-01-30 08,주간,토,1,1,0,0,0,강원,원주시,차량단독,전도전복,전도전복,안전운전 의무 불이행,교차로,교차로부근
20230,2016-09-22 11,주간,목,1,1,0,0,0,전남,영광군,차대차,측면충돌,측면충돌,안전운전 의무 불이행,교차로,교차로내
20231,2016-12-31 18,야간,토,1,1,0,0,0,충남,청양군,차대사람,차도통행중,차도통행중,안전운전 의무 불이행,단일로,기타단일로
20232,2016-02-17 10,주간,수,1,3,2,0,0,전북,전주시,차량단독,공작물충돌,공작물충돌,안전운전 의무 불이행,단일로,기타단일로
20233,2016-02-24 07,주간,수,1,2,0,1,0,서울,동작구,차대차,정면충돌,정면충돌,중앙선 침범,단일로,기타단일로
20234,2016-09-03 12,주간,토,1,1,0,0,0,강원,평창군,차량단독,전도전복,전도전복,안전운전 의무 불이행,단일로,기타단일로
20235,2016-01-29 07,주간,금,1,1,0,0,0,경기,화성시,차대사람,횡단중,횡단중,안전운전 의무 불이행,교차로,교차로내
20236,2016-10-19 19,야간,수,1,1,0,0,0,충남,부여군,차량단독,기타,기타,안전운전 의무 불이행,단일로,기타단일로
20237,2016-11-22 06,주간,화,1,1,0,0,0,경북,의성군,차대사람,횡단중,횡단중,안전운전 의무 불이행,교차로,교차로내
20238,2016-04-06 22,야간,수,1,1,0,0,0,경남,창원시(통합),차대차,정면충돌,정면충돌,신호위반,교차로,교차로내
20239,2016-09-26 02,야간,월,1,2,1,0,0,충북,청주시,차대차,추돌,진행중 추돌,안전운전 의무 불이행,단일로,기타단일로
20240,2016-09-13 09,주간,화,1,1,0,0,0,전남,강진군,차대차,측면충돌,측면충돌,과속,교차로,교차로내
20241,2016-07-31 07,주간,일,1,1,0,0,0,경남,창녕군,차대차,정면충돌,정면충돌,안전운전 의무 불이행,단일로,기타단일로
20242,2016-05-08 15,주간,일,1,1,0,0,0,경기,가평군,차량단독,기타,기타,안전운전 의무 불이행,단일로,기타단일로
20243,2016-02-16 23,야간,화,1,2,0,1,0,경남,거제시,차대차,정면충돌,정면충돌,중앙선 침범,단일로,기타단일로
20244,2016-03-05 22,야간,토,1,1,0,0,0,부산,북구,차대차,기타,기타,중앙선 침범,단일로,기타단일로
20245,2016-01-25 15,주간,월,1,2,0,1,0,경기,고양시,차대차,측면충돌,측면충돌,신호위반,교차로,교차로내
20246,2016-05-19 10,주간,목,1,1,0,0,0,충남,홍성군,차대차,측면충돌,측면충돌,기타,단일로,기타단일로
20247,2016-05-23 12,주간,월,1,1,0,0,0,전북,남원시,차대차,측면충돌,측면충돌,안전운전 의무 불이행,단일로,기타단일로
20248,2016-05-02 20,야간,월,1,1,0,0,0,전북,완주군,차대사람,횡단중,횡단중,보행자 보호의무 위반,단일로,기타단일로
20249,2016-03-07 08,주간,월,1,1,0,0,0,경북,안동시,차량단독,전도전복,전도전복,안전운전 의무 불이행,단일로,기타단일로
20250,2016-02-13 04,야간,토,1,2,0,1,0,서울,마포구,차대사람,차도통행중,차도통행중,안전운전 의무 불이행,단일로,기타단일로
20251,2016-03-06 19,야간,일,2,2,0,0,0,대구,달성군,차대사람,횡단중,횡단중,과속,단일로,기타단일로
20252,2016-05-23 21,야간,월,1,1,0,0,0,전북,남원시,차량단독,전도전복,전도전복,안전운전 의무 불이행,단일로,기타단일로
20253,2016-02-08 11,주간,월,1,7,4,2,0,경북,경주시,차대차,기타,기타,중앙선 침범,단일로,기타단일로
20254,2016-01-31 18,야간,일,1,1,0,0,0,충북,청주시,차대차,정면충돌,정면충돌,교차로 통행방법 위반,교차로,교차로내
20255,2016-06-07 14,주간,화,1,2,1,0,0,세종,세종,차대차,측면충돌,측면충돌,교차로 통행방법 위반,교차로,교차로부근
20256,2016-06-12 21,야간,일,1,1,0,0,0,강원,홍천군,차량단독,전도전복,전도전복,안전운전 의무 불이행,단일로,기타단일로
20257,2016-08-05 06,주간,금,1,1,0,0,0,경남,창녕군,차대차,측면충돌,측면충돌,안전운전 의무 불이행,교차로,교차로내
20258,2016-04-19 19,야간,화,1,3,1,1,0,경북,김천시,차대사람,횡단중,횡단중,보행자 보호의무 위반,단일로,기타단일로
20259,2016-12-10 16,주간,토,1,1,0,0,0,경북,고령군,차대차,측면충돌,측면충돌,안전운전 의무 불이행,교차로,교차로내
20260,2016-07-02 16,주간,토,1,3,0,2,0,충북,괴산군,차대차,측면충돌,측면충돌,안전운전 의무 불이행,교차로,교차로부근
20261,2016-09-21 18,야간,수,1,1,0,0,0,전남,고흥군,차대사람,횡단중,횡단중,안전운전 의무 불이행,교차로,교차로내
20262,2016-11-28 00,야간,월,1,1,0,0,0,경북,의성군,차량단독,전도전복,전도전복,안전운전 의무 불이행,단일로,기타단일로
20263,2016-09-19 20,야간,월,1,1,0,0,0,경북,성주군,차대차,추돌,진행중 추돌,과속,기타/불명,기타/불명
20264,2016-04-20 09,주간,수,1,1,0,0,0,경북,김천시,차대차,측면충돌,측면충돌,신호위반,교차로,교차로내
20265,2016-11-26 19,야간,토,1,1,0,0,0,경북,의성군,차량단독,전도전복,전도전복,안전운전 의무 불이행,단일로,교량위
20266,2016-04-21 21,야간,목,1,1,0,0,0,부산,서구,차대사람,기타,기타,안전운전 의무 불이행,단일로,기타단일로
20267,2016-02-03 04,야간,수,1,1,0,0,0,광주,광산구,차대사람,횡단중,횡단중,안전운전 의무 불이행,단일로,기타단일로
20268,2016-05-12 10,주간,목,1,3,1,1,0,경북,칠곡군,차대차,추돌,진행중 추돌,안전운전 의무 불이행,단일로,터널안
20269,2016-02-08 18,야간,월,1,1,0,0,0,경남,양산시,차대사람,횡단중,횡단중,안전운전 의무 불이행,교차로,교차로내
20270,2016-09-16 00,야간,금,1,1,0,0,0,경남,고성군,차대사람,횡단중,횡단중,안전운전 의무 불이행,단일로,횡단보도부근
20271,2016-04-05 14,주간,화,1,2,1,0,0,경북,영천시,차대차,정면충돌,정면충돌,중앙선 침범,단일로,기타단일로
20272,2016-05-15 16,주간,일,1,1,0,0,0,전북,정읍시,차량단독,기타,기타,안전운전 의무 불이행,단일로,기타단일로
20273,2016-04-14 19,야간,목,1,1,0,0,0,서울,관악구,차대차,측면충돌,측면충돌,기타,단일로,기타단일로
20274,2016-04-30 04,야간,토,1,5,2,2,0,경기,양평군,차량단독,전도전복,전도전복,안전운전 의무 불이행,단일로,기타단일로
20275,2016-09-17 18,야간,토,1,1,0,0,0,경남,고성군,차대사람,길가장자리구역통행중,길가장자리구역통행중,안전운전 의무 불이행,단일로,기타단일로
20276,2016-02-01 07,주간,월,1,1,0,0,0,강원,원주시,차대사람,횡단중,횡단중,보행자 보호의무 위반,단일로,횡단보도상
20277,2016-02-21 19,야간,일,1,1,0,0,0,전남,순천시,차대사람,횡단중,횡단중,안전운전 의무 불이행,단일로,기타단일로
20278,2016-11-04 07,주간,금,1,1,0,0,0,충남,예산군,차대사람,횡단중,횡단중,안전운전 의무 불이행,단일로,기타단일로
20279,2016-05-14 11,주간,토,1,1,0,0,0,경북,상주시,차대차,측면충돌,측면충돌,과속,단일로,기타단일로
20280,2016-11-29 14,주간,화,1,1,0,0,0,강원,고성군,차량단독,전도전복,전도전복,안전운전 의무 불이행,단일로,기타단일로
20281,2016-06-13 23,야간,월,1,1,0,0,0,강원,홍천군,차대사람,횡단중,횡단중,안전운전 의무 불이행,교차로,교차로부근
20282,2016-05-14 14,주간,토,1,1,0,0,0,전남,나주시,차대차,측면충돌,측면충돌,안전운전 의무 불이행,교차로,교차로내
20283,2016-02-18 22,야간,목,1,3,2,0,0,경남,거제시,차대차,정면충돌,정면충돌,중앙선 침범,단일로,기타단일로
20284,2016-03-09 09,주간,수,1,1,0,0,0,서울,강북구,차대사람,횡단중,횡단중,중앙선 침범,단일로,기타단일로
20285,2016-02-26 21,야간,금,1,2,1,0,0,충남,서산시,차량단독,도로이탈,도로이탈 추락,안전운전 의무 불이행,교차로,교차로내
20286,2016-01-27 09,주간,수,1,1,0,0,0,경기,남양주시,차량단독,전도전복,전도전복,안전운전 의무 불이행,단일로,기타단일로
20287,2016-04-11 19,야간,월,1,1,0,0,0,경기,안양시,차대차,추돌,진행중 추돌,중앙선 침범,단일로,교량위
20288,2016-06-29 17,주간,수,1,1,0,0,0,경북,문경시,차량단독,공작물충돌,공작물충돌,안전운전 의무 불이행,단일로,기타단일로
20289,2016-09-28 11,주간,수,1,2,0,1,0,전남,고흥군,차대차,측면충돌,측면충돌,교차로 통행방법 위반,교차로,교차로내
20290,2016-03-24 13,주간,목,1,1,0,0,0,경남,창원시(통합),차대차,기타,기타,보행자 보호의무 위반,교차로,교차로부근
20291,2016-02-13 01,야간,토,1,1,0,0,0,서울,강서구,차대차,정면충돌,정면충돌,신호위반,교차로,교차로내
20292,2016-10-05 18,야간,수,1,1,0,0,0,전북,고창군,차대사람,횡단중,횡단중,과속,교차로,교차로부근
20293,2016-12-22 17,주간,목,1,5,2,2,0,전남,장성군,차대차,측면충돌,측면충돌,안전운전 의무 불이행,교차로,교차로내
20294,2016-11-07 11,주간,월,1,1,0,0,0,충남,예산군,차량단독,전도전복,전도전복,안전운전 의무 불이행,단일로,기타단일로
20295,2016-02-01 19,야간,월,1,1,0,0,0,충북,청주시,차대사람,기타,기타,안전운전 의무 불이행,기타/불명,기타/불명
20296,2016-03-30 22,야간,수,1,1,0,0,0,경남,창원시(통합),차대차,추돌,진행중 추돌,신호위반,교차로,교차로내
20297,2016-10-13 06,주간,목,1,1,0,0,0,전남,담양군,차대차,정면충돌,정면충돌,중앙선 침범,단일로,기타단일로
20298,2016-10-08 03,야간,토,1,1,0,0,0,충북,청주시,차대차,추돌,진행중 추돌,안전운전 의무 불이행,단일로,기타단일로
20299,2016-04-26 23,야간,화,1,1,0,0,0,울산,동구,차량단독,공작물충돌,공작물충돌,안전운전 의무 불이행,단일로,기타단일로
20300,2016-03-25 10,주간,금,1,1,0,0,0,충북,제천시,차량단독,전도전복,전도전복,안전운전 의무 불이행,단일로,기타단일로
20301,2016-05-09 00,야간,월,1,1,0,0,0,전북,완주군,차량단독,전도전복,전도전복,안전운전 의무 불이행,단일로,기타단일로
20302,2016-03-09 14,주간,수,1,1,0,0,0,경북,안동시,차대차,정면충돌,정면충돌,안전운전 의무 불이행,단일로,기타단일로
20303,2016-02-29 14,주간,월,1,3,2,0,0,대구,중구,차대차,측면충돌,측면충돌,안전운전 의무 불이행,단일로,기타단일로
20304,2016-05-22 11,주간,일,1,2,0,0,1,충남,공주시,차량단독,전도전복,전도전복,안전운전 의무 불이행,교차로,교차로내
20305,2016-12-29 11,주간,목,1,1,0,0,0,전남,장성군,차대차,측면충돌,측면충돌,안전운전 의무 불이행,교차로,교차로내
20306,2016-05-22 20,야간,일,1,1,0,0,0,충남,공주시,차대사람,횡단중,횡단중,보행자 보호의무 위반,교차로,교차로내
20307,2016-05-09 15,주간,월,1,1,0,0,0,전북,완주군,차대차,측면충돌,측면충돌,안전운전 의무 불이행,단일로,기타단일로
20308,2016-04-29 23,야간,금,1,2,0,1,0,서울,성북구,차대사람,횡단중,횡단중,중앙선 침범,교차로,교차로내
20309,2016-02-06 00,야간,토,1,1,0,0,0,인천,남구,차대사람,보도통행중,보도통행중,과속,교차로,교차로내
20310,2016-04-14 00,야간,목,1,1,0,0,0,경기,안양시,차대사람,횡단중,횡단중,안전운전 의무 불이행,단일로,기타단일로
20311,2016-03-11 06,주간,금,1,1,0,0,0,대구,달성군,차대차,측면충돌,측면충돌,기타,단일로,기타단일로
20312,2016-02-16 04,야간,화,1,1,0,0,0,전남,목포시,차대사람,횡단중,횡단중,안전운전 의무 불이행,단일로,기타단일로
20313,2016-12-20 06,주간,화,1,1,0,0,0,강원,인제군,차대사람,길가장자리구역통행중,길가장자리구역통행중,안전운전 의무 불이행,단일로,기타단일로
20314,2016-04-28 08,주간,목,1,1,0,0,0,서울,은평구,차대차,기타,기타,신호위반,교차로,교차로부근
20315,2016-05-10 14,주간,화,1,4,1,2,0,전북,완주군,차대차,측면충돌,측면충돌,신호위반,교차로,교차로내
20316,2016-10-20 09,주간,목,1,1,0,0,0,전남,담양군,차량단독,공작물충돌,공작물충돌,안전운전 의무 불이행,단일로,기타단일로
20317,2016-06-26 20,야간,일,1,1,0,0,0,전남,영암군,차대사람,횡단중,횡단중,안전운전 의무 불이행,교차로,교차로부근
20318,2016-12-19 16,주간,월,1,2,0,1,0,경북,의성군,차대차,정면충돌,정면충돌,중앙선 침범,교차로,교차로부근
20319,2016-05-06 09,주간,금,1,1,0,0,0,전북,김제시,차대사람,횡단중,횡단중,안전운전 의무 불이행,단일로,기타단일로
20320,2016-02-17 18,야간,수,1,1,0,0,0,강원,춘천시,차대사람,횡단중,횡단중,안전운전 의무 불이행,단일로,기타단일로
20321,2016-02-27 19,야간,토,1,1,0,0,0,인천,연수구,차대사람,보도통행중,보도통행중,보행자 보호의무 위반,단일로,기타단일로
20322,2016-02-06 02,야간,토,1,2,1,0,0,광주,서구,차대사람,횡단중,횡단중,과속,교차로,교차로내
20323,2016-10-24 16,주간,월,1,1,0,0,0,전남,영광군,차량단독,전도전복,전도전복,안전운전 의무 불이행,단일로,기타단일로
20324,2016-03-22 21,야간,화,1,1,0,0,0,경기,포천시,차대사람,기타,기타,안전운전 의무 불이행,단일로,기타단일로
20325,2016-02-16 11,주간,화,1,1,0,0,0,서울,마포구,차대사람,차도통행중,차도통행중,안전운전 의무 불이행,단일로,기타단일로
20326,2016-06-18 09,주간,토,1,1,0,0,0,세종,세종,차대사람,기타,기타,보행자 보호의무 위반,교차로,교차로부근
20327,2016-02-11 16,주간,목,1,1,0,0,0,경북,경주시,차대차,측면충돌,측면충돌,안전운전 의무 불이행,단일로,기타단일로
20328,2016-10-16 04,야간,일,1,2,1,0,0,경북,성주군,차량단독,공작물충돌,공작물충돌,안전운전 의무 불이행,단일로,기타단일로
20329,2016-03-10 23,야간,목,1,1,0,0,0,경북,안동시,차량단독,전도전복,전도전복,안전운전 의무 불이행,단일로,기타단일로
20330,2016-12-07 09,주간,수,1,2,1,0,0,충남,부여군,차대사람,기타,기타,안전운전 의무 불이행,단일로,교량위
20331,2016-10-10 09,주간,월,1,1,0,0,0,전남,강진군,차대차,기타,기타,안전거리 미확보,단일로,기타단일로
20332,2016-10-24 19,야간,월,1,3,1,1,0,충북,충주시,차대차,정면충돌,정면충돌,안전운전 의무 불이행,단일로,기타단일로
20333,2016-11-02 18,야간,수,1,1,0,0,0,경남,거창군,차대사람,길가장자리구역통행중,길가장자리구역통행중,안전운전 의무 불이행,단일로,기타단일로
20334,2016-03-05 23,야간,토,1,1,0,0,0,부산,사하구,차대사람,기타,기타,안전운전 의무 불이행,단일로,기타단일로
20335,2016-02-18 13,주간,목,1,3,0,2,0,대구,북구,차대차,측면충돌,측면충돌,안전운전 의무 불이행,교차로,교차로내
20336,2016-10-13 08,주간,목,1,1,0,0,0,전남,고흥군,차대사람,기타,기타,안전운전 의무 불이행,단일로,기타단일로
20337,2016-04-11 09,주간,월,1,12,2,7,2,경북,칠곡군,차량단독,공작물충돌,공작물충돌,안전운전 의무 불이행,단일로,기타단일로
20338,2016-04-19 20,야간,화,1,1,0,0,0,충남,논산시,차대차,측면충돌,측면충돌,중앙선 침범,단일로,기타단일로
20339,2016-06-02 21,야간,목,1,1,0,0,0,전남,함평군,차대차,추돌,진행중 추돌,기타,단일로,기타단일로
20340,2016-10-07 07,주간,금,1,1,0,0,0,경북,성주군,차량단독,전도전복,전도전복,안전운전 의무 불이행,단일로,기타단일로
20341,2016-04-05 11,주간,화,1,2,0,1,0,경남,창원시(통합),차대차,측면충돌,측면충돌,신호위반,교차로,교차로내
20342,2016-02-02 18,야간,화,1,1,0,0,0,강원,원주시,차대사람,횡단중,횡단중,안전운전 의무 불이행,교차로,교차로내
20343,2016-10-12 20,야간,수,1,1,0,0,0,경북,성주군,차량단독,전도전복,전도전복,안전운전 의무 불이행,단일로,기타단일로
20344,2016-03-24 09,주간,목,1,1,0,0,0,울산,울주군,차량단독,전도전복,전도전복,안전운전 의무 불이행,단일로,기타단일로
20345,2016-10-30 21,야간,일,1,1,0,0,0,전남,담양군,차대사람,횡단중,횡단중,안전운전 의무 불이행,단일로,기타단일로
20346,2016-12-29 18,야간,목,1,1,0,0,0,경북,의성군,차대사람,횡단중,횡단중,안전운전 의무 불이행,단일로,기타단일로
20347,2016-10-31 15,주간,월,1,1,0,0,0,전남,담양군,차대차,기타,기타,안전운전 의무 불이행,교차로,교차로부근
20348,2016-05-12 20,야간,목,1,1,0,0,0,충북,음성군,차대사람,길가장자리구역통행중,길가장자리구역통행중,안전운전 의무 불이행,단일로,기타단일로
20349,2016-11-08 14,주간,화,1,1,0,0,0,경기,연천군,차대차,추돌,진행중 추돌,안전운전 의무 불이행,단일로,기타단일로
20350,2016-08-05 21,야간,금,1,2,1,0,0,전남,해남군,차대차,정면충돌,정면충돌,안전운전 의무 불이행,단일로,기타단일로
20351,2016-03-14 12,주간,월,1,1,0,0,0,경남,진주시,차대차,측면충돌,측면충돌,안전거리 미확보,교차로,교차로내
20352,2016-05-11 03,야간,수,1,2,1,0,0,경남,창원시(통합),차량단독,공작물충돌,공작물충돌,안전운전 의무 불이행,교차로,교차로내
20353,2016-10-06 21,야간,목,1,1,0,0,0,경남,고성군,차대사람,횡단중,횡단중,과속,단일로,기타단일로
20354,2016-06-05 14,주간,일,1,1,0,0,0,경북,영주시,차량단독,전도전복,전도전복,안전운전 의무 불이행,단일로,기타단일로
20355,2016-03-27 04,야간,일,1,1,0,0,0,광주,남구,차량단독,기타,기타,안전운전 의무 불이행,단일로,고가도로위