교통사고이력ID(사고기록 순서),발생년월일시,주야코드,요일코드,사망자수,부상자수,중상자수,경상자수,부상신고자수,발생지시도코드,발생지시도코드,사고유형대분류코드,사고유형중분류코드,사고유형코드,법규위반코드,도로형태대분류코드,도로로형태코드
20356,2016-01-30 22,야간,토,1,1,0,0,0,경기,시흥시,차대사람,횡단중,횡단중,보행자 보호의무 위반,교차로,교차로내
20357,2016-02-22 10,주간,월,1,2,0,1,0,경남,거제시,차대차,추돌,진행중 추돌,안전거리 미확보,단일로,기타단일로
20358,2016-05-14 11,주간,토,1,1,0,0,0,경북,상주시,차량단독,전도전복,전도전복,안전운전 의무 불이행,기타/불명,기타/불명
20359,2016-10-24 12,주간,월,1,1,0,0,0,전북,고창군,차량단독,전도전복,전도전복,안전운전 의무 불이행,단일로,기타단일로
20360,2016-08-10 06,주간,수,1,1,0,0,0,부산,중구,차대차,측면충돌,측면충돌,신호위반,교차로,교차로내
20361,2016-02-07 13,주간,일,1,1,0,0,0,대구,동구,차대차,측면충돌,측면충돌,안전운전 의무 불이행,교차로,교차로부근
20362,2016-10-22 05,야간,토,1,1,0,0,0,경북,성주군,차대사람,기타,기타,안전운전 의무 불이행,단일로,기타단일로
20363,2016-08-08 00,야간,월,1,1,0,0,0,전남,해남군,차량단독,전도전복,전도전복,안전운전 의무 불이행,단일로,기타단일로
20364,2016-03-16 00,야간,수,1,1,0,0,0,대구,달성군,차량단독,전도전복,전도전복,안전운전 의무 불이행,단일로,기타단일로
20365,2016-11-06 23,야간,일,1,8,3,4,0,경기,광주시,차대차,기타,기타,안전운전 의무 불이행,단일로,기타단일로
20366,2016-03-16 04,야간,수,1,1,0,0,0,대구,달성군,차대사람,횡단중,횡단중,안전운전 의무 불이행,단일로,기타단일로
20367,2016-05-19 20,야간,목,1,1,0,0,0,전북,완주군,차대차,추돌,진행중 추돌,과속,교차로,교차로내
20368,2016-02-13 11,주간,토,1,1,0,0,0,부산,부산진구,차대사람,횡단중,횡단중,보행자 보호의무 위반,단일로,횡단보도상
20369,2016-10-29 19,야간,토,2,3,1,0,0,전북,고창군,차대사람,횡단중,횡단중,과속,단일로,기타단일로
20370,2016-03-17 06,주간,목,1,1,0,0,0,부산,금정구,차대사람,기타,기타,안전운전 의무 불이행,단일로,횡단보도상
20371,2016-10-23 19,야간,일,1,4,1,2,0,전남,고흥군,차량단독,전도전복,전도전복,안전운전 의무 불이행,단일로,기타단일로
20372,2016-02-21 04,야간,일,1,1,0,0,0,충남,천안시,차대차,기타,기타,안전운전 의무 불이행,단일로,기타단일로
20373,2016-07-22 07,주간,금,1,1,0,0,0,경북,문경시,차량단독,전도전복,전도전복,안전운전 의무 불이행,교차로,교차로부근
20374,2016-02-16 03,야간,화,1,1,0,0,0,대전,대덕구,차대사람,횡단중,횡단중,안전운전 의무 불이행,단일로,횡단보도상
20375,2016-11-12 09,주간,토,1,1,0,0,0,전남,담양군,차대차,측면충돌,측면충돌,교차로 통행방법 위반,교차로,교차로내
20376,2016-05-29 13,주간,일,1,1,0,0,0,경북,상주시,차대차,추돌,진행중 추돌,안전운전 의무 불이행,교차로,교차로부근
20377,2016-05-10 08,주간,화,1,2,1,0,0,경남,사천시,차량단독,전도전복,전도전복,안전운전 의무 불이행,단일로,기타단일로
20378,2016-09-01 22,야간,목,1,3,0,2,0,경남,창녕군,차대차,추돌,진행중 추돌,안전운전 의무 불이행,단일로,교량위
20379,2016-11-10 01,야간,목,1,2,0,1,0,충북,괴산군,차대차,추돌,진행중 추돌,안전운전 의무 불이행,단일로,기타단일로
20380,2016-04-04 10,주간,월,1,1,0,0,0,인천,남구,차대차,추돌,진행중 추돌,안전운전 의무 불이행,단일로,기타단일로
20381,2016-02-09 19,야간,화,1,1,0,0,0,경기,안산시,차대차,측면충돌,측면충돌,안전운전 의무 불이행,교차로,교차로부근
20382,2016-10-10 17,주간,월,1,1,0,0,0,인천,강화군,차대차,측면충돌,측면충돌,안전운전 의무 불이행,단일로,기타단일로
20383,2016-04-25 17,주간,월,1,1,0,0,0,충남,논산시,차량단독,전도전복,전도전복,안전운전 의무 불이행,단일로,기타단일로
20384,2016-02-27 03,야간,토,1,1,0,0,0,전북,전주시,차량단독,공작물충돌,공작물충돌,안전운전 의무 불이행,교차로,교차로내
20385,2016-02-20 10,주간,토,1,4,3,0,0,대구,북구,차대사람,보도통행중,보도통행중,기타,단일로,기타단일로
20386,2016-10-11 11,주간,화,1,4,1,2,0,인천,강화군,차대차,정면충돌,정면충돌,중앙선 침범,단일로,기타단일로
20387,2016-03-16 06,주간,수,1,1,0,0,0,경기,안성시,차대사람,횡단중,횡단중,안전운전 의무 불이행,단일로,기타단일로
20388,2016-07-10 12,주간,일,1,1,0,0,0,전남,영암군,차량단독,공작물충돌,공작물충돌,안전운전 의무 불이행,단일로,기타단일로
20389,2016-05-15 15,주간,일,1,1,0,0,0,전북,김제시,차대차,측면충돌,측면충돌,안전운전 의무 불이행,교차로,교차로내
20390,2016-11-18 23,야간,금,1,1,0,0,0,경기,연천군,차량단독,전도전복,전도전복,안전운전 의무 불이행,단일로,기타단일로
20391,2016-03-22 20,야간,화,1,1,0,0,0,서울,도봉구,차대사람,차도통행중,차도통행중,안전운전 의무 불이행,단일로,기타단일로
20392,2016-07-23 11,주간,토,1,1,0,0,0,충북,괴산군,차대차,정면충돌,정면충돌,중앙선 침범,단일로,기타단일로
20393,2016-11-24 08,주간,목,1,3,1,1,0,전남,영광군,차대차,정면충돌,정면충돌,중앙선 침범,단일로,기타단일로
20394,2016-07-11 09,주간,월,1,2,1,0,0,전남,영암군,차대차,추돌,진행중 추돌,안전운전 의무 불이행,단일로,기타단일로
20395,2016-04-27 16,주간,수,1,1,0,0,0,서울,금천구,차대사람,횡단중,횡단중,안전운전 의무 불이행,단일로,기타단일로
20396,2016-10-04 19,야간,화,1,1,0,0,0,경남,함안군,차대사람,기타,기타,안전운전 의무 불이행,교차로,교차로부근
20397,2016-12-14 18,야간,수,1,2,0,1,0,충남,예산군,차대차,기타,기타,안전운전 의무 불이행,단일로,기타단일로
20398,2016-11-11 00,야간,금,1,1,0,0,0,경북,영덕군,차량단독,공작물충돌,공작물충돌,안전운전 의무 불이행,단일로,기타단일로
20399,2016-06-20 20,야간,월,1,1,0,0,0,전북,남원시,차대사람,횡단중,횡단중,보행자 보호의무 위반,단일로,기타단일로
20400,2016-02-22 03,야간,월,1,2,1,0,0,서울,양천구,차대차,정면충돌,정면충돌,안전운전 의무 불이행,단일로,기타단일로
20401,2016-12-15 11,주간,목,1,1,0,0,0,충남,예산군,차대차,추돌,진행중 추돌,안전운전 의무 불이행,단일로,기타단일로
20402,2016-11-11 06,주간,금,1,1,0,0,0,경북,영덕군,차대사람,길가장자리구역통행중,길가장자리구역통행중,안전운전 의무 불이행,단일로,기타단일로
20403,2016-09-05 12,주간,월,1,1,0,0,0,경남,창녕군,차량단독,도로이탈,도로이탈 기타,안전운전 의무 불이행,단일로,기타단일로
20404,2016-02-20 23,야간,토,1,3,2,0,0,강원,춘천시,차량단독,공작물충돌,공작물충돌,안전운전 의무 불이행,단일로,기타단일로
20405,2016-06-13 07,주간,월,1,1,0,0,0,충남,홍성군,차량단독,전도전복,전도전복,안전운전 의무 불이행,단일로,기타단일로
20406,2016-02-15 15,주간,월,1,1,0,0,0,경기,김포시,차대사람,횡단중,횡단중,보행자 보호의무 위반,단일로,횡단보도상
20407,2016-04-02 04,야간,토,1,1,0,0,0,서울,성동구,차대사람,기타,기타,안전운전 의무 불이행,단일로,기타단일로
20408,2016-04-19 00,야간,화,1,1,0,0,0,강원,속초시,차량단독,공작물충돌,공작물충돌,안전운전 의무 불이행,단일로,기타단일로
20409,2016-02-17 06,주간,수,1,1,0,0,0,대전,대덕구,차대사람,횡단중,횡단중,보행자 보호의무 위반,단일로,기타단일로
20410,2016-11-26 18,야간,토,1,1,0,0,0,전남,담양군,차량단독,전도전복,전도전복,안전운전 의무 불이행,단일로,기타단일로
20411,2016-02-22 19,야간,월,1,1,0,0,0,전북,전주시,차대사람,횡단중,횡단중,안전운전 의무 불이행,단일로,기타단일로
20412,2016-02-27 20,야간,토,1,1,0,0,0,제주,서귀포시,차대사람,횡단중,횡단중,안전운전 의무 불이행,단일로,기타단일로
20413,2016-11-06 18,야간,일,1,1,0,0,0,전북,고창군,차량단독,공작물충돌,공작물충돌,안전운전 의무 불이행,단일로,기타단일로
20414,2016-12-04 10,주간,일,1,1,0,0,0,강원,태백시,차량단독,공작물충돌,공작물충돌,안전운전 의무 불이행,단일로,기타단일로
20415,2016-02-26 08,주간,금,1,1,0,0,0,서울,강동구,차대사람,횡단중,횡단중,중앙선 침범,단일로,기타단일로
20416,2016-06-07 16,주간,화,1,1,0,0,0,충남,공주시,차량단독,도로이탈,도로이탈 기타,안전운전 의무 불이행,단일로,기타단일로
20417,2016-05-07 11,주간,토,1,4,2,1,0,경남,김해시,차대차,기타,기타,과속,단일로,기타단일로
20418,2016-02-04 08,주간,목,1,5,4,0,0,경기,용인시,차대차,측면충돌,측면충돌,중앙선 침범,단일로,기타단일로
20419,2016-08-23 13,주간,화,1,1,0,0,0,전북,부안군,차대사람,횡단중,횡단중,안전운전 의무 불이행,교차로,교차로내
20420,2016-02-05 13,주간,금,1,1,0,0,0,경기,파주시,차대사람,기타,기타,안전운전 의무 불이행,단일로,기타단일로
20421,2016-03-04 14,주간,금,1,1,0,0,0,서울,노원구,차대차,측면충돌,측면충돌,신호위반,교차로,교차로내
20422,2016-05-13 09,주간,금,1,1,0,0,0,경기,여주시,차량단독,전도전복,전도전복,기타,교차로,교차로부근
20423,2016-05-22 13,주간,일,1,1,0,0,0,충북,음성군,차량단독,전도전복,전도전복,안전운전 의무 불이행,단일로,기타단일로
20424,2016-08-18 20,야간,목,1,2,1,0,0,전남,해남군,차대차,추돌,진행중 추돌,안전운전 의무 불이행,단일로,기타단일로
20425,2016-06-03 13,주간,금,1,4,1,2,0,대구,북구,차대차,추돌,진행중 추돌,안전운전 의무 불이행,단일로,기타단일로
20426,2016-12-03 07,주간,토,1,1,0,0,0,전남,영광군,차대사람,횡단중,횡단중,안전운전 의무 불이행,교차로,교차로부근
20427,2016-11-08 13,주간,화,1,2,1,0,0,전북,고창군,차대사람,차도통행중,차도통행중,안전운전 의무 불이행,교차로,교차로내
20428,2016-06-05 14,주간,일,1,4,3,0,0,경북,상주시,차량단독,공작물충돌,공작물충돌,안전운전 의무 불이행,교차로,교차로내
20429,2016-12-09 07,주간,금,1,1,0,0,0,강원,태백시,차량단독,공작물충돌,공작물충돌,안전운전 의무 불이행,단일로,기타단일로
20430,2016-11-26 00,야간,토,1,1,0,0,0,경기,광주시,차량단독,전도전복,전도전복,안전운전 의무 불이행,단일로,교량위
20431,2016-05-22 14,주간,일,1,1,0,0,0,충북,음성군,차대차,추돌,진행중 추돌,중앙선 침범,단일로,기타단일로
20432,2016-03-30 14,주간,수,1,1,0,0,0,울산,울주군,차대차,측면충돌,측면충돌,안전운전 의무 불이행,단일로,기타단일로
20433,2016-05-25 07,주간,수,1,1,0,0,0,강원,삼척시,차량단독,전도전복,전도전복,안전운전 의무 불이행,단일로,기타단일로
20434,2016-04-30 17,주간,토,1,1,0,0,0,서울,금천구,차대사람,횡단중,횡단중,안전운전 의무 불이행,교차로,교차로내
20435,2016-09-14 11,주간,수,1,1,0,0,0,경남,창녕군,차대차,기타,기타,안전운전 의무 불이행,교차로,교차로내
20436,2016-03-11 23,야간,금,1,1,0,0,0,대구,남구,차대차,정면충돌,정면충돌,중앙선 침범,단일로,기타단일로
20437,2016-06-01 06,주간,수,1,1,0,0,0,부산,강서구,차대차,추돌,진행중 추돌,안전운전 의무 불이행,기타/불명,기타/불명
20438,2016-03-02 11,주간,수,1,6,1,3,1,서울,강남구,차대차,측면충돌,측면충돌,신호위반,교차로,교차로내
20439,2016-03-10 17,주간,목,1,1,0,0,0,서울,관악구,차대사람,길가장자리구역통행중,길가장자리구역통행중,안전운전 의무 불이행,교차로,교차로부근
20440,2016-11-13 17,주간,일,1,3,1,0,1,전남,고흥군,차대차,추돌,진행중 추돌,안전운전 의무 불이행,단일로,기타단일로
20441,2016-08-22 22,야간,월,1,1,0,0,0,전남,해남군,차량단독,공작물충돌,공작물충돌,안전운전 의무 불이행,단일로,기타단일로
20442,2016-12-18 18,야간,일,1,1,0,0,0,경남,거창군,차대차,추돌,진행중 추돌,안전운전 의무 불이행,단일로,기타단일로
20443,2016-05-10 14,주간,화,1,1,0,0,0,경북,김천시,차량단독,전도전복,전도전복,안전운전 의무 불이행,단일로,기타단일로
20444,2016-06-06 00,야간,월,1,2,0,1,0,경북,김천시,차대차,추돌,진행중 추돌,안전운전 의무 불이행,단일로,기타단일로
20445,2016-02-10 04,야간,수,1,1,0,0,0,광주,광산구,차대사람,기타,기타,안전운전 의무 불이행,기타/불명,기타/불명
20446,2016-05-29 11,주간,일,1,1,0,0,0,전북,완주군,차대차,추돌,진행중 추돌,안전운전 의무 불이행,단일로,터널안
20447,2016-06-06 11,주간,월,1,7,1,5,0,대구,북구,차대차,추돌,진행중 추돌,안전운전 의무 불이행,단일로,기타단일로
20448,2016-08-29 19,야간,월,1,1,0,0,0,전북,부안군,차대사람,횡단중,횡단중,과속,단일로,기타단일로
20449,2016-12-13 10,주간,화,1,1,0,0,0,전남,영광군,차량단독,전도전복,전도전복,안전운전 의무 불이행,단일로,기타단일로
20450,2016-12-04 18,야간,일,1,1,0,0,0,경기,연천군,차대사람,차도통행중,차도통행중,안전운전 의무 불이행,단일로,기타단일로
20451,2016-12-09 05,야간,금,1,8,2,5,0,경기,여주시,차대차,측면충돌,측면충돌,안전거리 미확보,단일로,교량위
20452,2016-10-29 19,야간,토,1,1,0,0,0,인천,강화군,차대사람,길가장자리구역통행중,길가장자리구역통행중,안전운전 의무 불이행,단일로,기타단일로
20453,2016-08-26 19,야간,금,1,1,0,0,0,전남,해남군,차대사람,차도통행중,차도통행중,안전운전 의무 불이행,단일로,기타단일로
20454,2016-10-18 04,야간,화,1,1,0,0,0,경남,함안군,차대사람,횡단중,횡단중,안전운전 의무 불이행,교차로,교차로내
20455,2016-02-04 23,야간,목,1,1,0,0,0,경기,용인시,차대차,정면충돌,정면충돌,안전운전 의무 불이행,단일로,기타단일로
20456,2016-12-16 06,주간,금,1,1,0,0,0,전남,영광군,차대사람,기타,기타,안전운전 의무 불이행,단일로,기타단일로
20457,2016-04-08 12,주간,금,1,1,0,0,0,충남,당진시,차량단독,전도전복,전도전복,안전운전 의무 불이행,단일로,기타단일로
20458,2016-08-06 14,주간,토,1,1,0,0,0,충북,괴산군,차대차,추돌,진행중 추돌,안전운전 의무 불이행,단일로,기타단일로
20459,2016-07-20 17,주간,수,1,1,0,0,0,서울,은평구,차대사람,횡단중,횡단중,안전운전 의무 불이행,교차로,교차로부근
20460,2016-08-30 04,야간,화,1,1,0,0,0,부산,중구,차량단독,공작물충돌,공작물충돌,안전운전 의무 불이행,단일로,기타단일로
20461,2016-04-16 00,야간,토,1,1,0,0,0,경남,창원시(통합),차대차,측면충돌,측면충돌,교차로 통행방법 위반,교차로,교차로내
20462,2016-11-09 09,주간,수,1,1,0,0,0,경남,고성군,차대사람,횡단중,횡단중,안전운전 의무 불이행,교차로,교차로내
20463,2016-11-02 10,주간,수,1,2,1,0,0,인천,강화군,차대사람,차도통행중,차도통행중,기타,단일로,기타단일로
20464,2016-04-09 12,주간,토,1,1,0,0,0,충북,제천시,차대차,기타,기타,안전운전 의무 불이행,단일로,기타단일로
20465,2016-02-16 00,야간,화,1,4,0,3,0,인천,서구,차대차,정면충돌,정면충돌,중앙선 침범,단일로,고가도로위
20466,2016-07-22 20,야간,금,1,1,0,0,0,부산,기장군,차량단독,전도전복,전도전복,안전운전 의무 불이행,단일로,기타단일로
20467,2016-04-30 04,야간,토,1,1,0,0,0,경남,창원시(통합),차대사람,횡단중,횡단중,안전운전 의무 불이행,교차로,교차로내
20468,2016-02-16 06,주간,화,1,1,0,0,0,인천,서구,차대사람,기타,기타,안전운전 의무 불이행,단일로,기타단일로
20469,2016-04-06 12,주간,수,1,1,0,0,0,광주,남구,차대사람,횡단중,횡단중,안전운전 의무 불이행,단일로,기타단일로
20470,2016-02-13 17,주간,토,1,1,0,0,0,부산,해운대구,차대사람,횡단중,횡단중,안전운전 의무 불이행,단일로,기타단일로
20471,2016-11-04 18,야간,금,1,1,0,0,0,인천,강화군,차대차,측면충돌,측면충돌,안전운전 의무 불이행,단일로,기타단일로
20472,2016-04-14 16,주간,목,1,1,0,0,0,경기,부천시,차량단독,공작물충돌,공작물충돌,안전운전 의무 불이행,단일로,기타단일로
20473,2016-02-20 02,야간,토,1,1,0,0,0,대전,대덕구,차대차,기타,기타,안전운전 의무 불이행,단일로,기타단일로
20474,2016-10-16 12,주간,일,1,3,1,1,0,전남,화순군,차량단독,전도전복,전도전복,과속,단일로,기타단일로
20475,2016-09-26 16,주간,월,1,1,0,0,0,경남,창녕군,차량단독,전도전복,전도전복,안전운전 의무 불이행,단일로,기타단일로
20476,2016-10-27 09,주간,목,1,1,0,0,0,경남,함안군,차량단독,전도전복,전도전복,안전운전 의무 불이행,단일로,기타단일로
20477,2016-05-23 07,주간,월,1,1,0,0,0,경기,양평군,차량단독,전도전복,전도전복,안전운전 의무 불이행,기타/불명,기타/불명
20478,2016-01-25 19,야간,월,1,1,0,0,0,경기,평택시,차대사람,횡단중,횡단중,안전운전 의무 불이행,단일로,기타단일로
20479,2016-06-04 20,야간,토,1,1,0,0,0,전북,정읍시,차량단독,공작물충돌,공작물충돌,안전운전 의무 불이행,단일로,기타단일로
20480,2016-04-18 10,주간,월,1,1,0,0,0,경남,창원시(통합),차량단독,기타,기타,안전운전 의무 불이행,교차로,교차로내
20481,2016-07-17 17,주간,일,4,43,13,26,0,강원,평창군,차대차,추돌,진행중 추돌,안전운전 의무 불이행,단일로,터널안
20482,2016-06-03 19,야간,금,1,1,0,0,0,전북,완주군,차대차,기타,기타,중앙선 침범,단일로,기타단일로
20483,2016-12-02 18,야간,금,1,1,0,0,0,경북,성주군,차대사람,횡단중,횡단중,안전운전 의무 불이행,기타/불명,기타/불명
20484,2016-11-30 17,주간,수,1,1,0,0,0,경북,영덕군,차대사람,횡단중,횡단중,안전운전 의무 불이행,단일로,기타단일로
20485,2016-02-24 06,주간,수,1,1,0,0,0,충북,청주시,차대사람,횡단중,횡단중,안전운전 의무 불이행,단일로,기타단일로
20486,2016-06-30 08,주간,목,1,1,0,0,0,충남,홍성군,차량단독,전도전복,전도전복,안전운전 의무 불이행,단일로,기타단일로
20487,2016-02-18 19,야간,목,1,3,2,0,0,충북,청주시,차량단독,전도전복,전도전복,안전운전 의무 불이행,교차로,교차로부근
20488,2016-09-07 14,주간,수,1,1,0,0,0,전남,무안군,차대차,측면충돌,측면충돌,신호위반,교차로,교차로내
20489,2016-05-27 04,야간,금,1,1,0,0,0,서울,성북구,차대사람,횡단중,횡단중,안전운전 의무 불이행,교차로,교차로부근
20490,2016-05-24 20,야간,화,1,1,0,0,0,전북,김제시,차대차,측면충돌,측면충돌,중앙선 침범,단일로,기타단일로
20491,2016-05-16 04,야간,월,1,1,0,0,0,경남,양산시,차량단독,공작물충돌,공작물충돌,안전운전 의무 불이행,단일로,기타단일로
20492,2016-12-06 17,주간,화,1,3,0,2,0,강원,평창군,차량단독,공작물충돌,공작물충돌,안전운전 의무 불이행,단일로,기타단일로
20493,2016-05-07 15,주간,토,1,1,0,0,0,충남,논산시,차대차,측면충돌,측면충돌,중앙선 침범,단일로,기타단일로
20494,2016-03-19 05,야간,토,1,1,0,0,0,부산,동래구,차대사람,차도통행중,차도통행중,안전운전 의무 불이행,단일로,횡단보도상
20495,2016-03-09 04,야간,수,1,1,0,0,0,경기,수원시,차대사람,횡단중,횡단중,안전운전 의무 불이행,단일로,기타단일로
20496,2016-02-13 18,야간,토,1,1,0,0,0,충남,천안시,차대사람,횡단중,횡단중,안전운전 의무 불이행,단일로,기타단일로
20497,2016-07-03 09,주간,일,1,1,0,0,0,경기,동두천시,차대차,측면충돌,측면충돌,신호위반,교차로,교차로내
20498,2016-01-26 12,주간,화,1,1,0,0,0,경기,평택시,차대사람,횡단중,횡단중,보행자 보호의무 위반,단일로,횡단보도상
20499,2016-02-15 07,주간,월,1,1,0,0,0,부산,해운대구,차대차,기타,기타,신호위반,교차로,교차로부근
20500,2016-04-08 15,주간,금,1,1,0,0,0,광주,남구,차량단독,기타,기타,안전운전 의무 불이행,단일로,터널안
20501,2016-07-29 19,야간,금,1,1,0,0,0,서울,은평구,차대차,측면충돌,측면충돌,교차로 통행방법 위반,교차로,교차로내
20502,2016-03-28 20,야간,월,1,2,1,0,0,경남,진주시,차대차,추돌,진행중 추돌,안전운전 의무 불이행,단일로,기타단일로
20503,2016-05-08 17,주간,일,1,1,0,0,0,충남,논산시,차대사람,횡단중,횡단중,안전운전 의무 불이행,교차로,교차로내
20504,2016-10-02 18,야간,일,1,1,0,0,0,경남,창녕군,차량단독,기타,기타,안전운전 의무 불이행,단일로,기타단일로
20505,2016-03-01 01,야간,화,1,1,0,0,0,경기,안양시,차대차,추돌,진행중 추돌,신호위반,교차로,교차로내
20506,2016-06-25 20,야간,토,1,1,0,0,0,충남,공주시,차대사람,기타,기타,안전운전 의무 불이행,단일로,기타단일로
20507,2016-02-22 22,야간,월,1,1,0,0,0,대전,대덕구,차대차,추돌,진행중 추돌,안전운전 의무 불이행,교차로,교차로부근
20508,2016-02-19 18,야간,금,1,1,0,0,0,경남,양산시,차대차,측면충돌,측면충돌,안전거리 미확보,교차로,교차로부근
20509,2016-12-07 20,야간,수,1,2,0,1,0,경북,영덕군,차대차,측면충돌,측면충돌,기타,교차로,교차로내
20510,2016-10-28 22,야간,금,1,2,0,1,0,경북,울진군,차대차,추돌,진행중 추돌,안전운전 의무 불이행,단일로,기타단일로
20511,2016-03-29 12,주간,화,1,4,3,0,0,경남,진주시,차대차,추돌,진행중 추돌,안전운전 의무 불이행,단일로,기타단일로
20512,2016-12-09 15,주간,금,1,4,0,3,0,전남,고흥군,차대차,추돌,진행중 추돌,안전운전 의무 불이행,단일로,기타단일로
20513,2016-06-09 17,주간,목,1,1,0,0,0,전북,완주군,차량단독,전도전복,전도전복,안전운전 의무 불이행,단일로,기타단일로
20514,2016-06-19 00,야간,일,1,3,1,1,0,경북,예천군,차대차,추돌,진행중 추돌,안전운전 의무 불이행,단일로,기타단일로
20515,2016-08-15 10,주간,월,1,1,0,0,0,경북,문경시,차량단독,도로이탈,도로이탈 추락,안전운전 의무 불이행,단일로,기타단일로
20516,2016-07-29 22,야간,금,1,1,0,0,0,세종,세종,차대사람,횡단중,횡단중,안전운전 의무 불이행,단일로,기타단일로
20517,2016-02-17 19,야간,수,1,1,0,0,0,경기,안양시,차대사람,기타,기타,안전운전 의무 불이행,단일로,기타단일로
20518,2016-02-18 05,야간,목,1,1,0,0,0,대전,중구,차대사람,횡단중,횡단중,안전운전 의무 불이행,교차로,교차로내
20519,2016-02-05 22,야간,금,1,1,0,0,0,경기,시흥시,차대차,측면충돌,측면충돌,신호위반,교차로,교차로내
20520,2016-12-10 14,주간,토,1,1,0,0,0,전북,고창군,차대사람,길가장자리구역통행중,길가장자리구역통행중,안전운전 의무 불이행,단일로,기타단일로
20521,2016-02-07 19,야간,일,1,4,1,2,0,경기,용인시,차대사람,길가장자리구역통행중,길가장자리구역통행중,과속,단일로,기타단일로
20522,2016-06-20 13,주간,월,1,1,0,0,0,경북,칠곡군,차대차,기타,기타,안전운전 의무 불이행,단일로,기타단일로
20523,2016-09-24 17,주간,토,1,1,0,0,0,전북,부안군,차량단독,전도전복,전도전복,안전운전 의무 불이행,단일로,기타단일로
20524,2016-05-27 10,주간,금,1,1,0,0,0,서울,은평구,차대사람,기타,기타,안전운전 의무 불이행,교차로,교차로내
20525,2016-04-06 19,야간,수,1,2,0,1,0,인천,계양구,차대차,기타,기타,신호위반,교차로,교차로내
20526,2016-12-17 19,야간,토,1,2,1,0,0,경북,성주군,차대차,정면충돌,정면충돌,안전운전 의무 불이행,기타/불명,기타/불명
20527,2016-02-27 01,야간,토,1,1,0,0,0,서울,마포구,차대사람,횡단중,횡단중,과속,단일로,횡단보도상
20528,2016-04-10 19,야간,일,1,1,0,0,0,울산,울주군,차대사람,횡단중,횡단중,안전운전 의무 불이행,단일로,기타단일로
20529,2016-02-03 10,주간,수,1,5,2,2,0,경기,고양시,차대차,측면충돌,측면충돌,신호위반,교차로,교차로내
20530,2016-02-10 20,야간,수,1,1,0,0,0,서울,동대문구,차대사람,길가장자리구역통행중,길가장자리구역통행중,안전운전 의무 불이행,단일로,기타단일로
20531,2016-02-23 23,야간,화,1,2,1,0,0,부산,남구,차대차,정면충돌,정면충돌,중앙선 침범,단일로,기타단일로
20532,2016-03-05 03,야간,토,1,1,0,0,0,서울,강동구,차대차,기타,기타,안전운전 의무 불이행,기타/불명,기타/불명
20533,2016-12-16 08,주간,금,1,1,0,0,0,전북,고창군,차대차,측면충돌,측면충돌,안전운전 의무 불이행,교차로,교차로부근
20534,2016-04-06 10,주간,수,1,1,0,0,0,서울,성동구,차량단독,기타,기타,안전운전 의무 불이행,단일로,기타단일로
20535,2016-03-05 20,야간,토,1,1,0,0,0,경북,포항시,차대사람,횡단중,횡단중,안전운전 의무 불이행,단일로,기타단일로
20536,2016-03-21 19,야간,월,1,1,0,0,0,경남,김해시,차대사람,횡단중,횡단중,안전운전 의무 불이행,단일로,기타단일로
20537,2016-12-19 15,주간,월,1,1,0,0,0,전북,고창군,차량단독,공작물충돌,공작물충돌,안전운전 의무 불이행,단일로,기타단일로
20538,2016-03-04 23,야간,금,1,1,0,0,0,서울,서초구,차대사람,횡단중,횡단중,안전운전 의무 불이행,단일로,기타단일로
20539,2016-12-20 18,야간,화,1,1,0,0,0,경북,영덕군,차대사람,횡단중,횡단중,안전운전 의무 불이행,단일로,기타단일로
20540,2016-03-06 04,야간,일,1,1,0,0,0,서울,강동구,차대사람,횡단중,횡단중,안전운전 의무 불이행,단일로,횡단보도상
20541,2016-04-07 14,주간,목,1,1,0,0,0,경기,포천시,차대차,기타,기타,기타,단일로,기타단일로
20542,2016-06-01 16,주간,수,1,5,3,1,0,경기,양평군,차대차,정면충돌,정면충돌,기타,교차로,교차로내
20543,2016-02-27 19,야간,토,1,1,0,0,0,충북,청주시,차대사람,길가장자리구역통행중,길가장자리구역통행중,안전운전 의무 불이행,단일로,기타단일로
20544,2016-05-17 11,주간,화,1,1,0,0,0,경기,안양시,차대차,추돌,진행중 추돌,안전운전 의무 불이행,단일로,기타단일로
20545,2016-04-17 15,주간,일,1,1,0,0,0,서울,성동구,차량단독,전도전복,전도전복,안전운전 의무 불이행,단일로,횡단보도부근
20546,2016-06-30 15,주간,목,1,1,0,0,0,전북,정읍시,차대차,추돌,진행중 추돌,안전거리 미확보,교차로,교차로부근
20547,2016-06-28 10,주간,화,1,1,0,0,0,경북,상주시,차대차,추돌,진행중 추돌,안전운전 의무 불이행,단일로,기타단일로
20548,2016-08-09 02,야간,화,1,1,0,0,0,부산,기장군,차량단독,전도전복,전도전복,안전운전 의무 불이행,단일로,기타단일로
20549,2016-02-26 18,야간,금,1,17,9,7,0,경북,포항시,차대차,측면충돌,측면충돌,안전운전 의무 불이행,교차로,교차로내
20550,2016-10-13 06,주간,목,2,2,0,0,0,경남,창녕군,차대차,추돌,진행중 추돌,안전운전 의무 불이행,단일로,기타단일로
20551,2016-04-24 01,야간,일,1,1,0,0,0,경기,부천시,차대사람,횡단중,횡단중,안전운전 의무 불이행,교차로,교차로부근
20552,2016-06-26 00,야간,일,1,1,0,0,0,경기,구리시,차량단독,기타,기타,안전운전 의무 불이행,기타/불명,기타/불명