교통사고이력ID(사고기록 순서),발생년월일시,주야코드,요일코드,사망자수,부상자수,중상자수,경상자수,부상신고자수,발생지시도코드,발생지시도코드,사고유형대분류코드,사고유형중분류코드,사고유형코드,법규위반코드,도로형태대분류코드,도로로형태코드
21149,2016-03-25 14,주간,금,1,1,0,0,0,대구,동구,차대차,측면충돌,측면충돌,안전운전 의무 불이행,교차로,교차로내
21150,2016-10-24 18,야간,월,1,1,0,0,0,경북,상주시,차대차,추돌,진행중 추돌,안전운전 의무 불이행,단일로,기타단일로
21151,2016-11-26 08,주간,토,2,5,1,2,0,전북,정읍시,차대차,측면충돌,측면충돌,기타,교차로,교차로내
21152,2016-12-16 19,야간,금,1,3,0,2,0,경기,가평군,차대사람,횡단중,횡단중,안전운전 의무 불이행,단일로,기타단일로
21153,2016-04-21 22,야간,목,1,1,0,0,0,서울,양천구,차대사람,횡단중,횡단중,안전운전 의무 불이행,단일로,기타단일로
21154,2016-08-27 10,주간,토,1,1,0,0,0,경남,창원시(통합),차대차,기타,기타,안전운전 의무 불이행,단일로,기타단일로
21155,2016-04-02 15,주간,토,1,1,0,0,0,충남,아산시,차량단독,기타,기타,안전운전 의무 불이행,단일로,기타단일로
21156,2016-04-23 00,야간,토,1,1,0,0,0,전남,순천시,차량단독,공작물충돌,공작물충돌,안전운전 의무 불이행,단일로,기타단일로
21157,2016-04-27 21,야간,수,1,1,0,0,0,경남,거제시,차대사람,횡단중,횡단중,안전운전 의무 불이행,단일로,기타단일로
21158,2016-07-31 20,야간,일,1,1,0,0,0,전남,광양시,차대차,측면충돌,측면충돌,신호위반,교차로,교차로부근
21159,2016-07-27 15,주간,수,1,1,0,0,0,경남,창원시(통합),차대차,측면충돌,측면충돌,안전운전 의무 불이행,교차로,교차로내
21160,2016-05-26 09,주간,목,1,1,0,0,0,경북,안동시,차대차,측면충돌,측면충돌,안전운전 의무 불이행,단일로,기타단일로
21161,2016-07-16 13,주간,토,1,1,0,0,0,경기,부천시,차대차,측면충돌,측면충돌,안전운전 의무 불이행,교차로,교차로내
21162,2016-11-06 21,야간,일,1,1,0,0,0,울산,북구,차대사람,횡단중,횡단중,안전운전 의무 불이행,교차로,교차로내
21163,2016-05-13 21,야간,금,1,1,0,0,0,서울,관악구,차대사람,기타,기타,안전운전 의무 불이행,교차로,교차로부근
21164,2016-08-01 03,야간,월,1,1,0,0,0,강원,속초시,차대사람,기타,기타,안전운전 의무 불이행,단일로,기타단일로
21165,2016-03-23 11,주간,수,1,1,0,0,0,대전,서구,차대사람,횡단중,횡단중,보행자 보호의무 위반,교차로,교차로내
21166,2016-10-30 02,야간,일,1,2,1,0,0,서울,중구,차대사람,횡단중,횡단중,안전운전 의무 불이행,단일로,기타단일로
21167,2016-11-20 11,주간,일,1,1,0,0,0,경북,영주시,차대차,측면충돌,측면충돌,중앙선 침범,단일로,기타단일로
21168,2016-03-24 11,주간,목,1,1,0,0,0,충남,천안시,차대사람,횡단중,횡단중,안전운전 의무 불이행,단일로,기타단일로
21169,2016-09-20 14,주간,화,1,1,0,0,0,서울,금천구,차대사람,기타,기타,안전운전 의무 불이행,교차로,교차로부근
21170,2016-03-15 20,야간,화,1,6,1,4,0,서울,동대문구,차대차,정면충돌,정면충돌,중앙선 침범,단일로,기타단일로
21171,2016-03-25 09,주간,금,1,2,0,1,0,경기,파주시,차대차,추돌,진행중 추돌,신호위반,교차로,교차로내
21172,2016-12-24 14,주간,토,1,1,0,0,0,경기,가평군,차량단독,전도전복,전도전복,안전운전 의무 불이행,단일로,교량위
21173,2016-12-24 17,주간,토,1,6,0,4,1,경기,가평군,차대차,정면충돌,정면충돌,중앙선 침범,단일로,교량위
21174,2016-04-07 10,주간,목,1,1,0,0,0,전북,전주시,차대사람,횡단중,횡단중,신호위반,교차로,교차로내
21175,2016-04-05 15,주간,화,1,1,0,0,0,충북,청주시,차량단독,전도전복,전도전복,안전운전 의무 불이행,단일로,기타단일로
21176,2016-10-30 10,주간,일,1,1,0,0,0,강원,홍천군,차량단독,전도전복,전도전복,안전운전 의무 불이행,단일로,기타단일로
21177,2016-09-29 04,야간,목,1,2,0,1,0,서울,은평구,차대차,기타,기타,기타,교차로,교차로내
21178,2016-04-16 11,주간,토,1,1,0,0,0,강원,춘천시,차량단독,공작물충돌,공작물충돌,안전운전 의무 불이행,단일로,기타단일로
21179,2016-04-14 01,야간,목,1,1,0,0,0,대전,서구,차대차,기타,기타,안전운전 의무 불이행,단일로,기타단일로
21180,2016-04-29 17,주간,금,1,1,0,0,0,제주,서귀포시,차대사람,기타,기타,안전운전 의무 불이행,교차로,교차로내
21181,2016-09-25 16,주간,일,1,1,0,0,0,경기,여주시,차량단독,전도전복,전도전복,안전운전 의무 불이행,단일로,기타단일로
21182,2016-03-25 05,야간,금,1,1,0,0,0,경기,안산시,차량단독,기타,기타,안전운전 의무 불이행,단일로,기타단일로
21183,2016-08-09 12,주간,화,1,2,0,1,0,충남,보령시,차대사람,기타,기타,중앙선 침범,단일로,기타단일로
21184,2016-12-13 17,주간,화,1,1,0,0,0,충남,공주시,차대사람,횡단중,횡단중,안전운전 의무 불이행,교차로,교차로내
21185,2016-04-12 05,야간,화,1,5,2,1,1,경기,시흥시,차대사람,기타,기타,과속,단일로,기타단일로
21186,2016-10-11 15,주간,화,2,2,0,0,0,충북,음성군,차대차,기타,기타,중앙선 침범,단일로,기타단일로
21187,2016-04-22 12,주간,금,1,1,0,0,0,전남,여수시,차대사람,횡단중,횡단중,보행자 보호의무 위반,단일로,기타단일로
21188,2016-04-28 17,주간,목,1,1,0,0,0,경북,포항시,차대사람,횡단중,횡단중,보행자 보호의무 위반,교차로,교차로부근
21189,2016-07-03 05,야간,일,1,1,0,0,0,서울,성북구,차대사람,횡단중,횡단중,안전운전 의무 불이행,단일로,기타단일로
21190,2016-11-13 21,야간,일,1,1,0,0,0,울산,동구,차대차,기타,기타,기타,교차로,교차로내
21191,2016-11-11 18,야간,금,1,2,0,1,0,전북,완주군,차대차,추돌,진행중 추돌,안전운전 의무 불이행,교차로,교차로부근
21192,2016-05-14 10,주간,토,1,1,0,0,0,충북,충주시,차대사람,횡단중,횡단중,보행자 보호의무 위반,교차로,교차로부근
21193,2016-04-04 19,야간,월,1,1,0,0,0,경북,경주시,차량단독,전도전복,전도전복,안전운전 의무 불이행,교차로,교차로내
21194,2016-04-26 00,야간,화,1,1,0,0,0,충북,영동군,차대차,추돌,진행중 추돌,안전운전 의무 불이행,단일로,기타단일로
21195,2016-05-25 15,주간,수,1,1,0,0,0,부산,사하구,차대사람,기타,기타,안전운전 의무 불이행,단일로,기타단일로
21196,2016-09-02 05,야간,금,1,2,0,1,0,경남,김해시,차대차,추돌,진행중 추돌,안전운전 의무 불이행,단일로,기타단일로
21197,2016-11-13 20,야간,일,1,1,0,0,0,전북,완주군,차대차,측면충돌,측면충돌,교차로 통행방법 위반,교차로,교차로내
21198,2016-10-03 05,야간,월,1,1,0,0,0,서울,은평구,차대차,측면충돌,측면충돌,안전운전 의무 불이행,교차로,교차로내
21199,2016-05-28 14,주간,토,1,1,0,0,0,경기,안성시,차대사람,기타,기타,안전운전 의무 불이행,단일로,기타단일로
21200,2016-05-06 04,야간,금,1,2,1,0,0,충남,천안시,차량단독,공작물충돌,공작물충돌,안전운전 의무 불이행,단일로,기타단일로
21201,2016-04-02 21,야간,토,1,1,0,0,0,전북,군산시,차대사람,횡단중,횡단중,보행자 보호의무 위반,교차로,교차로내
21202,2016-06-21 11,주간,화,1,1,0,0,0,경기,포천시,차대차,측면충돌,측면충돌,안전운전 의무 불이행,단일로,기타단일로
21203,2016-11-12 19,야간,토,1,1,0,0,0,전남,나주시,차대사람,차도통행중,차도통행중,안전운전 의무 불이행,단일로,기타단일로
21204,2016-10-25 15,주간,화,1,1,0,0,0,부산,강서구,차대사람,횡단중,횡단중,신호위반,단일로,횡단보도상
21205,2016-08-11 17,주간,목,1,1,0,0,0,경북,칠곡군,차량단독,전도전복,전도전복,안전운전 의무 불이행,단일로,기타단일로
21206,2016-04-09 05,야간,토,1,1,0,0,0,대구,서구,차대사람,횡단중,횡단중,안전운전 의무 불이행,단일로,기타단일로
21207,2016-08-12 12,주간,금,1,3,0,2,0,충남,보령시,차대차,정면충돌,정면충돌,안전운전 의무 불이행,단일로,기타단일로
21208,2016-05-07 05,야간,토,1,1,0,0,0,충남,천안시,차대사람,횡단중,횡단중,안전운전 의무 불이행,단일로,기타단일로
21209,2016-04-27 23,야간,수,1,1,0,0,0,전북,전주시,차대사람,횡단중,횡단중,과속,단일로,횡단보도상
21210,2016-12-09 15,주간,금,1,3,2,0,0,전북,정읍시,차대차,추돌,진행중 추돌,안전운전 의무 불이행,교차로,교차로부근
21211,2016-09-30 14,주간,금,1,1,0,0,0,서울,금천구,차대차,측면충돌,측면충돌,안전거리 미확보,단일로,기타단일로
21212,2016-11-15 12,주간,화,1,1,0,0,0,전남,나주시,차대차,정면충돌,정면충돌,중앙선 침범,단일로,기타단일로
21213,2016-03-25 02,야간,금,1,2,1,0,0,경기,의정부시,차대차,측면충돌,측면충돌,신호위반,교차로,교차로내
21214,2016-04-09 20,야간,토,1,1,0,0,0,충북,청주시,차대사람,횡단중,횡단중,안전운전 의무 불이행,단일로,기타단일로
21215,2016-05-10 18,야간,화,1,2,1,0,0,충남,서산시,차량단독,공작물충돌,공작물충돌,안전운전 의무 불이행,단일로,기타단일로
21216,2016-10-28 19,야간,금,1,2,1,0,0,부산,강서구,차대차,추돌,진행중 추돌,안전운전 의무 불이행,교차로,교차로부근
21217,2016-04-06 23,야간,수,1,1,0,0,0,서울,영등포구,차대사람,차도통행중,차도통행중,안전운전 의무 불이행,단일로,기타단일로
21218,2016-04-25 23,야간,월,1,1,0,0,0,경기,안양시,차대사람,횡단중,횡단중,안전운전 의무 불이행,단일로,기타단일로
21219,2016-10-29 20,야간,토,1,1,0,0,0,부산,강서구,차대사람,기타,기타,안전운전 의무 불이행,교차로,교차로내
21220,2016-07-12 21,야간,화,1,1,0,0,0,충남,당진시,차대사람,기타,기타,안전운전 의무 불이행,단일로,기타단일로
21221,2016-10-11 19,야간,화,1,1,0,0,0,경남,밀양시,차대사람,횡단중,횡단중,안전운전 의무 불이행,교차로,교차로내
21222,2016-11-19 00,야간,토,1,1,0,0,0,서울,중구,차대사람,기타,기타,안전운전 의무 불이행,단일로,기타단일로
21223,2016-05-02 20,야간,월,1,1,0,0,0,서울,강동구,차대사람,기타,기타,안전운전 의무 불이행,단일로,기타단일로
21224,2016-05-11 07,주간,수,1,2,1,0,0,충남,서산시,차대차,측면충돌,측면충돌,과속,교차로,교차로내
21225,2016-04-05 15,주간,화,1,1,0,0,0,대구,달서구,차대사람,횡단중,횡단중,보행자 보호의무 위반,교차로,교차로내
21226,2016-10-18 06,주간,화,1,1,0,0,0,전북,김제시,차대사람,횡단중,횡단중,안전운전 의무 불이행,단일로,기타단일로
21227,2016-05-19 13,주간,목,1,1,0,0,0,인천,연수구,차대차,기타,기타,신호위반,교차로,교차로내
21228,2016-09-19 09,주간,월,1,1,0,0,0,강원,동해시,차량단독,기타,기타,안전운전 의무 불이행,단일로,기타단일로
21229,2016-04-15 08,주간,금,1,1,0,0,0,경기,광주시,차대사람,횡단중,횡단중,보행자 보호의무 위반,교차로,교차로내
21230,2016-09-04 15,주간,일,1,3,1,1,0,경남,김해시,차량단독,공작물충돌,공작물충돌,안전운전 의무 불이행,단일로,기타단일로
21231,2016-04-19 08,주간,화,1,2,0,1,0,서울,중랑구,차대사람,기타,기타,안전운전 의무 불이행,단일로,기타단일로
21232,2016-04-06 18,야간,수,1,1,0,0,0,경기,화성시,차대차,측면충돌,측면충돌,안전운전 의무 불이행,단일로,기타단일로
21233,2016-12-28 19,야간,수,1,1,0,0,0,충남,홍성군,차대사람,횡단중,횡단중,과속,교차로,교차로내
21234,2016-11-17 12,주간,목,1,1,0,0,0,강원,홍천군,차대차,정면충돌,정면충돌,안전운전 의무 불이행,단일로,기타단일로
21235,2016-09-06 02,야간,화,1,1,0,0,0,울산,울주군,차량단독,전도전복,전도전복,안전운전 의무 불이행,단일로,기타단일로
21236,2016-07-01 18,야간,금,1,1,0,0,0,경기,군포시,차대사람,횡단중,횡단중,안전운전 의무 불이행,단일로,기타단일로
21237,2016-12-28 19,야간,수,1,1,0,0,0,충남,공주시,차대사람,횡단중,횡단중,안전운전 의무 불이행,교차로,교차로부근
21238,2016-04-29 01,야간,금,1,1,0,0,0,서울,양천구,차대사람,횡단중,횡단중,과속,단일로,기타단일로
21239,2016-04-26 11,주간,화,1,1,0,0,0,전남,여수시,차대차,측면충돌,측면충돌,기타,교차로,교차로내
21240,2016-06-25 21,야간,토,1,1,0,0,0,대구,달성군,차대사람,횡단중,횡단중,과속,단일로,횡단보도부근
21241,2016-07-23 14,주간,토,1,1,0,0,0,경남,통영시,차대사람,횡단중,횡단중,안전운전 의무 불이행,단일로,기타단일로
21242,2016-10-10 06,주간,월,1,1,0,0,0,경기,여주시,차대차,측면충돌,측면충돌,안전운전 의무 불이행,단일로,기타단일로
21243,2016-10-25 18,야간,화,1,2,1,0,0,충북,음성군,차대차,측면충돌,측면충돌,안전운전 의무 불이행,교차로,교차로내
21244,2016-06-26 00,야간,일,1,2,0,1,0,서울,구로구,차대차,추돌,진행중 추돌,안전운전 의무 불이행,단일로,기타단일로
21245,2016-06-10 11,주간,금,1,2,0,1,0,경기,양주시,차대차,정면충돌,정면충돌,중앙선 침범,단일로,기타단일로
21246,2016-12-18 17,주간,일,1,2,1,0,0,전북,정읍시,차량단독,전도전복,전도전복,안전운전 의무 불이행,단일로,기타단일로
21247,2016-04-29 13,주간,금,1,2,1,0,0,충북,영동군,차대사람,기타,기타,안전운전 의무 불이행,기타/불명,기타/불명
21248,2016-10-14 01,야간,금,1,1,0,0,0,서울,성북구,차대사람,기타,기타,안전운전 의무 불이행,단일로,기타단일로
21249,2016-04-06 20,야간,수,1,1,0,0,0,경남,양산시,차대차,측면충돌,측면충돌,신호위반,교차로,교차로내
21250,2016-04-08 20,야간,금,1,1,0,0,0,경북,경주시,차대사람,횡단중,횡단중,안전운전 의무 불이행,단일로,기타단일로
21251,2016-04-22 04,야간,금,1,1,0,0,0,울산,북구,차대사람,길가장자리구역통행중,길가장자리구역통행중,안전운전 의무 불이행,단일로,기타단일로
21252,2016-03-11 11,주간,금,1,7,6,0,0,경기,안산시,차대차,측면충돌,측면충돌,기타,교차로,교차로내
21253,2016-04-17 05,야간,일,1,1,0,0,0,경기,광주시,차대사람,횡단중,횡단중,보행자 보호의무 위반,단일로,횡단보도상
21254,2016-04-28 05,야간,목,1,1,0,0,0,전남,여수시,차대사람,횡단중,횡단중,안전운전 의무 불이행,교차로,교차로부근
21255,2016-03-09 05,야간,수,1,1,0,0,0,인천,남동구,차대차,측면충돌,측면충돌,안전운전 의무 불이행,단일로,기타단일로
21256,2016-06-03 07,주간,금,1,1,0,0,0,경기,안성시,차대차,추돌,진행중 추돌,안전운전 의무 불이행,교차로,교차로부근
21257,2016-04-30 22,야간,토,1,3,1,1,0,전남,순천시,차대차,기타,기타,교차로 통행방법 위반,교차로,교차로내
21258,2016-10-27 18,야간,목,1,1,0,0,0,전북,김제시,차대사람,횡단중,횡단중,안전운전 의무 불이행,단일로,기타단일로
21259,2016-04-12 23,야간,화,1,1,0,0,0,대전,대덕구,차대사람,횡단중,횡단중,보행자 보호의무 위반,교차로,교차로부근
21260,2016-03-17 22,야간,목,1,2,1,0,0,광주,북구,차대사람,횡단중,횡단중,안전운전 의무 불이행,교차로,교차로부근
21261,2016-05-06 10,주간,금,1,1,0,0,0,서울,강동구,차량단독,공작물충돌,공작물충돌,안전운전 의무 불이행,단일로,기타단일로
21262,2016-03-31 19,야간,목,1,2,0,1,0,경기,성남시,차대차,정면충돌,정면충돌,안전운전 의무 불이행,단일로,기타단일로
21263,2016-11-19 13,주간,토,1,1,0,0,0,경북,상주시,차대차,측면충돌,측면충돌,안전운전 의무 불이행,단일로,기타단일로
21264,2016-03-24 01,야간,목,1,1,0,0,0,대전,유성구,차량단독,공작물충돌,공작물충돌,안전운전 의무 불이행,단일로,기타단일로
21265,2016-03-18 00,야간,금,1,1,0,0,0,광주,북구,차량단독,전도전복,전도전복,안전운전 의무 불이행,단일로,기타단일로
21266,2016-08-16 04,야간,화,1,1,0,0,0,경남,창원시(통합),차대차,정면충돌,정면충돌,안전운전 의무 불이행,단일로,기타단일로
21267,2016-09-26 11,주간,월,1,1,0,0,0,서울,종로구,차대사람,차도통행중,차도통행중,안전운전 의무 불이행,교차로,교차로내
21268,2016-06-10 00,야간,금,1,3,1,1,0,인천,동구,차대차,추돌,진행중 추돌,신호위반,교차로,교차로내
21269,2016-09-28 14,주간,수,1,1,0,0,0,충남,논산시,차량단독,공작물충돌,공작물충돌,안전운전 의무 불이행,단일로,기타단일로
21270,2016-05-11 13,주간,수,1,1,0,0,0,경기,광명시,차대사람,횡단중,횡단중,안전운전 의무 불이행,단일로,기타단일로
21271,2016-10-09 14,주간,일,1,1,0,0,0,경남,밀양시,차량단독,전도전복,전도전복,안전운전 의무 불이행,단일로,기타단일로
21272,2016-03-09 10,주간,수,1,2,0,1,0,경기,고양시,차대차,추돌,진행중 추돌,안전운전 의무 불이행,단일로,기타단일로
21273,2016-08-11 09,주간,목,1,1,0,0,0,강원,속초시,차대차,추돌,진행중 추돌,안전운전 의무 불이행,단일로,기타단일로
21274,2016-06-09 19,야간,목,1,1,0,0,0,경북,안동시,차량단독,전도전복,전도전복,안전운전 의무 불이행,단일로,기타단일로
21275,2016-04-19 22,야간,화,1,1,0,0,0,울산,남구,차대차,추돌,진행중 추돌,안전운전 의무 불이행,단일로,기타단일로
21276,2016-05-17 12,주간,화,1,2,1,0,0,서울,동작구,차대차,측면충돌,측면충돌,기타,단일로,기타단일로
21277,2016-08-06 10,주간,토,1,1,0,0,0,경남,창원시(통합),차대사람,기타,기타,안전운전 의무 불이행,단일로,기타단일로
21278,2016-12-14 23,야간,수,1,1,0,0,0,경북,영주시,차대사람,기타,기타,안전운전 의무 불이행,교차로,교차로부근
21279,2016-09-30 08,주간,금,1,1,0,0,0,충남,논산시,차대사람,횡단중,횡단중,안전운전 의무 불이행,단일로,기타단일로
21280,2016-07-20 13,주간,수,1,1,0,0,0,충남,당진시,차대차,측면충돌,측면충돌,교차로 통행방법 위반,교차로,교차로내
21281,2016-11-02 08,주간,수,1,1,0,0,0,부산,서구,차대사람,차도통행중,차도통행중,안전운전 의무 불이행,단일로,횡단보도부근
21282,2016-04-30 23,야간,토,1,1,0,0,0,경기,군포시,차대차,기타,기타,기타,단일로,기타단일로
21283,2016-04-20 03,야간,수,1,1,0,0,0,부산,남구,차대사람,차도통행중,차도통행중,안전운전 의무 불이행,교차로,교차로부근
21284,2016-11-30 15,주간,수,1,1,0,0,0,강원,홍천군,차대차,측면충돌,측면충돌,안전운전 의무 불이행,교차로,교차로내
21285,2016-08-04 05,야간,목,1,2,1,0,0,서울,성동구,차량단독,전도전복,전도전복,안전운전 의무 불이행,단일로,기타단일로
21286,2016-04-07 00,야간,목,1,1,0,0,0,전북,익산시,차대사람,횡단중,횡단중,안전운전 의무 불이행,교차로,교차로내
21287,2016-11-07 18,야간,월,1,1,0,0,0,경남,사천시,차대사람,횡단중,횡단중,안전운전 의무 불이행,교차로,교차로부근
21288,2016-10-02 01,야간,일,1,2,1,0,0,강원,동해시,차량단독,공작물충돌,공작물충돌,안전운전 의무 불이행,단일로,기타단일로
21289,2016-03-25 22,야간,금,1,2,1,0,0,대전,유성구,차대차,정면충돌,정면충돌,신호위반,교차로,교차로내
21290,2016-10-23 20,야간,일,1,1,0,0,0,경기,여주시,차대사람,차도통행중,차도통행중,안전운전 의무 불이행,단일로,기타단일로
21291,2016-11-25 14,주간,금,1,1,0,0,0,경북,상주시,차대차,측면충돌,측면충돌,안전운전 의무 불이행,교차로,교차로내
21292,2016-05-25 10,주간,수,1,1,0,0,0,충북,충주시,차대사람,횡단중,횡단중,안전운전 의무 불이행,기타/불명,기타/불명
21293,2016-10-25 14,주간,화,2,3,0,1,0,경기,여주시,차대차,정면충돌,정면충돌,안전운전 의무 불이행,교차로,교차로내
21294,2016-07-03 14,주간,일,2,4,2,0,0,경기,포천시,차대차,정면충돌,정면충돌,중앙선 침범,단일로,기타단일로
21295,2016-12-09 04,야간,금,1,1,0,0,0,서울,중구,차대사람,횡단중,횡단중,안전운전 의무 불이행,단일로,횡단보도부근
21296,2016-04-23 23,야간,토,1,1,0,0,0,서울,중랑구,차대사람,횡단중,횡단중,안전운전 의무 불이행,단일로,기타단일로
21297,2016-06-09 17,주간,목,1,1,0,0,0,경기,이천시,차대사람,길가장자리구역통행중,길가장자리구역통행중,안전운전 의무 불이행,단일로,기타단일로
21298,2016-10-12 03,야간,수,1,1,0,0,0,경기,안양시,차대사람,횡단중,횡단중,안전운전 의무 불이행,교차로,교차로부근
21299,2016-03-29 22,야간,화,1,1,0,0,0,경기,의정부시,차대사람,횡단중,횡단중,안전운전 의무 불이행,단일로,횡단보도상
21300,2016-10-03 05,야간,월,1,1,0,0,0,서울,종로구,차대사람,차도통행중,차도통행중,안전운전 의무 불이행,교차로,교차로부근
21301,2016-06-28 20,야간,화,1,1,0,0,0,경남,진주시,차대사람,차도통행중,차도통행중,안전운전 의무 불이행,단일로,기타단일로
21302,2016-03-25 06,주간,금,1,1,0,0,0,경기,용인시,차대사람,횡단중,횡단중,안전운전 의무 불이행,단일로,기타단일로
21303,2016-03-18 19,야간,금,1,1,0,0,0,경기,화성시,차대차,측면충돌,측면충돌,안전운전 의무 불이행,교차로,교차로부근
21304,2016-05-10 00,야간,화,1,1,0,0,0,경북,포항시,차대사람,횡단중,횡단중,안전운전 의무 불이행,단일로,기타단일로
21305,2016-11-09 08,주간,수,1,2,1,0,0,충북,음성군,차대차,측면충돌,측면충돌,신호위반,교차로,교차로내
21306,2016-03-27 01,야간,일,1,2,1,0,0,대전,유성구,차대사람,횡단중,횡단중,안전운전 의무 불이행,단일로,기타단일로
21307,2016-08-29 20,야간,월,1,3,2,0,0,경북,칠곡군,차대차,추돌,진행중 추돌,안전운전 의무 불이행,단일로,기타단일로
21308,2016-07-09 11,주간,토,1,1,0,0,0,인천,부평구,차대차,측면충돌,측면충돌,안전운전 의무 불이행,단일로,기타단일로
21309,2016-05-27 07,주간,금,1,1,0,0,0,인천,연수구,차대차,측면충돌,측면충돌,안전운전 의무 불이행,교차로,교차로부근
21310,2016-04-16 19,야간,토,1,3,0,2,0,경기,고양시,차대차,추돌,진행중 추돌,안전운전 의무 불이행,단일로,기타단일로
21311,2016-11-07 11,주간,월,1,1,0,0,0,경남,밀양시,차량단독,도로이탈,도로이탈 추락,안전운전 의무 불이행,단일로,기타단일로
21312,2016-12-09 19,야간,금,1,1,0,0,0,강원,홍천군,차대사람,횡단중,횡단중,안전운전 의무 불이행,단일로,기타단일로
21313,2016-04-20 13,주간,수,1,1,0,0,0,경기,광주시,차대사람,횡단중,횡단중,보행자 보호의무 위반,단일로,횡단보도상
21314,2016-07-23 10,주간,토,1,1,0,0,0,충북,제천시,차대차,측면충돌,측면충돌,중앙선 침범,단일로,기타단일로
21315,2016-05-29 17,주간,일,1,1,0,0,0,서울,관악구,차대사람,차도통행중,차도통행중,기타,교차로,교차로부근
21316,2016-07-22 08,주간,금,1,1,0,0,0,서울,성북구,차대사람,횡단중,횡단중,보행자 보호의무 위반,교차로,교차로내
21317,2016-10-24 05,야간,월,1,1,0,0,0,서울,금천구,차대차,측면충돌,측면충돌,신호위반,교차로,교차로내
21318,2016-10-08 06,주간,토,1,5,3,1,0,경기,양평군,차대차,기타,기타,안전운전 의무 불이행,단일로,기타단일로
21319,2016-04-13 12,주간,수,1,1,0,0,0,경북,경주시,차대사람,횡단중,횡단중,보행자 보호의무 위반,교차로,교차로내
21320,2016-05-20 06,주간,금,1,1,0,0,0,충남,태안군,차량단독,전도전복,전도전복,안전운전 의무 불이행,교차로,교차로부근
21321,2016-04-05 02,야간,화,1,1,0,0,0,경기,성남시,차대차,측면충돌,측면충돌,신호위반,교차로,교차로내
21322,2016-11-11 14,주간,금,1,1,0,0,0,경남,밀양시,차량단독,공작물충돌,공작물충돌,안전운전 의무 불이행,단일로,기타단일로
21323,2016-04-21 19,야간,목,1,1,0,0,0,경기,광주시,차대사람,횡단중,횡단중,보행자 보호의무 위반,단일로,횡단보도상
21324,2016-06-20 21,야간,월,1,1,0,0,0,경기,양주시,차대차,추돌,진행중 추돌,안전거리 미확보,단일로,기타단일로
21325,2016-05-20 18,야간,금,1,14,2,11,0,충남,서산시,차대차,정면충돌,정면충돌,중앙선 침범,기타/불명,기타/불명
21326,2016-11-12 13,주간,토,1,1,0,0,0,경남,밀양시,차대차,측면충돌,측면충돌,안전운전 의무 불이행,단일로,기타단일로
21327,2016-08-27 00,야간,토,1,1,0,0,0,충남,보령시,차대차,측면충돌,측면충돌,안전운전 의무 불이행,단일로,기타단일로
21328,2016-04-18 11,주간,월,1,1,0,0,0,대전,대덕구,차대차,측면충돌,측면충돌,안전운전 의무 불이행,단일로,기타단일로
21329,2016-06-10 09,주간,금,1,2,0,0,1,경기,안성시,차량단독,전도전복,전도전복,안전운전 의무 불이행,단일로,기타단일로
21330,2016-05-07 11,주간,토,1,11,3,7,0,충남,논산시,차대차,추돌,진행중 추돌,안전운전 의무 불이행,기타/불명,기타/불명
21331,2016-07-13 12,주간,수,1,1,0,0,0,서울,서대문구,차대차,측면충돌,측면충돌,안전운전 의무 불이행,교차로,교차로부근
21332,2016-04-15 04,야간,금,1,1,0,0,0,충남,아산시,차대차,기타,기타,신호위반,교차로,교차로내
21333,2016-07-26 18,야간,화,1,1,0,0,0,충북,제천시,차대차,정면충돌,정면충돌,중앙선 침범,단일로,기타단일로
21334,2016-05-20 11,주간,금,1,1,0,0,0,대구,북구,차대차,추돌,진행중 추돌,안전운전 의무 불이행,단일로,기타단일로
21335,2016-05-13 17,주간,금,1,1,0,0,0,서울,노원구,차대차,추돌,진행중 추돌,안전운전 의무 불이행,교차로,교차로부근
21336,2016-12-13 13,주간,화,1,1,0,0,0,전남,나주시,차량단독,공작물충돌,공작물충돌,안전운전 의무 불이행,단일로,기타단일로
21337,2016-05-12 20,야간,목,1,1,0,0,0,경북,포항시,차대사람,횡단중,횡단중,안전운전 의무 불이행,교차로,교차로부근
21338,2016-10-27 06,주간,목,1,1,0,0,0,서울,금천구,차대사람,횡단중,횡단중,안전운전 의무 불이행,단일로,기타단일로
21339,2016-06-11 18,야간,토,1,1,0,0,0,부산,사하구,차대차,기타,기타,신호위반,교차로,교차로내
21340,2016-05-23 02,야간,월,1,1,0,0,0,서울,동작구,차대사람,횡단중,횡단중,안전운전 의무 불이행,단일로,횡단보도상
21341,2016-11-12 17,주간,토,1,1,0,0,0,전북,김제시,차대사람,기타,기타,안전운전 의무 불이행,단일로,기타단일로
21342,2016-03-16 05,야간,수,1,1,0,0,0,경기,안산시,차대사람,횡단중,횡단중,과속,교차로,교차로부근
21343,2016-04-13 18,야간,수,1,1,0,0,0,경남,양산시,차대차,정면충돌,정면충돌,중앙선 침범,단일로,기타단일로
21344,2016-10-19 17,주간,수,1,5,1,3,0,경기,안양시,차대사람,기타,기타,기타,단일로,기타단일로
21345,2016-09-18 10,주간,일,1,1,0,0,0,경남,창원시(통합),차대차,측면충돌,측면충돌,안전운전 의무 불이행,교차로,교차로부근
21346,2016-10-17 11,주간,월,1,1,0,0,0,강원,동해시,차대사람,횡단중,횡단중,안전운전 의무 불이행,단일로,횡단보도상
21347,2016-11-22 10,주간,화,1,1,0,0,0,강원,삼척시,차대사람,횡단중,횡단중,안전운전 의무 불이행,교차로,교차로내