교통사고이력ID(사고기록 순서),발생년월일시,주야코드,요일코드,사망자수,부상자수,중상자수,경상자수,부상신고자수,발생지시도코드,발생지시도코드,사고유형대분류코드,사고유형중분류코드,사고유형코드,법규위반코드,도로형태대분류코드,도로로형태코드
21348,2016-07-11 19,야간,월,1,1,0,0,0,경기,포천시,차량단독,전도전복,전도전복,안전운전 의무 불이행,교차로,교차로부근
21349,2016-11-15 23,야간,화,1,1,0,0,0,전북,김제시,차대사람,차도통행중,차도통행중,안전운전 의무 불이행,단일로,기타단일로
21350,2016-08-30 10,주간,화,1,1,0,0,0,충남,보령시,차대사람,횡단중,횡단중,보행자 보호의무 위반,교차로,교차로부근
21351,2016-06-11 08,주간,토,1,1,0,0,0,경남,김해시,차량단독,전도전복,전도전복,안전운전 의무 불이행,교차로,교차로내
21352,2016-07-22 16,주간,금,1,1,0,0,0,경기,하남시,차대차,정면충돌,정면충돌,안전운전 의무 불이행,교차로,교차로내
21353,2016-12-25 19,야간,일,1,1,0,0,0,충북,진천군,차대사람,차도통행중,차도통행중,안전운전 의무 불이행,단일로,기타단일로
21354,2016-05-13 19,야간,금,1,6,4,1,0,경북,포항시,차대차,정면충돌,정면충돌,중앙선 침범,단일로,기타단일로
21355,2016-08-30 13,주간,화,1,1,0,0,0,경기,부천시,차대사람,횡단중,횡단중,안전운전 의무 불이행,교차로,교차로내
21356,2016-04-12 17,주간,화,1,1,0,0,0,인천,남구,차대사람,횡단중,횡단중,안전운전 의무 불이행,교차로,교차로부근
21357,2016-04-16 12,주간,토,1,1,0,0,0,충남,아산시,차대차,추돌,진행중 추돌,안전운전 의무 불이행,단일로,기타단일로
21358,2016-10-30 13,주간,일,1,1,0,0,0,서울,금천구,차대차,측면충돌,측면충돌,신호위반,교차로,교차로내
21359,2016-08-13 10,주간,토,1,1,0,0,0,경남,김해시,차대차,측면충돌,측면충돌,안전운전 의무 불이행,교차로,교차로내
21360,2016-03-20 15,주간,일,2,3,0,1,0,경기,시흥시,차량단독,공작물충돌,공작물충돌,안전운전 의무 불이행,단일로,기타단일로
21361,2016-06-24 04,야간,금,1,1,0,0,0,서울,광진구,차량단독,전도전복,전도전복,안전운전 의무 불이행,교차로,교차로내
21362,2016-04-16 02,야간,토,1,1,0,0,0,경북,경주시,차량단독,공작물충돌,공작물충돌,안전운전 의무 불이행,단일로,기타단일로
21363,2016-04-24 01,야간,일,1,1,0,0,0,대구,서구,차대사람,횡단중,횡단중,안전운전 의무 불이행,단일로,기타단일로
21364,2016-10-19 06,주간,수,2,2,0,0,0,충남,논산시,차대차,측면충돌,측면충돌,교차로 통행방법 위반,교차로,교차로내
21365,2016-07-30 23,야간,토,1,1,0,0,0,충북,제천시,차량단독,공작물충돌,공작물충돌,안전운전 의무 불이행,단일로,기타단일로
21366,2016-05-31 21,야간,화,1,1,0,0,0,경기,용인시,차대사람,횡단중,횡단중,안전운전 의무 불이행,단일로,기타단일로
21367,2016-11-22 19,야간,화,1,1,0,0,0,전북,김제시,차대사람,횡단중,횡단중,안전운전 의무 불이행,단일로,기타단일로
21368,2016-10-27 09,주간,목,1,1,0,0,0,경기,안양시,차대사람,횡단중,횡단중,안전운전 의무 불이행,단일로,기타단일로
21369,2016-03-29 17,주간,화,1,1,0,0,0,강원,원주시,차대차,측면충돌,측면충돌,안전운전 의무 불이행,교차로,교차로내
21370,2016-04-14 04,야간,목,1,1,0,0,0,전북,군산시,차대사람,횡단중,횡단중,보행자 보호의무 위반,교차로,교차로부근
21371,2016-04-22 12,주간,금,1,2,0,1,0,경기,고양시,차대차,추돌,진행중 추돌,안전운전 의무 불이행,단일로,기타단일로
21372,2016-08-19 21,야간,금,1,1,0,0,0,경기,안양시,차대사람,차도통행중,차도통행중,안전운전 의무 불이행,단일로,기타단일로
21373,2016-05-09 20,야간,월,1,1,0,0,0,전남,목포시,차대사람,횡단중,횡단중,안전운전 의무 불이행,단일로,기타단일로
21374,2016-11-25 18,야간,금,1,3,0,2,0,충북,음성군,차대차,추돌,진행중 추돌,안전운전 의무 불이행,단일로,기타단일로
21375,2016-09-04 04,야간,일,1,1,0,0,0,충남,보령시,차대사람,기타,기타,안전운전 의무 불이행,단일로,기타단일로
21376,2016-11-25 22,야간,금,1,2,0,1,0,충북,음성군,차량단독,전도전복,전도전복,안전운전 의무 불이행,단일로,기타단일로
21377,2016-02-28 19,야간,일,1,2,1,0,0,경기,평택시,차대사람,기타,기타,안전운전 의무 불이행,단일로,기타단일로
21378,2016-12-04 01,야간,일,1,1,0,0,0,강원,삼척시,차량단독,전도전복,전도전복,안전운전 의무 불이행,단일로,기타단일로
21379,2016-11-29 02,야간,화,1,1,0,0,0,경남,사천시,차대사람,기타,기타,보행자 보호의무 위반,단일로,기타단일로
21380,2016-10-30 21,야간,일,1,1,0,0,0,경기,안양시,차량단독,도로이탈,도로이탈 기타,안전운전 의무 불이행,단일로,기타단일로
21381,2016-08-16 12,주간,화,1,2,1,0,0,경남,통영시,차대차,정면충돌,정면충돌,중앙선 침범,단일로,기타단일로
21382,2016-10-25 18,야간,화,1,1,0,0,0,경기,양평군,차대사람,기타,기타,안전운전 의무 불이행,단일로,기타단일로
21383,2016-09-11 17,주간,일,1,1,0,0,0,인천,부평구,차대차,측면충돌,측면충돌,기타,교차로,교차로내
21384,2016-12-19 11,주간,월,1,1,0,0,0,경북,상주시,차량단독,공작물충돌,공작물충돌,안전운전 의무 불이행,단일로,기타단일로
21385,2016-06-20 06,주간,월,1,1,0,0,0,경기,안성시,차대차,측면충돌,측면충돌,중앙선 침범,단일로,기타단일로
21386,2016-10-28 21,야간,금,1,1,0,0,0,강원,동해시,차대사람,기타,기타,안전운전 의무 불이행,단일로,기타단일로
21387,2016-05-19 22,야간,목,1,1,0,0,0,경북,포항시,차대사람,횡단중,횡단중,안전운전 의무 불이행,단일로,기타단일로
21388,2016-11-28 12,주간,월,1,1,0,0,0,충북,음성군,차대차,측면충돌,측면충돌,안전운전 의무 불이행,교차로,교차로부근
21389,2016-06-03 13,주간,금,1,1,0,0,0,충북,충주시,차량단독,전도전복,전도전복,안전운전 의무 불이행,단일로,기타단일로
21390,2016-08-23 21,야간,화,1,2,0,1,0,서울,성동구,차대차,정면충돌,정면충돌,신호위반,교차로,교차로내
21391,2016-12-01 17,주간,목,1,1,0,0,0,부산,강서구,차대차,측면충돌,측면충돌,교차로 통행방법 위반,교차로,교차로내
21392,2016-03-28 11,주간,월,1,1,0,0,0,충북,청주시,차대사람,횡단중,횡단중,안전운전 의무 불이행,교차로,교차로내
21393,2016-12-02 07,주간,금,1,1,0,0,0,부산,강서구,차량단독,전도전복,전도전복,신호위반,교차로,교차로부근
21394,2016-08-02 19,야간,화,1,1,0,0,0,울산,울주군,차대사람,보도통행중,보도통행중,안전운전 의무 불이행,단일로,기타단일로
21395,2016-03-23 20,야간,수,1,1,0,0,0,경기,화성시,차량단독,공작물충돌,공작물충돌,안전운전 의무 불이행,단일로,기타단일로
21396,2016-04-09 13,주간,토,1,1,0,0,0,대구,동구,차대차,측면충돌,측면충돌,안전운전 의무 불이행,단일로,기타단일로
21397,2016-12-02 20,야간,금,1,1,0,0,0,부산,강서구,차대사람,차도통행중,차도통행중,안전운전 의무 불이행,단일로,기타단일로
21398,2016-05-14 11,주간,토,1,1,0,0,0,전북,전주시,차대차,정면충돌,정면충돌,안전운전 의무 불이행,교차로,교차로내
21399,2016-12-03 11,주간,토,1,4,1,2,0,전북,김제시,차대차,추돌,진행중 추돌,안전운전 의무 불이행,단일로,기타단일로
21400,2016-06-29 22,야간,수,1,1,0,0,0,서울,강북구,차대차,추돌,진행중 추돌,안전운전 의무 불이행,단일로,기타단일로
21401,2016-07-20 22,야간,수,1,1,0,0,0,경기,포천시,차대차,기타,기타,안전운전 의무 불이행,단일로,기타단일로
21402,2016-04-10 00,야간,일,1,1,0,0,0,경북,경산시,차대사람,기타,기타,안전운전 의무 불이행,단일로,기타단일로
21403,2016-04-13 15,주간,수,1,1,0,0,0,경기,파주시,차대차,정면충돌,정면충돌,신호위반,교차로,교차로내
21404,2016-10-13 22,야간,목,10,19,8,1,0,울산,울주군,차량단독,기타,기타,안전운전 의무 불이행,단일로,기타단일로
21405,2016-12-05 12,주간,월,1,1,0,0,0,충북,음성군,차대차,측면충돌,측면충돌,교차로 통행방법 위반,교차로,교차로내
21406,2016-02-29 20,야간,월,1,1,0,0,0,경기,평택시,차대사람,횡단중,횡단중,안전운전 의무 불이행,단일로,기타단일로
21407,2016-08-08 08,주간,월,1,1,0,0,0,경남,창원시(통합),차대차,측면충돌,측면충돌,신호위반,교차로,교차로내
21408,2016-04-01 18,야간,금,1,3,2,0,0,강원,원주시,차대차,정면충돌,정면충돌,중앙선 침범,단일로,기타단일로
21409,2016-03-25 04,야간,금,1,2,1,0,0,경기,화성시,차량단독,공작물충돌,공작물충돌,안전운전 의무 불이행,교차로,교차로부근
21410,2016-12-18 21,야간,일,2,3,0,1,0,강원,삼척시,차대차,측면충돌,측면충돌,신호위반,교차로,교차로내
21411,2016-10-31 08,주간,월,1,1,0,0,0,경기,양평군,차대차,기타,기타,안전운전 의무 불이행,단일로,기타단일로
21412,2016-11-01 00,야간,화,1,1,0,0,0,충남,논산시,차대사람,횡단중,횡단중,안전운전 의무 불이행,단일로,기타단일로
21413,2016-05-28 16,주간,토,1,2,1,0,0,충남,천안시,차대차,측면충돌,측면충돌,안전운전 의무 불이행,교차로,교차로내
21414,2016-04-11 04,야간,월,1,1,0,0,0,경기,의정부시,차대사람,횡단중,횡단중,보행자 보호의무 위반,단일로,기타단일로
21415,2016-12-01 18,야간,목,1,1,0,0,0,서울,은평구,차대사람,횡단중,횡단중,안전운전 의무 불이행,교차로,교차로부근
21416,2016-03-30 03,야간,수,1,4,0,3,0,충북,청주시,차대차,기타,기타,중앙선 침범,단일로,기타단일로
21417,2016-12-03 12,주간,토,1,2,1,0,0,경남,밀양시,차대차,측면충돌,측면충돌,교차로 통행방법 위반,교차로,교차로내
21418,2016-06-08 12,주간,수,1,1,0,0,0,강원,강릉시,차대차,측면충돌,측면충돌,신호위반,교차로,교차로내
21419,2016-09-12 02,야간,월,1,2,1,0,0,충남,보령시,차량단독,전도전복,전도전복,과속,교차로,교차로부근
21420,2016-08-07 17,주간,일,1,4,0,3,0,울산,울주군,차대사람,기타,기타,안전운전 의무 불이행,단일로,기타단일로
21421,2016-03-19 03,야간,토,1,1,0,0,0,인천,남동구,차대사람,횡단중,횡단중,안전운전 의무 불이행,단일로,횡단보도상
21422,2016-03-30 06,주간,수,1,2,0,1,0,충북,청주시,차대사람,기타,기타,안전운전 의무 불이행,단일로,기타단일로
21423,2016-05-25 11,주간,수,1,1,0,0,0,경남,거제시,차대차,정면충돌,정면충돌,안전운전 의무 불이행,교차로,교차로내
21424,2016-05-17 11,주간,화,1,1,0,0,0,전남,신안군,차량단독,전도전복,전도전복,안전운전 의무 불이행,기타/불명,기타/불명
21425,2016-04-17 14,주간,일,1,1,0,0,0,제주,제주시,차량단독,전도전복,전도전복,안전운전 의무 불이행,단일로,기타단일로
21426,2016-12-30 06,주간,금,1,2,1,0,0,경북,상주시,차대차,측면충돌,측면충돌,신호위반,교차로,교차로내
21427,2016-04-21 14,주간,목,1,1,0,0,0,대전,대덕구,차량단독,전도전복,전도전복,안전운전 의무 불이행,단일로,기타단일로
21428,2016-05-07 07,주간,토,1,1,0,0,0,강원,춘천시,차대차,측면충돌,측면충돌,안전운전 의무 불이행,교차로,교차로내
21429,2016-11-03 23,야간,목,1,1,0,0,0,충남,논산시,차대사람,횡단중,횡단중,안전운전 의무 불이행,교차로,교차로내
21430,2016-06-19 03,야간,일,1,1,0,0,0,부산,연제구,차대차,기타,기타,과속,단일로,기타단일로
21431,2016-06-24 00,야간,금,1,1,0,0,0,부산,사하구,차대사람,기타,기타,안전운전 의무 불이행,단일로,기타단일로
21432,2016-11-04 12,주간,금,1,3,2,0,0,충남,논산시,차대차,측면충돌,측면충돌,과속,교차로,교차로내
21433,2016-06-10 16,주간,금,1,2,1,0,0,충북,충주시,차대차,측면충돌,측면충돌,안전운전 의무 불이행,교차로,교차로부근
21434,2016-12-09 20,야간,금,1,1,0,0,0,충북,음성군,차대차,기타,기타,안전운전 의무 불이행,단일로,기타단일로
21435,2016-11-05 04,야간,토,1,1,0,0,0,충남,논산시,차량단독,전도전복,전도전복,안전거리 미확보,단일로,기타단일로
21436,2016-12-21 12,주간,수,1,1,0,0,0,강원,삼척시,차대차,측면충돌,측면충돌,안전운전 의무 불이행,교차로,교차로부근
21437,2016-04-13 05,야간,수,1,1,0,0,0,경기,성남시,차대차,기타,기타,안전운전 의무 불이행,교차로,교차로내
21438,2016-11-05 10,주간,토,1,1,0,0,0,충남,논산시,차대차,측면충돌,측면충돌,안전운전 의무 불이행,단일로,교량위
21439,2016-06-01 23,야간,수,1,1,0,0,0,충남,서산시,차대사람,횡단중,횡단중,과속,교차로,교차로내
21440,2016-10-14 20,야간,금,1,1,0,0,0,경북,영천시,차대사람,횡단중,횡단중,보행자 보호의무 위반,단일로,횡단보도상
21441,2016-06-24 11,주간,금,1,3,1,1,0,부산,사하구,차대차,기타,기타,안전운전 의무 불이행,단일로,기타단일로
21442,2016-04-19 19,야간,화,1,1,0,0,0,인천,남구,차대사람,기타,기타,안전운전 의무 불이행,교차로,교차로부근
21443,2016-06-24 08,주간,금,1,7,4,1,1,부산,사하구,차대차,기타,기타,중앙선 침범,교차로,교차로부근
21444,2016-08-15 05,야간,월,1,1,0,0,0,충남,당진시,차량단독,전도전복,전도전복,안전운전 의무 불이행,단일로,기타단일로
21445,2016-08-10 19,야간,수,1,1,0,0,0,울산,울주군,차대사람,차도통행중,차도통행중,안전운전 의무 불이행,단일로,기타단일로
21446,2016-10-07 00,야간,금,1,1,0,0,0,경남,창원시(통합),차대사람,횡단중,횡단중,안전운전 의무 불이행,교차로,교차로내
21447,2016-07-01 13,주간,금,1,1,0,0,0,경기,이천시,차대차,정면충돌,정면충돌,중앙선 침범,단일로,기타단일로
21448,2016-04-20 18,야간,수,1,1,0,0,0,전북,군산시,차량단독,전도전복,전도전복,안전운전 의무 불이행,단일로,기타단일로
21449,2016-11-07 22,야간,월,1,1,0,0,0,경기,양평군,차대사람,기타,기타,안전운전 의무 불이행,단일로,기타단일로
21450,2016-09-24 16,주간,토,1,1,0,0,0,전남,광양시,차대차,측면충돌,측면충돌,신호위반,교차로,교차로내
21451,2016-10-17 18,야간,월,1,1,0,0,0,경북,영천시,차대사람,횡단중,횡단중,보행자 보호의무 위반,교차로,교차로부근
21452,2016-04-16 22,야간,토,1,1,0,0,0,경기,파주시,차량단독,전도전복,전도전복,안전운전 의무 불이행,단일로,기타단일로
21453,2016-09-07 12,주간,수,1,1,0,0,0,강원,속초시,차대차,측면충돌,측면충돌,안전운전 의무 불이행,단일로,횡단보도상
21454,2016-05-26 16,주간,목,1,1,0,0,0,서울,노원구,차대사람,기타,기타,안전운전 의무 불이행,단일로,기타단일로
21455,2016-05-08 12,주간,일,1,1,0,0,0,울산,남구,차대사람,횡단중,횡단중,안전운전 의무 불이행,교차로,교차로내
21456,2016-09-01 23,야간,목,1,1,0,0,0,경남,김해시,차대차,추돌,진행중 추돌,안전운전 의무 불이행,단일로,기타단일로
21457,2016-06-11 00,야간,토,1,1,0,0,0,경기,용인시,차대사람,차도통행중,차도통행중,안전운전 의무 불이행,단일로,기타단일로
21458,2016-04-09 05,야간,토,1,1,0,0,0,광주,서구,차대사람,횡단중,횡단중,신호위반,단일로,횡단보도상
21459,2016-12-16 20,야간,금,1,1,0,0,0,경남,밀양시,차대사람,길가장자리구역통행중,길가장자리구역통행중,안전운전 의무 불이행,교차로,교차로부근
21460,2016-09-26 09,주간,월,1,1,0,0,0,전남,광양시,차대사람,횡단중,횡단중,안전운전 의무 불이행,교차로,교차로부근
21461,2016-07-18 00,야간,월,1,1,0,0,0,부산,북구,차대사람,횡단중,횡단중,안전운전 의무 불이행,단일로,기타단일로
21462,2016-12-27 18,야간,화,1,1,0,0,0,경기,의왕시,차대사람,횡단중,횡단중,안전운전 의무 불이행,교차로,교차로내
21463,2016-04-24 19,야간,일,1,1,0,0,0,경북,경주시,차대차,추돌,진행중 추돌,안전운전 의무 불이행,교차로,교차로부근
21464,2016-06-16 05,야간,목,1,1,0,0,0,인천,연수구,차대사람,차도통행중,차도통행중,안전운전 의무 불이행,단일로,기타단일로
21465,2016-04-15 04,야간,금,1,1,0,0,0,경기,성남시,차량단독,공작물충돌,공작물충돌,안전운전 의무 불이행,단일로,기타단일로
21466,2016-10-01 08,주간,토,1,1,0,0,0,경북,칠곡군,차량단독,기타,기타,안전운전 의무 불이행,단일로,기타단일로
21467,2016-07-07 12,주간,목,1,1,0,0,0,경북,안동시,차량단독,전도전복,전도전복,안전운전 의무 불이행,단일로,기타단일로
21468,2016-06-21 02,야간,화,1,2,1,0,0,서울,관악구,차대차,정면충돌,정면충돌,중앙선 침범,단일로,기타단일로
21469,2016-04-21 21,야간,목,1,1,0,0,0,전북,군산시,차대사람,횡단중,횡단중,안전운전 의무 불이행,단일로,기타단일로
21470,2016-06-05 05,야간,일,1,1,0,0,0,충남,서산시,차량단독,전도전복,전도전복,안전운전 의무 불이행,단일로,기타단일로
21471,2016-11-16 06,주간,수,1,1,0,0,0,강원,동해시,차대차,측면충돌,측면충돌,안전운전 의무 불이행,단일로,기타단일로
21472,2016-05-29 04,야간,일,1,1,0,0,0,경북,포항시,차대사람,기타,기타,안전운전 의무 불이행,단일로,기타단일로
21473,2016-03-29 23,야간,화,1,1,0,0,0,광주,북구,차량단독,공작물충돌,공작물충돌,안전운전 의무 불이행,단일로,기타단일로
21474,2016-06-26 18,야간,일,1,1,0,0,0,경남,김해시,차대차,기타,기타,안전운전 의무 불이행,교차로,교차로내
21475,2016-07-02 10,주간,토,1,1,0,0,0,부산,동래구,차대사람,길가장자리구역통행중,길가장자리구역통행중,안전운전 의무 불이행,단일로,기타단일로
21476,2016-12-24 15,주간,토,1,4,2,1,0,경남,사천시,차대차,정면충돌,정면충돌,중앙선 침범,단일로,기타단일로
21477,2016-11-13 18,야간,일,1,1,0,0,0,충남,논산시,차대사람,횡단중,횡단중,안전운전 의무 불이행,교차로,교차로부근
21478,2016-12-05 19,야간,월,1,1,0,0,0,경기,여주시,차량단독,전도전복,전도전복,안전운전 의무 불이행,교차로,교차로부근
21479,2016-07-06 08,주간,수,1,2,1,0,0,경기,이천시,차대차,측면충돌,측면충돌,중앙선 침범,단일로,기타단일로
21480,2016-12-27 18,야간,화,1,1,0,0,0,전북,김제시,차대차,기타,기타,안전운전 의무 불이행,단일로,기타단일로
21481,2016-05-10 22,야간,화,1,1,0,0,0,경북,포항시,차대사람,횡단중,횡단중,안전운전 의무 불이행,단일로,기타단일로
21482,2016-09-25 00,야간,일,1,1,0,0,0,경남,창원시(통합),차량단독,전도전복,전도전복,안전운전 의무 불이행,단일로,기타단일로
21483,2016-08-15 19,야간,월,2,2,0,0,0,충북,제천시,차량단독,공작물충돌,공작물충돌,안전운전 의무 불이행,단일로,기타단일로
21484,2016-03-26 17,주간,토,1,1,0,0,0,경북,구미시,차대사람,횡단중,횡단중,안전운전 의무 불이행,교차로,교차로부근
21485,2016-09-08 00,야간,목,2,2,0,0,0,경기,고양시,차대차,추돌,진행중 추돌,안전운전 의무 불이행,단일로,기타단일로
21486,2016-11-03 21,야간,목,1,1,0,0,0,경북,김천시,차대사람,기타,기타,안전운전 의무 불이행,단일로,횡단보도부근
21487,2016-05-12 12,주간,목,1,1,0,0,0,대구,북구,차대사람,횡단중,횡단중,안전운전 의무 불이행,단일로,기타단일로
21488,2016-04-09 05,야간,토,1,1,0,0,0,제주,제주시,차대사람,횡단중,횡단중,보행자 보호의무 위반,단일로,횡단보도상
21489,2016-03-30 15,주간,수,1,1,0,0,0,광주,북구,차대사람,횡단중,횡단중,안전운전 의무 불이행,교차로,교차로내
21490,2016-03-22 17,주간,화,1,1,0,0,0,경기,고양시,차대차,기타,기타,안전운전 의무 불이행,단일로,횡단보도상
21491,2016-03-28 10,주간,월,1,1,0,0,0,경기,남양주시,차대사람,차도통행중,차도통행중,안전운전 의무 불이행,교차로,교차로내
21492,2016-05-02 18,야간,월,1,1,0,0,0,전북,전주시,차대차,측면충돌,측면충돌,안전운전 의무 불이행,단일로,기타단일로
21493,2016-07-14 17,주간,목,1,1,0,0,0,경기,양주시,차대사람,횡단중,횡단중,안전운전 의무 불이행,교차로,교차로내
21494,2016-10-25 18,야간,화,1,1,0,0,0,경북,영천시,차대사람,횡단중,횡단중,보행자 보호의무 위반,단일로,횡단보도상
21495,2016-06-01 02,야간,수,1,1,0,0,0,경북,포항시,차량단독,전도전복,전도전복,안전운전 의무 불이행,단일로,기타단일로
21496,2016-08-22 20,야간,월,1,1,0,0,0,충남,당진시,차대사람,기타,기타,안전운전 의무 불이행,단일로,기타단일로
21497,2016-12-25 22,야간,일,1,1,0,0,0,경남,밀양시,차대사람,횡단중,횡단중,안전운전 의무 불이행,단일로,기타단일로
21498,2016-03-25 08,주간,금,1,1,0,0,0,경기,안산시,차대차,측면충돌,측면충돌,신호위반,교차로,교차로내
21499,2016-11-01 10,주간,화,1,1,0,0,0,경남,창원시(통합),차대사람,횡단중,횡단중,안전운전 의무 불이행,단일로,기타단일로
21500,2016-12-03 01,야간,토,1,1,0,0,0,경기,안양시,차대사람,횡단중,횡단중,과속,교차로,교차로부근
21501,2016-03-27 10,주간,일,1,1,0,0,0,경북,구미시,차대사람,횡단중,횡단중,안전운전 의무 불이행,기타/불명,기타/불명
21502,2016-06-08 05,야간,수,1,1,0,0,0,경기,광명시,차대차,기타,기타,과속,단일로,지하차도(도로)내
21503,2016-08-02 11,주간,화,1,1,0,0,0,경남,진주시,차대사람,기타,기타,안전운전 의무 불이행,단일로,기타단일로
21504,2016-07-09 01,야간,토,1,1,0,0,0,경기,이천시,차대차,추돌,진행중 추돌,안전운전 의무 불이행,교차로,교차로부근
21505,2016-11-25 05,야간,금,1,1,0,0,0,부산,동구,차대사람,횡단중,횡단중,신호위반,교차로,교차로부근
21506,2016-10-27 18,야간,목,2,3,0,1,0,경남,김해시,차대차,기타,기타,안전운전 의무 불이행,단일로,기타단일로
21507,2016-05-25 21,야간,수,1,1,0,0,0,전북,전주시,차량단독,전도전복,전도전복,안전운전 의무 불이행,단일로,기타단일로
21508,2016-07-22 17,주간,금,1,1,0,0,0,부산,북구,차량단독,기타,기타,안전운전 의무 불이행,단일로,기타단일로
21509,2016-05-06 01,야간,금,1,1,0,0,0,대구,서구,차량단독,전도전복,전도전복,안전운전 의무 불이행,단일로,기타단일로
21510,2016-10-08 13,주간,토,1,1,0,0,0,경북,칠곡군,차대사람,기타,기타,중앙선 침범,단일로,기타단일로
21511,2016-05-14 02,야간,토,1,2,0,1,0,부산,수영구,차대사람,차도통행중,차도통행중,과속,단일로,기타단일로
21512,2016-09-02 17,주간,금,1,1,0,0,0,광주,남구,차대사람,보도통행중,보도통행중,기타,단일로,기타단일로
21513,2016-09-29 15,주간,목,2,2,0,0,0,경기,부천시,차대차,정면충돌,정면충돌,안전운전 의무 불이행,교차로,교차로내
21514,2016-04-22 21,야간,금,1,1,0,0,0,전북,익산시,차대차,추돌,진행중 추돌,과속,단일로,기타단일로
21515,2016-09-12 23,야간,월,1,1,0,0,0,인천,서구,차대사람,보도통행중,보도통행중,안전운전 의무 불이행,단일로,기타단일로
21516,2016-08-26 21,야간,금,1,1,0,0,0,경남,창원시(통합),차대사람,기타,기타,안전운전 의무 불이행,단일로,기타단일로
21517,2016-09-14 02,야간,수,1,2,0,1,0,인천,부평구,차대사람,기타,기타,안전운전 의무 불이행,단일로,기타단일로
21518,2016-07-03 12,주간,일,1,1,0,0,0,경남,김해시,차대차,측면충돌,측면충돌,안전운전 의무 불이행,교차로,교차로부근
21519,2016-10-01 05,야간,토,1,1,0,0,0,경남,창원시(통합),차대차,정면충돌,정면충돌,중앙선 침범,단일로,기타단일로
21520,2016-07-02 00,야간,토,1,1,0,0,0,대구,중구,차대차,기타,기타,안전운전 의무 불이행,단일로,횡단보도부근
21521,2016-06-17 09,주간,금,1,1,0,0,0,서울,동작구,차량단독,기타,기타,안전운전 의무 불이행,기타/불명,기타/불명
21522,2016-10-01 14,주간,토,1,1,0,0,0,경기,부천시,차대사람,길가장자리구역통행중,길가장자리구역통행중,안전운전 의무 불이행,단일로,고가도로위
21523,2016-04-28 14,주간,목,1,1,0,0,0,충북,청주시,차대차,기타,기타,안전운전 의무 불이행,교차로,교차로내
21524,2016-04-05 18,야간,화,1,2,0,1,0,충북,청주시,차대차,추돌,진행중 추돌,안전운전 의무 불이행,단일로,기타단일로
21525,2016-03-23 05,야간,수,1,1,0,0,0,대구,수성구,차대사람,횡단중,횡단중,안전운전 의무 불이행,단일로,기타단일로
21526,2016-08-28 22,야간,일,1,1,0,0,0,경남,창원시(통합),차대사람,횡단중,횡단중,안전운전 의무 불이행,단일로,기타단일로
21527,2016-03-17 22,야간,목,1,1,0,0,0,경기,수원시,차대사람,횡단중,횡단중,안전운전 의무 불이행,단일로,기타단일로
21528,2016-09-19 17,주간,월,1,1,0,0,0,경기,부천시,차대차,기타,기타,안전운전 의무 불이행,단일로,기타단일로
21529,2016-11-08 19,야간,화,1,1,0,0,0,경남,창원시(통합),차대차,측면충돌,측면충돌,안전운전 의무 불이행,교차로,교차로부근
21530,2016-10-20 23,야간,목,1,2,0,1,0,경남,창원시(통합),차대사람,횡단중,횡단중,안전운전 의무 불이행,교차로,교차로부근
21531,2016-05-08 15,주간,일,1,4,1,1,1,경기,평택시,차대차,추돌,진행중 추돌,안전운전 의무 불이행,단일로,기타단일로
21532,2016-08-29 17,주간,월,1,1,0,0,0,경남,창원시(통합),차대차,측면충돌,측면충돌,안전운전 의무 불이행,단일로,기타단일로
21533,2016-07-08 14,주간,금,1,1,0,0,0,경기,성남시,차대차,측면충돌,측면충돌,과속,단일로,기타단일로
21534,2016-04-30 22,야간,토,1,1,0,0,0,경기,화성시,차대차,측면충돌,측면충돌,안전운전 의무 불이행,단일로,기타단일로
21535,2016-12-20 06,주간,화,1,1,0,0,0,서울,중구,차대사람,횡단중,횡단중,안전운전 의무 불이행,단일로,기타단일로
21536,2016-10-09 15,주간,일,1,1,0,0,0,전남,광양시,차대차,측면충돌,측면충돌,신호위반,교차로,교차로내
21537,2016-08-30 10,주간,화,1,1,0,0,0,경남,창원시(통합),차대차,측면충돌,측면충돌,안전운전 의무 불이행,교차로,교차로부근
21538,2016-08-31 20,야간,수,1,1,0,0,0,충남,당진시,차대사람,차도통행중,차도통행중,안전운전 의무 불이행,단일로,기타단일로
21539,2016-05-23 03,야간,월,1,1,0,0,0,서울,마포구,차대사람,횡단중,횡단중,안전운전 의무 불이행,단일로,기타단일로
21540,2016-03-30 10,주간,수,1,1,0,0,0,경북,구미시,차량단독,전도전복,전도전복,안전운전 의무 불이행,단일로,기타단일로
21541,2016-06-12 10,주간,일,1,1,0,0,0,충남,태안군,차대사람,횡단중,횡단중,안전운전 의무 불이행,기타/불명,기타/불명
21542,2016-08-26 03,야간,금,1,1,0,0,0,서울,도봉구,차대사람,횡단중,횡단중,과속,단일로,횡단보도상
21543,2016-03-30 11,주간,수,1,2,1,0,0,경북,구미시,차대차,측면충돌,측면충돌,과속,단일로,기타단일로
21544,2016-04-30 14,주간,토,1,1,0,0,0,경북,경주시,차대차,기타,기타,신호위반,교차로,교차로내
21545,2016-07-15 16,주간,금,1,1,0,0,0,대구,남구,차대사람,횡단중,횡단중,안전운전 의무 불이행,단일로,기타단일로