교통사고이력ID(사고기록 순서),발생년월일시,주야코드,요일코드,사망자수,부상자수,중상자수,경상자수,부상신고자수,발생지시도코드,발생지시도코드,사고유형대분류코드,사고유형중분류코드,사고유형코드,법규위반코드,도로형태대분류코드,도로로형태코드
21546,2016-09-19 05,야간,월,1,1,0,0,0,경남,김해시,차대사람,횡단중,횡단중,안전운전 의무 불이행,교차로,교차로부근
21547,2016-07-11 22,야간,월,1,1,0,0,0,부산,동래구,차대차,측면충돌,측면충돌,안전운전 의무 불이행,교차로,교차로내
21548,2016-04-25 15,주간,월,1,1,0,0,0,전북,익산시,차대차,측면충돌,측면충돌,안전운전 의무 불이행,단일로,기타단일로
21549,2016-12-23 17,주간,금,1,1,0,0,0,경기,여주시,차대사람,길가장자리구역통행중,길가장자리구역통행중,안전운전 의무 불이행,교차로,교차로내
21550,2016-06-24 21,야간,금,1,1,0,0,0,강원,강릉시,차대사람,횡단중,횡단중,안전운전 의무 불이행,단일로,기타단일로
21551,2016-04-29 00,야간,금,1,2,0,1,0,서울,영등포구,차대사람,횡단중,횡단중,과속,단일로,기타단일로
21552,2016-07-13 18,야간,수,1,1,0,0,0,경기,안성시,차대차,기타,기타,안전운전 의무 불이행,단일로,기타단일로
21553,2016-06-14 13,주간,화,1,1,0,0,0,충남,서산시,차대차,정면충돌,정면충돌,안전운전 의무 불이행,단일로,기타단일로
21554,2016-12-24 18,야간,토,1,1,0,0,0,경기,여주시,차대사람,차도통행중,차도통행중,안전운전 의무 불이행,단일로,기타단일로
21555,2016-06-11 07,주간,토,1,1,0,0,0,제주,서귀포시,차대차,측면충돌,측면충돌,기타,교차로,교차로내
21556,2016-12-09 03,야간,금,1,1,0,0,0,서울,종로구,차대사람,횡단중,횡단중,안전운전 의무 불이행,단일로,기타단일로
21557,2016-05-03 07,주간,화,1,1,0,0,0,부산,부산진구,차대사람,횡단중,횡단중,보행자 보호의무 위반,단일로,횡단보도상
21558,2016-03-28 20,야간,월,1,1,0,0,0,경기,안산시,차대차,측면충돌,측면충돌,기타,교차로,교차로내
21559,2016-04-11 02,야간,월,1,1,0,0,0,경기,용인시,차량단독,공작물충돌,공작물충돌,안전운전 의무 불이행,교차로,교차로부근
21560,2016-04-14 14,주간,목,1,1,0,0,0,광주,광산구,차량단독,전도전복,전도전복,안전운전 의무 불이행,단일로,기타단일로
21561,2016-12-25 10,주간,일,1,1,0,0,0,서울,관악구,차대사람,기타,기타,안전운전 의무 불이행,교차로,교차로부근
21562,2016-08-26 13,주간,금,2,2,0,0,0,울산,울주군,차량단독,전도전복,전도전복,안전운전 의무 불이행,교차로,교차로내
21563,2016-04-11 05,야간,월,1,1,0,0,0,경기,용인시,차대사람,횡단중,횡단중,안전운전 의무 불이행,교차로,교차로내
21564,2016-04-11 04,야간,월,1,1,0,0,0,경기,용인시,차대차,정면충돌,정면충돌,안전운전 의무 불이행,교차로,교차로부근
21565,2016-12-25 17,주간,일,1,1,0,0,0,서울,금천구,차대사람,횡단중,횡단중,안전운전 의무 불이행,단일로,기타단일로
21566,2016-08-26 23,야간,금,1,1,0,0,0,충북,제천시,차대사람,횡단중,횡단중,안전운전 의무 불이행,단일로,기타단일로
21567,2016-06-11 20,야간,토,1,1,0,0,0,경남,거제시,차대사람,횡단중,횡단중,안전운전 의무 불이행,단일로,기타단일로
21568,2016-08-28 22,야간,일,1,1,0,0,0,서울,성북구,차량단독,공작물충돌,공작물충돌,안전운전 의무 불이행,단일로,기타단일로
21569,2016-11-14 08,주간,월,1,1,0,0,0,경북,영천시,차대사람,횡단중,횡단중,안전운전 의무 불이행,단일로,기타단일로
21570,2016-05-28 15,주간,토,1,1,0,0,0,전남,여수시,차량단독,기타,기타,안전운전 의무 불이행,교차로,교차로부근
21571,2016-07-11 04,야간,월,1,1,0,0,0,부산,사하구,차량단독,도로이탈,도로이탈 기타,안전운전 의무 불이행,단일로,기타단일로
21572,2016-11-18 17,주간,금,1,1,0,0,0,경북,김천시,차대사람,횡단중,횡단중,보행자 보호의무 위반,교차로,교차로부근
21573,2016-09-27 06,주간,화,1,1,0,0,0,서울,성동구,차대사람,횡단중,횡단중,안전운전 의무 불이행,단일로,기타단일로
21574,2016-10-27 23,야간,목,1,1,0,0,0,경남,창원시(통합),차대차,측면충돌,측면충돌,신호위반,교차로,교차로내
21575,2016-08-12 00,야간,금,1,1,0,0,0,인천,계양구,차대사람,횡단중,횡단중,안전운전 의무 불이행,단일로,기타단일로
21576,2016-07-31 22,야간,일,1,1,0,0,0,부산,북구,차대차,정면충돌,정면충돌,중앙선 침범,단일로,횡단보도상
21577,2016-07-21 22,야간,목,1,1,0,0,0,서울,강북구,차대사람,기타,기타,안전운전 의무 불이행,기타/불명,기타/불명
21578,2016-08-21 00,야간,일,2,3,1,0,0,대구,달성군,차대차,추돌,진행중 추돌,과속,단일로,기타단일로
21579,2016-04-30 10,주간,토,1,1,0,0,0,경기,김포시,차량단독,전도전복,전도전복,안전운전 의무 불이행,단일로,기타단일로
21580,2016-05-08 10,주간,일,1,1,0,0,0,충북,청주시,차량단독,전도전복,전도전복,안전운전 의무 불이행,단일로,기타단일로
21581,2016-09-23 11,주간,금,1,1,0,0,0,경남,김해시,차대차,추돌,진행중 추돌,안전운전 의무 불이행,단일로,기타단일로
21582,2016-11-17 18,야간,목,1,1,0,0,0,경북,영천시,차대사람,횡단중,횡단중,안전운전 의무 불이행,교차로,교차로내
21583,2016-04-16 08,주간,토,1,2,0,1,0,제주,제주시,차대차,측면충돌,측면충돌,신호위반,교차로,교차로내
21584,2016-07-26 21,야간,화,1,2,1,0,0,경기,양주시,차대차,정면충돌,정면충돌,중앙선 침범,단일로,기타단일로
21585,2016-05-23 10,주간,월,1,1,0,0,0,울산,남구,차대사람,횡단중,횡단중,신호위반,교차로,교차로내
21586,2016-10-16 01,야간,일,1,1,0,0,0,경남,창원시(통합),차대사람,횡단중,횡단중,안전운전 의무 불이행,단일로,횡단보도상
21587,2016-04-02 15,주간,토,1,5,4,0,0,경기,남양주시,차대차,추돌,진행중 추돌,안전운전 의무 불이행,단일로,기타단일로
21588,2016-10-21 06,주간,금,1,1,0,0,0,경남,창원시(통합),차량단독,전도전복,전도전복,안전운전 의무 불이행,단일로,기타단일로
21589,2016-06-01 04,야간,수,1,1,0,0,0,전남,여수시,차대사람,횡단중,횡단중,안전운전 의무 불이행,단일로,횡단보도상
21590,2016-07-13 03,야간,수,1,1,0,0,0,경남,김해시,차대사람,기타,기타,안전운전 의무 불이행,교차로,교차로내
21591,2016-04-22 21,야간,금,1,2,1,0,0,경북,경산시,차대차,기타,기타,안전운전 의무 불이행,단일로,기타단일로
21592,2016-12-12 16,주간,월,1,1,0,0,0,충남,논산시,차량단독,전도전복,전도전복,안전운전 의무 불이행,교차로,교차로내
21593,2016-10-23 16,주간,일,1,1,0,0,0,전남,광양시,차대차,추돌,진행중 추돌,안전운전 의무 불이행,단일로,기타단일로
21594,2016-12-21 21,야간,수,1,1,0,0,0,서울,종로구,차대사람,차도통행중,차도통행중,안전운전 의무 불이행,단일로,기타단일로
21595,2016-06-06 02,야간,월,1,1,0,0,0,전북,전주시,차대사람,횡단중,횡단중,안전운전 의무 불이행,교차로,교차로내
21596,2016-12-17 18,야간,토,1,1,0,0,0,경기,양평군,차대차,기타,기타,중앙선 침범,단일로,기타단일로
21597,2016-11-23 10,주간,수,1,2,1,0,0,경북,영천시,차대차,추돌,진행중 추돌,안전운전 의무 불이행,단일로,기타단일로
21598,2016-10-06 06,주간,목,1,1,0,0,0,강원,속초시,차대차,측면충돌,측면충돌,안전운전 의무 불이행,교차로,교차로내
21599,2016-11-28 23,야간,월,1,1,0,0,0,경북,김천시,차량단독,기타,기타,안전운전 의무 불이행,단일로,기타단일로
21600,2016-12-19 06,주간,월,1,1,0,0,0,경기,양평군,차대사람,횡단중,횡단중,보행자 보호의무 위반,단일로,횡단보도상
21601,2016-05-05 04,야간,목,1,1,0,0,0,경북,경주시,차대차,기타,기타,안전운전 의무 불이행,단일로,기타단일로
21602,2016-05-03 21,야간,화,1,1,0,0,0,서울,영등포구,차대사람,기타,기타,안전운전 의무 불이행,단일로,기타단일로
21603,2016-09-30 11,주간,금,1,1,0,0,0,경남,통영시,차대사람,횡단중,횡단중,신호위반,교차로,교차로내
21604,2016-12-22 19,야간,목,1,1,0,0,0,강원,동해시,차량단독,전도전복,전도전복,안전운전 의무 불이행,단일로,기타단일로
21605,2016-12-24 00,야간,토,1,1,0,0,0,서울,종로구,차대사람,기타,기타,안전운전 의무 불이행,교차로,교차로부근
21606,2016-12-19 03,야간,월,1,1,0,0,0,충남,논산시,차대사람,횡단중,횡단중,안전운전 의무 불이행,단일로,기타단일로
21607,2016-10-26 11,주간,수,1,1,0,0,0,전남,광양시,차량단독,전도전복,전도전복,안전운전 의무 불이행,교차로,교차로부근
21608,2016-04-01 00,야간,금,1,1,0,0,0,경기,안산시,차대사람,횡단중,횡단중,과속,단일로,기타단일로
21609,2016-04-01 03,야간,금,1,1,0,0,0,경기,안산시,차대사람,횡단중,횡단중,안전운전 의무 불이행,교차로,교차로내
21610,2016-11-27 06,주간,일,2,2,0,0,0,경북,영천시,차대사람,기타,기타,안전운전 의무 불이행,단일로,기타단일로
21611,2016-07-24 03,야간,일,1,1,0,0,0,경기,이천시,차량단독,공작물충돌,공작물충돌,안전운전 의무 불이행,교차로,교차로부근
21612,2016-05-24 22,야간,화,1,1,0,0,0,부산,남구,차대사람,횡단중,횡단중,신호위반,단일로,횡단보도상
21613,2016-04-18 17,주간,월,2,2,0,0,0,제주,제주시,차대차,정면충돌,정면충돌,과속,교차로,교차로내
21614,2016-06-18 16,주간,토,1,1,0,0,0,제주,서귀포시,차대차,측면충돌,측면충돌,기타,교차로,교차로내
21615,2016-05-04 11,주간,수,1,2,1,0,0,경기,김포시,차대사람,횡단중,횡단중,안전운전 의무 불이행,교차로,교차로내
21616,2016-05-11 06,주간,수,1,1,0,0,0,경기,화성시,차량단독,공작물충돌,공작물충돌,안전운전 의무 불이행,단일로,기타단일로
21617,2016-05-26 20,야간,목,1,1,0,0,0,울산,남구,차대차,측면충돌,측면충돌,신호위반,교차로,교차로내
21618,2016-11-04 02,야간,금,1,1,0,0,0,경남,창원시(통합),차대사람,횡단중,횡단중,과속,교차로,교차로부근
21619,2016-09-23 21,야간,금,1,1,0,0,0,광주,남구,차대사람,횡단중,횡단중,안전운전 의무 불이행,단일로,기타단일로
21620,2016-10-29 18,야간,토,1,2,0,1,0,전남,광양시,차대차,측면충돌,측면충돌,교차로 통행방법 위반,교차로,교차로내
21621,2016-06-01 03,야간,수,1,2,0,0,1,서울,마포구,차대차,측면충돌,측면충돌,신호위반,교차로,교차로내
21622,2016-12-27 21,야간,화,1,4,0,2,1,강원,동해시,차대차,측면충돌,측면충돌,중앙선 침범,단일로,기타단일로
21623,2016-03-28 13,주간,월,1,1,0,0,0,대구,수성구,차대사람,차도통행중,차도통행중,안전운전 의무 불이행,단일로,기타단일로
21624,2016-05-15 04,야간,일,1,1,0,0,0,경기,고양시,차량단독,전도전복,전도전복,안전운전 의무 불이행,단일로,횡단보도상
21625,2016-06-21 00,야간,화,1,1,0,0,0,대구,북구,차량단독,전도전복,전도전복,안전운전 의무 불이행,단일로,기타단일로
21626,2016-06-09 12,주간,목,1,1,0,0,0,전북,전주시,차대차,측면충돌,측면충돌,중앙선 침범,교차로,교차로내
21627,2016-03-28 16,주간,월,2,2,0,0,0,대구,수성구,차량단독,전도전복,전도전복,안전운전 의무 불이행,단일로,기타단일로
21628,2016-05-12 03,야간,목,1,1,0,0,0,경기,화성시,차량단독,전도전복,전도전복,안전운전 의무 불이행,단일로,기타단일로
21629,2016-09-05 16,주간,월,1,1,0,0,0,인천,부평구,차대사람,횡단중,횡단중,안전운전 의무 불이행,단일로,기타단일로
21630,2016-04-16 19,야간,토,1,1,0,0,0,강원,원주시,차대사람,횡단중,횡단중,과속,단일로,기타단일로
21631,2016-04-05 20,야간,화,1,2,0,1,0,경기,남양주시,차대차,추돌,진행중 추돌,안전운전 의무 불이행,단일로,기타단일로
21632,2016-04-12 11,주간,화,1,3,0,2,0,충북,청주시,차대차,추돌,진행중 추돌,과속,단일로,기타단일로
21633,2016-12-26 07,주간,월,1,1,0,0,0,경기,양평군,차대사람,기타,기타,안전운전 의무 불이행,교차로,교차로내
21634,2016-04-27 21,야간,수,1,1,0,0,0,대구,동구,차대사람,횡단중,횡단중,안전운전 의무 불이행,단일로,기타단일로
21635,2016-07-09 08,주간,토,1,2,1,0,0,강원,강릉시,차대차,측면충돌,측면충돌,안전운전 의무 불이행,교차로,교차로내
21636,2016-06-22 09,주간,수,1,1,0,0,0,충남,천안시,차량단독,전도전복,전도전복,안전운전 의무 불이행,단일로,기타단일로
21637,2016-09-28 02,야간,수,1,1,0,0,0,광주,남구,차대사람,기타,기타,과속,단일로,기타단일로
21638,2016-06-06 06,주간,월,1,1,0,0,0,전남,여수시,차대사람,길가장자리구역통행중,길가장자리구역통행중,안전운전 의무 불이행,단일로,기타단일로
21639,2016-12-07 17,주간,수,1,1,0,0,0,경북,김천시,차대사람,기타,기타,안전운전 의무 불이행,단일로,기타단일로
21640,2016-06-06 14,주간,월,1,1,0,0,0,전남,순천시,차대차,측면충돌,측면충돌,안전운전 의무 불이행,교차로,교차로부근
21641,2016-09-08 05,야간,목,1,1,0,0,0,인천,부평구,차대차,기타,기타,신호위반,교차로,교차로부근
21642,2016-09-01 16,주간,목,1,1,0,0,0,대구,달성군,차대차,추돌,진행중 추돌,안전운전 의무 불이행,단일로,기타단일로
21643,2016-12-01 17,주간,목,1,2,0,1,0,경북,영천시,차대사람,횡단중,횡단중,보행자 보호의무 위반,단일로,기타단일로
21644,2016-04-13 05,야간,수,1,2,0,1,0,충북,청주시,차대차,측면충돌,측면충돌,신호위반,교차로,교차로내
21645,2016-07-21 21,야간,목,1,1,0,0,0,경기,성남시,차량단독,도로이탈,도로이탈 추락,안전운전 의무 불이행,기타/불명,기타/불명
21646,2016-12-02 05,야간,금,1,1,0,0,0,경남,창원시(통합),차량단독,기타,기타,안전운전 의무 불이행,기타/불명,기타/불명
21647,2016-10-14 18,야간,금,1,1,0,0,0,강원,속초시,차대사람,횡단중,횡단중,안전운전 의무 불이행,단일로,기타단일로
21648,2016-07-28 22,야간,목,1,1,0,0,0,경기,이천시,차대사람,기타,기타,안전운전 의무 불이행,단일로,기타단일로
21649,2016-07-08 11,주간,금,1,1,0,0,0,충북,충주시,차대차,기타,기타,안전운전 의무 불이행,교차로,교차로부근
21650,2016-07-10 05,야간,일,1,4,0,3,0,인천,연수구,차대차,추돌,진행중 추돌,중앙선 침범,단일로,고가도로위
21651,2016-06-23 16,주간,목,1,1,0,0,0,경남,거제시,차대차,기타,기타,안전운전 의무 불이행,교차로,교차로내
21652,2016-09-03 04,야간,토,5,5,0,0,0,대구,달성군,차량단독,전도전복,전도전복,과속,단일로,기타단일로
21653,2016-09-21 20,야간,수,1,1,0,0,0,충남,당진시,차대사람,횡단중,횡단중,과속,단일로,기타단일로
21654,2016-11-01 18,야간,화,1,1,0,0,0,경남,창원시(통합),차대사람,횡단중,횡단중,안전운전 의무 불이행,단일로,기타단일로
21655,2016-04-25 01,야간,월,1,4,2,1,0,충남,천안시,차대사람,횡단중,횡단중,안전운전 의무 불이행,단일로,기타단일로
21656,2016-04-04 01,야간,월,1,1,0,0,0,경기,안산시,차대차,추돌,진행중 추돌,과속,단일로,기타단일로
21657,2016-05-18 11,주간,수,1,1,0,0,0,경기,성남시,차대차,기타,기타,안전운전 의무 불이행,단일로,기타단일로
21658,2016-04-17 20,야간,일,1,1,0,0,0,경기,용인시,차대사람,기타,기타,안전운전 의무 불이행,단일로,기타단일로
21659,2016-06-29 04,야간,수,1,1,0,0,0,충남,서산시,차대사람,횡단중,횡단중,안전운전 의무 불이행,단일로,기타단일로
21660,2016-09-13 09,주간,화,1,1,0,0,0,충북,제천시,차대사람,횡단중,횡단중,보행자 보호의무 위반,기타/불명,기타/불명
21661,2016-07-12 13,주간,화,1,1,0,0,0,인천,연수구,차량단독,기타,기타,기타,단일로,기타단일로
21662,2016-06-02 01,야간,목,1,1,0,0,0,울산,남구,차대사람,횡단중,횡단중,안전운전 의무 불이행,교차로,교차로내
21663,2016-07-21 09,주간,목,1,3,2,0,0,경기,성남시,차대차,기타,기타,기타,단일로,기타단일로
21664,2016-06-10 10,주간,금,1,1,0,0,0,전남,순천시,차대사람,차도통행중,차도통행중,안전운전 의무 불이행,교차로,교차로내
21665,2016-04-02 04,야간,토,1,2,0,1,0,인천,남동구,차대차,측면충돌,측면충돌,신호위반,단일로,횡단보도상
21666,2016-04-28 04,야간,목,1,1,0,0,0,경기,의정부시,차대차,추돌,진행중 추돌,안전운전 의무 불이행,단일로,교량위
21667,2016-08-28 19,야간,일,1,1,0,0,0,인천,계양구,차대사람,기타,기타,안전운전 의무 불이행,단일로,기타단일로
21668,2016-08-07 06,주간,일,1,1,0,0,0,인천,동구,차량단독,전도전복,전도전복,안전운전 의무 불이행,단일로,기타단일로
21669,2016-06-22 21,야간,수,1,2,0,1,0,충북,영동군,차대차,추돌,진행중 추돌,안전운전 의무 불이행,단일로,기타단일로
21670,2016-10-18 08,주간,화,1,1,0,0,0,경남,통영시,차대사람,횡단중,횡단중,신호위반,단일로,횡단보도상
21671,2016-08-21 23,야간,일,1,1,0,0,0,부산,금정구,차대사람,기타,기타,안전운전 의무 불이행,기타/불명,기타/불명
21672,2016-08-22 04,야간,월,1,1,0,0,0,부산,금정구,차대사람,횡단중,횡단중,안전운전 의무 불이행,단일로,횡단보도상
21673,2016-07-21 19,야간,목,1,3,2,0,0,대구,중구,차대차,측면충돌,측면충돌,중앙선 침범,교차로,교차로내
21674,2016-09-28 23,야간,수,1,2,1,0,0,충남,당진시,차대차,정면충돌,정면충돌,중앙선 침범,단일로,기타단일로
21675,2016-06-10 12,주간,금,1,1,0,0,0,경기,안양시,차대사람,횡단중,횡단중,안전운전 의무 불이행,기타/불명,기타/불명
21676,2016-05-18 10,주간,수,1,1,0,0,0,경기,화성시,차대사람,차도통행중,차도통행중,안전운전 의무 불이행,단일로,기타단일로
21677,2016-05-12 08,주간,목,1,2,1,0,0,충남,아산시,차대차,정면충돌,정면충돌,중앙선 침범,단일로,기타단일로
21678,2016-05-09 22,야간,월,1,1,0,0,0,인천,남구,차대사람,횡단중,횡단중,안전운전 의무 불이행,단일로,기타단일로
21679,2016-09-14 01,야간,수,1,2,1,0,0,경기,군포시,차대사람,횡단중,횡단중,안전운전 의무 불이행,단일로,기타단일로
21680,2016-11-02 12,주간,수,3,14,6,5,0,충남,보령시,차대차,정면충돌,정면충돌,신호위반,교차로,교차로내
21681,2016-05-20 07,주간,금,1,1,0,0,0,경기,고양시,차량단독,공작물충돌,공작물충돌,안전운전 의무 불이행,단일로,기타단일로
21682,2016-06-26 10,주간,일,1,1,0,0,0,제주,서귀포시,차대차,기타,기타,기타,단일로,기타단일로
21683,2016-10-18 16,주간,화,1,1,0,0,0,경남,김해시,차대차,측면충돌,측면충돌,안전운전 의무 불이행,교차로,교차로내
21684,2016-06-06 17,주간,월,1,3,1,0,1,울산,북구,차대차,측면충돌,측면충돌,안전운전 의무 불이행,교차로,교차로내
21685,2016-06-11 00,야간,토,1,1,0,0,0,경기,안양시,차대사람,횡단중,횡단중,안전운전 의무 불이행,교차로,교차로내
21686,2016-05-12 15,주간,목,1,1,0,0,0,충남,아산시,차량단독,기타,기타,안전운전 의무 불이행,기타/불명,기타/불명
21687,2016-07-30 15,주간,토,1,1,0,0,0,부산,동래구,차대차,측면충돌,측면충돌,기타,단일로,횡단보도상
21688,2016-06-04 16,주간,토,1,3,0,2,0,울산,남구,차대차,측면충돌,측면충돌,중앙선 침범,단일로,기타단일로
21689,2016-05-11 17,주간,수,1,2,0,1,0,서울,영등포구,차대차,정면충돌,정면충돌,안전운전 의무 불이행,단일로,기타단일로
21690,2016-10-23 00,야간,일,1,1,0,0,0,서울,성동구,차대사람,횡단중,횡단중,과속,단일로,기타단일로
21691,2016-05-10 16,주간,화,1,1,0,0,0,제주,제주시,차량단독,공작물충돌,공작물충돌,안전운전 의무 불이행,단일로,기타단일로
21692,2016-11-17 21,야간,목,1,1,0,0,0,경북,칠곡군,차대사람,횡단중,횡단중,안전운전 의무 불이행,단일로,기타단일로
21693,2016-05-23 05,야간,월,1,3,0,1,1,경기,용인시,차대차,추돌,진행중 추돌,안전운전 의무 불이행,단일로,기타단일로
21694,2016-12-16 20,야간,금,1,3,1,1,0,경남,창원시(통합),차대차,측면충돌,측면충돌,안전운전 의무 불이행,단일로,기타단일로
21695,2016-08-04 11,주간,목,1,1,0,0,0,경기,안성시,차대차,추돌,진행중 추돌,안전운전 의무 불이행,단일로,기타단일로
21696,2016-05-21 07,주간,토,1,1,0,0,0,경기,고양시,차량단독,공작물충돌,공작물충돌,안전운전 의무 불이행,단일로,기타단일로
21697,2016-04-11 18,야간,월,1,1,0,0,0,경기,남양주시,차대차,정면충돌,정면충돌,신호위반,교차로,교차로내
21698,2016-08-11 06,주간,목,1,1,0,0,0,서울,강북구,차대사람,횡단중,횡단중,보행자 보호의무 위반,교차로,교차로내
21699,2016-11-07 18,야간,월,1,1,0,0,0,충남,보령시,차대사람,횡단중,횡단중,안전운전 의무 불이행,단일로,기타단일로
21700,2016-05-14 20,야간,토,1,1,0,0,0,경북,경주시,차대사람,길가장자리구역통행중,길가장자리구역통행중,안전운전 의무 불이행,교차로,교차로부근
21701,2016-06-30 17,주간,목,1,1,0,0,0,경남,거제시,차대차,측면충돌,측면충돌,기타,단일로,기타단일로
21702,2016-10-27 21,야간,목,1,1,0,0,0,강원,양양군,차대사람,횡단중,횡단중,안전운전 의무 불이행,교차로,교차로내
21703,2016-06-08 04,야간,수,1,1,0,0,0,대전,서구,차대사람,횡단중,횡단중,안전운전 의무 불이행,교차로,교차로내
21704,2016-06-14 19,야간,화,1,1,0,0,0,전남,순천시,차대사람,기타,기타,안전운전 의무 불이행,단일로,기타단일로
21705,2016-06-13 12,주간,월,1,2,1,0,0,전남,여수시,차대사람,횡단중,횡단중,보행자 보호의무 위반,단일로,기타단일로
21706,2016-11-09 18,야간,수,1,1,0,0,0,충남,보령시,차대사람,차도통행중,차도통행중,안전운전 의무 불이행,단일로,기타단일로
21707,2016-10-07 05,야간,금,1,1,0,0,0,경남,창원시(통합),차대사람,횡단중,횡단중,보행자 보호의무 위반,단일로,기타단일로
21708,2016-05-02 12,주간,월,1,1,0,0,0,경기,의정부시,차대사람,기타,기타,안전운전 의무 불이행,교차로,교차로내
21709,2016-05-05 01,야간,목,1,3,1,1,0,서울,강남구,차대사람,횡단중,횡단중,안전운전 의무 불이행,단일로,기타단일로
21710,2016-05-11 22,야간,수,1,1,0,0,0,전북,군산시,차량단독,전도전복,전도전복,안전운전 의무 불이행,단일로,기타단일로
21711,2016-07-30 05,야간,토,1,1,0,0,0,경남,김해시,차량단독,공작물충돌,공작물충돌,안전운전 의무 불이행,단일로,기타단일로
21712,2016-05-18 04,야간,수,1,1,0,0,0,부산,부산진구,차대사람,기타,기타,안전운전 의무 불이행,단일로,기타단일로
21713,2016-11-07 12,주간,월,1,1,0,0,0,인천,부평구,차대사람,기타,기타,안전운전 의무 불이행,단일로,횡단보도상
21714,2016-05-25 03,야간,수,2,10,1,5,2,경기,화성시,차대차,측면충돌,측면충돌,안전운전 의무 불이행,단일로,기타단일로
21715,2016-08-07 05,야간,일,1,2,1,0,0,경기,안성시,차량단독,기타,기타,안전운전 의무 불이행,단일로,기타단일로
21716,2016-06-03 22,야간,금,2,3,1,0,0,대구,북구,차대사람,기타,기타,보행자 보호의무 위반,단일로,기타단일로
21717,2016-05-18 10,주간,수,1,2,1,0,0,부산,부산진구,차대차,측면충돌,측면충돌,신호위반,교차로,교차로내
21718,2016-10-05 13,주간,수,1,4,2,1,0,충남,당진시,차대차,추돌,진행중 추돌,안전운전 의무 불이행,단일로,기타단일로
21719,2016-12-25 00,야간,일,1,2,1,0,0,경북,영천시,차량단독,공작물충돌,공작물충돌,안전운전 의무 불이행,단일로,기타단일로
21720,2016-06-28 06,주간,화,1,1,0,0,0,대전,대덕구,차대차,추돌,진행중 추돌,안전운전 의무 불이행,기타/불명,기타/불명
21721,2016-04-03 03,야간,일,1,1,0,0,0,대구,수성구,차대차,추돌,진행중 추돌,안전운전 의무 불이행,단일로,기타단일로
21722,2016-11-24 23,야간,목,1,1,0,0,0,전남,광양시,차량단독,전도전복,전도전복,안전운전 의무 불이행,단일로,기타단일로
21723,2016-09-08 19,야간,목,1,1,0,0,0,경기,포천시,차대사람,횡단중,횡단중,과속,단일로,기타단일로
21724,2016-06-11 11,주간,토,1,1,0,0,0,울산,중구,차대사람,횡단중,횡단중,보행자 보호의무 위반,단일로,기타단일로
21725,2016-07-08 17,주간,금,1,1,0,0,0,충남,태안군,차량단독,전도전복,전도전복,안전운전 의무 불이행,단일로,기타단일로
21726,2016-05-18 10,주간,수,1,1,0,0,0,충북,청주시,차대사람,기타,기타,안전운전 의무 불이행,단일로,지하차도(도로)내
21727,2016-06-24 09,주간,금,1,1,0,0,0,전북,전주시,차대사람,횡단중,횡단중,과속,단일로,기타단일로
21728,2016-09-23 02,야간,금,1,4,0,2,1,서울,서대문구,차대사람,횡단중,횡단중,과속,단일로,기타단일로
21729,2016-11-24 08,주간,목,1,1,0,0,0,경남,창원시(통합),차대사람,횡단중,횡단중,안전운전 의무 불이행,교차로,교차로내
21730,2016-11-27 00,야간,일,1,1,0,0,0,경북,칠곡군,차대사람,횡단중,횡단중,안전운전 의무 불이행,단일로,기타단일로
21731,2016-05-10 22,야간,화,1,2,1,0,0,경기,파주시,차량단독,도로이탈,도로이탈 기타,안전운전 의무 불이행,단일로,기타단일로
21732,2016-06-17 23,야간,금,1,1,0,0,0,전남,여수시,차대차,기타,기타,보행자 보호의무 위반,단일로,기타단일로
21733,2016-06-12 12,주간,일,1,2,1,0,0,울산,남구,차량단독,공작물충돌,공작물충돌,안전운전 의무 불이행,단일로,기타단일로
21734,2016-05-28 00,야간,토,1,1,0,0,0,경기,화성시,차대차,기타,기타,안전운전 의무 불이행,단일로,기타단일로
21735,2016-09-10 09,주간,토,1,1,0,0,0,경남,진주시,차대사람,횡단중,횡단중,기타,기타/불명,기타/불명
21736,2016-05-05 12,주간,목,1,1,0,0,0,경북,경산시,차대사람,횡단중,횡단중,안전운전 의무 불이행,교차로,교차로내
21737,2016-06-09 09,주간,목,1,1,0,0,0,강원,춘천시,차대사람,횡단중,횡단중,안전운전 의무 불이행,교차로,교차로부근
21738,2016-06-09 18,야간,목,1,1,0,0,0,강원,춘천시,차대사람,차도통행중,차도통행중,과속,교차로,교차로부근
21739,2016-04-28 04,야간,목,1,1,0,0,0,광주,광산구,차대차,추돌,진행중 추돌,안전운전 의무 불이행,단일로,기타단일로
21740,2016-08-12 21,야간,금,1,1,0,0,0,경기,이천시,차대사람,횡단중,횡단중,보행자 보호의무 위반,단일로,기타단일로
21741,2016-08-22 18,야간,월,1,2,0,1,0,경기,양주시,차대차,측면충돌,측면충돌,안전운전 의무 불이행,교차로,교차로내
21742,2016-09-03 05,야간,토,1,1,0,0,0,부산,북구,차대사람,횡단중,횡단중,안전운전 의무 불이행,단일로,기타단일로
21743,2016-07-23 15,주간,토,1,2,1,0,0,강원,강릉시,차량단독,기타,기타,안전운전 의무 불이행,교차로,교차로부근
21744,2016-06-24 05,야간,금,1,1,0,0,0,서울,강남구,차량단독,기타,기타,안전운전 의무 불이행,단일로,기타단일로