교통사고이력ID(사고기록 순서),발생년월일시,주야코드,요일코드,사망자수,부상자수,중상자수,경상자수,부상신고자수,발생지시도코드,발생지시도코드,사고유형대분류코드,사고유형중분류코드,사고유형코드,법규위반코드,도로형태대분류코드,도로로형태코드
21745,2016-11-05 18,야간,토,1,1,0,0,0,경남,통영시,차대사람,횡단중,횡단중,안전운전 의무 불이행,교차로,교차로내
21746,2016-11-16 11,주간,수,1,1,0,0,0,인천,연수구,차대사람,기타,기타,안전운전 의무 불이행,단일로,기타단일로
21747,2016-11-13 02,야간,일,1,1,0,0,0,경기,부천시,차대차,측면충돌,측면충돌,신호위반,교차로,교차로내
21748,2016-05-02 22,야간,월,1,1,0,0,0,충남,천안시,차대사람,보도통행중,보도통행중,과속,교차로,교차로내
21749,2016-12-28 11,주간,수,1,1,0,0,0,경남,창원시(통합),차대사람,기타,기타,기타,교차로,교차로내
21750,2016-05-28 13,주간,토,1,2,0,1,0,경기,광주시,차대사람,기타,기타,안전운전 의무 불이행,단일로,기타단일로
21751,2016-05-29 23,야간,일,1,1,0,0,0,경기,광주시,차대차,추돌,진행중 추돌,안전운전 의무 불이행,단일로,기타단일로
21752,2016-05-30 02,야간,월,1,1,0,0,0,경기,광주시,차대사람,횡단중,횡단중,신호위반,교차로,교차로부근
21753,2016-05-30 17,주간,월,1,1,0,0,0,대전,동구,차대사람,기타,기타,보행자 보호의무 위반,단일로,기타단일로
21754,2016-08-19 02,야간,금,1,4,3,0,0,인천,옹진군,차량단독,전도전복,전도전복,안전운전 의무 불이행,단일로,기타단일로
21755,2016-07-06 01,야간,수,1,1,0,0,0,경북,포항시,차대사람,횡단중,횡단중,안전운전 의무 불이행,교차로,교차로부근
21756,2016-07-13 12,주간,수,1,3,1,1,0,충남,태안군,차대차,정면충돌,정면충돌,중앙선 침범,단일로,기타단일로
21757,2016-04-25 21,야간,월,1,1,0,0,0,대전,유성구,차량단독,전도전복,전도전복,안전운전 의무 불이행,단일로,기타단일로
21758,2016-06-19 21,야간,일,1,1,0,0,0,서울,양천구,차대차,측면충돌,측면충돌,교차로 통행방법 위반,교차로,교차로내
21759,2016-12-31 02,야간,토,1,1,0,0,0,경남,창원시(통합),차대사람,기타,기타,안전운전 의무 불이행,단일로,기타단일로
21760,2016-10-10 18,야간,월,1,1,0,0,0,서울,도봉구,차대차,측면충돌,측면충돌,신호위반,교차로,교차로내
21761,2016-05-14 15,주간,토,1,1,0,0,0,전북,익산시,차대차,측면충돌,측면충돌,기타,단일로,기타단일로
21762,2016-07-27 06,주간,수,1,1,0,0,0,인천,연수구,차량단독,공작물충돌,공작물충돌,안전운전 의무 불이행,단일로,기타단일로
21763,2016-09-18 20,야간,일,1,1,0,0,0,경남,진주시,차대사람,기타,기타,안전운전 의무 불이행,교차로,교차로내
21764,2016-07-07 13,주간,목,1,1,0,0,0,경북,포항시,차대사람,횡단중,횡단중,안전운전 의무 불이행,단일로,기타단일로
21765,2016-05-09 13,주간,월,1,1,0,0,0,경북,경산시,차대사람,횡단중,횡단중,안전운전 의무 불이행,교차로,교차로내
21766,2016-04-17 01,야간,일,1,3,2,0,0,경기,남양주시,차대차,정면충돌,정면충돌,중앙선 침범,기타/불명,기타/불명
21767,2016-10-02 22,야간,일,1,1,0,0,0,충북,제천시,차대사람,횡단중,횡단중,과속,단일로,기타단일로
21768,2016-08-21 06,주간,일,1,1,0,0,0,경기,이천시,차량단독,공작물충돌,공작물충돌,안전운전 의무 불이행,교차로,교차로내
21769,2016-04-14 16,주간,목,1,2,0,1,0,경북,구미시,차대사람,횡단중,횡단중,기타,단일로,기타단일로
21770,2016-04-19 18,야간,화,1,2,0,1,0,광주,북구,차대차,측면충돌,측면충돌,교차로 통행방법 위반,교차로,교차로내
21771,2016-07-29 07,주간,금,1,1,0,0,0,강원,강릉시,차대차,기타,기타,안전운전 의무 불이행,단일로,기타단일로
21772,2016-10-11 04,야간,화,1,1,0,0,0,울산,울주군,차대사람,차도통행중,차도통행중,안전운전 의무 불이행,단일로,기타단일로
21773,2016-08-21 21,야간,일,1,1,0,0,0,경기,이천시,차량단독,전도전복,전도전복,안전운전 의무 불이행,단일로,기타단일로
21774,2016-07-28 11,주간,목,1,1,0,0,0,충북,충주시,차량단독,전도전복,전도전복,안전운전 의무 불이행,단일로,교량위
21775,2016-06-14 18,야간,화,1,1,0,0,0,강원,춘천시,차대차,추돌,진행중 추돌,안전운전 의무 불이행,단일로,기타단일로
21776,2016-11-11 21,야간,금,1,2,1,0,0,서울,성동구,차대사람,보도통행중,보도통행중,중앙선 침범,단일로,횡단보도상
21777,2016-05-24 01,야간,화,1,1,0,0,0,충북,청주시,차대차,기타,기타,안전운전 의무 불이행,단일로,기타단일로
21778,2016-05-07 03,야간,토,1,1,0,0,0,충남,천안시,차대사람,기타,기타,보행자 보호의무 위반,교차로,교차로내
21779,2016-11-23 15,주간,수,1,1,0,0,0,경기,부천시,차대사람,횡단중,횡단중,안전운전 의무 불이행,단일로,기타단일로
21780,2016-06-22 16,주간,수,1,1,0,0,0,서울,마포구,차대사람,차도통행중,차도통행중,안전운전 의무 불이행,단일로,기타단일로
21781,2016-12-15 04,야간,목,1,1,0,0,0,경남,창원시(통합),차량단독,기타,기타,안전운전 의무 불이행,단일로,기타단일로
21782,2016-05-03 16,주간,화,1,1,0,0,0,서울,동대문구,차대사람,횡단중,횡단중,안전운전 의무 불이행,교차로,교차로부근
21783,2016-10-06 00,야간,목,1,1,0,0,0,충북,제천시,차대사람,기타,기타,안전운전 의무 불이행,단일로,기타단일로
21784,2016-06-04 15,주간,토,1,1,0,0,0,대구,서구,차대차,측면충돌,측면충돌,신호위반,교차로,교차로내
21785,2016-06-25 18,야간,토,1,1,0,0,0,전남,순천시,차대사람,길가장자리구역통행중,길가장자리구역통행중,안전운전 의무 불이행,교차로,교차로부근
21786,2016-05-10 05,야간,화,1,1,0,0,0,대전,서구,차대차,측면충돌,측면충돌,안전운전 의무 불이행,교차로,교차로내
21787,2016-08-21 01,야간,일,1,1,0,0,0,경기,안성시,차량단독,공작물충돌,공작물충돌,안전운전 의무 불이행,교차로,교차로부근
21788,2016-12-12 13,주간,월,1,1,0,0,0,경남,창원시(통합),차대차,측면충돌,측면충돌,중앙선 침범,교차로,교차로부근
21789,2016-10-07 19,야간,금,1,1,0,0,0,서울,서대문구,차대사람,기타,기타,안전운전 의무 불이행,단일로,횡단보도부근
21790,2016-05-24 20,야간,화,1,1,0,0,0,충북,청주시,차대사람,기타,기타,과속,단일로,기타단일로
21791,2016-07-31 09,주간,일,1,1,0,0,0,강원,강릉시,차대사람,횡단중,횡단중,안전운전 의무 불이행,교차로,교차로부근
21792,2016-07-30 20,야간,토,1,1,0,0,0,서울,동작구,차대사람,횡단중,횡단중,안전운전 의무 불이행,단일로,기타단일로
21793,2016-08-28 12,주간,일,1,2,1,0,0,경북,안동시,차량단독,공작물충돌,공작물충돌,안전운전 의무 불이행,단일로,기타단일로
21794,2016-12-02 17,주간,금,1,1,0,0,0,충남,보령시,차대차,추돌,진행중 추돌,안전운전 의무 불이행,단일로,기타단일로
21795,2016-12-01 11,주간,목,1,3,0,2,0,경기,고양시,차대차,추돌,진행중 추돌,안전운전 의무 불이행,단일로,기타단일로
21796,2016-10-07 13,주간,금,1,1,0,0,0,경기,하남시,차대차,기타,기타,중앙선 침범,교차로,교차로부근
21797,2016-07-30 17,주간,토,1,1,0,0,0,충북,충주시,차량단독,전도전복,전도전복,안전운전 의무 불이행,단일로,기타단일로
21798,2016-12-02 07,주간,금,1,2,1,0,0,인천,연수구,차대차,추돌,진행중 추돌,안전운전 의무 불이행,단일로,고가도로위
21799,2016-10-07 22,야간,금,1,1,0,0,0,경기,하남시,차대사람,횡단중,횡단중,안전운전 의무 불이행,단일로,기타단일로
21800,2016-07-30 17,주간,토,1,1,0,0,0,충북,충주시,차대차,측면충돌,측면충돌,교차로 통행방법 위반,교차로,교차로내
21801,2016-12-02 08,주간,금,1,4,2,1,0,인천,남구,차대차,추돌,진행중 추돌,안전운전 의무 불이행,단일로,기타단일로
21802,2016-04-22 06,주간,금,1,1,0,0,0,경기,화성시,차량단독,전도전복,전도전복,안전운전 의무 불이행,단일로,기타단일로
21803,2016-10-08 14,주간,토,1,1,0,0,0,서울,서대문구,차대사람,횡단중,횡단중,안전운전 의무 불이행,단일로,기타단일로
21804,2016-10-10 06,주간,월,1,1,0,0,0,충북,제천시,차대사람,횡단중,횡단중,안전운전 의무 불이행,기타/불명,기타/불명
21805,2016-05-05 13,주간,목,1,1,0,0,0,제주,제주시,차대차,정면충돌,정면충돌,교차로 통행방법 위반,교차로,교차로내
21806,2016-07-12 02,야간,화,1,1,0,0,0,제주,서귀포시,차량단독,전도전복,전도전복,안전운전 의무 불이행,교차로,교차로부근
21807,2016-05-23 08,주간,월,1,1,0,0,0,인천,남구,차대사람,횡단중,횡단중,신호위반,교차로,교차로부근
21808,2016-09-05 06,주간,월,1,3,0,2,0,경기,양주시,차대차,추돌,진행중 추돌,안전운전 의무 불이행,교차로,교차로부근
21809,2016-12-16 16,주간,금,1,1,0,0,0,경남,창원시(통합),차대사람,횡단중,횡단중,안전운전 의무 불이행,교차로,교차로부근
21810,2016-07-09 02,야간,토,1,2,1,0,0,전북,전주시,차량단독,전도전복,전도전복,안전운전 의무 불이행,단일로,기타단일로
21811,2016-10-20 06,주간,목,1,1,0,0,0,인천,부평구,차대사람,기타,기타,안전운전 의무 불이행,교차로,교차로부근
21812,2016-06-18 02,야간,토,1,1,0,0,0,경북,포항시,차대사람,횡단중,횡단중,신호위반,교차로,교차로부근
21813,2016-12-05 23,야간,월,1,2,1,0,0,경기,시흥시,차대차,정면충돌,정면충돌,중앙선 침범,단일로,기타단일로
21814,2016-04-14 23,야간,목,1,1,0,0,0,인천,남동구,차대사람,횡단중,횡단중,안전운전 의무 불이행,단일로,횡단보도상
21815,2016-09-03 01,야간,토,1,1,0,0,0,서울,광진구,차대사람,횡단중,횡단중,안전운전 의무 불이행,단일로,기타단일로
21816,2016-11-01 14,주간,화,1,3,2,0,0,경남,창원시(통합),차대차,측면충돌,측면충돌,중앙선 침범,단일로,기타단일로
21817,2016-12-15 14,주간,목,1,1,0,0,0,경기,부천시,차대차,추돌,진행중 추돌,안전운전 의무 불이행,단일로,기타단일로
21818,2016-07-19 06,주간,화,1,1,0,0,0,경남,거제시,차량단독,공작물충돌,공작물충돌,안전운전 의무 불이행,단일로,기타단일로
21819,2016-10-15 16,주간,토,1,1,0,0,0,대구,달성군,차량단독,전도전복,전도전복,안전운전 의무 불이행,교차로,교차로부근
21820,2016-06-19 22,야간,일,1,1,0,0,0,부산,수영구,차대사람,차도통행중,차도통행중,안전운전 의무 불이행,교차로,교차로부근
21821,2016-10-16 13,주간,일,1,1,0,0,0,대구,달성군,차량단독,전도전복,전도전복,안전운전 의무 불이행,단일로,기타단일로
21822,2016-12-27 05,야간,화,1,1,0,0,0,전남,광양시,차대사람,횡단중,횡단중,안전운전 의무 불이행,단일로,기타단일로
21823,2016-10-24 02,야간,월,1,1,0,0,0,서울,도봉구,차대사람,차도통행중,차도통행중,안전운전 의무 불이행,교차로,교차로부근
21824,2016-08-26 00,야간,금,1,2,1,0,0,경기,안성시,차대사람,횡단중,횡단중,보행자 보호의무 위반,교차로,교차로내
21825,2016-06-06 13,주간,월,1,1,0,0,0,전북,전주시,차대차,측면충돌,측면충돌,신호위반,교차로,교차로부근
21826,2016-09-02 23,야간,금,1,1,0,0,0,부산,사상구,차대사람,횡단중,횡단중,안전운전 의무 불이행,교차로,교차로부근
21827,2016-09-05 11,주간,월,1,1,0,0,0,대구,남구,차대사람,횡단중,횡단중,안전운전 의무 불이행,단일로,기타단일로
21828,2016-05-27 13,주간,금,1,1,0,0,0,대구,달서구,차량단독,기타,기타,안전운전 의무 불이행,단일로,기타단일로
21829,2016-12-29 23,야간,목,1,1,0,0,0,전남,광양시,차량단독,전도전복,전도전복,안전운전 의무 불이행,단일로,기타단일로
21830,2016-07-02 16,주간,토,1,1,0,0,0,전남,신안군,차대사람,횡단중,횡단중,안전운전 의무 불이행,단일로,기타단일로
21831,2016-12-01 14,주간,목,1,2,0,1,0,경남,통영시,차대차,추돌,진행중 추돌,보행자 보호의무 위반,교차로,교차로부근
21832,2016-08-23 03,야간,화,1,2,1,0,0,부산,동래구,차대차,측면충돌,측면충돌,신호위반,교차로,교차로내
21833,2016-06-26 03,야간,일,1,1,0,0,0,울산,북구,차량단독,공작물충돌,공작물충돌,안전운전 의무 불이행,교차로,교차로부근
21834,2016-09-28 11,주간,수,1,1,0,0,0,인천,계양구,차량단독,공작물충돌,공작물충돌,안전운전 의무 불이행,단일로,기타단일로
21835,2016-07-24 05,야간,일,1,2,1,0,0,충남,천안시,차량단독,전도전복,전도전복,안전운전 의무 불이행,교차로,교차로부근
21836,2016-08-04 11,주간,목,1,6,4,1,0,경기,용인시,차대사람,기타,기타,기타,단일로,기타단일로
21837,2016-07-22 14,주간,금,1,1,0,0,0,경남,거제시,차대차,정면충돌,정면충돌,중앙선 침범,단일로,기타단일로
21838,2016-04-17 17,주간,일,1,1,0,0,0,인천,남동구,차대차,정면충돌,정면충돌,신호위반,교차로,교차로내
21839,2016-06-04 21,야간,토,1,2,1,0,0,경기,화성시,차대차,추돌,진행중 추돌,안전운전 의무 불이행,단일로,기타단일로
21840,2016-07-15 02,야간,금,1,1,0,0,0,서울,용산구,차대차,기타,기타,신호위반,교차로,교차로내
21841,2016-06-11 09,주간,토,1,2,0,1,0,대전,동구,차대차,측면충돌,측면충돌,신호위반,교차로,교차로내
21842,2016-04-23 15,주간,토,1,3,0,1,1,서울,송파구,차대차,정면충돌,정면충돌,과속,교차로,교차로내
21843,2016-07-26 11,주간,화,1,3,1,1,0,충남,태안군,차대차,측면충돌,측면충돌,기타,교차로,교차로내
21844,2016-09-06 01,야간,화,2,2,0,0,0,부산,사상구,차대차,추돌,진행중 추돌,안전운전 의무 불이행,단일로,기타단일로
21845,2016-09-07 21,야간,수,1,1,0,0,0,대구,남구,차대사람,횡단중,횡단중,안전운전 의무 불이행,단일로,횡단보도상
21846,2016-12-15 02,야간,목,1,5,2,2,0,경기,부천시,차대차,정면충돌,정면충돌,중앙선 침범,단일로,기타단일로
21847,2016-09-28 01,야간,수,1,1,0,0,0,서울,구로구,차대사람,횡단중,횡단중,안전운전 의무 불이행,교차로,교차로부근
21848,2016-07-27 15,주간,수,1,2,1,0,0,경기,수원시,차대차,기타,기타,안전운전 의무 불이행,교차로,교차로내
21849,2016-07-21 03,야간,목,2,2,0,0,0,대전,대덕구,차대사람,기타,기타,안전운전 의무 불이행,단일로,기타단일로
21850,2016-05-29 17,주간,일,1,1,0,0,0,충남,아산시,차대차,추돌,진행중 추돌,중앙선 침범,단일로,기타단일로
21851,2016-12-15 00,야간,목,1,2,0,0,1,인천,남구,차대차,추돌,진행중 추돌,안전운전 의무 불이행,단일로,기타단일로
21852,2016-05-05 00,야간,목,1,1,0,0,0,대구,달서구,차대차,기타,기타,안전운전 의무 불이행,단일로,기타단일로
21853,2016-06-07 23,야간,화,1,2,1,0,0,경기,화성시,차대차,정면충돌,정면충돌,중앙선 침범,단일로,고가도로위
21854,2016-10-09 23,야간,일,1,1,0,0,0,경기,포천시,차대사람,횡단중,횡단중,안전운전 의무 불이행,단일로,기타단일로
21855,2016-07-27 16,주간,수,1,1,0,0,0,충남,천안시,차대차,측면충돌,측면충돌,중앙선 침범,단일로,기타단일로
21856,2016-06-08 08,주간,수,1,2,1,0,0,경기,화성시,차대사람,기타,기타,안전운전 의무 불이행,단일로,기타단일로
21857,2016-08-18 01,야간,목,1,1,0,0,0,서울,관악구,차대사람,횡단중,횡단중,신호위반,교차로,교차로내
21858,2016-07-28 07,주간,목,1,2,1,0,0,충남,서산시,차대차,측면충돌,측면충돌,신호위반,교차로,교차로내
21859,2016-07-22 04,야간,금,1,1,0,0,0,충북,영동군,차대차,추돌,진행중 추돌,안전운전 의무 불이행,단일로,기타단일로
21860,2016-06-01 18,야간,수,1,1,0,0,0,경북,경주시,차량단독,공작물충돌,공작물충돌,안전운전 의무 불이행,단일로,기타단일로
21861,2016-09-10 02,야간,토,1,1,0,0,0,대구,남구,차대사람,횡단중,횡단중,안전운전 의무 불이행,단일로,기타단일로
21862,2016-08-25 10,주간,목,1,1,0,0,0,경기,성남시,차대사람,횡단중,횡단중,과속,교차로,교차로부근
21863,2016-07-06 16,주간,수,1,1,0,0,0,서울,양천구,차대사람,차도통행중,차도통행중,안전운전 의무 불이행,단일로,기타단일로
21864,2016-07-05 07,주간,화,1,1,0,0,0,전남,순천시,차량단독,기타,기타,안전운전 의무 불이행,교차로,교차로부근
21865,2016-05-24 07,주간,화,1,8,3,4,0,경기,파주시,차대차,정면충돌,정면충돌,중앙선 침범,단일로,기타단일로
21866,2016-04-11 20,야간,월,1,1,0,0,0,경기,수원시,차대차,기타,기타,안전운전 의무 불이행,단일로,기타단일로
21867,2016-05-16 11,주간,월,1,1,0,0,0,충남,천안시,차대사람,기타,기타,안전운전 의무 불이행,기타/불명,기타/불명
21868,2016-12-10 09,주간,토,1,1,0,0,0,경남,통영시,차량단독,전도전복,전도전복,안전운전 의무 불이행,교차로,교차로내
21869,2016-08-29 07,주간,월,1,1,0,0,0,부산,동래구,차대사람,차도통행중,차도통행중,안전운전 의무 불이행,교차로,교차로내
21870,2016-05-29 16,주간,일,1,1,0,0,0,전북,군산시,차량단독,전도전복,전도전복,안전운전 의무 불이행,단일로,기타단일로
21871,2016-06-11 11,주간,토,1,4,3,0,0,경기,고양시,차대사람,기타,기타,안전운전 의무 불이행,단일로,기타단일로
21872,2016-11-30 15,주간,수,1,1,0,0,0,경남,김해시,차대차,측면충돌,측면충돌,교차로 통행방법 위반,교차로,교차로내
21873,2016-06-15 01,야간,수,1,2,0,1,0,경기,화성시,차대차,추돌,진행중 추돌,안전운전 의무 불이행,단일로,기타단일로
21874,2016-05-05 09,주간,목,1,1,0,0,0,대전,유성구,차대차,기타,기타,안전운전 의무 불이행,교차로,교차로부근
21875,2016-10-20 04,야간,목,1,1,0,0,0,서울,서대문구,차대사람,차도통행중,차도통행중,안전운전 의무 불이행,교차로,교차로내
21876,2016-07-19 16,주간,화,1,1,0,0,0,서울,강동구,차대사람,횡단중,횡단중,보행자 보호의무 위반,교차로,교차로내
21877,2016-05-07 12,주간,토,1,5,0,4,0,강원,원주시,차대차,정면충돌,정면충돌,안전운전 의무 불이행,교차로,교차로내
21878,2016-08-26 16,주간,금,1,1,0,0,0,부산,연제구,차대차,기타,기타,기타,교차로,교차로부근
21879,2016-09-11 19,야간,일,1,1,0,0,0,서울,강북구,차대사람,기타,기타,안전운전 의무 불이행,단일로,기타단일로
21880,2016-04-24 19,야간,일,1,1,0,0,0,경기,시흥시,차량단독,공작물충돌,공작물충돌,안전운전 의무 불이행,단일로,기타단일로
21881,2016-07-08 00,야간,금,1,1,0,0,0,서울,중랑구,차량단독,공작물충돌,공작물충돌,안전운전 의무 불이행,단일로,기타단일로
21882,2016-12-03 12,주간,토,1,2,0,1,0,경남,김해시,차대차,측면충돌,측면충돌,중앙선 침범,교차로,교차로부근
21883,2016-07-03 22,야간,일,1,1,0,0,0,울산,남구,차대사람,횡단중,횡단중,안전운전 의무 불이행,교차로,교차로부근
21884,2016-09-19 09,주간,월,1,1,0,0,0,경기,양주시,차대사람,횡단중,횡단중,안전운전 의무 불이행,단일로,횡단보도부근
21885,2016-05-22 02,야간,일,1,1,0,0,0,인천,서구,차량단독,전도전복,전도전복,중앙선 침범,단일로,기타단일로
21886,2016-11-01 10,주간,화,1,1,0,0,0,대구,달성군,차대사람,횡단중,횡단중,안전운전 의무 불이행,단일로,기타단일로
21887,2016-09-13 14,주간,화,1,2,0,1,0,서울,강북구,차대사람,횡단중,횡단중,안전운전 의무 불이행,단일로,기타단일로
21888,2016-08-02 10,주간,화,1,1,0,0,0,충남,서산시,차대차,측면충돌,측면충돌,기타,단일로,기타단일로
21889,2016-10-04 08,주간,화,1,1,0,0,0,부산,북구,차대사람,횡단중,횡단중,안전운전 의무 불이행,단일로,횡단보도상
21890,2016-12-13 00,야간,화,1,1,0,0,0,강원,양양군,차량단독,공작물충돌,공작물충돌,안전운전 의무 불이행,기타/불명,기타/불명
21891,2016-04-26 16,주간,화,1,2,1,0,0,경기,시흥시,차대차,측면충돌,측면충돌,기타,교차로,교차로내
21892,2016-07-23 01,야간,토,1,1,0,0,0,서울,강동구,차량단독,전도전복,전도전복,중앙선 침범,단일로,기타단일로
21893,2016-05-20 12,주간,금,1,2,1,0,0,대구,동구,차대차,측면충돌,측면충돌,신호위반,교차로,교차로내
21894,2016-05-19 21,야간,목,1,7,0,6,0,경기,안산시,차대차,추돌,진행중 추돌,신호위반,교차로,교차로내
21895,2016-07-12 14,주간,화,1,1,0,0,0,전남,목포시,차대사람,횡단중,횡단중,안전운전 의무 불이행,교차로,교차로부근
21896,2016-10-06 05,야간,목,1,2,0,1,0,서울,구로구,차대차,정면충돌,정면충돌,중앙선 침범,단일로,기타단일로
21897,2016-07-04 23,야간,월,1,1,0,0,0,서울,서초구,차대사람,기타,기타,안전운전 의무 불이행,단일로,기타단일로
21898,2016-05-23 19,야간,월,1,1,0,0,0,경북,경산시,차대사람,횡단중,횡단중,과속,단일로,기타단일로
21899,2016-05-09 13,주간,월,1,3,0,2,0,경기,용인시,차대차,추돌,진행중 추돌,안전운전 의무 불이행,교차로,교차로부근
21900,2016-06-15 23,야간,수,1,1,0,0,0,경기,광주시,차대사람,기타,기타,안전운전 의무 불이행,단일로,기타단일로
21901,2016-07-06 23,야간,수,1,1,0,0,0,울산,남구,차대사람,기타,기타,안전운전 의무 불이행,단일로,기타단일로
21902,2016-07-11 02,야간,월,1,1,0,0,0,전남,여수시,차대사람,횡단중,횡단중,안전운전 의무 불이행,단일로,기타단일로
21903,2016-07-29 04,야간,금,1,1,0,0,0,충남,논산시,차대차,추돌,진행중 추돌,안전운전 의무 불이행,단일로,기타단일로
21904,2016-05-21 04,야간,토,1,1,0,0,0,대전,서구,차대사람,횡단중,횡단중,안전운전 의무 불이행,단일로,기타단일로
21905,2016-07-28 08,주간,목,1,1,0,0,0,경북,포항시,차대차,기타,기타,안전운전 의무 불이행,교차로,교차로내
21906,2016-04-28 03,야간,목,1,3,2,0,0,경기,시흥시,차대차,정면충돌,정면충돌,신호위반,교차로,교차로내
21907,2016-08-05 17,주간,금,1,1,0,0,0,충남,태안군,차대사람,횡단중,횡단중,보행자 보호의무 위반,교차로,교차로내
21908,2016-09-17 06,주간,토,1,1,0,0,0,부산,사상구,차대차,측면충돌,측면충돌,안전거리 미확보,단일로,기타단일로
21909,2016-10-21 15,주간,금,1,1,0,0,0,경기,포천시,차량단독,전도전복,전도전복,안전운전 의무 불이행,단일로,기타단일로
21910,2016-06-05 20,야간,일,1,1,0,0,0,충남,아산시,차대사람,횡단중,횡단중,보행자 보호의무 위반,교차로,교차로내
21911,2016-12-05 02,야간,월,1,1,0,0,0,광주,남구,차대사람,횡단중,횡단중,안전운전 의무 불이행,교차로,교차로부근
21912,2016-07-24 23,야간,일,1,1,0,0,0,서울,강동구,차대사람,횡단중,횡단중,안전운전 의무 불이행,단일로,기타단일로
21913,2016-09-21 05,야간,수,1,2,1,0,0,경북,안동시,차대사람,횡단중,횡단중,보행자 보호의무 위반,교차로,교차로내
21914,2016-09-20 09,주간,화,1,1,0,0,0,경북,안동시,차량단독,전도전복,전도전복,안전운전 의무 불이행,단일로,기타단일로
21915,2016-06-16 22,야간,목,1,1,0,0,0,전북,전주시,차대사람,차도통행중,차도통행중,안전운전 의무 불이행,단일로,기타단일로
21916,2016-07-13 08,주간,수,1,1,0,0,0,전남,순천시,차대사람,횡단중,횡단중,보행자 보호의무 위반,교차로,교차로내
21917,2016-06-11 13,주간,토,1,3,0,2,0,서울,강서구,차대차,기타,기타,안전운전 의무 불이행,단일로,지하차도(도로)내
21918,2016-06-06 15,주간,월,1,1,0,0,0,경기,김포시,차대차,기타,기타,안전운전 의무 불이행,단일로,기타단일로
21919,2016-06-07 22,야간,화,1,1,0,0,0,경북,경주시,차대사람,횡단중,횡단중,안전운전 의무 불이행,단일로,기타단일로
21920,2016-06-03 08,주간,금,1,2,1,0,0,전북,군산시,차대차,측면충돌,측면충돌,안전운전 의무 불이행,단일로,기타단일로
21921,2016-10-14 16,주간,금,1,1,0,0,0,경남,진주시,차대사람,횡단중,횡단중,보행자 보호의무 위반,교차로,교차로내
21922,2016-09-09 20,야간,금,1,1,0,0,0,부산,사하구,차대사람,길가장자리구역통행중,길가장자리구역통행중,안전운전 의무 불이행,단일로,기타단일로
21923,2016-07-05 02,야간,화,1,1,0,0,0,대구,북구,차대사람,횡단중,횡단중,안전운전 의무 불이행,단일로,기타단일로
21924,2016-09-19 02,야간,월,1,1,0,0,0,서울,강북구,차량단독,전도전복,전도전복,안전운전 의무 불이행,단일로,기타단일로
21925,2016-07-15 08,주간,금,1,1,0,0,0,전남,신안군,차대차,측면충돌,측면충돌,교차로 통행방법 위반,단일로,기타단일로
21926,2016-07-06 18,야간,수,1,1,0,0,0,강원,춘천시,차량단독,전도전복,전도전복,안전운전 의무 불이행,단일로,기타단일로
21927,2016-04-17 20,야간,일,1,1,0,0,0,대구,수성구,차대사람,횡단중,횡단중,안전운전 의무 불이행,단일로,기타단일로
21928,2016-11-17 11,주간,목,1,1,0,0,0,충남,당진시,차대사람,길가장자리구역통행중,길가장자리구역통행중,안전운전 의무 불이행,교차로,교차로내
21929,2016-12-22 17,주간,목,1,1,0,0,0,강원,양양군,차대사람,횡단중,횡단중,안전운전 의무 불이행,교차로,교차로내
21930,2016-09-23 18,야간,금,1,3,2,0,0,경북,안동시,차대차,기타,기타,기타,교차로,교차로내
21931,2016-08-09 16,주간,화,2,2,0,0,0,충남,천안시,차량단독,공작물충돌,공작물충돌,안전운전 의무 불이행,단일로,기타단일로
21932,2016-05-17 23,야간,화,1,2,0,1,0,광주,서구,차대차,추돌,진행중 추돌,안전운전 의무 불이행,단일로,기타단일로
21933,2016-09-26 19,야간,월,1,1,0,0,0,인천,동구,차대사람,횡단중,횡단중,안전운전 의무 불이행,교차로,교차로내
21934,2016-08-02 13,주간,화,1,1,0,0,0,전북,전주시,차대사람,기타,기타,안전운전 의무 불이행,교차로,교차로내
21935,2016-08-20 11,주간,토,1,1,0,0,0,경기,용인시,차대사람,횡단중,횡단중,안전운전 의무 불이행,교차로,교차로내
21936,2016-07-06 15,주간,수,1,1,0,0,0,부산,남구,차대사람,차도통행중,차도통행중,안전운전 의무 불이행,단일로,기타단일로
21937,2016-11-28 02,야간,월,1,1,0,0,0,인천,부평구,차대차,측면충돌,측면충돌,신호위반,교차로,교차로내
21938,2016-06-21 00,야간,화,1,1,0,0,0,경기,광주시,차대차,추돌,진행중 추돌,안전거리 미확보,교차로,교차로부근
21939,2016-06-16 16,주간,목,1,1,0,0,0,충북,청주시,차량단독,전도전복,전도전복,안전운전 의무 불이행,단일로,기타단일로
21940,2016-05-20 15,주간,금,1,4,0,3,0,광주,광산구,차대차,측면충돌,측면충돌,안전운전 의무 불이행,단일로,고가도로위
21941,2016-05-13 09,주간,금,1,1,0,0,0,경기,용인시,차대차,측면충돌,측면충돌,교차로 통행방법 위반,교차로,교차로내
21942,2016-05-20 17,주간,금,1,1,0,0,0,광주,광산구,차대사람,횡단중,횡단중,과속,단일로,기타단일로
21943,2016-09-08 01,야간,목,1,2,1,0,0,부산,연제구,차대사람,차도통행중,차도통행중,기타,단일로,기타단일로