교통사고이력ID(사고기록 순서),발생년월일시,주야코드,요일코드,사망자수,부상자수,중상자수,경상자수,부상신고자수,발생지시도코드,발생지시도코드,사고유형대분류코드,사고유형중분류코드,사고유형코드,법규위반코드,도로형태대분류코드,도로로형태코드
21944,2016-07-29 10,주간,금,1,1,0,0,0,제주,서귀포시,차량단독,전도전복,전도전복,안전운전 의무 불이행,교차로,교차로내
21945,2016-08-04 06,주간,목,1,1,0,0,0,전북,전주시,차대차,측면충돌,측면충돌,신호위반,교차로,교차로내
21946,2016-07-29 20,야간,금,1,1,0,0,0,서울,강동구,차대사람,차도통행중,차도통행중,안전운전 의무 불이행,교차로,교차로내
21947,2016-11-23 09,주간,수,1,1,0,0,0,경기,군포시,차대사람,횡단중,횡단중,보행자 보호의무 위반,단일로,횡단보도상
21948,2016-09-25 00,야간,일,1,1,0,0,0,부산,사상구,차대사람,횡단중,횡단중,과속,단일로,기타단일로
21949,2016-05-24 20,야간,화,1,1,0,0,0,충남,천안시,차대사람,횡단중,횡단중,안전운전 의무 불이행,단일로,횡단보도상
21950,2016-05-01 16,주간,일,1,1,0,0,0,경기,시흥시,차량단독,공작물충돌,공작물충돌,안전운전 의무 불이행,단일로,기타단일로
21951,2016-09-29 19,야간,목,1,3,1,1,0,경기,양주시,차대차,측면충돌,측면충돌,중앙선 침범,단일로,기타단일로
21952,2016-06-01 23,야간,수,1,1,0,0,0,경기,파주시,차대사람,횡단중,횡단중,보행자 보호의무 위반,단일로,횡단보도상
21953,2016-06-04 05,야간,토,1,1,0,0,0,전북,익산시,차량단독,전도전복,전도전복,안전운전 의무 불이행,단일로,기타단일로
21954,2016-08-13 22,야간,토,1,1,0,0,0,경기,수원시,차대사람,횡단중,횡단중,과속,교차로,교차로부근
21955,2016-04-27 20,야간,수,2,3,0,1,0,경기,고양시,차대사람,횡단중,횡단중,과속,교차로,교차로부근
21956,2016-04-27 19,야간,수,1,1,0,0,0,경기,고양시,차대사람,횡단중,횡단중,안전운전 의무 불이행,단일로,기타단일로
21957,2016-12-15 06,주간,목,1,1,0,0,0,광주,남구,차대사람,횡단중,횡단중,안전운전 의무 불이행,교차로,교차로부근
21958,2016-11-25 15,주간,금,1,1,0,0,0,서울,도봉구,차대차,기타,기타,안전운전 의무 불이행,교차로,교차로내
21959,2016-10-01 23,야간,토,1,1,0,0,0,인천,옹진군,차대사람,길가장자리구역통행중,길가장자리구역통행중,안전운전 의무 불이행,단일로,기타단일로
21960,2016-09-16 07,주간,금,1,3,0,2,0,부산,동래구,차량단독,전도전복,전도전복,안전운전 의무 불이행,단일로,기타단일로
21961,2016-11-04 13,주간,금,1,2,1,0,0,경기,포천시,차대차,정면충돌,정면충돌,중앙선 침범,단일로,기타단일로
21962,2016-10-05 09,주간,수,1,1,0,0,0,서울,광진구,차대사람,횡단중,횡단중,보행자 보호의무 위반,교차로,교차로내
21963,2016-06-11 15,주간,토,1,1,0,0,0,충남,아산시,차량단독,공작물충돌,공작물충돌,안전운전 의무 불이행,단일로,기타단일로
21964,2016-10-03 20,야간,월,1,1,0,0,0,대구,남구,차대사람,기타,기타,안전운전 의무 불이행,단일로,기타단일로
21965,2016-11-30 07,주간,수,1,1,0,0,0,경기,군포시,차대사람,횡단중,횡단중,안전운전 의무 불이행,단일로,기타단일로
21966,2016-10-02 10,주간,일,1,1,0,0,0,경북,안동시,차대차,정면충돌,정면충돌,신호위반,교차로,교차로내
21967,2016-05-29 00,야간,일,1,1,0,0,0,경기,의정부시,차대사람,기타,기타,안전운전 의무 불이행,교차로,교차로내
21968,2016-05-30 22,야간,월,1,1,0,0,0,경기,성남시,차대사람,차도통행중,차도통행중,안전운전 의무 불이행,단일로,기타단일로
21969,2016-07-21 14,주간,목,1,1,0,0,0,전남,여수시,차대사람,횡단중,횡단중,안전운전 의무 불이행,단일로,기타단일로
21970,2016-06-03 21,야간,금,1,1,0,0,0,서울,강남구,차대차,측면충돌,측면충돌,신호위반,교차로,교차로부근
21971,2016-11-26 07,주간,토,1,1,0,0,0,대구,달성군,차대차,측면충돌,측면충돌,기타,교차로,교차로내
21972,2016-04-29 19,야간,금,1,1,0,0,0,경기,안산시,차대사람,횡단중,횡단중,신호위반,교차로,교차로내
21973,2016-08-19 08,주간,금,1,1,0,0,0,경기,수원시,차대차,측면충돌,측면충돌,안전거리 미확보,단일로,기타단일로
21974,2016-08-19 07,주간,금,1,1,0,0,0,충남,서산시,차대차,정면충돌,정면충돌,중앙선 침범,단일로,교량위
21975,2016-05-07 02,야간,토,1,1,0,0,0,경기,오산시,차대차,측면충돌,측면충돌,신호위반,교차로,교차로내
21976,2016-08-09 04,야간,화,1,1,0,0,0,경북,포항시,차대사람,횡단중,횡단중,안전운전 의무 불이행,단일로,횡단보도상
21977,2016-11-07 18,야간,월,1,1,0,0,0,경기,포천시,차대차,추돌,진행중 추돌,안전운전 의무 불이행,단일로,기타단일로
21978,2016-09-23 10,주간,금,1,1,0,0,0,부산,사하구,차대차,추돌,진행중 추돌,안전운전 의무 불이행,단일로,기타단일로
21979,2016-08-23 09,주간,화,1,1,0,0,0,강원,강릉시,차량단독,전도전복,전도전복,안전운전 의무 불이행,단일로,기타단일로
21980,2016-10-10 11,주간,월,1,3,1,1,0,인천,중구,차대차,추돌,진행중 추돌,안전운전 의무 불이행,교차로,교차로부근
21981,2016-06-15 20,야간,수,1,1,0,0,0,경기,김포시,차대사람,횡단중,횡단중,보행자 보호의무 위반,교차로,교차로부근
21982,2016-11-27 10,주간,일,1,1,0,0,0,울산,울주군,차량단독,전도전복,전도전복,안전운전 의무 불이행,단일로,기타단일로
21983,2016-07-29 02,야간,금,1,3,1,1,0,서울,강남구,차대차,측면충돌,측면충돌,신호위반,교차로,교차로내
21984,2016-04-01 22,야간,금,1,1,0,0,0,경기,평택시,차대차,추돌,진행중 추돌,안전운전 의무 불이행,교차로,교차로부근
21985,2016-11-09 19,야간,수,1,1,0,0,0,경기,포천시,차대사람,기타,기타,안전운전 의무 불이행,단일로,기타단일로
21986,2016-06-12 15,주간,일,1,7,2,2,2,서울,영등포구,차대차,측면충돌,측면충돌,신호위반,단일로,기타단일로
21987,2016-05-01 02,야간,일,1,1,0,0,0,경기,고양시,차대사람,기타,기타,안전운전 의무 불이행,단일로,기타단일로
21988,2016-06-30 02,야간,목,2,4,1,1,0,경기,평택시,차대차,기타,기타,안전운전 의무 불이행,단일로,기타단일로
21989,2016-09-30 10,주간,금,1,1,0,0,0,경기,안성시,차대사람,차도통행중,차도통행중,안전운전 의무 불이행,교차로,교차로내
21990,2016-07-06 18,야간,수,1,1,0,0,0,부산,해운대구,차대사람,길가장자리구역통행중,길가장자리구역통행중,안전운전 의무 불이행,단일로,기타단일로
21991,2016-08-13 06,주간,토,1,1,0,0,0,서울,용산구,차량단독,전도전복,전도전복,안전운전 의무 불이행,교차로,교차로부근
21992,2016-06-27 08,주간,월,1,1,0,0,0,대전,대덕구,차대차,측면충돌,측면충돌,안전운전 의무 불이행,단일로,기타단일로
21993,2016-10-09 16,주간,일,1,1,0,0,0,경북,안동시,차량단독,전도전복,전도전복,안전운전 의무 불이행,단일로,기타단일로
21994,2016-09-27 19,야간,화,1,1,0,0,0,부산,사하구,차량단독,공작물충돌,공작물충돌,안전운전 의무 불이행,기타/불명,기타/불명
21995,2016-10-10 05,야간,월,1,1,0,0,0,경북,안동시,차대사람,횡단중,횡단중,안전운전 의무 불이행,교차로,교차로내
21996,2016-10-24 17,주간,월,1,1,0,0,0,부산,금정구,차대사람,보도통행중,보도통행중,기타,단일로,기타단일로
21997,2016-11-03 04,야간,목,1,2,0,1,0,경남,진주시,차대사람,횡단중,횡단중,안전운전 의무 불이행,단일로,기타단일로
21998,2016-10-31 06,주간,월,1,1,0,0,0,인천,계양구,차대사람,횡단중,횡단중,안전운전 의무 불이행,교차로,교차로부근
21999,2016-05-14 08,주간,토,1,1,0,0,0,충북,청주시,차대차,측면충돌,측면충돌,신호위반,교차로,교차로내
22000,2016-10-10 19,야간,월,1,4,1,2,0,경북,안동시,차대차,추돌,진행중 추돌,안전운전 의무 불이행,단일로,기타단일로
22001,2016-10-31 06,주간,월,1,1,0,0,0,인천,계양구,차대사람,횡단중,횡단중,안전운전 의무 불이행,기타/불명,기타/불명
22002,2016-06-26 13,주간,일,1,1,0,0,0,경기,화성시,차대차,정면충돌,정면충돌,교차로 통행방법 위반,교차로,교차로내
22003,2016-09-25 04,야간,일,1,1,0,0,0,경기,성남시,차대사람,횡단중,횡단중,신호위반,단일로,횡단보도상
22004,2016-12-02 23,야간,금,1,1,0,0,0,울산,울주군,차대사람,횡단중,횡단중,안전운전 의무 불이행,단일로,기타단일로
22005,2016-12-08 08,주간,목,1,1,0,0,0,충남,당진시,차대차,기타,기타,중앙선 침범,단일로,기타단일로
22006,2016-12-08 17,주간,목,1,1,0,0,0,대구,달성군,차대차,추돌,진행중 추돌,안전운전 의무 불이행,단일로,기타단일로
22007,2016-07-27 05,야간,수,1,1,0,0,0,전남,순천시,차량단독,전도전복,전도전복,안전운전 의무 불이행,단일로,기타단일로
22008,2016-05-22 23,야간,일,1,1,0,0,0,대구,달서구,차대사람,횡단중,횡단중,안전운전 의무 불이행,단일로,기타단일로
22009,2016-06-27 02,야간,월,2,2,0,0,0,경기,화성시,차대사람,기타,기타,안전운전 의무 불이행,단일로,기타단일로
22010,2016-08-22 17,주간,월,1,1,0,0,0,충남,천안시,차대사람,횡단중,횡단중,안전운전 의무 불이행,단일로,횡단보도부근
22011,2016-05-07 00,야간,토,1,3,0,2,0,경기,남양주시,차대차,정면충돌,정면충돌,신호위반,교차로,교차로내
22012,2016-10-12 20,야간,수,1,1,0,0,0,대구,남구,차대차,추돌,진행중 추돌,안전운전 의무 불이행,교차로,교차로부근
22013,2016-11-04 18,야간,금,1,1,0,0,0,경남,진주시,차대사람,횡단중,횡단중,안전운전 의무 불이행,단일로,횡단보도부근
22014,2016-07-25 21,야간,월,1,1,0,0,0,울산,남구,차대차,측면충돌,측면충돌,중앙선 침범,단일로,기타단일로
22015,2016-06-03 01,야간,금,1,1,0,0,0,경기,의정부시,차대사람,기타,기타,안전운전 의무 불이행,단일로,기타단일로
22016,2016-10-01 16,주간,토,1,1,0,0,0,부산,사하구,차대차,측면충돌,측면충돌,안전운전 의무 불이행,기타/불명,기타/불명
22017,2016-06-10 04,야간,금,1,1,0,0,0,서울,강남구,차대사람,횡단중,횡단중,보행자 보호의무 위반,단일로,횡단보도상
22018,2016-08-08 13,주간,월,1,2,1,0,0,제주,서귀포시,차량단독,전도전복,전도전복,안전운전 의무 불이행,단일로,기타단일로
22019,2016-08-26 10,주간,금,1,2,0,1,0,충남,서산시,차대차,정면충돌,정면충돌,신호위반,교차로,교차로내
22020,2016-11-17 18,야간,목,1,1,0,0,0,경기,포천시,차대사람,횡단중,횡단중,보행자 보호의무 위반,단일로,횡단보도상
22021,2016-11-07 17,주간,월,1,1,0,0,0,경남,진주시,차대차,측면충돌,측면충돌,안전운전 의무 불이행,단일로,기타단일로
22022,2016-05-04 01,야간,수,1,1,0,0,0,경기,고양시,차대사람,횡단중,횡단중,보행자 보호의무 위반,단일로,횡단보도상
22023,2016-09-09 17,주간,금,1,2,0,0,1,충북,충주시,차대차,추돌,진행중 추돌,중앙선 침범,단일로,기타단일로
22024,2016-06-03 01,야간,금,1,1,0,0,0,충남,천안시,차량단독,공작물충돌,공작물충돌,안전운전 의무 불이행,교차로,교차로내
22025,2016-10-18 12,주간,화,1,1,0,0,0,서울,광진구,차대사람,횡단중,횡단중,안전운전 의무 불이행,단일로,기타단일로
22026,2016-06-30 05,야간,목,1,3,1,1,0,충북,청주시,차대차,정면충돌,정면충돌,안전운전 의무 불이행,단일로,기타단일로
22027,2016-08-03 08,주간,수,1,1,0,0,0,서울,양천구,차대사람,횡단중,횡단중,안전운전 의무 불이행,단일로,기타단일로
22028,2016-12-08 08,주간,목,1,1,0,0,0,울산,울주군,차대차,정면충돌,정면충돌,안전거리 미확보,단일로,기타단일로
22029,2016-08-27 15,주간,토,1,1,0,0,0,충남,태안군,차량단독,전도전복,전도전복,안전운전 의무 불이행,단일로,기타단일로
22030,2016-07-07 23,야간,목,1,1,0,0,0,대전,동구,차대사람,횡단중,횡단중,안전운전 의무 불이행,단일로,기타단일로
22031,2016-07-28 14,주간,목,1,1,0,0,0,서울,노원구,차량단독,전도전복,전도전복,안전운전 의무 불이행,단일로,터널안
22032,2016-05-09 12,주간,월,1,1,0,0,0,경기,남양주시,차대사람,횡단중,횡단중,과속,기타/불명,기타/불명
22033,2016-05-30 16,주간,월,1,1,0,0,0,제주,제주시,차대차,추돌,진행중 추돌,안전운전 의무 불이행,단일로,기타단일로
22034,2016-12-29 06,주간,목,1,1,0,0,0,인천,부평구,차대차,측면충돌,측면충돌,신호위반,교차로,교차로부근
22035,2016-07-21 16,주간,목,1,2,1,0,0,대구,북구,차대사람,길가장자리구역통행중,길가장자리구역통행중,안전운전 의무 불이행,단일로,기타단일로
22036,2016-09-11 20,야간,일,1,1,0,0,0,충북,충주시,차대사람,횡단중,횡단중,안전운전 의무 불이행,단일로,기타단일로
22037,2016-12-16 13,주간,금,1,1,0,0,0,충남,당진시,차대차,추돌,진행중 추돌,안전거리 미확보,단일로,기타단일로
22038,2016-11-21 18,야간,월,2,3,1,0,0,경기,포천시,차대차,추돌,진행중 추돌,안전운전 의무 불이행,단일로,기타단일로
22039,2016-07-30 20,야간,토,1,1,0,0,0,전남,순천시,차대사람,횡단중,횡단중,안전운전 의무 불이행,단일로,횡단보도부근
22040,2016-12-21 00,야간,수,1,1,0,0,0,경기,군포시,차대차,측면충돌,측면충돌,신호위반,교차로,교차로내
22041,2016-05-26 13,주간,목,1,1,0,0,0,대구,달서구,차대사람,횡단중,횡단중,안전운전 의무 불이행,교차로,교차로내
22042,2016-12-21 18,야간,수,1,12,0,8,3,경기,군포시,차대사람,기타,기타,신호위반,교차로,교차로내
22043,2016-07-29 23,야간,금,1,2,0,1,0,서울,마포구,차대사람,기타,기타,안전운전 의무 불이행,교차로,교차로내
22044,2016-06-10 22,야간,금,3,5,1,1,0,인천,서구,차대차,기타,기타,과속,교차로,교차로부근
22045,2016-12-31 04,야간,토,1,3,2,0,0,경남,창원시(통합),차량단독,공작물충돌,공작물충돌,안전운전 의무 불이행,단일로,횡단보도부근
22046,2016-07-22 15,주간,금,1,1,0,0,0,강원,춘천시,차량단독,공작물충돌,공작물충돌,안전운전 의무 불이행,단일로,기타단일로
22047,2016-10-25 06,주간,화,1,1,0,0,0,인천,중구,차대사람,횡단중,횡단중,안전운전 의무 불이행,교차로,교차로내
22048,2016-05-08 13,주간,일,1,2,1,0,0,경북,구미시,차량단독,전도전복,전도전복,안전운전 의무 불이행,단일로,기타단일로
22049,2016-10-13 08,주간,목,2,4,0,2,0,경기,이천시,차대차,기타,기타,신호위반,교차로,교차로내
22050,2016-11-07 18,야간,월,1,1,0,0,0,부산,금정구,차대사람,횡단중,횡단중,신호위반,단일로,횡단보도상
22051,2016-12-14 19,야간,수,1,1,0,0,0,울산,울주군,차량단독,전도전복,전도전복,안전운전 의무 불이행,단일로,기타단일로
22052,2016-09-23 04,야간,금,1,1,0,0,0,대구,중구,차대사람,횡단중,횡단중,안전운전 의무 불이행,단일로,기타단일로
22053,2016-12-19 22,야간,월,1,1,0,0,0,대구,달성군,차대사람,횡단중,횡단중,신호위반,단일로,횡단보도상
22054,2016-11-26 18,야간,토,1,1,0,0,0,충북,제천시,차대사람,횡단중,횡단중,보행자 보호의무 위반,교차로,교차로내
22055,2016-10-03 02,야간,월,1,1,0,0,0,서울,관악구,차대사람,길가장자리구역통행중,길가장자리구역통행중,안전운전 의무 불이행,단일로,기타단일로
22056,2016-07-23 21,야간,토,1,4,1,2,0,강원,춘천시,차대차,정면충돌,정면충돌,중앙선 침범,단일로,기타단일로
22057,2016-05-09 08,주간,월,1,1,0,0,0,경기,부천시,차대사람,횡단중,횡단중,안전운전 의무 불이행,교차로,교차로부근
22058,2016-11-11 05,야간,금,1,1,0,0,0,부산,북구,차대사람,횡단중,횡단중,안전운전 의무 불이행,단일로,횡단보도상
22059,2016-08-28 17,주간,일,1,1,0,0,0,전북,전주시,차대사람,횡단중,횡단중,보행자 보호의무 위반,교차로,교차로내
22060,2016-08-13 04,야간,토,1,1,0,0,0,제주,서귀포시,차대사람,횡단중,횡단중,안전운전 의무 불이행,교차로,교차로부근
22061,2016-07-14 04,야간,목,1,1,0,0,0,부산,해운대구,차대사람,기타,기타,안전운전 의무 불이행,단일로,기타단일로
22062,2016-10-22 03,야간,토,1,1,0,0,0,경기,양주시,차량단독,전도전복,전도전복,안전운전 의무 불이행,단일로,기타단일로
22063,2016-05-23 20,야간,월,1,1,0,0,0,대전,유성구,차대사람,횡단중,횡단중,신호위반,단일로,횡단보도상
22064,2016-11-29 10,주간,화,1,1,0,0,0,서울,서대문구,차대사람,횡단중,횡단중,안전운전 의무 불이행,단일로,횡단보도부근
22065,2016-09-16 04,야간,금,1,1,0,0,0,서울,동작구,차대차,기타,기타,기타,교차로,교차로내
22066,2016-09-03 02,야간,토,2,2,0,0,0,강원,강릉시,차대사람,기타,기타,과속,단일로,기타단일로
22067,2016-10-24 05,야간,월,2,2,0,0,0,경북,안동시,차대사람,횡단중,횡단중,보행자 보호의무 위반,단일로,횡단보도부근
22068,2016-07-11 19,야간,월,1,1,0,0,0,대전,동구,차대사람,횡단중,횡단중,안전운전 의무 불이행,교차로,교차로부근
22069,2016-04-07 21,야간,목,1,1,0,0,0,경기,평택시,차대사람,기타,기타,안전운전 의무 불이행,단일로,기타단일로
22070,2016-04-27 20,야간,수,1,1,0,0,0,경기,수원시,차대사람,횡단중,횡단중,안전운전 의무 불이행,단일로,기타단일로
22071,2016-05-07 20,야간,토,1,1,0,0,0,인천,남동구,차대사람,횡단중,횡단중,안전운전 의무 불이행,교차로,교차로부근
22072,2016-08-16 08,주간,화,1,1,0,0,0,제주,서귀포시,차량단독,전도전복,전도전복,안전운전 의무 불이행,단일로,기타단일로
22073,2016-09-18 19,야간,일,1,1,0,0,0,충북,충주시,차대사람,횡단중,횡단중,안전운전 의무 불이행,교차로,교차로내
22074,2016-09-04 17,주간,일,1,1,0,0,0,충남,태안군,차량단독,도로이탈,도로이탈 추락,안전운전 의무 불이행,단일로,기타단일로
22075,2016-10-20 17,주간,목,2,5,3,0,0,경기,안성시,차대차,추돌,진행중 추돌,안전운전 의무 불이행,단일로,기타단일로
22076,2016-12-30 00,야간,금,1,1,0,0,0,서울,도봉구,차대사람,횡단중,횡단중,과속,단일로,기타단일로
22077,2016-09-02 00,야간,금,1,1,0,0,0,전북,전주시,차대사람,횡단중,횡단중,과속,단일로,기타단일로
22078,2016-09-05 14,주간,월,1,1,0,0,0,충남,서산시,차량단독,전도전복,전도전복,안전운전 의무 불이행,단일로,기타단일로
22079,2016-07-27 07,주간,수,1,1,0,0,0,대구,북구,차대사람,기타,기타,보행자 보호의무 위반,단일로,횡단보도상
22080,2016-12-04 02,야간,일,1,3,2,0,0,서울,서대문구,차대차,기타,기타,신호위반,교차로,교차로내
22081,2016-07-13 22,야간,수,1,1,0,0,0,대전,동구,차대사람,횡단중,횡단중,안전운전 의무 불이행,단일로,기타단일로
22082,2016-08-11 11,주간,목,1,1,0,0,0,경기,안양시,차대사람,횡단중,횡단중,안전운전 의무 불이행,교차로,교차로내
22083,2016-07-08 01,야간,금,1,1,0,0,0,전북,전주시,차대사람,길가장자리구역통행중,길가장자리구역통행중,안전운전 의무 불이행,단일로,기타단일로
22084,2016-11-16 09,주간,수,1,1,0,0,0,서울,구로구,차대사람,횡단중,횡단중,안전운전 의무 불이행,단일로,기타단일로
22085,2016-06-28 21,야간,화,1,1,0,0,0,경북,경주시,차대사람,횡단중,횡단중,안전운전 의무 불이행,교차로,교차로내
22086,2016-10-31 20,야간,월,1,1,0,0,0,대구,남구,차대사람,횡단중,횡단중,안전운전 의무 불이행,교차로,교차로내
22087,2016-08-05 20,야간,금,1,4,2,1,0,전남,목포시,차대차,정면충돌,정면충돌,기타,교차로,교차로내
22088,2016-10-30 20,야간,일,1,1,0,0,0,경북,안동시,차대사람,횡단중,횡단중,안전운전 의무 불이행,단일로,기타단일로
22089,2016-09-20 19,야간,화,1,1,0,0,0,충북,충주시,차대사람,기타,기타,과속,단일로,기타단일로
22090,2016-11-28 01,야간,월,1,1,0,0,0,경남,진주시,차대차,측면충돌,측면충돌,안전운전 의무 불이행,단일로,기타단일로
22091,2016-12-30 18,야간,금,1,1,0,0,0,충남,당진시,차대사람,횡단중,횡단중,안전운전 의무 불이행,단일로,기타단일로
22092,2016-11-05 19,야간,토,1,1,0,0,0,인천,옹진군,차대사람,횡단중,횡단중,안전운전 의무 불이행,단일로,횡단보도부근
22093,2016-08-06 12,주간,토,1,2,1,0,0,전남,신안군,차량단독,도로이탈,도로이탈 추락,안전운전 의무 불이행,단일로,기타단일로
22094,2016-06-27 00,야간,월,1,1,0,0,0,충남,아산시,차량단독,전도전복,전도전복,안전운전 의무 불이행,기타/불명,기타/불명
22095,2016-12-05 17,주간,월,1,1,0,0,0,경기,포천시,차대사람,횡단중,횡단중,안전운전 의무 불이행,기타/불명,기타/불명
22096,2016-12-31 18,야간,토,1,2,0,1,0,대구,달성군,차대사람,기타,기타,안전운전 의무 불이행,단일로,기타단일로
22097,2016-07-01 20,야간,금,1,1,0,0,0,충북,청주시,차대사람,기타,기타,안전운전 의무 불이행,교차로,교차로부근
22098,2016-09-09 00,야간,금,1,1,0,0,0,충남,서산시,차대차,추돌,진행중 추돌,안전운전 의무 불이행,단일로,기타단일로
22099,2016-07-28 05,야간,목,2,2,0,0,0,경북,포항시,차량단독,전도전복,전도전복,안전운전 의무 불이행,단일로,기타단일로
22100,2016-07-17 10,주간,일,2,5,1,2,0,경기,고양시,차대차,추돌,진행중 추돌,안전운전 의무 불이행,단일로,기타단일로
22101,2016-04-30 05,야간,토,1,1,0,0,0,경기,수원시,차대차,기타,기타,신호위반,교차로,교차로내
22102,2016-06-14 23,야간,화,1,1,0,0,0,경북,경산시,차대차,추돌,진행중 추돌,안전운전 의무 불이행,교차로,교차로내
22103,2016-07-01 02,야간,금,1,1,0,0,0,경북,경주시,차대사람,횡단중,횡단중,안전운전 의무 불이행,단일로,기타단일로
22104,2016-09-05 08,주간,월,1,1,0,0,0,전북,전주시,차대차,측면충돌,측면충돌,안전거리 미확보,단일로,기타단일로
22105,2016-06-06 21,야간,월,1,1,0,0,0,광주,서구,차대사람,횡단중,횡단중,안전운전 의무 불이행,단일로,기타단일로
22106,2016-05-19 15,주간,목,1,2,1,0,0,경기,화성시,차대차,추돌,진행중 추돌,안전운전 의무 불이행,단일로,기타단일로
22107,2016-11-03 19,야간,목,1,1,0,0,0,경북,안동시,차대사람,길가장자리구역통행중,길가장자리구역통행중,안전운전 의무 불이행,단일로,기타단일로
22108,2016-09-07 04,야간,수,1,2,0,1,0,충남,천안시,차량단독,공작물충돌,공작물충돌,안전운전 의무 불이행,단일로,교량위
22109,2016-10-03 00,야간,월,1,1,0,0,0,인천,연수구,차대차,기타,기타,안전운전 의무 불이행,단일로,기타단일로
22110,2016-08-08 21,야간,월,1,1,0,0,0,전남,목포시,차대사람,횡단중,횡단중,안전운전 의무 불이행,단일로,기타단일로
22111,2016-07-21 04,야간,목,1,1,0,0,0,부산,해운대구,차대사람,기타,기타,안전운전 의무 불이행,단일로,기타단일로
22112,2016-08-21 20,야간,일,1,1,0,0,0,제주,서귀포시,차대사람,횡단중,횡단중,안전운전 의무 불이행,단일로,기타단일로
22113,2016-08-08 14,주간,월,1,1,0,0,0,서울,노원구,차대사람,횡단중,횡단중,안전운전 의무 불이행,교차로,교차로내
22114,2016-08-09 16,주간,화,1,9,6,2,0,전남,순천시,차대차,기타,기타,신호위반,교차로,교차로내
22115,2016-07-14 02,야간,목,1,1,0,0,0,경기,의정부시,차량단독,전도전복,전도전복,안전운전 의무 불이행,단일로,기타단일로
22116,2016-07-11 17,주간,월,1,1,0,0,0,대전,대덕구,차대차,측면충돌,측면충돌,신호위반,교차로,교차로내
22117,2016-10-28 05,야간,금,1,2,1,0,0,경기,안성시,차대차,기타,기타,중앙선 침범,단일로,기타단일로
22118,2016-07-03 18,야간,일,1,2,1,0,0,경북,경주시,차량단독,전도전복,전도전복,안전운전 의무 불이행,교차로,교차로부근
22119,2016-12-05 10,주간,월,1,2,1,0,0,경남,진주시,차대차,정면충돌,정면충돌,중앙선 침범,단일로,기타단일로
22120,2016-09-25 05,야간,일,1,3,0,1,1,충북,충주시,차대사람,횡단중,횡단중,안전운전 의무 불이행,단일로,기타단일로
22121,2016-08-16 10,주간,화,1,1,0,0,0,경기,안양시,차대사람,횡단중,횡단중,신호위반,교차로,교차로내
22122,2016-10-21 23,야간,금,1,2,1,0,0,부산,사하구,차대차,기타,기타,안전운전 의무 불이행,단일로,기타단일로
22123,2016-12-13 04,야간,화,1,1,0,0,0,충북,제천시,차대사람,횡단중,횡단중,안전운전 의무 불이행,기타/불명,기타/불명
22124,2016-09-02 17,주간,금,1,1,0,0,0,경북,포항시,차량단독,전도전복,전도전복,안전운전 의무 불이행,단일로,기타단일로
22125,2016-09-12 22,야간,월,1,1,0,0,0,충남,태안군,차량단독,도로이탈,도로이탈 추락,안전운전 의무 불이행,단일로,기타단일로
22126,2016-06-23 15,주간,목,1,1,0,0,0,충남,아산시,차대차,기타,기타,안전운전 의무 불이행,단일로,기타단일로
22127,2016-06-25 11,주간,토,1,1,0,0,0,전북,익산시,차대차,측면충돌,측면충돌,안전운전 의무 불이행,교차로,교차로부근
22128,2016-11-03 22,야간,목,1,1,0,0,0,부산,사상구,차대사람,횡단중,횡단중,안전운전 의무 불이행,단일로,기타단일로
22129,2016-08-24 05,야간,수,1,1,0,0,0,제주,서귀포시,차대사람,횡단중,횡단중,안전운전 의무 불이행,교차로,교차로내
22130,2016-12-14 16,주간,수,1,1,0,0,0,충북,제천시,차대사람,횡단중,횡단중,과속,기타/불명,기타/불명
22131,2016-07-13 20,야간,수,1,1,0,0,0,경기,광주시,차대사람,기타,기타,보행자 보호의무 위반,교차로,교차로부근
22132,2016-08-02 12,주간,화,4,5,1,0,0,부산,남구,차대차,추돌,진행중 추돌,안전운전 의무 불이행,교차로,교차로부근
22133,2016-08-11 06,주간,목,1,1,0,0,0,전남,목포시,차대차,기타,기타,과속,교차로,교차로부근
22134,2016-11-08 17,주간,화,1,1,0,0,0,경북,안동시,차대차,측면충돌,측면충돌,안전운전 의무 불이행,교차로,교차로내
22135,2016-06-25 21,야간,토,1,1,0,0,0,전북,익산시,차대사람,횡단중,횡단중,안전운전 의무 불이행,단일로,기타단일로
22136,2016-09-20 01,야간,화,1,1,0,0,0,경기,수원시,차대차,추돌,진행중 추돌,안전운전 의무 불이행,단일로,기타단일로
22137,2016-12-30 12,주간,금,1,2,0,0,1,경기,하남시,차대사람,보도통행중,보도통행중,중앙선 침범,단일로,교량위
22138,2016-05-14 20,야간,토,1,2,0,1,0,경기,부천시,차대사람,횡단중,횡단중,과속,교차로,교차로부근
22139,2016-07-04 13,주간,월,1,1,0,0,0,경기,김포시,차대차,정면충돌,정면충돌,교차로 통행방법 위반,교차로,교차로내
22140,2016-06-10 14,주간,금,1,1,0,0,0,광주,서구,차대사람,차도통행중,차도통행중,안전운전 의무 불이행,교차로,교차로내
22141,2016-09-04 20,야간,일,1,1,0,0,0,경북,포항시,차대사람,횡단중,횡단중,안전운전 의무 불이행,교차로,교차로내
22142,2016-05-12 09,주간,목,1,1,0,0,0,인천,남동구,차대사람,보도통행중,보도통행중,교차로 통행방법 위반,교차로,교차로내