교통사고이력ID(사고기록 순서),발생년월일시,주야코드,요일코드,사망자수,부상자수,중상자수,경상자수,부상신고자수,발생지시도코드,발생지시도코드,사고유형대분류코드,사고유형중분류코드,사고유형코드,법규위반코드,도로형태대분류코드,도로로형태코드
22143,2016-10-28 01,야간,금,1,1,0,0,0,경남,김해시,차량단독,전도전복,전도전복,안전운전 의무 불이행,단일로,기타단일로
22144,2016-09-15 09,주간,목,1,2,1,0,0,충남,태안군,차량단독,전도전복,전도전복,안전운전 의무 불이행,단일로,기타단일로
22145,2016-11-02 22,야간,수,1,2,1,0,0,경기,이천시,차대사람,기타,기타,안전운전 의무 불이행,단일로,기타단일로
22146,2016-07-02 15,주간,토,1,2,1,0,0,전북,군산시,차대차,정면충돌,정면충돌,중앙선 침범,단일로,기타단일로
22147,2016-05-16 04,야간,월,1,1,0,0,0,경기,안산시,차대차,추돌,진행중 추돌,안전운전 의무 불이행,단일로,기타단일로
22148,2016-05-05 14,주간,목,1,4,3,0,0,대구,수성구,차대차,측면충돌,측면충돌,신호위반,교차로,교차로내
22149,2016-11-03 05,야간,목,1,1,0,0,0,경기,이천시,차대차,기타,기타,신호위반,교차로,교차로부근
22150,2016-11-06 19,야간,일,1,3,0,2,0,서울,강북구,차대사람,횡단중,횡단중,안전운전 의무 불이행,단일로,기타단일로
22151,2016-06-01 03,야간,수,1,3,1,1,0,대전,유성구,차대차,측면충돌,측면충돌,신호위반,교차로,교차로부근
22152,2016-05-06 06,주간,금,1,2,1,0,0,대구,수성구,차대차,측면충돌,측면충돌,과속,교차로,교차로부근
22153,2016-11-09 04,야간,수,1,3,1,1,0,부산,사상구,차대차,측면충돌,측면충돌,신호위반,교차로,교차로내
22154,2016-11-07 16,주간,월,1,1,0,0,0,서울,강북구,차대차,측면충돌,측면충돌,안전운전 의무 불이행,교차로,교차로내
22155,2016-06-28 02,야간,화,1,1,0,0,0,전북,익산시,차대사람,기타,기타,안전운전 의무 불이행,단일로,기타단일로
22156,2016-09-13 20,야간,화,1,1,0,0,0,전북,전주시,차대사람,횡단중,횡단중,안전운전 의무 불이행,단일로,기타단일로
22157,2016-09-30 16,주간,금,1,1,0,0,0,충북,충주시,차량단독,전도전복,전도전복,안전운전 의무 불이행,교차로,교차로내
22158,2016-09-15 21,야간,목,1,2,0,1,0,경남,거제시,차량단독,전도전복,전도전복,안전운전 의무 불이행,교차로,교차로부근
22159,2016-07-28 19,야간,목,1,1,0,0,0,서울,중랑구,차대사람,차도통행중,차도통행중,안전운전 의무 불이행,단일로,기타단일로
22160,2016-12-22 19,야간,목,1,1,0,0,0,충북,제천시,차대사람,횡단중,횡단중,안전운전 의무 불이행,단일로,기타단일로
22161,2016-11-15 12,주간,화,1,2,0,1,0,경북,안동시,차대사람,횡단중,횡단중,신호위반,단일로,횡단보도상
22162,2016-10-01 12,주간,토,1,1,0,0,0,충북,충주시,차대사람,횡단중,횡단중,안전운전 의무 불이행,교차로,교차로부근
22163,2016-05-27 22,야간,금,1,1,0,0,0,충북,청주시,차대사람,횡단중,횡단중,안전운전 의무 불이행,교차로,교차로부근
22164,2016-07-05 11,주간,화,1,1,0,0,0,충남,아산시,차대사람,횡단중,횡단중,안전운전 의무 불이행,교차로,교차로부근
22165,2016-05-17 14,주간,화,1,1,0,0,0,경기,안산시,차대사람,횡단중,횡단중,안전운전 의무 불이행,단일로,기타단일로
22166,2016-09-17 09,주간,토,1,1,0,0,0,경남,거제시,차량단독,전도전복,전도전복,안전운전 의무 불이행,기타/불명,기타/불명
22167,2016-06-23 22,야간,목,1,5,2,2,0,대전,중구,차대차,기타,기타,안전운전 의무 불이행,단일로,기타단일로
22168,2016-11-04 20,야간,금,1,1,0,0,0,경기,안성시,차대사람,기타,기타,안전운전 의무 불이행,단일로,기타단일로
22169,2016-08-16 05,야간,화,1,1,0,0,0,전남,목포시,차대차,측면충돌,측면충돌,안전운전 의무 불이행,교차로,교차로내
22170,2016-11-17 08,주간,목,1,1,0,0,0,경북,안동시,차대사람,횡단중,횡단중,보행자 보호의무 위반,단일로,기타단일로
22171,2016-05-18 01,야간,수,1,2,0,1,0,경기,안산시,차대사람,횡단중,횡단중,안전운전 의무 불이행,단일로,기타단일로
22172,2016-11-17 14,주간,목,1,1,0,0,0,경북,안동시,차대차,추돌,진행중 추돌,안전운전 의무 불이행,단일로,기타단일로
22173,2016-05-21 02,야간,토,1,1,0,0,0,경기,남양주시,차량단독,전도전복,전도전복,안전운전 의무 불이행,단일로,기타단일로
22174,2016-09-21 14,주간,수,1,1,0,0,0,충남,태안군,차대사람,횡단중,횡단중,안전운전 의무 불이행,교차로,교차로내
22175,2016-06-23 16,주간,목,1,1,0,0,0,경북,경산시,차량단독,전도전복,전도전복,안전운전 의무 불이행,단일로,기타단일로
22176,2016-07-07 14,주간,목,1,1,0,0,0,충남,아산시,차대차,추돌,진행중 추돌,안전운전 의무 불이행,단일로,기타단일로
22177,2016-07-18 00,야간,월,1,2,0,0,1,서울,강서구,차대차,측면충돌,측면충돌,신호위반,교차로,교차로내
22178,2016-09-12 00,야간,월,1,3,1,1,0,대전,동구,차대차,정면충돌,정면충돌,중앙선 침범,단일로,기타단일로
22179,2016-09-22 01,야간,목,2,2,0,0,0,충남,태안군,차대차,정면충돌,정면충돌,중앙선 침범,기타/불명,기타/불명
22180,2016-06-30 22,야간,목,1,1,0,0,0,전북,익산시,차대사람,기타,기타,안전운전 의무 불이행,교차로,교차로내
22181,2016-06-21 17,주간,화,1,1,0,0,0,충남,천안시,차량단독,기타,기타,안전운전 의무 불이행,단일로,기타단일로
22182,2016-12-16 04,야간,금,1,3,2,0,0,경남,진주시,차대차,추돌,진행중 추돌,안전운전 의무 불이행,단일로,교량위
22183,2016-11-15 09,주간,화,1,1,0,0,0,경기,양주시,차대사람,횡단중,횡단중,안전운전 의무 불이행,교차로,교차로내
22184,2016-07-15 16,주간,금,1,2,1,0,0,경남,양산시,차대차,측면충돌,측면충돌,안전운전 의무 불이행,단일로,기타단일로
22185,2016-06-24 08,주간,금,1,1,0,0,0,경북,경산시,차량단독,전도전복,전도전복,안전운전 의무 불이행,단일로,기타단일로
22186,2016-09-10 04,야간,토,1,1,0,0,0,서울,강동구,차대사람,횡단중,횡단중,신호위반,단일로,기타단일로
22187,2016-08-14 14,주간,일,1,27,8,18,0,전남,여수시,차대차,정면충돌,정면충돌,안전운전 의무 불이행,단일로,터널안
22188,2016-07-31 17,주간,일,3,25,13,8,1,부산,해운대구,차대차,추돌,진행중 추돌,신호위반,교차로,교차로내
22189,2016-12-23 05,야간,금,1,1,0,0,0,서울,서대문구,차대사람,횡단중,횡단중,안전운전 의무 불이행,단일로,기타단일로
22190,2016-11-17 13,주간,목,1,1,0,0,0,부산,사상구,차대차,측면충돌,측면충돌,신호위반,교차로,교차로내
22191,2016-06-25 03,야간,토,1,2,1,0,0,경북,경산시,차대차,정면충돌,정면충돌,안전운전 의무 불이행,교차로,교차로부근
22192,2016-12-05 17,주간,월,1,1,0,0,0,부산,북구,차대사람,횡단중,횡단중,보행자 보호의무 위반,단일로,횡단보도상
22193,2016-09-29 01,야간,목,1,2,1,0,0,경기,수원시,차량단독,공작물충돌,공작물충돌,안전운전 의무 불이행,단일로,지하차도(도로)내
22194,2016-07-05 01,야간,화,1,1,0,0,0,제주,제주시,차대사람,횡단중,횡단중,안전운전 의무 불이행,단일로,기타단일로
22195,2016-06-25 21,야간,토,1,1,0,0,0,경북,경산시,차대차,기타,기타,안전운전 의무 불이행,단일로,기타단일로
22196,2016-06-21 14,주간,화,1,1,0,0,0,경기,의정부시,차대사람,기타,기타,안전운전 의무 불이행,단일로,기타단일로
22197,2016-05-20 21,야간,금,1,1,0,0,0,경북,구미시,차대사람,횡단중,횡단중,안전운전 의무 불이행,교차로,교차로내
22198,2016-06-10 13,주간,금,1,4,0,0,3,강원,원주시,차대차,정면충돌,정면충돌,안전거리 미확보,단일로,기타단일로
22199,2016-12-07 20,야간,수,1,2,1,0,0,부산,북구,차대차,기타,기타,안전거리 미확보,단일로,기타단일로
22200,2016-10-04 01,야간,화,1,3,1,1,0,경기,용인시,차대차,측면충돌,측면충돌,신호위반,교차로,교차로내
22201,2016-12-03 10,주간,토,1,1,0,0,0,인천,옹진군,차량단독,전도전복,전도전복,안전운전 의무 불이행,단일로,기타단일로
22202,2016-05-24 17,주간,화,2,4,0,2,0,경기,시흥시,차대차,정면충돌,정면충돌,중앙선 침범,단일로,기타단일로
22203,2016-05-22 02,야간,일,1,1,0,0,0,경북,구미시,차량단독,전도전복,전도전복,안전운전 의무 불이행,교차로,교차로내
22204,2016-05-17 02,야간,화,1,1,0,0,0,인천,남동구,차대차,측면충돌,측면충돌,안전운전 의무 불이행,단일로,기타단일로
22205,2016-07-04 05,야간,월,1,1,0,0,0,경기,파주시,차량단독,전도전복,전도전복,안전운전 의무 불이행,단일로,기타단일로
22206,2016-05-24 10,주간,화,1,3,0,2,0,경기,남양주시,차대차,정면충돌,정면충돌,중앙선 침범,단일로,기타단일로
22207,2016-07-23 20,야간,토,1,1,0,0,0,전북,전주시,차대차,측면충돌,측면충돌,기타,단일로,기타단일로
22208,2016-10-11 00,야간,화,1,1,0,0,0,충북,충주시,차대사람,차도통행중,차도통행중,안전운전 의무 불이행,단일로,기타단일로
22209,2016-11-26 20,야간,토,1,2,0,1,0,경북,안동시,차대차,정면충돌,정면충돌,안전운전 의무 불이행,단일로,교량위
22210,2016-11-05 05,야간,토,1,1,0,0,0,서울,관악구,차량단독,전도전복,전도전복,안전운전 의무 불이행,단일로,터널안
22211,2016-08-31 00,야간,수,1,1,0,0,0,경기,안양시,차대사람,횡단중,횡단중,안전운전 의무 불이행,교차로,교차로내
22212,2016-07-08 22,야간,금,1,1,0,0,0,서울,영등포구,차대차,측면충돌,측면충돌,안전운전 의무 불이행,교차로,교차로내
22213,2016-07-23 19,야간,토,1,1,0,0,0,충북,청주시,차대차,정면충돌,정면충돌,안전운전 의무 불이행,교차로,교차로내
22214,2016-11-26 21,야간,토,3,3,0,0,0,경북,안동시,차량단독,전도전복,전도전복,안전운전 의무 불이행,단일로,횡단보도상
22215,2016-11-11 15,주간,금,1,1,0,0,0,경남,김해시,차대차,측면충돌,측면충돌,안전운전 의무 불이행,교차로,교차로내
22216,2016-06-21 17,주간,화,1,1,0,0,0,광주,광산구,차대사람,횡단중,횡단중,신호위반,교차로,교차로내
22217,2016-08-11 20,야간,목,1,1,0,0,0,강원,춘천시,차대사람,길가장자리구역통행중,길가장자리구역통행중,안전운전 의무 불이행,단일로,기타단일로
22218,2016-06-03 02,야간,금,1,2,0,1,0,충북,청주시,차대차,정면충돌,정면충돌,교차로 통행방법 위반,교차로,교차로내
22219,2016-07-31 00,야간,일,1,1,0,0,0,대전,동구,차대차,측면충돌,측면충돌,신호위반,단일로,기타단일로
22220,2016-12-25 21,야간,일,1,1,0,0,0,경남,진주시,차대차,추돌,진행중 추돌,중앙선 침범,단일로,기타단일로
22221,2016-08-08 08,주간,월,1,1,0,0,0,서울,중랑구,차대사람,횡단중,횡단중,신호위반,교차로,교차로내
22222,2016-11-09 01,야간,수,1,2,0,1,0,서울,관악구,차대사람,기타,기타,안전운전 의무 불이행,단일로,기타단일로
22223,2016-12-20 11,주간,화,1,1,0,0,0,서울,구로구,차대차,기타,기타,안전운전 의무 불이행,단일로,기타단일로
22224,2016-10-02 15,주간,일,1,2,1,0,0,경남,거제시,차량단독,전도전복,전도전복,안전운전 의무 불이행,단일로,기타단일로
22225,2016-10-20 16,주간,목,1,1,0,0,0,서울,동작구,차대사람,횡단중,횡단중,보행자 보호의무 위반,교차로,교차로부근
22226,2016-07-07 23,야간,목,1,1,0,0,0,경기,파주시,차대사람,차도통행중,차도통행중,안전운전 의무 불이행,단일로,기타단일로
22227,2016-10-14 18,야간,금,1,1,0,0,0,충북,충주시,차대사람,횡단중,횡단중,안전운전 의무 불이행,단일로,기타단일로
22228,2016-10-03 19,야간,월,1,1,0,0,0,충남,태안군,차대사람,횡단중,횡단중,안전운전 의무 불이행,교차로,교차로내
22229,2016-09-03 23,야간,토,1,1,0,0,0,경기,안양시,차대차,측면충돌,측면충돌,기타,단일로,기타단일로
22230,2016-07-19 09,주간,화,1,1,0,0,0,경북,경주시,차대사람,횡단중,횡단중,안전운전 의무 불이행,단일로,기타단일로
22231,2016-12-28 19,야간,수,1,1,0,0,0,경남,진주시,차대사람,횡단중,횡단중,보행자 보호의무 위반,단일로,기타단일로
22232,2016-11-16 06,주간,수,1,1,0,0,0,경남,김해시,차대사람,횡단중,횡단중,안전운전 의무 불이행,단일로,기타단일로
22233,2016-09-25 01,야간,일,1,1,0,0,0,대전,대덕구,차대사람,기타,기타,안전운전 의무 불이행,단일로,기타단일로
22234,2016-09-25 02,야간,일,1,2,1,0,0,충남,공주시,차대차,기타,기타,과속,단일로,기타단일로
22235,2016-11-11 20,야간,금,1,5,2,2,0,부산,수영구,차대차,측면충돌,측면충돌,신호위반,교차로,교차로내
22236,2016-06-13 14,주간,월,1,2,0,1,0,경기,용인시,차대차,추돌,진행중 추돌,안전운전 의무 불이행,단일로,지하차도(도로)내
22237,2016-08-26 23,야간,금,1,1,0,0,0,전남,목포시,차대차,기타,기타,안전운전 의무 불이행,단일로,기타단일로
22238,2016-07-28 01,야간,목,1,1,0,0,0,경기,용인시,차량단독,공작물충돌,공작물충돌,안전운전 의무 불이행,단일로,기타단일로
22239,2016-11-12 15,주간,토,1,1,0,0,0,서울,관악구,차대사람,기타,기타,안전운전 의무 불이행,단일로,기타단일로
22240,2016-10-09 18,야간,일,1,1,0,0,0,경기,수원시,차대사람,횡단중,횡단중,안전운전 의무 불이행,교차로,교차로내
22241,2016-06-16 02,야간,목,1,1,0,0,0,대구,달서구,차대차,정면충돌,정면충돌,신호위반,교차로,교차로내
22242,2016-08-28 07,주간,일,1,1,0,0,0,울산,중구,차량단독,공작물충돌,공작물충돌,안전운전 의무 불이행,교차로,교차로부근
22243,2016-09-25 23,야간,일,1,1,0,0,0,대구,북구,차대사람,횡단중,횡단중,안전운전 의무 불이행,단일로,기타단일로
22244,2016-10-05 01,야간,수,1,2,0,1,0,경남,거제시,차대차,측면충돌,측면충돌,신호위반,교차로,교차로내
22245,2016-11-17 02,야간,목,1,1,0,0,0,경남,김해시,차량단독,전도전복,전도전복,안전운전 의무 불이행,단일로,기타단일로
22246,2016-06-28 01,야간,화,1,1,0,0,0,경기,의정부시,차대사람,횡단중,횡단중,안전운전 의무 불이행,교차로,교차로내
22247,2016-05-12 21,야간,목,1,1,0,0,0,경기,수원시,차대사람,기타,기타,보행자 보호의무 위반,단일로,기타단일로
22248,2016-07-03 02,야간,일,1,3,1,1,0,대전,중구,차대차,측면충돌,측면충돌,신호위반,교차로,교차로내
22249,2016-08-27 08,주간,토,1,1,0,0,0,서울,마포구,차대사람,횡단중,횡단중,안전운전 의무 불이행,단일로,기타단일로
22250,2016-07-31 06,주간,일,1,1,0,0,0,부산,부산진구,차대사람,기타,기타,안전운전 의무 불이행,단일로,기타단일로
22251,2016-07-03 23,야간,일,1,1,0,0,0,대전,중구,차대사람,횡단중,횡단중,과속,단일로,기타단일로
22252,2016-12-16 23,야간,금,1,1,0,0,0,서울,광진구,차량단독,전도전복,전도전복,안전운전 의무 불이행,단일로,기타단일로
22253,2016-10-02 21,야간,일,1,1,0,0,0,전북,전주시,차대사람,기타,기타,안전운전 의무 불이행,단일로,기타단일로
22254,2016-11-29 05,야간,화,1,1,0,0,0,경기,성남시,차대차,기타,기타,교차로 통행방법 위반,교차로,교차로내
22255,2016-07-23 01,야간,토,1,1,0,0,0,경북,경주시,차대사람,기타,기타,안전운전 의무 불이행,교차로,교차로부근
22256,2016-05-22 11,주간,일,1,2,1,0,0,인천,남동구,차대차,추돌,진행중 추돌,안전거리 미확보,단일로,기타단일로
22257,2016-12-21 18,야간,수,1,1,0,0,0,인천,옹진군,차량단독,전도전복,전도전복,안전운전 의무 불이행,단일로,기타단일로
22258,2016-08-01 14,주간,월,1,2,0,1,0,경기,화성시,차대차,추돌,진행중 추돌,안전운전 의무 불이행,교차로,교차로부근
22259,2016-10-07 13,주간,금,1,1,0,0,0,충남,서산시,차량단독,전도전복,전도전복,안전운전 의무 불이행,단일로,기타단일로
22260,2016-10-20 18,야간,목,1,1,0,0,0,충북,충주시,차대차,측면충돌,측면충돌,안전운전 의무 불이행,교차로,교차로부근
22261,2016-07-21 15,주간,목,1,1,0,0,0,충남,아산시,차량단독,전도전복,전도전복,신호위반,교차로,교차로내
22262,2016-07-08 19,야간,금,1,1,0,0,0,인천,서구,차대사람,보도통행중,보도통행중,안전운전 의무 불이행,단일로,기타단일로
22263,2016-07-24 05,야간,일,1,1,0,0,0,경북,경주시,차대사람,길가장자리구역통행중,길가장자리구역통행중,안전운전 의무 불이행,단일로,기타단일로
22264,2016-10-03 19,야간,월,1,1,0,0,0,전북,전주시,차대차,측면충돌,측면충돌,안전운전 의무 불이행,교차로,교차로내
22265,2016-11-20 00,야간,일,1,1,0,0,0,경남,김해시,차대차,측면충돌,측면충돌,신호위반,교차로,교차로내
22266,2016-10-03 22,야간,월,1,1,0,0,0,전북,전주시,차대차,정면충돌,정면충돌,기타,교차로,교차로내
22267,2016-05-20 05,야간,금,1,1,0,0,0,경기,안산시,차량단독,기타,기타,안전운전 의무 불이행,단일로,기타단일로
22268,2016-09-28 05,야간,수,1,1,0,0,0,서울,강동구,차대사람,횡단중,횡단중,안전운전 의무 불이행,단일로,기타단일로
22269,2016-11-21 20,야간,월,1,1,0,0,0,경남,김해시,차대차,정면충돌,정면충돌,중앙선 침범,단일로,기타단일로
22270,2016-12-29 11,주간,목,1,1,0,0,0,부산,북구,차대사람,기타,기타,안전운전 의무 불이행,단일로,기타단일로
22271,2016-09-27 18,야간,화,1,1,0,0,0,서울,용산구,차대사람,횡단중,횡단중,안전운전 의무 불이행,단일로,횡단보도상
22272,2016-08-30 19,야간,화,1,1,0,0,0,전남,여수시,차대차,추돌,진행중 추돌,안전운전 의무 불이행,단일로,기타단일로
22273,2016-05-15 19,야간,일,1,1,0,0,0,경기,수원시,차대차,기타,기타,과속,교차로,교차로부근
22274,2016-06-30 02,야간,목,1,6,5,0,0,광주,광산구,차대차,정면충돌,정면충돌,과속,교차로,교차로내
22275,2016-12-23 12,주간,금,1,1,0,0,0,인천,동구,차대사람,기타,기타,안전운전 의무 불이행,단일로,기타단일로
22276,2016-08-04 17,주간,목,1,1,0,0,0,경기,광주시,차대차,측면충돌,측면충돌,안전거리 미확보,교차로,교차로부근
22277,2016-12-13 19,야간,화,1,1,0,0,0,대구,남구,차대사람,횡단중,횡단중,안전운전 의무 불이행,교차로,교차로내
22278,2016-08-31 22,야간,수,1,1,0,0,0,서울,서초구,차대차,기타,기타,안전운전 의무 불이행,단일로,기타단일로
22279,2016-05-28 00,야간,토,1,1,0,0,0,경기,부천시,차대사람,길가장자리구역통행중,길가장자리구역통행중,안전운전 의무 불이행,단일로,기타단일로
22280,2016-09-12 22,야간,월,1,1,0,0,0,울산,남구,차대사람,차도통행중,차도통행중,안전운전 의무 불이행,단일로,기타단일로
22281,2016-07-28 04,야간,목,1,1,0,0,0,충북,청주시,차량단독,전도전복,전도전복,안전운전 의무 불이행,단일로,기타단일로
22282,2016-11-24 16,주간,목,1,1,0,0,0,부산,사하구,차대사람,횡단중,횡단중,안전운전 의무 불이행,교차로,교차로부근
22283,2016-12-10 23,야간,토,1,1,0,0,0,서울,강북구,차대차,정면충돌,정면충돌,신호위반,교차로,교차로내
22284,2016-06-29 08,주간,수,1,2,0,1,0,제주,제주시,차대차,정면충돌,정면충돌,안전운전 의무 불이행,단일로,기타단일로
22285,2016-10-08 01,야간,토,1,2,1,0,0,전북,전주시,차대사람,횡단중,횡단중,안전운전 의무 불이행,단일로,기타단일로
22286,2016-11-02 13,주간,수,1,2,0,1,0,서울,동작구,차대차,추돌,진행중 추돌,안전운전 의무 불이행,교차로,교차로부근
22287,2016-11-26 00,야간,토,1,1,0,0,0,경남,김해시,차량단독,공작물충돌,공작물충돌,안전운전 의무 불이행,단일로,기타단일로
22288,2016-07-14 10,주간,목,1,4,2,1,0,전북,익산시,차대차,추돌,진행중 추돌,안전거리 미확보,단일로,기타단일로
22289,2016-12-09 05,야간,금,1,1,0,0,0,경기,성남시,차대사람,기타,기타,안전운전 의무 불이행,단일로,횡단보도상
22290,2016-06-16 08,주간,목,1,2,0,1,0,대전,유성구,차대차,정면충돌,정면충돌,안전운전 의무 불이행,교차로,교차로부근
22291,2016-07-21 04,야간,목,1,1,0,0,0,서울,영등포구,차대사람,횡단중,횡단중,신호위반,단일로,기타단일로
22292,2016-08-24 03,야간,수,1,1,0,0,0,강원,춘천시,차대사람,길가장자리구역통행중,길가장자리구역통행중,안전운전 의무 불이행,단일로,기타단일로
22293,2016-06-18 12,주간,토,1,5,0,3,1,경기,용인시,차대차,측면충돌,측면충돌,신호위반,교차로,교차로내
22294,2016-11-20 10,주간,일,1,3,0,2,0,경기,성남시,차량단독,전도전복,전도전복,안전운전 의무 불이행,단일로,기타단일로
22295,2016-07-16 10,주간,토,1,1,0,0,0,경기,파주시,차대차,측면충돌,측면충돌,중앙선 침범,단일로,기타단일로
22296,2016-06-21 22,야간,화,1,1,0,0,0,강원,원주시,차대사람,횡단중,횡단중,보행자 보호의무 위반,교차로,교차로내
22297,2016-10-07 13,주간,금,1,1,0,0,0,경기,광명시,차대차,측면충돌,측면충돌,중앙선 침범,단일로,기타단일로
22298,2016-06-19 02,야간,일,1,2,1,0,0,경기,용인시,차량단독,전도전복,전도전복,안전운전 의무 불이행,단일로,기타단일로
22299,2016-09-07 21,야간,수,1,1,0,0,0,울산,북구,차대사람,횡단중,횡단중,안전운전 의무 불이행,단일로,기타단일로
22300,2016-10-06 10,주간,목,1,1,0,0,0,대구,북구,차대차,측면충돌,측면충돌,안전운전 의무 불이행,교차로,교차로내
22301,2016-08-06 13,주간,토,1,9,1,7,0,경기,남양주시,차대차,기타,기타,안전운전 의무 불이행,단일로,기타단일로
22302,2016-08-07 01,야간,일,1,1,0,0,0,대전,대덕구,차대사람,기타,기타,안전운전 의무 불이행,단일로,기타단일로
22303,2016-09-07 03,야간,수,1,1,0,0,0,전남,신안군,차대사람,기타,기타,안전운전 의무 불이행,단일로,기타단일로
22304,2016-09-02 21,야간,금,1,1,0,0,0,전남,여수시,차대사람,기타,기타,안전운전 의무 불이행,단일로,기타단일로
22305,2016-09-17 19,야간,토,1,1,0,0,0,울산,남구,차대사람,횡단중,횡단중,안전운전 의무 불이행,교차로,교차로부근
22306,2016-05-25 09,주간,수,1,1,0,0,0,인천,남동구,차대차,측면충돌,측면충돌,신호위반,교차로,교차로내
22307,2016-11-26 17,주간,토,1,1,0,0,0,부산,연제구,차대사람,횡단중,횡단중,안전운전 의무 불이행,교차로,교차로부근
22308,2016-06-18 09,주간,토,1,2,0,1,0,대전,유성구,차대차,측면충돌,측면충돌,신호위반,교차로,교차로내
22309,2016-08-05 02,야간,금,1,2,0,1,0,전북,전주시,차대차,기타,기타,안전거리 미확보,단일로,기타단일로
22310,2016-08-09 04,야간,화,1,2,1,0,0,경기,평택시,차대차,기타,기타,안전운전 의무 불이행,단일로,기타단일로
22311,2016-09-26 14,주간,월,1,2,1,0,0,제주,서귀포시,차대차,정면충돌,정면충돌,중앙선 침범,단일로,기타단일로
22312,2016-10-09 10,주간,일,1,4,0,3,0,경북,포항시,차대차,기타,기타,안전운전 의무 불이행,단일로,기타단일로
22313,2016-12-30 05,야간,금,1,1,0,0,0,서울,광진구,차대차,정면충돌,정면충돌,중앙선 침범,단일로,기타단일로
22314,2016-12-10 21,야간,토,1,1,0,0,0,경기,이천시,차대사람,횡단중,횡단중,안전운전 의무 불이행,단일로,기타단일로
22315,2016-12-16 04,야간,금,1,1,0,0,0,부산,사상구,차량단독,전도전복,전도전복,안전운전 의무 불이행,단일로,기타단일로
22316,2016-08-27 04,야간,토,1,2,0,1,0,강원,춘천시,차량단독,공작물충돌,공작물충돌,안전운전 의무 불이행,단일로,기타단일로
22317,2016-08-12 10,주간,금,1,1,0,0,0,경기,화성시,차대차,추돌,진행중 추돌,안전거리 미확보,단일로,기타단일로
22318,2016-12-16 20,야간,금,1,1,0,0,0,부산,사상구,차대사람,횡단중,횡단중,안전운전 의무 불이행,단일로,횡단보도상
22319,2016-06-04 08,주간,토,1,1,0,0,0,경기,남양주시,차량단독,공작물충돌,공작물충돌,안전운전 의무 불이행,교차로,교차로부근
22320,2016-08-11 12,주간,목,1,2,0,1,0,부산,부산진구,차대차,기타,기타,신호위반,교차로,교차로내
22321,2016-10-08 19,야간,토,1,1,0,0,0,서울,강동구,차대차,기타,기타,신호위반,교차로,교차로내
22322,2016-07-13 01,야간,수,1,1,0,0,0,경기,성남시,차대사람,차도통행중,차도통행중,안전운전 의무 불이행,기타/불명,기타/불명
22323,2016-10-17 20,야간,월,1,1,0,0,0,충남,서산시,차대사람,횡단중,횡단중,과속,단일로,기타단일로
22324,2016-07-26 15,주간,화,1,2,0,1,0,경기,김포시,차대차,정면충돌,정면충돌,중앙선 침범,단일로,기타단일로
22325,2016-09-02 07,주간,금,1,1,0,0,0,대구,북구,차대사람,횡단중,횡단중,안전운전 의무 불이행,교차로,교차로내
22326,2016-06-02 10,주간,목,1,1,0,0,0,경기,고양시,차량단독,기타,기타,기타,단일로,기타단일로
22327,2016-09-09 08,주간,금,1,3,0,2,0,전남,순천시,차대차,측면충돌,측면충돌,신호위반,교차로,교차로내
22328,2016-06-10 05,야간,금,1,1,0,0,0,경기,오산시,차량단독,전도전복,전도전복,안전운전 의무 불이행,교차로,교차로내
22329,2016-06-06 05,야간,월,1,1,0,0,0,경기,남양주시,차대사람,기타,기타,안전운전 의무 불이행,교차로,교차로부근
22330,2016-12-15 18,야간,목,1,1,0,0,0,경기,이천시,차대사람,기타,기타,안전운전 의무 불이행,단일로,기타단일로
22331,2016-10-13 16,주간,목,1,1,0,0,0,대구,북구,차대사람,길가장자리구역통행중,길가장자리구역통행중,안전운전 의무 불이행,단일로,기타단일로
22332,2016-07-30 01,야간,토,1,1,0,0,0,인천,남구,차대사람,기타,기타,안전운전 의무 불이행,단일로,기타단일로
22333,2016-07-31 14,주간,일,1,2,0,0,1,대구,달서구,차대차,측면충돌,측면충돌,안전운전 의무 불이행,단일로,기타단일로
22334,2016-08-19 17,주간,금,1,1,0,0,0,대전,동구,차대차,추돌,진행중 추돌,기타,단일로,기타단일로
22335,2016-05-30 04,야간,월,1,1,0,0,0,인천,남동구,차대사람,횡단중,횡단중,안전운전 의무 불이행,교차로,교차로부근
22336,2016-07-31 02,야간,일,1,1,0,0,0,인천,남구,차대사람,횡단중,횡단중,안전운전 의무 불이행,단일로,횡단보도상
22337,2016-06-11 10,주간,토,2,4,2,0,0,경기,화성시,차대차,측면충돌,측면충돌,안전운전 의무 불이행,단일로,기타단일로
22338,2016-10-15 20,야간,토,1,1,0,0,0,충남,천안시,차량단독,공작물충돌,공작물충돌,기타,단일로,기타단일로
22339,2016-12-20 06,주간,화,1,1,0,0,0,경기,이천시,차대사람,기타,기타,안전운전 의무 불이행,단일로,기타단일로
22340,2016-08-04 12,주간,목,1,1,0,0,0,경북,경주시,차대차,측면충돌,측면충돌,안전운전 의무 불이행,단일로,기타단일로
22341,2016-08-21 19,야간,일,1,1,0,0,0,대전,동구,차대사람,횡단중,횡단중,보행자 보호의무 위반,단일로,횡단보도상
22342,2016-06-14 18,야간,화,1,1,0,0,0,광주,북구,차대사람,횡단중,횡단중,안전운전 의무 불이행,단일로,기타단일로