교통사고이력ID(사고기록 순서),발생년월일시,주야코드,요일코드,사망자수,부상자수,중상자수,경상자수,부상신고자수,발생지시도코드,발생지시도코드,사고유형대분류코드,사고유형중분류코드,사고유형코드,법규위반코드,도로형태대분류코드,도로로형태코드
22542,2016-10-21 12,주간,금,2,2,0,0,0,전남,여수시,차대차,측면충돌,측면충돌,신호위반,교차로,교차로내
22543,2016-09-04 15,주간,일,3,6,1,2,0,충남,아산시,차대차,정면충돌,정면충돌,중앙선 침범,단일로,기타단일로
22544,2016-11-24 07,주간,목,1,1,0,0,0,서울,용산구,차대사람,횡단중,횡단중,안전운전 의무 불이행,단일로,기타단일로
22545,2016-10-20 15,주간,목,1,2,0,1,0,전남,신안군,차대차,측면충돌,측면충돌,안전운전 의무 불이행,교차로,교차로내
22546,2016-07-22 20,야간,금,1,1,0,0,0,대구,달서구,차대사람,횡단중,횡단중,보행자 보호의무 위반,단일로,횡단보도상
22547,2016-09-19 12,주간,월,1,1,0,0,0,경기,광주시,차대차,측면충돌,측면충돌,교차로 통행방법 위반,교차로,교차로내
22548,2016-09-29 06,주간,목,1,2,1,0,0,경기,고양시,차량단독,전도전복,전도전복,안전운전 의무 불이행,단일로,기타단일로
22549,2016-10-30 01,야간,일,1,1,0,0,0,서울,서초구,차대사람,차도통행중,차도통행중,안전운전 의무 불이행,단일로,기타단일로
22550,2016-12-27 20,야간,화,1,1,0,0,0,경기,용인시,차대사람,횡단중,횡단중,신호위반,단일로,횡단보도상
22551,2016-12-25 21,야간,일,1,1,0,0,0,경기,수원시,차대사람,횡단중,횡단중,안전운전 의무 불이행,단일로,기타단일로
22552,2016-10-20 00,야간,목,1,2,0,1,0,부산,수영구,차대차,측면충돌,측면충돌,안전운전 의무 불이행,교차로,교차로내
22553,2016-09-21 00,야간,수,1,4,3,0,0,경기,광주시,차대차,추돌,진행중 추돌,안전운전 의무 불이행,단일로,기타단일로
22554,2016-08-18 05,야간,목,1,1,0,0,0,경기,안산시,차대사람,횡단중,횡단중,안전운전 의무 불이행,단일로,기타단일로
22555,2016-09-12 12,주간,월,2,3,1,0,0,경북,경주시,차대차,기타,기타,중앙선 침범,교차로,교차로부근
22556,2016-09-04 12,주간,일,1,1,0,0,0,충남,아산시,차량단독,도로이탈,도로이탈 기타,안전운전 의무 불이행,단일로,기타단일로
22557,2016-07-01 17,주간,금,1,1,0,0,0,경기,안산시,차대사람,횡단중,횡단중,과속,단일로,기타단일로
22558,2016-08-05 04,야간,금,1,2,1,0,0,광주,서구,차대차,추돌,진행중 추돌,안전운전 의무 불이행,단일로,기타단일로
22559,2016-09-13 05,야간,화,1,1,0,0,0,경북,경주시,차대사람,기타,기타,안전운전 의무 불이행,단일로,기타단일로
22560,2016-06-15 02,야간,수,1,1,0,0,0,경기,수원시,차대사람,횡단중,횡단중,안전운전 의무 불이행,단일로,기타단일로
22561,2016-06-28 22,야간,화,1,1,0,0,0,경북,구미시,차대차,측면충돌,측면충돌,안전운전 의무 불이행,단일로,기타단일로
22562,2016-06-19 04,야간,일,3,4,1,0,0,대구,수성구,차대차,추돌,진행중 추돌,안전운전 의무 불이행,단일로,기타단일로
22563,2016-12-12 15,주간,월,1,1,0,0,0,충남,서산시,차대차,측면충돌,측면충돌,기타,교차로,교차로내
22564,2016-06-19 14,주간,일,1,1,0,0,0,대구,수성구,차대사람,횡단중,횡단중,보행자 보호의무 위반,교차로,교차로내
22565,2016-10-27 20,야간,목,1,1,0,0,0,전남,여수시,차대사람,횡단중,횡단중,안전운전 의무 불이행,단일로,기타단일로
22566,2016-11-20 23,야간,일,1,1,0,0,0,제주,서귀포시,차량단독,공작물충돌,공작물충돌,중앙선 침범,단일로,기타단일로
22567,2016-07-30 03,야간,토,1,2,1,0,0,강원,원주시,차대차,추돌,진행중 추돌,안전운전 의무 불이행,단일로,기타단일로
22568,2016-11-12 13,주간,토,1,1,0,0,0,울산,남구,차대차,측면충돌,측면충돌,신호위반,교차로,교차로내
22569,2016-09-19 05,야간,월,1,1,0,0,0,대전,대덕구,차대사람,횡단중,횡단중,안전운전 의무 불이행,단일로,기타단일로
22570,2016-12-27 08,주간,화,1,1,0,0,0,전북,전주시,차대사람,횡단중,횡단중,안전운전 의무 불이행,단일로,기타단일로
22571,2016-07-05 12,주간,화,1,1,0,0,0,경기,남양주시,차대사람,횡단중,횡단중,신호위반,교차로,교차로부근
22572,2016-10-12 21,야간,수,1,1,0,0,0,서울,중랑구,차대사람,차도통행중,차도통행중,안전운전 의무 불이행,단일로,기타단일로
22573,2016-09-04 10,주간,일,1,1,0,0,0,전북,익산시,차량단독,전도전복,전도전복,안전운전 의무 불이행,단일로,기타단일로
22574,2016-08-27 05,야간,토,1,1,0,0,0,제주,제주시,차대사람,차도통행중,차도통행중,안전운전 의무 불이행,교차로,교차로내
22575,2016-10-31 11,주간,월,1,2,1,0,0,전남,여수시,차대차,측면충돌,측면충돌,기타,단일로,기타단일로
22576,2016-11-23 06,주간,수,2,3,0,1,0,제주,서귀포시,차대차,추돌,진행중 추돌,안전거리 미확보,단일로,기타단일로
22577,2016-11-18 08,주간,금,1,1,0,0,0,울산,남구,차대차,기타,기타,안전운전 의무 불이행,교차로,교차로부근
22578,2016-09-05 10,주간,월,1,1,0,0,0,인천,남구,차대사람,횡단중,횡단중,보행자 보호의무 위반,교차로,교차로부근
22579,2016-12-12 00,야간,월,1,1,0,0,0,경북,포항시,차대차,추돌,진행중 추돌,안전운전 의무 불이행,교차로,교차로부근
22580,2016-09-06 16,주간,화,1,1,0,0,0,전북,익산시,차대차,측면충돌,측면충돌,안전운전 의무 불이행,교차로,교차로내
22581,2016-08-23 20,야간,화,1,1,0,0,0,충남,천안시,차대차,추돌,진행중 추돌,안전운전 의무 불이행,단일로,기타단일로
22582,2016-07-07 20,야간,목,1,1,0,0,0,경기,남양주시,차대차,정면충돌,정면충돌,기타,단일로,기타단일로
22583,2016-09-12 23,야간,월,1,1,0,0,0,충북,청주시,차대사람,횡단중,횡단중,안전운전 의무 불이행,교차로,교차로부근
22584,2016-08-14 03,야간,일,1,2,0,1,0,광주,광산구,차대차,정면충돌,정면충돌,기타,단일로,기타단일로
22585,2016-08-28 18,야간,일,1,1,0,0,0,경북,경산시,차대사람,횡단중,횡단중,보행자 보호의무 위반,단일로,횡단보도상
22586,2016-09-25 22,야간,일,1,2,0,1,0,경남,양산시,차대차,측면충돌,측면충돌,신호위반,교차로,교차로내
22587,2016-11-05 06,주간,토,1,2,1,0,0,전남,신안군,차대차,측면충돌,측면충돌,중앙선 침범,단일로,기타단일로
22588,2016-08-25 16,주간,목,1,1,0,0,0,대구,동구,차대사람,횡단중,횡단중,보행자 보호의무 위반,단일로,기타단일로
22589,2016-06-21 03,야간,화,1,1,0,0,0,경기,수원시,차량단독,공작물충돌,공작물충돌,안전운전 의무 불이행,단일로,기타단일로
22590,2016-09-24 06,주간,토,1,1,0,0,0,대전,대덕구,차대사람,횡단중,횡단중,안전운전 의무 불이행,교차로,교차로내
22591,2016-08-19 05,야간,금,1,1,0,0,0,대전,중구,차대사람,횡단중,횡단중,보행자 보호의무 위반,교차로,교차로부근
22592,2016-11-28 06,주간,월,1,1,0,0,0,제주,서귀포시,차대사람,횡단중,횡단중,보행자 보호의무 위반,단일로,기타단일로
22593,2016-10-07 04,야간,금,1,1,0,0,0,대전,동구,차대사람,횡단중,횡단중,안전운전 의무 불이행,단일로,횡단보도상
22594,2016-12-24 00,야간,토,1,1,0,0,0,경기,광명시,차대사람,기타,기타,안전운전 의무 불이행,교차로,교차로부근
22595,2016-12-16 02,야간,금,1,1,0,0,0,경북,포항시,차량단독,전도전복,전도전복,안전운전 의무 불이행,교차로,교차로내
22596,2016-07-15 10,주간,금,1,1,0,0,0,경기,시흥시,차대차,측면충돌,측면충돌,안전운전 의무 불이행,교차로,교차로내
22597,2016-09-30 04,야간,금,1,1,0,0,0,경기,광주시,차량단독,전도전복,전도전복,안전운전 의무 불이행,교차로,교차로내
22598,2016-12-30 18,야간,금,1,1,0,0,0,강원,강릉시,차대사람,횡단중,횡단중,안전운전 의무 불이행,단일로,기타단일로
22599,2016-07-22 20,야간,금,1,1,0,0,0,광주,북구,차대차,측면충돌,측면충돌,과속,단일로,기타단일로
22600,2016-12-30 13,주간,금,1,1,0,0,0,경남,거제시,차대사람,기타,기타,안전운전 의무 불이행,기타/불명,기타/불명
22601,2016-09-09 08,주간,금,1,2,0,1,0,전북,군산시,차대차,정면충돌,정면충돌,기타,교차로,교차로내
22602,2016-12-31 00,야간,토,1,1,0,0,0,경남,거제시,차대사람,기타,기타,안전운전 의무 불이행,단일로,기타단일로
22603,2016-08-03 05,야간,수,1,4,3,0,0,경기,용인시,차대차,추돌,진행중 추돌,안전운전 의무 불이행,기타/불명,기타/불명
22604,2016-05-21 14,주간,토,1,1,0,0,0,경기,평택시,차량단독,전도전복,전도전복,안전운전 의무 불이행,단일로,기타단일로
22605,2016-08-28 21,야간,일,1,1,0,0,0,대구,동구,차대사람,횡단중,횡단중,보행자 보호의무 위반,단일로,횡단보도상
22606,2016-12-18 07,주간,일,1,1,0,0,0,서울,강동구,차대사람,기타,기타,안전운전 의무 불이행,단일로,기타단일로
22607,2016-11-09 13,주간,수,1,1,0,0,0,전남,여수시,차대사람,횡단중,횡단중,안전운전 의무 불이행,단일로,기타단일로
22608,2016-11-08 18,야간,화,1,1,0,0,0,전남,순천시,차대사람,차도통행중,차도통행중,안전운전 의무 불이행,단일로,기타단일로
22609,2016-10-07 06,주간,금,1,1,0,0,0,부산,부산진구,차대차,측면충돌,측면충돌,안전운전 의무 불이행,단일로,기타단일로
22610,2016-07-18 05,야간,월,1,1,0,0,0,경기,오산시,차대사람,횡단중,횡단중,안전운전 의무 불이행,단일로,기타단일로
22611,2016-12-27 21,야간,화,1,1,0,0,0,충남,태안군,차대사람,횡단중,횡단중,안전운전 의무 불이행,단일로,기타단일로
22612,2016-10-28 21,야간,금,1,3,2,0,0,경북,포항시,차대차,추돌,진행중 추돌,안전운전 의무 불이행,단일로,기타단일로
22613,2016-06-25 02,야간,토,1,1,0,0,0,경기,수원시,차대사람,횡단중,횡단중,안전운전 의무 불이행,단일로,기타단일로
22614,2016-10-04 07,주간,화,1,4,2,1,0,충북,청주시,차대차,측면충돌,측면충돌,과속,단일로,기타단일로
22615,2016-07-08 06,주간,금,1,1,0,0,0,인천,남동구,차대사람,횡단중,횡단중,안전운전 의무 불이행,교차로,교차로내
22616,2016-10-12 19,야간,수,1,1,0,0,0,경기,고양시,차대사람,기타,기타,안전운전 의무 불이행,교차로,교차로부근
22617,2016-12-07 23,야간,수,1,1,0,0,0,경기,안양시,차대사람,횡단중,횡단중,안전운전 의무 불이행,기타/불명,기타/불명
22618,2016-11-15 06,주간,화,1,1,0,0,0,울산,중구,차대사람,횡단중,횡단중,안전운전 의무 불이행,단일로,기타단일로
22619,2016-08-27 14,주간,토,1,1,0,0,0,경기,성남시,차대차,추돌,진행중 추돌,중앙선 침범,단일로,기타단일로
22620,2016-09-25 09,주간,일,1,2,1,0,0,전북,전주시,차대차,측면충돌,측면충돌,기타,단일로,기타단일로
22621,2016-12-05 10,주간,월,1,1,0,0,0,제주,서귀포시,차량단독,전도전복,전도전복,안전운전 의무 불이행,단일로,기타단일로
22622,2016-08-08 04,야간,월,1,1,0,0,0,강원,원주시,차대차,추돌,진행중 추돌,안전운전 의무 불이행,교차로,교차로내
22623,2016-10-09 06,주간,일,1,1,0,0,0,부산,부산진구,차대사람,횡단중,횡단중,안전운전 의무 불이행,단일로,횡단보도상
22624,2016-08-30 07,주간,화,1,1,0,0,0,충남,천안시,차대차,측면충돌,측면충돌,안전운전 의무 불이행,교차로,교차로부근
22625,2016-05-22 19,야간,일,2,2,0,0,0,경기,평택시,차대사람,기타,기타,안전운전 의무 불이행,단일로,기타단일로
22626,2016-09-11 16,주간,일,1,1,0,0,0,경기,파주시,차대차,측면충돌,측면충돌,신호위반,교차로,교차로내
22627,2016-12-23 06,주간,금,1,1,0,0,0,경북,포항시,차대차,측면충돌,측면충돌,안전운전 의무 불이행,단일로,기타단일로
22628,2016-11-28 17,주간,월,1,1,0,0,0,서울,양천구,차대차,추돌,진행중 추돌,중앙선 침범,교차로,교차로내
22629,2016-12-29 01,야간,목,1,1,0,0,0,충남,천안시,차대사람,횡단중,횡단중,안전운전 의무 불이행,단일로,기타단일로
22630,2016-08-19 00,야간,금,1,1,0,0,0,대전,서구,차대사람,기타,기타,안전운전 의무 불이행,단일로,기타단일로
22631,2016-12-31 18,야간,토,1,1,0,0,0,충남,태안군,차대차,추돌,진행중 추돌,안전운전 의무 불이행,단일로,기타단일로
22632,2016-11-05 19,야간,토,1,1,0,0,0,서울,마포구,차대차,정면충돌,정면충돌,신호위반,교차로,교차로내
22633,2016-11-01 11,주간,화,1,1,0,0,0,대구,북구,차대사람,횡단중,횡단중,보행자 보호의무 위반,단일로,기타단일로
22634,2016-09-30 10,주간,금,1,2,0,0,1,경북,경주시,차대차,정면충돌,정면충돌,중앙선 침범,단일로,기타단일로
22635,2016-12-14 01,야간,수,1,3,1,1,0,서울,강남구,차대차,측면충돌,측면충돌,신호위반,교차로,교차로내
22636,2016-10-05 03,야간,수,1,5,1,3,0,경기,성남시,차대차,기타,기타,안전운전 의무 불이행,단일로,기타단일로
22637,2016-11-12 12,주간,토,1,1,0,0,0,부산,남구,차량단독,전도전복,전도전복,안전운전 의무 불이행,교차로,교차로내
22638,2016-07-24 05,야간,일,1,1,0,0,0,서울,송파구,차대사람,횡단중,횡단중,신호위반,단일로,기타단일로
22639,2016-10-06 01,야간,목,1,2,0,0,1,경기,안양시,차대차,추돌,진행중 추돌,안전운전 의무 불이행,단일로,기타단일로
22640,2016-09-23 21,야간,금,1,1,0,0,0,경기,김포시,차대차,측면충돌,측면충돌,안전운전 의무 불이행,단일로,기타단일로
22641,2016-07-22 11,주간,금,1,1,0,0,0,경기,오산시,차량단독,공작물충돌,공작물충돌,안전운전 의무 불이행,단일로,기타단일로
22642,2016-09-30 17,주간,금,2,3,0,1,0,전북,전주시,차대사람,횡단중,횡단중,보행자 보호의무 위반,교차로,교차로내
22643,2016-08-11 04,야간,목,1,2,1,0,0,강원,원주시,차대사람,횡단중,횡단중,보행자 보호의무 위반,단일로,기타단일로
22644,2016-09-30 20,야간,금,1,1,0,0,0,전북,전주시,차대차,기타,기타,안전운전 의무 불이행,교차로,교차로내
22645,2016-11-05 21,야간,토,1,2,0,1,0,경북,포항시,차대차,정면충돌,정면충돌,안전운전 의무 불이행,교차로,교차로내
22646,2016-10-19 00,야간,수,1,1,0,0,0,경기,고양시,차대차,측면충돌,측면충돌,신호위반,교차로,교차로내
22647,2016-09-02 06,주간,금,1,1,0,0,0,경기,성남시,차대차,정면충돌,정면충돌,안전운전 의무 불이행,단일로,기타단일로
22648,2016-10-07 04,야간,금,1,2,1,0,0,서울,서초구,차대차,기타,기타,안전운전 의무 불이행,단일로,기타단일로
22649,2016-08-22 13,주간,월,1,1,0,0,0,대전,서구,차대차,측면충돌,측면충돌,안전거리 미확보,단일로,기타단일로
22650,2016-12-01 23,야간,목,1,2,0,1,0,울산,남구,차대차,추돌,진행중 추돌,안전운전 의무 불이행,단일로,기타단일로
22651,2016-10-28 20,야간,금,1,1,0,0,0,서울,중랑구,차대사람,횡단중,횡단중,보행자 보호의무 위반,교차로,교차로부근
22652,2016-09-28 19,야간,수,1,1,0,0,0,충남,아산시,차대사람,횡단중,횡단중,안전운전 의무 불이행,교차로,교차로부근
22653,2016-12-19 16,주간,월,1,1,0,0,0,경기,안양시,차대사람,기타,기타,보행자 보호의무 위반,교차로,교차로부근
22654,2016-12-14 21,야간,수,1,1,0,0,0,제주,서귀포시,차대사람,횡단중,횡단중,안전운전 의무 불이행,교차로,교차로부근
22655,2016-11-09 10,주간,수,1,1,0,0,0,경북,포항시,차대사람,횡단중,횡단중,중앙선 침범,단일로,횡단보도상
22656,2016-09-29 21,야간,목,1,1,0,0,0,충남,아산시,차대차,추돌,진행중 추돌,안전운전 의무 불이행,단일로,기타단일로
22657,2016-11-11 08,주간,금,1,1,0,0,0,강원,춘천시,차대사람,횡단중,횡단중,안전운전 의무 불이행,교차로,교차로내
22658,2016-11-17 15,주간,목,1,1,0,0,0,전남,순천시,차량단독,도로이탈,도로이탈 추락,안전운전 의무 불이행,단일로,기타단일로
22659,2016-11-09 11,주간,수,1,1,0,0,0,경북,포항시,차대사람,기타,기타,안전운전 의무 불이행,단일로,기타단일로
22660,2016-07-11 13,주간,월,1,1,0,0,0,경북,구미시,차대차,측면충돌,측면충돌,교차로 통행방법 위반,교차로,교차로내
22661,2016-09-17 23,야간,토,1,1,0,0,0,인천,남구,차대사람,기타,기타,안전운전 의무 불이행,단일로,기타단일로
22662,2016-09-24 19,야간,토,1,2,1,0,0,대구,달서구,차대차,기타,기타,교차로 통행방법 위반,교차로,교차로내
22663,2016-11-08 23,야간,화,1,1,0,0,0,서울,노원구,차대차,정면충돌,정면충돌,신호위반,교차로,교차로내
22664,2016-11-26 14,주간,토,1,1,0,0,0,울산,중구,차대차,추돌,진행중 추돌,안전운전 의무 불이행,교차로,교차로부근
22665,2016-07-03 13,주간,일,1,8,4,3,0,대구,수성구,차대차,측면충돌,측면충돌,신호위반,교차로,교차로내
22666,2016-09-14 01,야간,수,1,1,0,0,0,제주,제주시,차대사람,기타,기타,안전운전 의무 불이행,단일로,기타단일로
22667,2016-08-25 05,야간,목,1,1,0,0,0,경기,의정부시,차대차,측면충돌,측면충돌,안전운전 의무 불이행,교차로,교차로부근
22668,2016-09-13 10,주간,화,1,1,0,0,0,인천,서구,차대사람,횡단중,횡단중,안전운전 의무 불이행,교차로,교차로내
22669,2016-09-14 04,야간,수,1,1,0,0,0,제주,제주시,차량단독,공작물충돌,공작물충돌,안전운전 의무 불이행,단일로,기타단일로
22670,2016-09-20 19,야간,화,1,1,0,0,0,경기,파주시,차대사람,횡단중,횡단중,보행자 보호의무 위반,교차로,교차로부근
22671,2016-11-20 12,주간,일,1,1,0,0,0,부산,남구,차대사람,차도통행중,차도통행중,안전운전 의무 불이행,단일로,기타단일로
22672,2016-11-30 07,주간,수,1,1,0,0,0,서울,서초구,차대차,추돌,진행중 추돌,안전거리 미확보,단일로,지하차도(도로)내
22673,2016-11-12 14,주간,토,1,1,0,0,0,대구,서구,차대차,측면충돌,측면충돌,기타,단일로,기타단일로
22674,2016-10-06 17,주간,목,1,1,0,0,0,전북,전주시,차대차,측면충돌,측면충돌,안전운전 의무 불이행,단일로,횡단보도상
22675,2016-11-30 13,주간,수,1,1,0,0,0,울산,북구,차대사람,차도통행중,차도통행중,기타,단일로,기타단일로
22676,2016-09-22 19,야간,목,1,1,0,0,0,전북,군산시,차대차,측면충돌,측면충돌,안전운전 의무 불이행,단일로,기타단일로
22677,2016-11-13 06,주간,일,1,2,1,0,0,대구,서구,차대차,정면충돌,정면충돌,신호위반,교차로,교차로내
22678,2016-11-23 15,주간,수,1,1,0,0,0,전남,순천시,차량단독,전도전복,전도전복,안전운전 의무 불이행,단일로,기타단일로
22679,2016-12-08 22,야간,목,1,2,0,1,0,울산,남구,차대사람,횡단중,횡단중,안전운전 의무 불이행,단일로,횡단보도상
22680,2016-08-04 22,야간,목,1,3,1,1,0,충북,청주시,차대차,정면충돌,정면충돌,안전운전 의무 불이행,단일로,기타단일로
22681,2016-09-13 09,주간,화,1,3,0,2,0,경북,경산시,차대차,기타,기타,교차로 통행방법 위반,교차로,교차로내
22682,2016-10-26 10,주간,수,1,1,0,0,0,경기,고양시,차량단독,공작물충돌,공작물충돌,안전운전 의무 불이행,교차로,교차로부근
22683,2016-10-24 10,주간,월,1,1,0,0,0,서울,강서구,차대사람,횡단중,횡단중,안전운전 의무 불이행,단일로,기타단일로
22684,2016-10-01 05,야간,토,1,8,4,3,0,충북,청주시,차량단독,도로이탈,도로이탈 추락,안전운전 의무 불이행,단일로,기타단일로
22685,2016-10-14 21,야간,금,1,1,0,0,0,경남,양산시,차대사람,횡단중,횡단중,안전운전 의무 불이행,교차로,교차로부근
22686,2016-09-02 06,주간,금,1,1,0,0,0,대전,중구,차대차,측면충돌,측면충돌,중앙선 침범,교차로,교차로부근
22687,2016-12-10 03,야간,토,1,1,0,0,0,울산,남구,차대사람,횡단중,횡단중,안전운전 의무 불이행,단일로,기타단일로
22688,2016-10-01 15,주간,토,1,1,0,0,0,충북,청주시,차대차,기타,기타,안전운전 의무 불이행,교차로,교차로부근
22689,2016-07-20 08,주간,수,1,1,0,0,0,경기,안산시,차량단독,전도전복,전도전복,안전운전 의무 불이행,단일로,기타단일로
22690,2016-09-18 21,야간,일,1,1,0,0,0,인천,서구,차대사람,기타,기타,안전운전 의무 불이행,단일로,기타단일로
22691,2016-12-22 12,주간,목,1,1,0,0,0,제주,서귀포시,차대사람,횡단중,횡단중,안전운전 의무 불이행,교차로,교차로부근
22692,2016-12-05 07,주간,월,1,1,0,0,0,울산,중구,차량단독,전도전복,전도전복,안전운전 의무 불이행,교차로,교차로내
22693,2016-07-22 01,야간,금,1,1,0,0,0,경기,남양주시,차대사람,횡단중,횡단중,안전운전 의무 불이행,단일로,교량위
22694,2016-11-29 08,주간,화,1,1,0,0,0,전남,신안군,차량단독,전도전복,전도전복,안전운전 의무 불이행,단일로,기타단일로
22695,2016-11-19 17,주간,토,1,1,0,0,0,대전,서구,차대사람,횡단중,횡단중,안전운전 의무 불이행,단일로,횡단보도상
22696,2016-10-19 03,야간,수,1,1,0,0,0,충북,청주시,차대사람,횡단중,횡단중,과속,단일로,기타단일로
22697,2016-10-01 03,야간,토,3,9,2,4,0,대구,달서구,차대차,측면충돌,측면충돌,신호위반,교차로,교차로내
22698,2016-08-22 20,야간,월,1,1,0,0,0,제주,제주시,차대사람,횡단중,횡단중,안전운전 의무 불이행,교차로,교차로부근
22699,2016-11-18 04,야간,금,1,3,1,1,0,부산,해운대구,차대차,추돌,진행중 추돌,신호위반,교차로,교차로내
22700,2016-09-26 11,주간,월,1,2,1,0,0,전북,군산시,차대사람,횡단중,횡단중,안전운전 의무 불이행,교차로,교차로내
22701,2016-11-30 17,주간,수,1,1,0,0,0,전남,목포시,차대사람,횡단중,횡단중,안전운전 의무 불이행,교차로,교차로내
22702,2016-09-12 03,야간,월,2,2,0,0,0,충남,천안시,차대차,기타,기타,신호위반,교차로,교차로내
22703,2016-10-15 23,야간,토,1,1,0,0,0,경북,경주시,차대사람,기타,기타,안전운전 의무 불이행,교차로,교차로내
22704,2016-10-06 23,야간,목,1,1,0,0,0,충남,아산시,차량단독,전도전복,전도전복,과속,기타/불명,기타/불명
22705,2016-10-28 02,야간,금,1,1,0,0,0,부산,부산진구,차대사람,횡단중,횡단중,안전운전 의무 불이행,단일로,기타단일로
22706,2016-11-21 19,야간,월,1,1,0,0,0,대전,서구,차대차,정면충돌,정면충돌,안전운전 의무 불이행,교차로,교차로내
22707,2016-11-25 16,주간,금,1,1,0,0,0,서울,양천구,차량단독,기타,기타,안전운전 의무 불이행,단일로,기타단일로
22708,2016-09-28 15,주간,수,1,1,0,0,0,경기,파주시,차량단독,공작물충돌,공작물충돌,안전운전 의무 불이행,단일로,기타단일로
22709,2016-11-20 03,야간,일,1,1,0,0,0,대구,서구,차대사람,횡단중,횡단중,안전운전 의무 불이행,단일로,기타단일로
22710,2016-09-27 07,주간,화,1,1,0,0,0,전북,익산시,차대차,정면충돌,정면충돌,교차로 통행방법 위반,교차로,교차로내
22711,2016-10-19 15,주간,수,1,3,0,2,0,경기,안산시,차대차,추돌,진행중 추돌,안전운전 의무 불이행,단일로,기타단일로
22712,2016-10-21 08,주간,금,1,1,0,0,0,경남,양산시,차대차,추돌,진행중 추돌,안전운전 의무 불이행,교차로,교차로부근
22713,2016-07-23 10,주간,토,1,1,0,0,0,경기,안산시,차대차,측면충돌,측면충돌,안전운전 의무 불이행,단일로,기타단일로
22714,2016-10-17 04,야간,월,1,1,0,0,0,대전,대덕구,차대사람,길가장자리구역통행중,길가장자리구역통행중,과속,교차로,교차로부근
22715,2016-09-28 09,주간,수,1,2,1,0,0,전북,익산시,차대차,정면충돌,정면충돌,신호위반,교차로,교차로내
22716,2016-09-01 09,주간,목,1,4,0,3,0,광주,광산구,차대차,측면충돌,측면충돌,안전운전 의무 불이행,단일로,교량위
22717,2016-12-19 06,주간,월,1,1,0,0,0,울산,남구,차량단독,전도전복,전도전복,안전운전 의무 불이행,단일로,기타단일로
22718,2016-12-29 07,주간,목,1,1,0,0,0,제주,서귀포시,차대사람,횡단중,횡단중,보행자 보호의무 위반,단일로,기타단일로
22719,2016-10-29 16,주간,토,1,2,1,0,0,경기,화성시,차대차,기타,기타,안전운전 의무 불이행,단일로,기타단일로
22720,2016-10-24 12,주간,월,1,14,1,12,0,경기,용인시,차대차,측면충돌,측면충돌,안전운전 의무 불이행,단일로,기타단일로
22721,2016-11-26 19,야간,토,1,3,1,1,0,대전,서구,차대차,기타,기타,안전거리 미확보,단일로,교량위
22722,2016-10-24 18,야간,월,1,1,0,0,0,경기,용인시,차대차,추돌,진행중 추돌,안전운전 의무 불이행,단일로,기타단일로
22723,2016-10-30 03,야간,일,1,1,0,0,0,경기,화성시,차대차,기타,기타,안전운전 의무 불이행,단일로,기타단일로
22724,2016-10-30 12,주간,일,1,2,0,1,0,경기,화성시,차대차,추돌,진행중 추돌,안전운전 의무 불이행,단일로,기타단일로
22725,2016-09-01 21,야간,목,1,2,0,0,1,서울,동대문구,차대차,추돌,진행중 추돌,안전거리 미확보,단일로,기타단일로
22726,2016-11-05 10,주간,토,1,1,0,0,0,서울,강서구,차대사람,횡단중,횡단중,안전운전 의무 불이행,교차로,교차로부근
22727,2016-10-25 18,야간,화,1,1,0,0,0,경남,양산시,차대사람,횡단중,횡단중,안전운전 의무 불이행,기타/불명,기타/불명
22728,2016-10-02 18,야간,일,1,1,0,0,0,서울,영등포구,차대사람,기타,기타,안전운전 의무 불이행,단일로,기타단일로
22729,2016-11-04 11,주간,금,1,1,0,0,0,부산,부산진구,차대사람,보도통행중,보도통행중,보행자 보호의무 위반,단일로,기타단일로
22730,2016-10-31 21,야간,월,1,1,0,0,0,경기,화성시,차대사람,횡단중,횡단중,안전운전 의무 불이행,단일로,기타단일로
22731,2016-08-12 20,야간,금,1,1,0,0,0,충북,청주시,차대사람,기타,기타,안전운전 의무 불이행,단일로,기타단일로
22732,2016-10-03 04,야간,월,1,1,0,0,0,서울,영등포구,차대사람,차도통행중,차도통행중,안전운전 의무 불이행,단일로,기타단일로
22733,2016-09-02 22,야간,금,1,1,0,0,0,서울,동대문구,차대사람,횡단중,횡단중,안전운전 의무 불이행,교차로,교차로내
22734,2016-10-28 13,주간,금,1,1,0,0,0,충북,청주시,차량단독,전도전복,전도전복,안전운전 의무 불이행,단일로,기타단일로
22735,2016-09-05 00,야간,월,1,1,0,0,0,광주,광산구,차대사람,횡단중,횡단중,안전운전 의무 불이행,단일로,기타단일로
22736,2016-10-04 01,야간,화,1,1,0,0,0,서울,강남구,차대차,기타,기타,신호위반,교차로,교차로내
22737,2016-12-02 00,야간,금,1,1,0,0,0,서울,마포구,차대차,정면충돌,정면충돌,중앙선 침범,교차로,교차로부근
22738,2016-11-26 22,야간,토,1,1,0,0,0,부산,해운대구,차대사람,횡단중,횡단중,신호위반,단일로,기타단일로
22739,2016-10-25 15,주간,화,1,1,0,0,0,경기,광주시,차대사람,기타,기타,안전운전 의무 불이행,단일로,기타단일로
22740,2016-10-29 11,주간,토,1,1,0,0,0,충북,청주시,차량단독,전도전복,전도전복,안전운전 의무 불이행,단일로,기타단일로
22741,2016-07-27 04,야간,수,1,1,0,0,0,경기,고양시,차대차,추돌,진행중 추돌,안전운전 의무 불이행,단일로,기타단일로