교통사고이력ID(사고기록 순서),발생년월일시,주야코드,요일코드,사망자수,부상자수,중상자수,경상자수,부상신고자수,발생지시도코드,발생지시도코드,사고유형대분류코드,사고유형중분류코드,사고유형코드,법규위반코드,도로형태대분류코드,도로로형태코드
22742,2016-10-05 19,야간,수,1,1,0,0,0,전북,군산시,차대사람,횡단중,횡단중,보행자 보호의무 위반,단일로,횡단보도상
22743,2016-10-14 18,야간,금,1,4,0,3,0,경기,김포시,차대차,기타,기타,안전운전 의무 불이행,단일로,기타단일로
22744,2016-10-13 10,주간,목,1,1,0,0,0,충북,청주시,차대사람,횡단중,횡단중,보행자 보호의무 위반,단일로,기타단일로
22745,2016-07-24 19,야간,일,1,1,0,0,0,경북,구미시,차대사람,횡단중,횡단중,안전운전 의무 불이행,단일로,기타단일로
22746,2016-09-07 08,주간,수,1,1,0,0,0,광주,광산구,차대사람,보도통행중,보도통행중,보행자 보호의무 위반,교차로,교차로내
22747,2016-11-19 14,주간,토,1,1,0,0,0,서울,중랑구,차대사람,차도통행중,차도통행중,안전운전 의무 불이행,단일로,횡단보도부근
22748,2016-06-05 04,야간,일,1,1,0,0,0,경기,평택시,차대사람,기타,기타,안전운전 의무 불이행,교차로,교차로부근
22749,2016-10-02 03,야간,일,1,3,2,0,0,경기,김포시,차대차,측면충돌,측면충돌,신호위반,교차로,교차로내
22750,2016-07-29 03,야간,금,1,1,0,0,0,경기,안산시,차대사람,횡단중,횡단중,안전운전 의무 불이행,교차로,교차로부근
22751,2016-09-08 02,야간,목,1,1,0,0,0,대전,서구,차대사람,횡단중,횡단중,과속,교차로,교차로내
22752,2016-10-02 19,야간,일,1,1,0,0,0,인천,서구,차대사람,횡단중,횡단중,신호위반,단일로,횡단보도상
22753,2016-11-29 21,야간,화,1,1,0,0,0,경북,포항시,차대사람,횡단중,횡단중,안전운전 의무 불이행,단일로,기타단일로
22754,2016-10-27 21,야간,목,1,1,0,0,0,경기,광주시,차대사람,횡단중,횡단중,안전운전 의무 불이행,교차로,교차로내
22755,2016-10-30 22,야간,일,1,5,0,0,4,경기,평택시,차대차,기타,기타,안전운전 의무 불이행,단일로,기타단일로
22756,2016-12-12 22,야간,월,1,1,0,0,0,전남,여수시,차대사람,횡단중,횡단중,과속,단일로,기타단일로
22757,2016-09-24 21,야간,토,1,1,0,0,0,대구,동구,차대사람,횡단중,횡단중,신호위반,단일로,횡단보도부근
22758,2016-09-29 21,야간,목,1,1,0,0,0,경북,경산시,차대사람,차도통행중,차도통행중,안전운전 의무 불이행,단일로,기타단일로
22759,2016-10-30 03,야간,일,1,2,1,0,0,경북,경주시,차대차,정면충돌,정면충돌,안전운전 의무 불이행,단일로,기타단일로
22760,2016-12-03 17,주간,토,1,1,0,0,0,대구,서구,차대사람,기타,기타,안전운전 의무 불이행,단일로,기타단일로
22761,2016-07-16 21,야간,토,1,1,0,0,0,경기,수원시,차대사람,횡단중,횡단중,안전운전 의무 불이행,기타/불명,기타/불명
22762,2016-10-07 18,야간,금,1,2,0,1,0,전북,익산시,차대차,추돌,진행중 추돌,안전운전 의무 불이행,교차로,교차로내
22763,2016-11-02 07,주간,수,1,1,0,0,0,경기,화성시,차대사람,기타,기타,안전운전 의무 불이행,단일로,기타단일로
22764,2016-09-28 05,야간,수,1,1,0,0,0,충남,천안시,차대차,추돌,진행중 추돌,안전운전 의무 불이행,단일로,기타단일로
22765,2016-08-23 01,야간,화,1,3,1,1,0,대전,유성구,차대차,정면충돌,정면충돌,신호위반,교차로,교차로내
22766,2016-12-05 20,야간,월,1,1,0,0,0,서울,노원구,차대차,측면충돌,측면충돌,중앙선 침범,교차로,교차로내
22767,2016-10-06 23,야간,목,1,1,0,0,0,인천,남구,차대사람,횡단중,횡단중,안전운전 의무 불이행,단일로,횡단보도상
22768,2016-12-26 19,야간,월,1,1,0,0,0,울산,중구,차대사람,기타,기타,안전운전 의무 불이행,단일로,기타단일로
22769,2016-10-07 01,야간,금,1,1,0,0,0,인천,남구,차대사람,횡단중,횡단중,과속,단일로,기타단일로
22770,2016-11-05 04,야간,토,1,1,0,0,0,충북,청주시,차량단독,전도전복,전도전복,안전운전 의무 불이행,단일로,기타단일로
22771,2016-09-09 07,주간,금,1,1,0,0,0,서울,동대문구,차대차,정면충돌,정면충돌,신호위반,교차로,교차로내
22772,2016-10-05 14,주간,수,1,2,1,0,0,제주,제주시,차대차,측면충돌,측면충돌,기타,교차로,교차로내
22773,2016-10-04 00,야간,화,1,1,0,0,0,경북,경산시,차량단독,전도전복,전도전복,안전운전 의무 불이행,단일로,기타단일로
22774,2016-11-02 08,주간,수,1,1,0,0,0,경북,경주시,차대차,측면충돌,측면충돌,안전운전 의무 불이행,단일로,기타단일로
22775,2016-12-17 15,주간,토,1,1,0,0,0,전남,여수시,차대사람,횡단중,횡단중,보행자 보호의무 위반,교차로,교차로내
22776,2016-12-19 11,주간,월,1,1,0,0,0,전남,목포시,차대사람,길가장자리구역통행중,길가장자리구역통행중,안전운전 의무 불이행,교차로,교차로내
22777,2016-10-19 10,주간,수,1,2,1,0,0,충북,청주시,차대차,측면충돌,측면충돌,중앙선 침범,단일로,기타단일로
22778,2016-10-09 01,야간,일,1,1,0,0,0,인천,남구,차대사람,차도통행중,차도통행중,안전운전 의무 불이행,단일로,기타단일로
22779,2016-09-03 00,야간,토,1,1,0,0,0,경기,용인시,차량단독,공작물충돌,공작물충돌,안전운전 의무 불이행,교차로,교차로부근
22780,2016-12-29 07,주간,목,1,2,0,1,0,울산,북구,차대차,측면충돌,측면충돌,기타,단일로,기타단일로
22781,2016-11-10 06,주간,목,1,1,0,0,0,경남,양산시,차대사람,횡단중,횡단중,신호위반,단일로,횡단보도상
22782,2016-12-20 00,야간,화,1,1,0,0,0,전남,여수시,차대사람,횡단중,횡단중,안전운전 의무 불이행,단일로,기타단일로
22783,2016-12-08 09,주간,목,1,1,0,0,0,경북,포항시,차대차,정면충돌,정면충돌,안전운전 의무 불이행,단일로,기타단일로
22784,2016-10-25 03,야간,화,1,1,0,0,0,경기,김포시,차량단독,기타,기타,안전운전 의무 불이행,단일로,기타단일로
22785,2016-10-10 18,야간,월,1,1,0,0,0,인천,남구,차대사람,횡단중,횡단중,기타,교차로,교차로부근
22786,2016-11-03 12,주간,목,1,1,0,0,0,경기,광주시,차대차,추돌,진행중 추돌,안전운전 의무 불이행,단일로,기타단일로
22787,2016-10-14 11,주간,금,1,4,2,1,0,경기,파주시,차대차,정면충돌,정면충돌,중앙선 침범,단일로,기타단일로
22788,2016-12-27 18,야간,화,1,1,0,0,0,전남,순천시,차대사람,횡단중,횡단중,안전운전 의무 불이행,교차로,교차로내
22789,2016-11-04 11,주간,금,1,4,0,3,0,경기,광주시,차대차,추돌,진행중 추돌,안전운전 의무 불이행,교차로,교차로부근
22790,2016-10-27 03,야간,목,1,1,0,0,0,경기,김포시,차량단독,전도전복,전도전복,안전거리 미확보,단일로,기타단일로
22791,2016-07-23 03,야간,토,1,2,0,1,0,경기,수원시,차대사람,횡단중,횡단중,과속,단일로,횡단보도상
22792,2016-10-15 09,주간,토,1,2,1,0,0,전북,익산시,차대차,기타,기타,안전운전 의무 불이행,단일로,기타단일로
22793,2016-08-03 23,야간,수,1,1,0,0,0,경기,고양시,차량단독,전도전복,전도전복,안전운전 의무 불이행,단일로,기타단일로
22794,2016-10-14 06,주간,금,1,4,0,2,1,서울,강남구,차대차,측면충돌,측면충돌,중앙선 침범,단일로,교량위
22795,2016-11-23 19,야간,수,1,1,0,0,0,경기,고양시,차대사람,차도통행중,차도통행중,안전운전 의무 불이행,교차로,교차로내
22796,2016-09-17 23,야간,토,1,1,0,0,0,광주,서구,차대사람,횡단중,횡단중,안전운전 의무 불이행,단일로,기타단일로
22797,2016-12-12 18,야간,월,1,1,0,0,0,경북,포항시,차량단독,전도전복,전도전복,신호위반,단일로,기타단일로
22798,2016-06-11 16,주간,토,1,1,0,0,0,경기,평택시,차대차,측면충돌,측면충돌,교차로 통행방법 위반,교차로,교차로내
22799,2016-12-18 07,주간,일,1,1,0,0,0,강원,춘천시,차대사람,횡단중,횡단중,안전운전 의무 불이행,단일로,기타단일로
22800,2016-09-05 22,야간,월,1,1,0,0,0,강원,원주시,차대사람,기타,기타,안전운전 의무 불이행,기타/불명,기타/불명
22801,2016-07-24 21,야간,일,1,1,0,0,0,경기,수원시,차대사람,횡단중,횡단중,안전운전 의무 불이행,단일로,기타단일로
22802,2016-10-07 21,야간,금,1,4,2,1,0,충남,천안시,차대차,정면충돌,정면충돌,중앙선 침범,기타/불명,기타/불명
22803,2016-09-08 17,주간,목,1,1,0,0,0,경기,용인시,차대사람,기타,기타,안전운전 의무 불이행,단일로,기타단일로
22804,2016-10-12 14,주간,수,1,2,0,1,0,경북,경산시,차대차,측면충돌,측면충돌,안전운전 의무 불이행,교차로,교차로내
22805,2016-11-11 20,야간,금,1,1,0,0,0,경기,평택시,차대차,기타,기타,안전운전 의무 불이행,단일로,기타단일로
22806,2016-07-22 16,주간,금,1,2,0,1,0,경기,수원시,차대차,기타,기타,기타,단일로,기타단일로
22807,2016-09-19 17,주간,월,1,1,0,0,0,광주,광산구,차대사람,횡단중,횡단중,보행자 보호의무 위반,교차로,교차로부근
22808,2016-09-13 09,주간,화,1,1,0,0,0,제주,제주시,차대차,측면충돌,측면충돌,기타,단일로,기타단일로
22809,2016-08-25 17,주간,목,1,3,0,2,0,광주,북구,차대차,추돌,진행중 추돌,안전운전 의무 불이행,교차로,교차로부근
22810,2016-06-13 03,야간,월,1,1,0,0,0,경기,평택시,차량단독,공작물충돌,공작물충돌,안전운전 의무 불이행,교차로,교차로내
22811,2016-10-14 14,주간,금,1,2,0,1,0,제주,제주시,차량단독,공작물충돌,공작물충돌,안전운전 의무 불이행,단일로,기타단일로
22812,2016-09-10 10,주간,토,1,2,0,0,1,경기,용인시,차대차,정면충돌,정면충돌,안전운전 의무 불이행,교차로,교차로부근
22813,2016-10-13 22,야간,목,1,1,0,0,0,경북,경산시,차량단독,전도전복,전도전복,안전운전 의무 불이행,단일로,기타단일로
22814,2016-11-14 10,주간,월,1,1,0,0,0,경북,경주시,차대사람,횡단중,횡단중,안전운전 의무 불이행,단일로,기타단일로
22815,2016-09-10 06,주간,토,1,1,0,0,0,경기,용인시,차대사람,기타,기타,안전운전 의무 불이행,단일로,기타단일로
22816,2016-08-11 00,야간,목,1,1,0,0,0,경기,남양주시,차대사람,횡단중,횡단중,과속,교차로,교차로내
22817,2016-11-21 17,주간,월,1,1,0,0,0,경기,화성시,차대차,추돌,진행중 추돌,안전운전 의무 불이행,단일로,기타단일로
22818,2016-12-04 09,주간,일,1,1,0,0,0,전남,여수시,차량단독,기타,기타,안전운전 의무 불이행,단일로,기타단일로
22819,2016-10-10 17,주간,월,1,1,0,0,0,충남,천안시,차대사람,차도통행중,차도통행중,안전운전 의무 불이행,단일로,기타단일로
22820,2016-06-14 12,주간,화,1,1,0,0,0,경기,평택시,차대사람,기타,기타,안전운전 의무 불이행,단일로,기타단일로
22821,2016-10-17 03,야간,월,1,1,0,0,0,제주,제주시,차대사람,횡단중,횡단중,안전운전 의무 불이행,단일로,횡단보도상
22822,2016-10-31 04,야간,월,1,2,1,0,0,충북,청주시,차대차,추돌,진행중 추돌,안전운전 의무 불이행,교차로,교차로부근
22823,2016-09-23 20,야간,금,1,1,0,0,0,광주,서구,차대차,기타,기타,안전운전 의무 불이행,단일로,기타단일로
22824,2016-11-12 16,주간,토,1,1,0,0,0,경기,광주시,차대차,측면충돌,측면충돌,중앙선 침범,단일로,기타단일로
22825,2016-12-25 21,야간,일,1,1,0,0,0,강원,춘천시,차대사람,차도통행중,차도통행중,안전운전 의무 불이행,단일로,기타단일로
22826,2016-12-22 21,야간,목,1,2,1,0,0,대구,서구,차대사람,횡단중,횡단중,과속,단일로,기타단일로
22827,2016-11-19 19,야간,토,1,2,0,1,0,충북,청주시,차대차,정면충돌,정면충돌,안전운전 의무 불이행,교차로,교차로내
22828,2016-10-25 07,주간,화,1,1,0,0,0,전북,익산시,차대차,측면충돌,측면충돌,기타,교차로,교차로내
22829,2016-11-02 03,야간,수,1,1,0,0,0,충북,청주시,차량단독,공작물충돌,공작물충돌,안전운전 의무 불이행,단일로,기타단일로
22830,2016-10-20 20,야간,목,1,1,0,0,0,인천,서구,차대사람,횡단중,횡단중,안전운전 의무 불이행,단일로,기타단일로
22831,2016-10-25 12,주간,화,1,1,0,0,0,전북,익산시,차대사람,횡단중,횡단중,안전운전 의무 불이행,단일로,기타단일로
22832,2016-10-21 03,야간,금,1,1,0,0,0,인천,서구,차량단독,공작물충돌,공작물충돌,안전운전 의무 불이행,교차로,교차로내
22833,2016-10-24 16,주간,월,1,2,0,1,0,경기,파주시,차대차,정면충돌,정면충돌,중앙선 침범,단일로,기타단일로
22834,2016-10-10 00,야간,월,1,1,0,0,0,대구,동구,차대사람,기타,기타,과속,단일로,기타단일로
22835,2016-11-18 19,야간,금,1,1,0,0,0,경북,경주시,차대차,기타,기타,안전운전 의무 불이행,단일로,기타단일로
22836,2016-11-25 23,야간,금,1,1,0,0,0,경기,화성시,차대차,기타,기타,안전운전 의무 불이행,교차로,교차로부근
22837,2016-09-11 01,야간,일,1,1,0,0,0,대구,달서구,차대사람,횡단중,횡단중,과속,교차로,교차로부근
22838,2016-11-28 09,주간,월,1,1,0,0,0,경남,양산시,차대차,정면충돌,정면충돌,안전운전 의무 불이행,단일로,기타단일로
22839,2016-10-18 14,주간,화,1,1,0,0,0,경북,경산시,차대차,측면충돌,측면충돌,안전운전 의무 불이행,단일로,기타단일로
22840,2016-10-01 02,야간,토,1,1,0,0,0,대전,중구,차대차,측면충돌,측면충돌,안전운전 의무 불이행,교차로,교차로부근
22841,2016-10-13 18,야간,목,1,1,0,0,0,충남,천안시,차대사람,횡단중,횡단중,안전운전 의무 불이행,단일로,기타단일로
22842,2016-11-23 01,야간,수,1,1,0,0,0,충북,청주시,차량단독,전도전복,전도전복,안전운전 의무 불이행,교차로,교차로내
22843,2016-11-27 06,주간,일,1,3,2,0,0,경기,화성시,차대차,기타,기타,안전운전 의무 불이행,단일로,고가도로위
22844,2016-07-31 10,주간,일,1,1,0,0,0,경기,수원시,차대차,측면충돌,측면충돌,교차로 통행방법 위반,교차로,교차로부근
22845,2016-09-30 03,야간,금,1,1,0,0,0,광주,서구,차대사람,횡단중,횡단중,신호위반,단일로,횡단보도상
22846,2016-09-28 11,주간,수,1,1,0,0,0,광주,광산구,차량단독,공작물충돌,공작물충돌,안전운전 의무 불이행,단일로,기타단일로
22847,2016-09-22 20,야간,목,1,1,0,0,0,제주,제주시,차대사람,횡단중,횡단중,과속,단일로,기타단일로
22848,2016-12-04 11,주간,일,1,1,0,0,0,대전,동구,차대차,측면충돌,측면충돌,안전운전 의무 불이행,단일로,횡단보도상
22849,2016-08-16 22,야간,화,1,3,1,0,1,경기,남양주시,차대차,측면충돌,측면충돌,신호위반,교차로,교차로내
22850,2016-10-24 05,야간,월,1,1,0,0,0,인천,남구,차대차,측면충돌,측면충돌,기타,교차로,교차로부근
22851,2016-10-15 12,주간,토,1,1,0,0,0,충남,천안시,차량단독,전도전복,전도전복,안전운전 의무 불이행,단일로,기타단일로
22852,2016-12-29 13,주간,목,1,2,1,0,0,대구,북구,차대차,측면충돌,측면충돌,안전운전 의무 불이행,교차로,교차로내
22853,2016-10-30 09,주간,일,2,2,0,0,0,서울,영등포구,차대차,정면충돌,정면충돌,중앙선 침범,단일로,기타단일로
22854,2016-09-29 04,야간,목,1,1,0,0,0,경기,의정부시,차대사람,횡단중,횡단중,신호위반,교차로,교차로내
22855,2016-11-09 05,야간,수,1,1,0,0,0,충북,청주시,차대사람,횡단중,횡단중,안전운전 의무 불이행,단일로,기타단일로
22856,2016-11-20 02,야간,일,1,1,0,0,0,대전,대덕구,차량단독,전도전복,전도전복,안전운전 의무 불이행,교차로,교차로부근
22857,2016-10-16 19,야간,일,1,1,0,0,0,대구,동구,차대사람,횡단중,횡단중,보행자 보호의무 위반,교차로,교차로내
22858,2016-12-07 21,야간,수,1,1,0,0,0,부산,부산진구,차대사람,횡단중,횡단중,안전운전 의무 불이행,단일로,기타단일로
22859,2016-10-22 19,야간,토,1,1,0,0,0,경북,경산시,차대사람,횡단중,횡단중,안전운전 의무 불이행,교차로,교차로내
22860,2016-10-16 21,야간,일,1,1,0,0,0,충남,천안시,차대차,기타,기타,안전운전 의무 불이행,기타/불명,기타/불명
22861,2016-11-18 20,야간,금,1,1,0,0,0,전북,전주시,차량단독,공작물충돌,공작물충돌,안전운전 의무 불이행,단일로,기타단일로
22862,2016-11-22 18,야간,화,1,1,0,0,0,경기,광주시,차대사람,횡단중,횡단중,안전운전 의무 불이행,교차로,교차로내
22863,2016-11-30 17,주간,수,1,2,0,1,0,충북,청주시,차대차,측면충돌,측면충돌,중앙선 침범,단일로,기타단일로
22864,2016-11-22 18,야간,화,1,1,0,0,0,대전,대덕구,차대사람,기타,기타,안전운전 의무 불이행,단일로,기타단일로
22865,2016-10-29 22,야간,토,1,1,0,0,0,전북,군산시,차량단독,전도전복,전도전복,안전운전 의무 불이행,단일로,기타단일로
22866,2016-11-28 03,야간,월,1,1,0,0,0,경북,경주시,차대차,기타,기타,안전운전 의무 불이행,단일로,기타단일로
22867,2016-10-27 15,주간,목,1,2,0,1,0,제주,제주시,차대차,추돌,진행중 추돌,안전운전 의무 불이행,단일로,기타단일로
22868,2016-11-27 06,주간,일,1,2,0,0,1,서울,서초구,차대차,추돌,진행중 추돌,안전운전 의무 불이행,단일로,기타단일로
22869,2016-09-18 10,주간,일,1,2,0,1,0,강원,원주시,차대차,추돌,진행중 추돌,안전운전 의무 불이행,단일로,기타단일로
22870,2016-08-13 19,야간,토,1,4,0,3,0,경북,구미시,차대차,정면충돌,정면충돌,안전운전 의무 불이행,단일로,기타단일로
22871,2016-09-03 17,주간,토,1,1,0,0,0,경기,오산시,차대차,기타,기타,안전운전 의무 불이행,단일로,횡단보도상
22872,2016-11-05 14,주간,토,1,3,0,2,0,서울,영등포구,차대차,추돌,진행중 추돌,안전거리 미확보,기타/불명,기타/불명
22873,2016-08-04 03,야간,목,1,1,0,0,0,경기,수원시,차량단독,공작물충돌,공작물충돌,안전운전 의무 불이행,단일로,기타단일로
22874,2016-10-05 06,주간,수,1,1,0,0,0,광주,광산구,차대사람,횡단중,횡단중,안전운전 의무 불이행,교차로,교차로부근
22875,2016-09-08 17,주간,목,1,1,0,0,0,충북,청주시,차량단독,전도전복,전도전복,안전운전 의무 불이행,단일로,기타단일로
22876,2016-12-02 05,야간,금,1,2,0,1,0,경북,경주시,차대차,추돌,진행중 추돌,안전운전 의무 불이행,단일로,기타단일로
22877,2016-12-02 09,주간,금,1,1,0,0,0,경북,경주시,차대사람,횡단중,횡단중,안전운전 의무 불이행,단일로,기타단일로
22878,2016-11-29 23,야간,화,1,1,0,0,0,경기,화성시,차대사람,차도통행중,차도통행중,안전운전 의무 불이행,단일로,기타단일로
22879,2016-11-03 18,야간,목,1,2,0,1,0,전북,군산시,차대차,기타,기타,신호위반,교차로,교차로내
22880,2016-11-07 21,야간,월,1,1,0,0,0,전북,익산시,차대사람,길가장자리구역통행중,길가장자리구역통행중,안전운전 의무 불이행,단일로,기타단일로
22881,2016-09-06 01,야간,화,1,1,0,0,0,경기,오산시,차대사람,횡단중,횡단중,안전운전 의무 불이행,단일로,기타단일로
22882,2016-10-29 14,주간,토,1,1,0,0,0,경북,경산시,차대차,정면충돌,정면충돌,교차로 통행방법 위반,교차로,교차로부근
22883,2016-06-22 11,주간,수,1,3,0,1,1,경기,평택시,차대차,추돌,진행중 추돌,안전운전 의무 불이행,교차로,교차로부근
22884,2016-11-16 19,야간,수,1,1,0,0,0,충남,아산시,차대차,측면충돌,측면충돌,안전운전 의무 불이행,단일로,기타단일로
22885,2016-12-01 12,주간,목,1,2,0,1,0,경기,의왕시,차대차,추돌,진행중 추돌,안전운전 의무 불이행,단일로,기타단일로
22886,2016-08-23 10,주간,화,1,1,0,0,0,경기,남양주시,차대차,측면충돌,측면충돌,안전운전 의무 불이행,교차로,교차로내
22887,2016-12-04 18,야간,일,1,2,1,0,0,경북,경주시,차대차,추돌,진행중 추돌,안전운전 의무 불이행,단일로,기타단일로
22888,2016-10-02 17,주간,일,1,1,0,0,0,제주,제주시,차대차,정면충돌,정면충돌,안전운전 의무 불이행,단일로,기타단일로
22889,2016-11-05 20,야간,토,1,1,0,0,0,경기,파주시,차대사람,차도통행중,차도통행중,안전운전 의무 불이행,단일로,기타단일로
22890,2016-10-15 12,주간,토,1,1,0,0,0,대전,서구,차대사람,횡단중,횡단중,안전운전 의무 불이행,단일로,기타단일로
22891,2016-12-23 11,주간,금,1,1,0,0,0,경기,고양시,차대사람,차도통행중,차도통행중,안전운전 의무 불이행,단일로,기타단일로
22892,2016-12-03 06,주간,토,1,1,0,0,0,경기,하남시,차량단독,전도전복,전도전복,안전운전 의무 불이행,단일로,기타단일로
22893,2016-12-03 21,야간,토,1,1,0,0,0,경기,광주시,차대사람,횡단중,횡단중,안전운전 의무 불이행,교차로,교차로내
22894,2016-12-03 14,주간,토,1,1,0,0,0,경기,용인시,차대사람,기타,기타,안전운전 의무 불이행,기타/불명,기타/불명
22895,2016-09-07 01,야간,수,1,1,0,0,0,서울,송파구,차대사람,기타,기타,안전운전 의무 불이행,단일로,기타단일로
22896,2016-09-29 18,야간,목,1,1,0,0,0,경기,용인시,차대사람,차도통행중,차도통행중,안전운전 의무 불이행,단일로,기타단일로
22897,2016-10-10 05,야간,월,1,1,0,0,0,광주,광산구,차대차,기타,기타,신호위반,교차로,교차로내
22898,2016-09-06 11,주간,화,1,1,0,0,0,충북,청주시,차대사람,기타,기타,기타,단일로,기타단일로
22899,2016-09-30 16,주간,금,1,1,0,0,0,경기,용인시,차대사람,횡단중,횡단중,보행자 보호의무 위반,교차로,교차로부근
22900,2016-09-14 00,야간,수,1,1,0,0,0,충북,청주시,차대사람,기타,기타,과속,단일로,기타단일로
22901,2016-09-05 11,주간,월,1,2,0,1,0,경기,시흥시,차대차,기타,기타,신호위반,교차로,교차로내
22902,2016-11-21 00,야간,월,1,2,1,0,0,대구,달서구,차대차,측면충돌,측면충돌,기타,단일로,기타단일로
22903,2016-11-10 05,야간,목,1,1,0,0,0,인천,서구,차대사람,횡단중,횡단중,보행자 보호의무 위반,단일로,기타단일로
22904,2016-10-07 09,주간,금,1,1,0,0,0,제주,제주시,차대사람,횡단중,횡단중,안전운전 의무 불이행,단일로,기타단일로
22905,2016-11-21 06,주간,월,1,1,0,0,0,충남,아산시,차대차,측면충돌,측면충돌,신호위반,교차로,교차로내
22906,2016-11-15 07,주간,화,1,2,0,1,0,서울,영등포구,차대차,측면충돌,측면충돌,신호위반,교차로,교차로내
22907,2016-12-11 08,주간,일,1,1,0,0,0,경북,경주시,차량단독,전도전복,전도전복,안전운전 의무 불이행,단일로,기타단일로
22908,2016-09-13 09,주간,화,1,1,0,0,0,광주,북구,차대차,추돌,진행중 추돌,안전운전 의무 불이행,단일로,기타단일로
22909,2016-12-23 13,주간,금,1,1,0,0,0,부산,부산진구,차대사람,보도통행중,보도통행중,안전운전 의무 불이행,단일로,기타단일로
22910,2016-10-30 21,야간,일,1,1,0,0,0,충남,천안시,차대차,측면충돌,측면충돌,안전운전 의무 불이행,단일로,기타단일로
22911,2016-11-29 12,주간,화,1,1,0,0,0,경기,김포시,차대차,정면충돌,정면충돌,안전운전 의무 불이행,단일로,기타단일로
22912,2016-10-21 23,야간,금,1,1,0,0,0,대전,서구,차대차,측면충돌,측면충돌,신호위반,교차로,교차로내
22913,2016-08-13 01,야간,토,1,2,1,0,0,경기,수원시,차량단독,전도전복,전도전복,안전운전 의무 불이행,단일로,기타단일로
22914,2016-10-31 23,야간,월,1,1,0,0,0,충남,천안시,차대차,추돌,진행중 추돌,안전운전 의무 불이행,단일로,기타단일로
22915,2016-12-10 22,야간,토,1,1,0,0,0,경기,광주시,차대사람,횡단중,횡단중,안전운전 의무 불이행,교차로,교차로내
22916,2016-11-12 06,주간,토,1,1,0,0,0,경기,파주시,차량단독,기타,기타,안전운전 의무 불이행,단일로,기타단일로
22917,2016-12-08 17,주간,목,1,1,0,0,0,대전,대덕구,차대사람,기타,기타,안전운전 의무 불이행,단일로,기타단일로
22918,2016-12-17 17,주간,토,1,2,0,0,1,경기,화성시,차대차,정면충돌,정면충돌,신호위반,교차로,교차로부근
22919,2016-10-05 10,주간,수,2,7,3,2,0,경기,용인시,차대사람,보도통행중,보도통행중,기타,단일로,기타단일로
22920,2016-12-12 19,야간,월,1,2,0,1,0,경기,광주시,차대차,추돌,진행중 추돌,안전운전 의무 불이행,단일로,기타단일로
22921,2016-11-16 23,야간,수,1,1,0,0,0,전북,군산시,차대사람,횡단중,횡단중,과속,단일로,기타단일로
22922,2016-08-29 15,주간,월,1,1,0,0,0,경기,남양주시,차량단독,전도전복,전도전복,안전운전 의무 불이행,단일로,기타단일로
22923,2016-10-16 14,주간,일,1,1,0,0,0,광주,광산구,차대사람,횡단중,횡단중,신호위반,단일로,기타단일로
22924,2016-12-27 09,주간,화,1,1,0,0,0,대전,동구,차대차,측면충돌,측면충돌,기타,단일로,횡단보도상
22925,2016-09-14 21,야간,수,1,1,0,0,0,경기,오산시,차대사람,횡단중,횡단중,안전운전 의무 불이행,단일로,횡단보도상
22926,2016-06-29 07,주간,수,1,3,0,2,0,경기,평택시,차대차,측면충돌,측면충돌,중앙선 침범,교차로,교차로부근
22927,2016-09-21 21,야간,수,1,1,0,0,0,충북,청주시,차대사람,횡단중,횡단중,안전운전 의무 불이행,단일로,기타단일로
22928,2016-09-28 03,야간,수,1,1,0,0,0,대전,유성구,차대차,추돌,진행중 추돌,안전운전 의무 불이행,단일로,기타단일로
22929,2016-11-05 13,주간,토,1,1,0,0,0,대구,동구,차량단독,공작물충돌,공작물충돌,안전운전 의무 불이행,단일로,기타단일로
22930,2016-11-17 19,야간,목,1,2,0,1,0,인천,서구,차대차,기타,기타,안전운전 의무 불이행,교차로,교차로부근
22931,2016-10-18 20,야간,화,1,1,0,0,0,광주,광산구,차대사람,횡단중,횡단중,안전운전 의무 불이행,교차로,교차로부근
22932,2016-09-01 08,주간,목,1,1,0,0,0,인천,남동구,차대차,정면충돌,정면충돌,중앙선 침범,단일로,기타단일로
22933,2016-11-07 06,주간,월,1,1,0,0,0,충남,천안시,차대사람,횡단중,횡단중,안전운전 의무 불이행,단일로,기타단일로
22934,2016-12-30 23,야간,금,1,1,0,0,0,대전,동구,차대사람,횡단중,횡단중,안전운전 의무 불이행,단일로,기타단일로
22935,2016-11-24 00,야간,목,1,1,0,0,0,전북,익산시,차량단독,전도전복,전도전복,안전운전 의무 불이행,단일로,기타단일로
22936,2016-12-29 16,주간,목,1,1,0,0,0,경남,양산시,차량단독,전도전복,전도전복,안전운전 의무 불이행,단일로,기타단일로
22937,2016-12-22 20,야간,목,1,1,0,0,0,경북,경주시,차대사람,횡단중,횡단중,안전운전 의무 불이행,단일로,기타단일로
22938,2016-11-12 23,야간,토,1,1,0,0,0,경북,경산시,차대사람,횡단중,횡단중,안전운전 의무 불이행,단일로,기타단일로
22939,2016-12-23 04,야간,금,1,1,0,0,0,서울,강동구,차대사람,기타,기타,안전운전 의무 불이행,단일로,기타단일로
22940,2016-10-14 20,야간,금,1,1,0,0,0,제주,제주시,차대사람,차도통행중,차도통행중,안전운전 의무 불이행,단일로,기타단일로
22941,2016-12-01 23,야간,목,1,1,0,0,0,대구,달서구,차대차,측면충돌,측면충돌,중앙선 침범,단일로,기타단일로