교통사고이력ID(사고기록 순서),발생년월일시,주야코드,요일코드,사망자수,부상자수,중상자수,경상자수,부상신고자수,발생지시도코드,발생지시도코드,사고유형대분류코드,사고유형중분류코드,사고유형코드,법규위반코드,도로형태대분류코드,도로로형태코드
23543,2017-04-27 06,주간,목,1,1,0,0,0,충남,청양군,차대차,측면충돌,측면충돌,기타,교차로,교차로내
23544,2017-01-12 05,야간,목,1,1,0,0,0,전남,여수시,차대사람,횡단중,횡단중,과속,단일로,기타단일로
23545,2017-05-16 08,주간,화,1,1,0,0,0,경남,하동군,차대사람,횡단중,횡단중,안전운전 의무 불이행,기타,기타
23546,2017-05-28 07,주간,일,1,2,1,0,0,경북,예천군,차량단독,전도,전도,안전운전 의무 불이행,단일로,기타단일로
23547,2017-02-11 17,주간,토,1,1,0,0,0,충남,홍성군,차량단독,전도전복,전도전복,안전운전 의무 불이행,단일로,기타단일로
23548,2017-04-29 13,주간,토,1,2,0,1,0,충북,영동군,차대차,정면충돌,정면충돌,중앙선 침범,단일로,기타단일로
23549,2017-05-06 21,야간,토,1,1,0,0,0,전북,김제시,차대사람,기타,기타,과속,기타,기타
23550,2017-05-14 03,야간,일,1,1,0,0,0,전북,무주군,차량단독,전도,전도,안전운전 의무 불이행,단일로,기타단일로
23551,2017-03-30 04,야간,목,1,1,0,0,0,전남,장흥군,차대사람,길가장자리구역통행중,길가장자리구역통행중,안전운전 의무 불이행,단일로,기타단일로
23552,2017-01-09 06,주간,월,1,2,0,1,0,경기,안산시,차대차,정면충돌,정면충돌,신호위반,교차로,교차로내
23553,2017-01-26 08,주간,목,1,1,0,0,0,경남,김해시,차대차,측면충돌,측면충돌,안전운전 의무 불이행,단일로,기타단일로
23554,2017-03-25 17,주간,토,1,1,0,0,0,인천,강화군,차량단독,전도,전도,안전운전 의무 불이행,단일로,기타단일로
23555,2017-02-11 02,야간,토,1,1,0,0,0,서울,종로구,차대사람,차도통행중,차도통행중,신호위반,교차로,교차로내
23556,2017-05-06 10,주간,토,1,1,0,0,0,충북,영동군,차대차,기타,기타,안전운전 의무 불이행,교차로,교차로내
23557,2017-01-15 09,주간,일,1,1,0,0,0,서울,양천구,차대사람,횡단중,횡단중,신호위반,단일로,기타단일로
23558,2017-03-23 16,주간,목,1,2,1,0,0,강원,정선군,차대차,정면충돌,정면충돌,중앙선 침범,단일로,기타단일로
23559,2017-03-21 20,야간,화,1,1,0,0,0,충남,서천군,차량단독,전도전복,전도전복,안전운전 의무 불이행,단일로,기타단일로
23560,2017-02-24 15,주간,금,1,3,2,0,0,충남,공주시,차대차,정면충돌,정면충돌,중앙선 침범,단일로,교량위
23561,2017-01-20 10,주간,금,1,1,0,0,0,부산,동래구,차대차,측면충돌,측면충돌,교차로 통행방법 위반,교차로,교차로내
23562,2017-02-02 17,주간,목,1,1,0,0,0,충남,논산시,차대차,정면충돌,정면충돌,안전운전 의무 불이행,단일로,기타단일로
23563,2017-09-24 05,야간,일,1,2,1,0,0,전북,진안군,차대차,추돌,추돌,안전운전 의무 불이행,단일로,기타단일로
23564,2017-01-15 06,주간,일,1,1,0,0,0,울산,남구,차대사람,횡단중,횡단중,과속,교차로,교차로횡단보도내
23565,2017-01-11 04,야간,수,1,1,0,0,0,대전,서구,차대사람,횡단중,횡단중,보행자 보호의무 위반,교차로,교차로내
23566,2017-01-20 23,야간,금,1,1,0,0,0,경기,군포시,차대사람,횡단중,횡단중,안전운전 의무 불이행,단일로,기타단일로
23567,2017-01-17 06,주간,화,1,1,0,0,0,경기,광명시,차대사람,차도통행중,차도통행중,안전운전 의무 불이행,단일로,기타단일로
23568,2017-01-31 09,주간,화,1,1,0,0,0,전남,나주시,차대차,측면충돌,측면충돌,안전운전 의무 불이행,단일로,기타단일로
23569,2017-05-11 06,주간,목,1,1,0,0,0,전남,함평군,차대차,기타,기타,안전운전 의무 불이행,단일로,기타단일로
23570,2017-03-04 11,주간,토,1,2,0,1,0,경북,영덕군,차량단독,전도,전도,안전운전 의무 불이행,교차로,교차로내
23571,2017-10-20 14,주간,금,1,1,0,0,0,전북,장수군,차대차,추돌,추돌,안전운전 의무 불이행,단일로,기타단일로
23572,2017-03-26 21,야간,일,1,1,0,0,0,충남,서천군,차량단독,전도전복,전도전복,안전운전 의무 불이행,단일로,기타단일로
23573,2017-09-17 17,주간,일,1,1,0,0,0,전북,남원시,차량단독,공작물충돌,공작물충돌,안전운전 의무 불이행,단일로,터널안
23574,2017-01-25 16,주간,수,1,1,0,0,0,경남,창원시(통합),차대사람,길가장자리구역통행중,길가장자리구역통행중,안전운전 의무 불이행,단일로,기타단일로
23575,2017-02-07 07,주간,화,1,1,0,0,0,경남,밀양시,차대사람,횡단중,횡단중,안전운전 의무 불이행,교차로,교차로내
23576,2017-01-15 14,주간,일,1,1,0,0,0,전남,순천시,차대차,정면충돌,정면충돌,중앙선 침범,단일로,기타단일로
23577,2017-02-10 10,주간,금,1,1,0,0,0,경기,동두천시,차대사람,기타,기타,안전운전 의무 불이행,단일로,기타단일로
23578,2017-01-22 12,주간,일,1,2,1,0,0,충북,제천시,차량단독,전도,전도,안전운전 의무 불이행,기타,기타
23579,2017-05-03 18,야간,수,1,1,0,0,0,충남,청양군,차량단독,기타,기타,안전운전 의무 불이행,교차로,교차로내
23580,2017-02-20 11,주간,월,1,1,0,0,0,충북,괴산군,차대사람,길가장자리구역통행중,길가장자리구역통행중,안전운전 의무 불이행,단일로,기타단일로
23581,2017-06-04 11,주간,일,1,1,0,0,0,강원,인제군,차량단독,전도전복,전도전복,안전운전 의무 불이행,단일로,기타단일로
23582,2017-01-23 09,주간,월,1,1,0,0,0,경남,진주시,차대사람,횡단중,횡단중,보행자 보호의무 위반,단일로,기타단일로
23583,2017-06-16 10,주간,금,1,1,0,0,0,경북,봉화군,차대차,기타,기타,안전운전 의무 불이행,교차로,교차로부근
23584,2017-01-09 17,주간,월,1,3,2,0,0,경기,파주시,차대차,측면충돌,측면충돌,신호위반,교차로,교차로내
23585,2017-06-04 13,주간,일,1,3,1,1,0,강원,인제군,차대차,추돌,추돌,안전운전 의무 불이행,교차로,교차로부근
23586,2017-02-22 13,주간,수,1,1,0,0,0,세종,세종,차량단독,기타,기타,안전운전 의무 불이행,단일로,기타단일로
23587,2017-01-20 11,주간,금,1,2,1,0,0,서울,광진구,차대차,측면충돌,측면충돌,중앙선 침범,단일로,기타단일로
23588,2017-01-20 02,야간,금,1,2,0,0,1,경기,고양시,차대차,추돌,추돌,안전운전 의무 불이행,교차로,교차로내
23589,2017-03-30 19,야간,목,1,3,1,1,0,경남,고성군,차대차,측면충돌,측면충돌,신호위반,교차로,교차로내
23590,2017-05-12 15,주간,금,1,3,0,2,0,강원,횡성군,차대차,추돌,추돌,안전운전 의무 불이행,단일로,기타단일로
23591,2017-04-08 14,주간,토,1,1,0,0,0,강원,평창군,차량단독,전도전복,전도전복,안전운전 의무 불이행,단일로,기타단일로
23592,2017-04-15 09,주간,토,1,1,0,0,0,경남,거창군,차대사람,횡단중,횡단중,신호위반,교차로,교차로내
23593,2017-07-10 10,주간,월,1,2,0,1,0,전북,순창군,차대차,측면충돌,측면충돌,안전운전 의무 불이행,단일로,기타단일로
23594,2017-01-26 14,주간,목,1,1,0,0,0,경북,영천시,차대차,기타,기타,기타,단일로,교량위
23595,2017-08-21 18,야간,월,1,1,0,0,0,경북,군위군,차대차,측면충돌,측면충돌,안전운전 의무 불이행,기타,기타
23596,2017-05-18 08,주간,목,1,1,0,0,0,충남,금산군,차대차,측면충돌,측면충돌,안전운전 의무 불이행,단일로,기타단일로
23597,2017-06-23 20,야간,금,1,2,0,1,0,강원,철원군,차대차,기타,기타,안전운전 의무 불이행,단일로,기타단일로
23598,2017-02-13 20,야간,월,1,4,2,1,0,대전,대덕구,차대차,기타,기타,안전운전 의무 불이행,단일로,기타단일로
23599,2017-01-08 14,주간,일,1,1,0,0,0,대구,수성구,차대차,측면충돌,측면충돌,과속,단일로,기타단일로
23600,2017-04-05 14,주간,수,1,1,0,0,0,전남,영광군,차대차,측면충돌,측면충돌,교차로 통행방법 위반,교차로,교차로내
23601,2017-06-05 18,야간,월,1,6,0,5,0,충북,보은군,차대차,추돌,추돌,안전운전 의무 불이행,단일로,기타단일로
23602,2017-01-25 23,야간,수,1,4,0,3,0,광주,남구,차대차,추돌,추돌,안전운전 의무 불이행,단일로,기타단일로
23603,2017-04-04 11,주간,화,1,1,0,0,0,강원,정선군,차량단독,전복,전복,안전운전 의무 불이행,단일로,기타단일로
23604,2017-05-26 18,야간,금,1,5,2,2,0,강원,영월군,차량단독,기타,기타,안전운전 의무 불이행,단일로,기타단일로
23605,2017-05-23 15,주간,화,1,1,0,0,0,전남,보성군,차량단독,전도,전도,안전운전 의무 불이행,단일로,기타단일로
23606,2017-01-13 01,야간,금,1,1,0,0,0,경기,김포시,차량단독,전도전복,전도전복,안전운전 의무 불이행,교차로,교차로부근
23607,2017-09-21 16,주간,목,1,1,0,0,0,강원,양구군,차량단독,도로이탈,도로이탈 기타,안전운전 의무 불이행,단일로,기타단일로
23608,2017-06-20 11,주간,화,1,1,0,0,0,경남,합천군,차량단독,전도전복,전도전복,안전운전 의무 불이행,단일로,기타단일로
23609,2017-06-13 00,야간,화,1,1,0,0,0,전남,진도군,차량단독,공작물충돌,공작물충돌,안전운전 의무 불이행,단일로,기타단일로
23610,2017-05-18 19,야간,목,1,1,0,0,0,강원,횡성군,차대차,측면충돌,측면충돌,안전운전 의무 불이행,교차로,교차로내
23611,2017-02-04 23,야간,토,1,1,0,0,0,부산,서구,차대차,측면충돌,측면충돌,안전운전 의무 불이행,단일로,터널안
23612,2017-02-05 20,야간,일,1,1,0,0,0,서울,종로구,차량단독,전도,전도,안전운전 의무 불이행,교차로,교차로내
23613,2017-10-15 18,야간,일,1,1,0,0,0,전북,완주군,차대사람,횡단중,횡단중,안전운전 의무 불이행,단일로,교량위
23614,2017-03-27 06,주간,월,1,1,0,0,0,전남,고흥군,차대사람,횡단중,횡단중,안전운전 의무 불이행,단일로,기타단일로
23615,2017-06-25 15,주간,일,1,1,0,0,0,경남,합천군,차량단독,전도,전도,안전운전 의무 불이행,단일로,기타단일로
23616,2017-01-24 06,주간,화,1,1,0,0,0,경남,진주시,차량단독,공작물충돌,공작물충돌,안전운전 의무 불이행,단일로,기타단일로
23617,2017-06-15 14,주간,목,1,1,0,0,0,전남,진도군,차대차,측면충돌,측면충돌,안전운전 의무 불이행,단일로,기타단일로
23618,2017-04-17 09,주간,월,1,1,0,0,0,전남,담양군,차량단독,전도전복,전도전복,안전운전 의무 불이행,단일로,기타단일로
23619,2017-04-07 05,야간,금,1,1,0,0,0,전남,강진군,차대사람,차도통행중,차도통행중,안전운전 의무 불이행,교차로,교차로부근
23620,2017-04-17 22,야간,월,1,1,0,0,0,전남,담양군,차량단독,공작물충돌,공작물충돌,안전운전 의무 불이행,교차로,교차로내
23621,2017-06-18 12,주간,일,1,1,0,0,0,강원,인제군,차량단독,전도,전도,안전운전 의무 불이행,단일로,기타단일로
23622,2017-02-11 01,야간,토,1,2,1,0,0,울산,북구,차대차,측면충돌,측면충돌,기타,교차로,교차로내
23623,2017-02-27 21,야간,월,1,1,0,0,0,충북,증평군,차대사람,횡단중,횡단중,안전운전 의무 불이행,교차로,교차로내
23624,2017-01-08 18,야간,일,1,1,0,0,0,경기,부천시,차대사람,횡단중,횡단중,기타,교차로,교차로내
23625,2017-03-30 17,주간,목,1,1,0,0,0,전남,고흥군,차량단독,전도전복,전도전복,안전운전 의무 불이행,단일로,기타단일로
23626,2017-05-31 00,야간,수,1,1,0,0,0,전남,함평군,차대사람,기타,기타,안전운전 의무 불이행,단일로,기타단일로
23627,2017-02-20 21,야간,월,1,4,3,0,0,충남,홍성군,차대차,측면충돌,측면충돌,중앙선 침범,단일로,기타단일로
23628,2017-01-12 18,야간,목,1,1,0,0,0,충북,청주시,차대사람,횡단중,횡단중,과속,단일로,기타단일로
23629,2017-04-26 19,야간,수,1,1,0,0,0,경남,거창군,차대사람,길가장자리구역통행중,길가장자리구역통행중,안전운전 의무 불이행,단일로,기타단일로
23630,2017-02-04 17,주간,토,1,1,0,0,0,경남,창원시(통합),차대차,측면충돌,측면충돌,안전운전 의무 불이행,단일로,기타단일로
23631,2017-10-12 13,주간,목,1,1,0,0,0,강원,양구군,차량단독,전도전복,전도전복,안전운전 의무 불이행,기타,기타
23632,2017-05-31 17,주간,수,1,1,0,0,0,전남,보성군,차대사람,차도통행중,차도통행중,안전운전 의무 불이행,단일로,기타단일로
23633,2017-04-12 07,주간,수,1,1,0,0,0,경남,고성군,차대사람,횡단중,횡단중,안전운전 의무 불이행,단일로,기타단일로
23634,2017-01-16 06,주간,월,1,1,0,0,0,서울,강서구,차대사람,횡단중,횡단중,안전운전 의무 불이행,단일로,기타단일로
23635,2017-01-15 07,주간,일,1,1,0,0,0,경북,경주시,차대사람,횡단중,횡단중,신호위반,단일로,기타단일로
23636,2017-03-31 23,야간,금,1,3,2,0,0,광주,광산구,차대차,추돌,추돌,안전운전 의무 불이행,단일로,기타단일로
23637,2017-01-15 13,주간,일,1,1,0,0,0,전남,여수시,차대사람,횡단중,횡단중,안전운전 의무 불이행,단일로,기타단일로
23638,2017-04-16 08,주간,일,1,3,0,2,0,인천,강화군,차대차,측면충돌,측면충돌,안전운전 의무 불이행,교차로,교차로내
23639,2017-06-24 16,주간,토,1,1,0,0,0,경남,함양군,차대차,추돌,추돌,안전운전 의무 불이행,교차로,교차로부근
23640,2017-02-17 12,주간,금,1,1,0,0,0,강원,홍천군,차량단독,전도,전도,안전운전 의무 불이행,교차로,교차로부근
23641,2017-02-01 15,주간,수,1,3,0,0,2,인천,남동구,차대차,추돌,추돌,안전운전 의무 불이행,단일로,기타단일로
23642,2017-01-23 06,주간,월,1,1,0,0,0,부산,사상구,차대사람,횡단중,횡단중,과속,교차로,교차로부근
23643,2017-01-16 18,야간,월,1,1,0,0,0,경북,포항시,차대사람,기타,기타,안전운전 의무 불이행,단일로,기타단일로
23644,2017-01-18 06,주간,수,1,1,0,0,0,경기,성남시,차대사람,횡단중,횡단중,안전운전 의무 불이행,단일로,기타단일로
23645,2017-06-01 21,야간,목,1,1,0,0,0,전남,보성군,차대사람,기타,기타,안전운전 의무 불이행,단일로,기타단일로
23646,2017-06-24 08,주간,토,1,1,0,0,0,강원,인제군,차대사람,기타,기타,중앙선 침범,교차로,교차로부근
23647,2017-06-03 20,야간,토,1,1,0,0,0,전남,보성군,차대차,측면충돌,측면충돌,안전운전 의무 불이행,단일로,기타단일로
23648,2017-02-10 11,주간,금,1,5,4,0,0,경북,칠곡군,차대차,정면충돌,정면충돌,중앙선 침범,단일로,기타단일로
23649,2017-04-02 03,야간,일,1,1,0,0,0,충남,예산군,차대사람,차도통행중,차도통행중,안전운전 의무 불이행,단일로,기타단일로
23650,2017-01-23 11,주간,월,1,1,0,0,0,부산,사상구,차대사람,횡단중,횡단중,안전운전 의무 불이행,단일로,기타단일로
23651,2017-06-25 11,주간,일,1,1,0,0,0,전북,무주군,차량단독,전도,전도,안전운전 의무 불이행,단일로,기타단일로
23652,2017-02-21 16,주간,화,1,1,0,0,0,경북,상주시,차대차,측면충돌,측면충돌,교차로 통행방법 위반,교차로,교차로내
23653,2017-10-23 17,주간,월,1,1,0,0,0,전북,진안군,차대차,측면충돌,측면충돌,중앙선 침범,단일로,기타단일로
23654,2017-10-25 18,야간,수,1,1,0,0,0,전북,진안군,차대차,추돌,추돌,안전운전 의무 불이행,단일로,기타단일로
23655,2017-01-14 06,주간,토,1,1,0,0,0,경기,안산시,차대사람,기타,기타,과속,단일로,기타단일로
23656,2017-05-26 09,주간,금,1,1,0,0,0,충북,영동군,차대사람,기타,기타,보행자 보호의무 위반,교차로,교차로횡단보도내
23657,2017-01-16 12,주간,월,1,2,0,1,0,전북,익산시,차대차,측면충돌,측면충돌,신호위반,교차로,교차로내
23658,2017-08-09 15,주간,수,1,1,0,0,0,전북,순창군,차대차,측면충돌,측면충돌,안전운전 의무 불이행,단일로,기타단일로
23659,2017-11-20 10,주간,월,1,1,0,0,0,경북,영양군,차대사람,보도통행중,보도통행중,기타,단일로,기타단일로
23660,2017-04-30 18,야간,일,1,1,0,0,0,충남,부여군,차량단독,전도전복,전도전복,안전운전 의무 불이행,교차로,교차로부근
23661,2017-02-12 19,야간,일,1,1,0,0,0,경기,여주시,차대사람,기타,기타,과속,단일로,기타단일로
23662,2017-01-18 01,야간,수,1,1,0,0,0,전북,전주시,차대사람,보도통행중,보도통행중,보행자 보호의무 위반,단일로,기타단일로
23663,2017-01-16 05,야간,월,1,3,1,1,0,서울,강남구,차대차,기타,기타,안전운전 의무 불이행,교차로,교차로내
23664,2017-05-09 19,야간,화,1,2,0,1,0,강원,태백시,차대사람,기타,기타,과속,단일로,기타단일로
23665,2017-01-15 07,주간,일,1,1,0,0,0,전북,전주시,차대사람,횡단중,횡단중,보행자 보호의무 위반,단일로,기타단일로
23666,2017-04-02 18,야간,일,1,1,0,0,0,강원,강릉시,차량단독,전도,전도,안전운전 의무 불이행,단일로,기타단일로
23667,2017-02-10 04,야간,금,1,2,0,1,0,울산,울주군,차대차,추돌,추돌,안전운전 의무 불이행,단일로,기타단일로
23668,2017-06-07 21,야간,수,1,1,0,0,0,전남,보성군,차대사람,횡단중,횡단중,안전운전 의무 불이행,교차로,교차로내
23669,2017-07-15 15,주간,토,1,1,0,0,0,경북,예천군,차대사람,기타,기타,안전운전 의무 불이행,교차로,교차로부근
23670,2017-03-02 08,주간,목,1,1,0,0,0,전북,완주군,차대차,측면충돌,측면충돌,안전운전 의무 불이행,교차로,교차로내
23671,2017-05-04 13,주간,목,1,1,0,0,0,경남,거창군,차대차,기타,기타,안전거리 미확보,교차로,교차로부근
23672,2017-08-09 16,주간,수,1,1,0,0,0,전남,곡성군,차량단독,전도,전도,안전운전 의무 불이행,단일로,기타단일로
23673,2017-05-08 17,주간,월,1,2,1,0,0,충남,부여군,차대차,정면충돌,정면충돌,교차로 통행방법 위반,교차로,교차로내
23674,2017-07-19 15,주간,수,1,1,0,0,0,전남,진도군,차대사람,횡단중,횡단중,보행자 보호의무 위반,교차로,교차로횡단보도내
23675,2017-02-27 14,주간,월,1,1,0,0,0,충남,홍성군,차대차,정면충돌,정면충돌,교차로 통행방법 위반,교차로,교차로내
23676,2017-01-28 06,주간,토,1,2,0,1,0,부산,북구,차대차,정면충돌,정면충돌,신호위반,교차로,교차로내
23677,2017-01-17 05,야간,화,1,1,0,0,0,강원,춘천시,차대사람,횡단중,횡단중,안전운전 의무 불이행,단일로,기타단일로
23678,2017-02-07 06,주간,화,1,2,1,0,0,경남,김해시,차대차,측면충돌,측면충돌,기타,교차로,교차로내
23679,2017-03-04 21,야간,토,1,2,0,1,0,충남,예산군,차대차,추돌,추돌,안전거리 미확보,단일로,기타단일로
23680,2017-07-11 12,주간,화,1,6,3,2,0,경남,함양군,차대차,측면충돌,측면충돌,신호위반,교차로,교차로내
23681,2017-05-06 11,주간,토,1,3,1,1,0,강원,평창군,차대차,측면충돌,측면충돌,안전운전 의무 불이행,단일로,기타단일로
23682,2017-05-18 12,주간,목,1,1,0,0,0,강원,태백시,차량단독,전도,전도,안전운전 의무 불이행,주차장,주차장
23683,2017-02-18 15,주간,토,1,1,0,0,0,충남,계룡시,차대차,정면충돌,정면충돌,안전운전 의무 불이행,교차로,교차로내
23684,2017-05-04 13,주간,목,1,1,0,0,0,강원,평창군,차량단독,전도,전도,안전운전 의무 불이행,단일로,기타단일로
23685,2017-08-13 19,야간,일,1,7,4,2,0,전남,구례군,차대차,측면충돌,측면충돌,신호위반,교차로,교차로내
23686,2017-12-09 06,주간,토,1,1,0,0,0,전북,순창군,차대사람,기타,기타,안전운전 의무 불이행,단일로,기타단일로
23687,2017-07-20 12,주간,목,1,1,0,0,0,경북,예천군,차량단독,전도,전도,안전운전 의무 불이행,단일로,기타단일로
23688,2017-02-17 19,야간,금,1,1,0,0,0,경남,밀양시,차대사람,차도통행중,차도통행중,안전운전 의무 불이행,단일로,기타단일로
23689,2017-01-21 05,야간,토,1,1,0,0,0,부산,연제구,차대사람,횡단중,횡단중,보행자 보호의무 위반,교차로,교차로횡단보도내
23690,2017-07-23 09,주간,일,1,7,2,4,0,강원,인제군,차대차,기타,기타,과속,단일로,기타단일로
23691,2017-01-16 07,주간,월,1,4,3,0,0,경남,양산시,차대차,측면충돌,측면충돌,안전운전 의무 불이행,교차로,교차로부근
23692,2017-08-22 08,주간,화,1,1,0,0,0,전남,곡성군,차량단독,공작물충돌,공작물충돌,안전운전 의무 불이행,단일로,기타단일로
23693,2017-03-06 04,야간,월,1,1,0,0,0,전북,완주군,차대차,추돌,추돌,안전운전 의무 불이행,단일로,기타단일로
23694,2017-01-11 02,야간,수,1,1,0,0,0,경기,남양주시,차대사람,횡단중,횡단중,안전운전 의무 불이행,교차로,교차로부근
23695,2017-03-16 06,주간,목,1,4,0,2,1,경북,군위군,차량단독,공작물충돌,공작물충돌,안전운전 의무 불이행,단일로,기타단일로
23696,2017-05-20 09,주간,토,1,11,8,2,0,경기,연천군,차대차,측면충돌,측면충돌,신호위반,교차로,교차로내
23697,2017-02-14 19,야간,화,1,2,1,0,0,경북,칠곡군,차대사람,길가장자리구역통행중,길가장자리구역통행중,안전운전 의무 불이행,단일로,기타단일로
23698,2017-03-05 12,주간,일,1,3,0,2,0,경북,문경시,차대차,측면충돌,측면충돌,신호위반,교차로,교차로내
23699,2017-04-12 19,야간,수,1,1,0,0,0,전남,화순군,차대사람,차도통행중,차도통행중,안전운전 의무 불이행,단일로,기타단일로
23700,2017-01-10 09,주간,화,1,1,0,0,0,경기,수원시,차대차,측면충돌,측면충돌,신호위반,교차로,교차로내
23701,2017-04-30 13,주간,일,1,2,0,1,0,경북,성주군,차량단독,도로이탈,도로이탈 기타,안전운전 의무 불이행,단일로,기타단일로
23702,2017-01-16 08,주간,월,1,2,1,0,0,제주,서귀포시,차대차,정면충돌,정면충돌,안전운전 의무 불이행,단일로,기타단일로
23703,2017-03-17 09,주간,금,1,1,0,0,0,전남,무안군,차대차,측면충돌,측면충돌,안전운전 의무 불이행,교차로,교차로부근
23704,2017-05-03 16,주간,수,1,1,0,0,0,전남,담양군,차대차,측면충돌,측면충돌,중앙선 침범,단일로,기타단일로
23705,2017-08-06 09,주간,일,1,1,0,0,0,강원,철원군,차대차,측면충돌,측면충돌,안전운전 의무 불이행,단일로,기타단일로
23706,2017-11-17 18,야간,금,1,2,0,1,0,전북,진안군,차대차,기타,기타,신호위반,교차로,교차로내
23707,2017-01-22 05,야간,일,1,2,0,1,0,서울,동작구,차대차,측면충돌,측면충돌,신호위반,교차로,교차로내
23708,2017-01-22 12,주간,일,2,4,1,1,0,경남,거제시,차대차,정면충돌,정면충돌,중앙선 침범,단일로,기타단일로
23709,2017-01-18 04,야간,수,1,8,5,2,0,강원,춘천시,차대차,추돌,추돌,안전운전 의무 불이행,교차로,교차로부근
23710,2017-02-01 18,야간,수,1,1,0,0,0,서울,도봉구,차대사람,횡단중,횡단중,안전운전 의무 불이행,단일로,기타단일로
23711,2017-07-31 17,주간,월,1,1,0,0,0,경남,합천군,차량단독,전도,전도,안전운전 의무 불이행,단일로,기타단일로
23712,2017-01-12 08,주간,목,1,1,0,0,0,서울,송파구,차대차,정면충돌,정면충돌,중앙선 침범,단일로,기타단일로
23713,2017-02-13 23,야간,월,1,1,0,0,0,서울,관악구,차대사람,기타,기타,안전운전 의무 불이행,단일로,기타단일로
23714,2017-08-24 13,주간,목,1,3,2,0,0,전남,구례군,차량단독,기타,기타,안전운전 의무 불이행,단일로,기타단일로
23715,2017-01-18 06,주간,수,1,1,0,0,0,전남,목포시,차대사람,횡단중,횡단중,과속,단일로,기타단일로
23716,2017-02-28 19,야간,화,1,1,0,0,0,경기,의왕시,차대사람,횡단중,횡단중,과속,단일로,기타단일로
23717,2017-02-24 13,주간,금,1,2,1,0,0,경기,양평군,차량단독,공작물충돌,공작물충돌,안전운전 의무 불이행,교차로,교차로내
23718,2017-07-21 00,야간,금,1,1,0,0,0,경남,하동군,차량단독,전도전복,전도전복,안전운전 의무 불이행,단일로,기타단일로
23719,2017-06-13 14,주간,화,1,2,0,1,0,충북,영동군,차대차,측면충돌,측면충돌,중앙선 침범,단일로,기타단일로
23720,2017-07-30 14,주간,일,1,2,1,0,0,경북,예천군,차대사람,차도통행중,차도통행중,안전운전 의무 불이행,단일로,기타단일로
23721,2017-05-01 23,야간,월,1,1,0,0,0,전남,장흥군,차량단독,전도전복,전도전복,안전운전 의무 불이행,단일로,기타단일로
23722,2017-01-20 09,주간,금,1,3,2,0,0,경기,포천시,차량단독,공작물충돌,공작물충돌,안전운전 의무 불이행,단일로,기타단일로
23723,2017-08-01 17,주간,화,1,1,0,0,0,전남,진도군,차량단독,전도,전도,안전운전 의무 불이행,단일로,기타단일로
23724,2017-02-23 12,주간,목,1,1,0,0,0,서울,은평구,차대사람,횡단중,횡단중,보행자 보호의무 위반,교차로,교차로횡단보도내
23725,2017-01-22 22,야간,일,1,1,0,0,0,경남,거제시,차대사람,기타,기타,안전운전 의무 불이행,단일로,기타단일로
23726,2017-01-30 16,주간,월,1,1,0,0,0,부산,북구,차대사람,횡단중,횡단중,안전운전 의무 불이행,교차로,교차로부근
23727,2017-03-28 05,야간,화,1,1,0,0,0,전북,남원시,차대차,측면충돌,측면충돌,과속,교차로,교차로내
23728,2017-02-05 01,야간,일,1,2,0,1,0,경남,창원시(통합),차대차,측면충돌,측면충돌,신호위반,교차로,교차로내
23729,2017-03-17 19,야간,금,1,1,0,0,0,충남,공주시,차대차,측면충돌,측면충돌,기타,교차로,교차로내
23730,2017-08-11 20,야간,금,1,1,0,0,0,강원,철원군,차대사람,횡단중,횡단중,안전운전 의무 불이행,단일로,기타단일로
23731,2017-01-16 13,주간,월,1,1,0,0,0,대전,동구,차대사람,횡단중,횡단중,보행자 보호의무 위반,단일로,기타단일로
23732,2017-02-09 06,주간,목,1,1,0,0,0,인천,부평구,차대차,기타,기타,안전운전 의무 불이행,단일로,기타단일로
23733,2017-05-11 12,주간,목,1,2,1,0,0,경북,성주군,차대차,추돌,추돌,안전운전 의무 불이행,단일로,교량위
23734,2017-01-17 18,야간,화,1,3,1,1,0,경북,경주시,차대차,측면충돌,측면충돌,안전운전 의무 불이행,단일로,기타단일로
23735,2017-01-18 18,야간,수,1,1,0,0,0,전북,익산시,차대사람,횡단중,횡단중,보행자 보호의무 위반,교차로,교차로횡단보도내
23736,2017-05-24 09,주간,수,1,1,0,0,0,경북,청도군,차대차,추돌,추돌,안전운전 의무 불이행,교차로,교차로부근
23737,2017-02-28 03,야간,화,1,1,0,0,0,광주,동구,차대차,기타,기타,안전운전 의무 불이행,단일로,기타단일로
23738,2017-04-13 11,주간,목,1,1,0,0,0,전남,화순군,차량단독,기타,기타,안전운전 의무 불이행,단일로,기타단일로
23739,2017-02-07 18,야간,화,1,1,0,0,0,경남,창원시(통합),차대사람,횡단중,횡단중,안전운전 의무 불이행,교차로,교차로횡단보도내
23740,2017-02-11 04,야간,토,1,1,0,0,0,부산,동구,차대사람,횡단중,횡단중,안전운전 의무 불이행,교차로,교차로횡단보도내
23741,2017-04-22 02,야간,토,1,1,0,0,0,전남,화순군,차대사람,차도통행중,차도통행중,안전운전 의무 불이행,단일로,기타단일로
23742,2017-08-12 23,야간,토,1,1,0,0,0,강원,인제군,차량단독,전도,전도,안전운전 의무 불이행,교차로,교차로부근