교통사고이력ID(사고기록 순서),발생년월일시,주야코드,요일코드,사망자수,부상자수,중상자수,경상자수,부상신고자수,발생지시도코드,발생지시도코드,사고유형대분류코드,사고유형중분류코드,사고유형코드,법규위반코드,도로형태대분류코드,도로로형태코드
23743,2017-01-21 07,주간,토,1,1,0,0,0,경북,포항시,차대차,기타,기타,신호위반,교차로,교차로내
23744,2017-05-24 15,주간,수,1,2,0,1,0,강원,평창군,차량단독,공작물충돌,공작물충돌,안전운전 의무 불이행,교차로,교차로내
23745,2017-06-27 21,야간,화,1,1,0,0,0,충남,금산군,차대사람,횡단중,횡단중,안전운전 의무 불이행,기타,기타
23746,2017-07-25 05,야간,화,1,1,0,0,0,경남,산청군,차량단독,전도전복,전도전복,안전운전 의무 불이행,단일로,기타단일로
23747,2017-04-30 20,야간,일,1,1,0,0,0,충남,서천군,차대사람,횡단중,횡단중,과속,단일로,기타단일로
23748,2017-01-13 18,야간,금,1,1,0,0,0,경기,안산시,차대사람,횡단중,횡단중,신호위반,교차로,교차로부근
23749,2017-02-19 02,야간,일,1,1,0,0,0,서울,성북구,차량단독,전도,전도,과속,단일로,고가도로위
23750,2017-02-03 21,야간,금,1,1,0,0,0,경기,부천시,차대차,추돌,추돌,안전거리 미확보,교차로,교차로부근
23751,2017-02-22 06,주간,수,1,1,0,0,0,충북,음성군,차대사람,횡단중,횡단중,안전운전 의무 불이행,단일로,기타단일로
23752,2017-05-12 17,주간,금,1,2,1,0,0,전남,담양군,차량단독,전도전복,전도전복,안전운전 의무 불이행,단일로,기타단일로
23753,2017-02-20 20,야간,월,1,1,0,0,0,경북,칠곡군,차량단독,공작물충돌,공작물충돌,안전운전 의무 불이행,단일로,기타단일로
23754,2017-05-08 14,주간,월,1,1,0,0,0,전남,영광군,차량단독,전도,전도,안전운전 의무 불이행,단일로,기타단일로
23755,2017-05-27 16,주간,토,1,2,0,1,0,강원,평창군,차대차,측면충돌,측면충돌,중앙선 침범,단일로,기타단일로
23756,2017-08-25 09,주간,금,1,1,0,0,0,강원,철원군,차대차,측면충돌,측면충돌,안전운전 의무 불이행,단일로,기타단일로
23757,2017-04-21 11,주간,금,1,3,1,1,0,전북,부안군,차대차,측면충돌,측면충돌,기타,교차로,교차로내
23758,2017-02-23 06,주간,목,1,1,0,0,0,전북,김제시,차대사람,횡단중,횡단중,보행자 보호의무 위반,교차로,교차로횡단보도내
23759,2017-09-26 10,주간,화,1,1,0,0,0,전북,순창군,차대차,정면충돌,정면충돌,중앙선 침범,단일로,기타단일로
23760,2017-07-26 05,야간,수,1,2,0,1,0,충남,서천군,차대차,추돌,추돌,안전운전 의무 불이행,단일로,기타단일로
23761,2017-02-02 21,야간,목,1,3,0,1,1,울산,울주군,차대차,정면충돌,정면충돌,중앙선 침범,단일로,고가도로위
23762,2017-05-30 05,야간,화,1,2,0,1,0,경북,청도군,차량단독,전도,전도,안전운전 의무 불이행,단일로,기타단일로
23763,2017-02-22 19,야간,수,1,1,0,0,0,충북,진천군,차대사람,횡단중,횡단중,안전운전 의무 불이행,교차로,교차로횡단보도내
23764,2017-05-08 05,야간,월,1,1,0,0,0,전남,장흥군,차대차,추돌,추돌,안전운전 의무 불이행,단일로,기타단일로
23765,2017-01-14 23,야간,토,1,3,2,0,0,광주,북구,차대사람,횡단중,횡단중,과속,단일로,기타단일로
23766,2017-04-27 02,야간,목,1,1,0,0,0,경북,울진군,차대사람,횡단중,횡단중,안전운전 의무 불이행,단일로,기타단일로
23767,2017-07-29 00,야간,토,1,4,0,3,0,전남,함평군,차대차,추돌,추돌,안전운전 의무 불이행,단일로,기타단일로
23768,2017-09-29 11,주간,금,1,2,0,1,0,전북,순창군,차대차,측면충돌,측면충돌,신호위반,교차로,교차로내
23769,2017-06-05 09,주간,월,1,1,0,0,0,경남,거창군,차대차,기타,기타,과속,교차로,교차로내
23770,2017-03-18 16,주간,토,1,11,4,6,0,충북,충주시,차대차,추돌,추돌,안전운전 의무 불이행,단일로,터널안
23771,2017-03-03 09,주간,금,1,1,0,0,0,전북,정읍시,차대차,측면충돌,측면충돌,기타,교차로,교차로내
23772,2017-01-19 01,야간,목,1,1,0,0,0,경남,양산시,차량단독,전도,전도,안전운전 의무 불이행,단일로,기타단일로
23773,2017-02-12 20,야간,일,1,1,0,0,0,경기,부천시,차대사람,횡단중,횡단중,안전운전 의무 불이행,교차로,교차로내
23774,2017-11-13 22,야간,월,1,2,0,1,0,경북,군위군,차대차,추돌,추돌,안전운전 의무 불이행,단일로,기타단일로
23775,2017-09-18 11,주간,월,1,6,1,4,0,전남,구례군,차대차,정면충돌,정면충돌,중앙선 침범,단일로,기타단일로
23776,2017-06-02 16,주간,금,1,1,0,0,0,경북,청도군,차량단독,전도,전도,안전운전 의무 불이행,단일로,기타단일로
23777,2017-02-04 19,야간,토,1,1,0,0,0,충북,제천시,차대사람,횡단중,횡단중,보행자 보호의무 위반,단일로,기타단일로
23778,2017-02-02 09,주간,목,1,1,0,0,0,경남,창원시(통합),차대차,측면충돌,측면충돌,안전운전 의무 불이행,단일로,기타단일로
23779,2017-02-27 14,주간,월,1,5,4,0,0,충남,논산시,차대차,정면충돌,정면충돌,중앙선 침범,단일로,기타단일로
23780,2017-10-08 14,주간,일,1,1,0,0,0,경북,청송군,차대사람,기타,기타,안전운전 의무 불이행,기타,기타
23781,2017-02-03 02,야간,금,1,2,0,1,0,경북,안동시,차대차,추돌,추돌,안전운전 의무 불이행,단일로,교량위
23782,2017-01-25 23,야간,수,1,5,0,4,0,서울,송파구,차대차,측면충돌,측면충돌,안전운전 의무 불이행,단일로,기타단일로
23783,2017-09-30 12,주간,토,1,1,0,0,0,전남,곡성군,차량단독,기타,기타,안전운전 의무 불이행,교차로,교차로부근
23784,2017-04-13 16,주간,목,1,1,0,0,0,경남,함안군,차량단독,전도,전도,안전운전 의무 불이행,교차로,교차로부근
23785,2017-02-03 18,야간,금,1,1,0,0,0,울산,울주군,차대사람,횡단중,횡단중,안전운전 의무 불이행,단일로,기타단일로
23786,2017-02-07 17,주간,화,1,1,0,0,0,충남,당진시,차량단독,공작물충돌,공작물충돌,안전운전 의무 불이행,단일로,기타단일로
23787,2017-01-20 22,야간,금,1,1,0,0,0,전남,여수시,차대사람,기타,기타,안전운전 의무 불이행,단일로,기타단일로
23788,2017-02-27 17,주간,월,1,1,0,0,0,경남,밀양시,차대차,추돌,추돌,과속,교차로,교차로부근
23789,2017-08-25 13,주간,금,1,1,0,0,0,강원,인제군,차대사람,횡단중,횡단중,안전운전 의무 불이행,단일로,기타단일로
23790,2017-03-13 08,주간,월,1,3,0,2,0,세종,세종,차대차,측면충돌,측면충돌,기타,단일로,교량위
23791,2017-04-28 19,야간,금,1,1,0,0,0,전남,고흥군,차량단독,전도,전도,안전운전 의무 불이행,단일로,기타단일로
23792,2017-08-05 23,야간,토,1,6,2,3,0,충남,당진시,차대차,추돌,추돌,과속,단일로,기타단일로
23793,2017-01-17 16,주간,화,1,1,0,0,0,경기,고양시,차대사람,횡단중,횡단중,안전운전 의무 불이행,교차로,교차로부근
23794,2017-01-19 13,주간,목,1,1,0,0,0,서울,마포구,차대사람,차도통행중,차도통행중,안전운전 의무 불이행,단일로,기타단일로
23795,2017-01-15 20,야간,일,1,2,0,1,0,경북,경산시,차대차,측면충돌,측면충돌,중앙선 침범,교차로,교차로부근
23796,2017-08-09 13,주간,수,1,2,1,0,0,충북,보은군,차대차,정면충돌,정면충돌,중앙선 침범,단일로,기타단일로
23797,2017-05-23 08,주간,화,1,1,0,0,0,전남,담양군,차대차,측면충돌,측면충돌,안전운전 의무 불이행,교차로,교차로내
23798,2017-08-26 10,주간,토,1,3,2,0,0,경북,봉화군,차대차,정면충돌,정면충돌,중앙선 침범,단일로,기타단일로
23799,2017-02-16 02,야간,목,1,1,0,0,0,경남,김해시,차대사람,차도통행중,차도통행중,안전운전 의무 불이행,단일로,기타단일로
23800,2017-02-27 02,야간,월,1,1,0,0,0,경기,안양시,차량단독,전도전복,전도전복,안전운전 의무 불이행,단일로,기타단일로
23801,2017-03-01 20,야간,수,1,1,0,0,0,충남,논산시,차대차,추돌,추돌,교차로 통행방법 위반,교차로,교차로내
23802,2017-08-09 20,야간,수,1,4,2,1,0,충북,보은군,차대차,정면충돌,정면충돌,중앙선 침범,단일로,기타단일로
23803,2017-05-18 17,주간,목,1,2,1,0,0,전남,장흥군,차대사람,횡단중,횡단중,안전운전 의무 불이행,교차로,교차로내
23804,2017-06-15 20,야간,목,1,1,0,0,0,경북,청도군,차대사람,횡단중,횡단중,안전운전 의무 불이행,단일로,기타단일로
23805,2017-05-25 14,주간,목,1,1,0,0,0,경북,성주군,차량단독,도로이탈,도로이탈 추락,안전운전 의무 불이행,단일로,기타단일로
23806,2017-10-14 18,야간,토,1,1,0,0,0,전남,곡성군,차대사람,차도통행중,차도통행중,안전운전 의무 불이행,단일로,기타단일로
23807,2017-05-22 09,주간,월,1,6,4,1,0,인천,강화군,차대사람,보도통행중,보도통행중,기타,교차로,교차로내
23808,2017-07-12 17,주간,수,1,1,0,0,0,충남,금산군,차대사람,횡단중,횡단중,안전운전 의무 불이행,교차로,교차로내
23809,2017-09-26 12,주간,화,2,3,1,0,0,강원,철원군,차대차,측면충돌,측면충돌,안전운전 의무 불이행,단일로,기타단일로
23810,2017-05-19 04,야간,금,1,1,0,0,0,전남,영광군,차대사람,길가장자리구역통행중,길가장자리구역통행중,안전운전 의무 불이행,단일로,기타단일로
23811,2017-09-11 20,야간,월,1,1,0,0,0,경남,거창군,차대차,추돌,추돌,안전운전 의무 불이행,단일로,기타단일로
23812,2017-02-18 12,주간,토,1,3,1,1,0,충남,보령시,차대차,측면충돌,측면충돌,기타,교차로,교차로내
23813,2017-08-16 03,야간,수,1,1,0,0,0,경남,하동군,차량단독,공작물충돌,공작물충돌,안전운전 의무 불이행,단일로,기타단일로
23814,2017-05-17 08,주간,수,1,1,0,0,0,경남,고성군,차대차,측면충돌,측면충돌,교차로 통행방법 위반,교차로,교차로내
23815,2017-01-20 15,주간,금,1,1,0,0,0,대구,북구,차대사람,횡단중,횡단중,안전운전 의무 불이행,단일로,기타단일로
23816,2017-02-03 16,주간,금,1,1,0,0,0,경남,창원시(통합),차량단독,공작물충돌,공작물충돌,안전운전 의무 불이행,단일로,기타단일로
23817,2017-06-14 17,주간,수,1,1,0,0,0,경남,거창군,차량단독,도로이탈,도로이탈 추락,안전운전 의무 불이행,단일로,기타단일로
23818,2017-01-16 15,주간,월,1,1,0,0,0,광주,광산구,차대사람,횡단중,횡단중,중앙선 침범,교차로,교차로부근
23819,2017-10-21 10,주간,토,1,1,0,0,0,전남,곡성군,차대사람,기타,기타,안전운전 의무 불이행,단일로,기타단일로
23820,2017-03-10 22,야간,금,1,1,0,0,0,부산,기장군,차량단독,전도,전도,안전운전 의무 불이행,단일로,기타단일로
23821,2017-01-14 03,야간,토,1,2,0,1,0,경기,화성시,차대차,정면충돌,정면충돌,중앙선 침범,단일로,기타단일로
23822,2017-03-09 20,야간,목,1,1,0,0,0,전북,정읍시,차대사람,횡단중,횡단중,안전운전 의무 불이행,단일로,기타단일로
23823,2017-06-17 08,주간,토,1,1,0,0,0,경북,청도군,차량단독,기타,기타,안전운전 의무 불이행,단일로,기타단일로
23824,2017-01-19 20,야간,목,1,1,0,0,0,경기,김포시,차대사람,길가장자리구역통행중,길가장자리구역통행중,안전운전 의무 불이행,단일로,기타단일로
23825,2017-04-10 11,주간,월,1,1,0,0,0,전북,남원시,차대사람,횡단중,횡단중,안전운전 의무 불이행,단일로,기타단일로
23826,2017-01-14 07,주간,토,1,1,0,0,0,경기,오산시,차대사람,횡단중,횡단중,안전운전 의무 불이행,단일로,기타단일로
23827,2017-10-22 08,주간,일,1,1,0,0,0,전남,곡성군,차량단독,기타,기타,안전운전 의무 불이행,교차로,교차로부근
23828,2017-04-10 16,주간,월,1,1,0,0,0,전북,남원시,차대사람,횡단중,횡단중,안전운전 의무 불이행,단일로,기타단일로
23829,2017-06-18 10,주간,일,1,1,0,0,0,경북,청도군,차대사람,길가장자리구역통행중,길가장자리구역통행중,안전운전 의무 불이행,단일로,기타단일로
23830,2017-04-02 12,주간,일,1,1,0,0,0,충북,증평군,차대차,측면충돌,측면충돌,과속,단일로,기타단일로
23831,2017-07-11 07,주간,화,1,1,0,0,0,강원,횡성군,차대차,추돌,추돌,안전운전 의무 불이행,단일로,기타단일로
23832,2017-07-13 09,주간,목,1,1,0,0,0,충북,영동군,차량단독,기타,기타,안전운전 의무 불이행,교차로,교차로내
23833,2017-03-04 12,주간,토,1,3,0,2,0,충남,논산시,차대차,추돌,추돌,안전운전 의무 불이행,교차로,교차로부근
23834,2017-03-05 18,야간,일,1,1,0,0,0,전남,나주시,차대차,정면충돌,정면충돌,중앙선 침범,단일로,기타단일로
23835,2017-07-27 07,주간,목,2,3,1,0,0,충북,단양군,차대차,정면충돌,정면충돌,중앙선 침범,단일로,기타단일로
23836,2017-08-19 19,야간,토,1,1,0,0,0,전북,무주군,차대사람,기타,기타,안전운전 의무 불이행,단일로,기타단일로
23837,2017-01-27 17,주간,금,1,1,0,0,0,경기,안성시,차대사람,차도통행중,차도통행중,안전운전 의무 불이행,단일로,기타단일로
23838,2017-06-18 21,야간,일,1,1,0,0,0,경북,청도군,차대사람,횡단중,횡단중,보행자 보호의무 위반,교차로,교차로내
23839,2017-01-14 23,야간,토,1,2,1,0,0,충남,아산시,차대차,측면충돌,측면충돌,안전운전 의무 불이행,불명,불명
23840,2017-02-27 07,주간,월,1,1,0,0,0,충북,진천군,차량단독,전도전복,전도전복,안전운전 의무 불이행,단일로,기타단일로
23841,2017-07-22 20,야간,토,1,1,0,0,0,강원,영월군,차대사람,기타,기타,안전운전 의무 불이행,단일로,기타단일로
23842,2017-09-19 11,주간,화,1,2,1,0,0,경남,진주시,차대차,추돌,추돌,안전운전 의무 불이행,단일로,기타단일로
23843,2017-02-10 05,야간,금,1,1,0,0,0,경남,창원시(통합),차량단독,전도,전도,안전운전 의무 불이행,단일로,기타단일로
23844,2017-01-30 20,야간,월,1,1,0,0,0,경기,양주시,차대사람,횡단중,횡단중,안전운전 의무 불이행,교차로,교차로내
23845,2017-03-10 06,주간,금,2,3,1,0,0,충남,공주시,차대차,추돌,추돌,안전운전 의무 불이행,단일로,터널안
23846,2017-10-03 10,주간,화,1,1,0,0,0,강원,철원군,차량단독,전도전복,전도전복,안전운전 의무 불이행,기타,기타
23847,2017-08-11 21,야간,금,2,7,5,0,0,전남,함평군,차대차,측면충돌,측면충돌,안전운전 의무 불이행,교차로,교차로내
23848,2017-07-05 17,주간,수,2,3,1,0,0,전남,완도군,차대차,정면충돌,정면충돌,중앙선 침범,단일로,기타단일로
23849,2017-03-05 20,야간,일,1,1,0,0,0,충남,논산시,차대사람,횡단중,횡단중,안전운전 의무 불이행,교차로,교차로부근
23850,2017-07-11 22,야간,화,1,1,0,0,0,경북,고령군,차대사람,차도통행중,차도통행중,안전운전 의무 불이행,교차로,교차로내
23851,2017-05-18 15,주간,목,1,2,0,1,0,전남,보성군,차대차,추돌,추돌,안전운전 의무 불이행,단일로,터널안
23852,2017-08-01 07,주간,화,1,1,0,0,0,충남,청양군,차량단독,전도전복,전도전복,안전운전 의무 불이행,단일로,기타단일로
23853,2017-05-22 15,주간,월,1,2,0,1,0,충남,서천군,차대차,측면충돌,측면충돌,기타,교차로,교차로내
23854,2017-08-04 07,주간,금,1,7,2,4,0,전남,보성군,차대차,추돌,추돌,안전거리 미확보,단일로,기타단일로
23855,2017-07-26 16,주간,수,1,1,0,0,0,강원,영월군,차대차,측면충돌,측면충돌,중앙선 침범,단일로,기타단일로
23856,2017-08-05 10,주간,토,1,1,0,0,0,전남,보성군,차량단독,기타,기타,안전운전 의무 불이행,단일로,기타단일로
23857,2017-06-19 06,주간,월,1,1,0,0,0,전남,장성군,차량단독,공작물충돌,공작물충돌,안전운전 의무 불이행,단일로,기타단일로
23858,2017-10-07 10,주간,토,1,1,0,0,0,강원,철원군,차량단독,전도전복,전도전복,안전운전 의무 불이행,단일로,기타단일로
23859,2017-03-05 21,야간,일,1,1,0,0,0,경기,여주시,차량단독,전도전복,전도전복,안전운전 의무 불이행,단일로,기타단일로
23860,2017-05-24 14,주간,수,1,1,0,0,0,충남,서천군,차대차,측면충돌,측면충돌,기타,교차로,교차로내
23861,2017-02-25 17,주간,토,1,1,0,0,0,경남,사천시,차대사람,횡단중,횡단중,안전운전 의무 불이행,단일로,기타단일로
23862,2017-04-10 13,주간,월,1,3,2,0,0,전남,무안군,차대차,정면충돌,정면충돌,기타,교차로,교차로내
23863,2017-01-18 18,야간,수,1,1,0,0,0,대구,동구,차대사람,횡단중,횡단중,보행자 보호의무 위반,교차로,교차로횡단보도내
23864,2017-07-14 02,야간,금,1,2,1,0,0,강원,횡성군,차대차,정면충돌,정면충돌,중앙선 침범,단일로,기타단일로
23865,2017-05-06 09,주간,토,1,1,0,0,0,전남,고흥군,차량단독,전도,전도,안전운전 의무 불이행,단일로,기타단일로
23866,2017-02-18 11,주간,토,1,1,0,0,0,경북,영천시,차대사람,횡단중,횡단중,안전운전 의무 불이행,단일로,고가도로위
23867,2017-01-21 06,주간,토,1,1,0,0,0,대구,서구,차대사람,횡단중,횡단중,안전운전 의무 불이행,교차로,교차로부근
23868,2017-01-27 04,야간,금,1,1,0,0,0,경남,창원시(통합),차대차,측면충돌,측면충돌,안전운전 의무 불이행,단일로,기타단일로
23869,2017-07-09 16,주간,일,1,1,0,0,0,전남,완도군,차대사람,기타,기타,안전운전 의무 불이행,단일로,기타단일로
23870,2017-08-30 11,주간,수,1,1,0,0,0,충북,보은군,차대차,측면충돌,측면충돌,신호위반,교차로,교차로내
23871,2017-05-03 18,야간,수,1,1,0,0,0,충남,예산군,차량단독,공작물충돌,공작물충돌,안전운전 의무 불이행,단일로,기타단일로
23872,2017-01-14 13,주간,토,2,2,0,0,0,경북,구미시,차대사람,횡단중,횡단중,안전운전 의무 불이행,단일로,기타단일로
23873,2017-05-05 21,야간,금,1,1,0,0,0,충남,예산군,차대사람,횡단중,횡단중,안전운전 의무 불이행,단일로,기타단일로
23874,2017-10-21 19,야간,토,1,1,0,0,0,전북,순창군,차량단독,도로이탈,도로이탈 추락,안전운전 의무 불이행,단일로,기타단일로
23875,2017-07-18 12,주간,화,1,1,0,0,0,충북,옥천군,차대차,측면충돌,측면충돌,안전운전 의무 불이행,교차로,교차로내
23876,2017-09-04 12,주간,월,1,1,0,0,0,충북,보은군,차대차,측면충돌,측면충돌,신호위반,교차로,교차로내
23877,2017-11-09 22,야간,목,1,1,0,0,0,경북,청송군,차대사람,기타,기타,안전운전 의무 불이행,단일로,기타단일로
23878,2017-02-18 00,야간,토,1,1,0,0,0,경남,창원시(통합),차대사람,횡단중,횡단중,안전운전 의무 불이행,교차로,교차로횡단보도내
23879,2017-06-26 16,주간,월,1,1,0,0,0,강원,평창군,차량단독,전복,전복,안전운전 의무 불이행,단일로,기타단일로
23880,2017-03-07 16,주간,화,1,1,0,0,0,전북,김제시,차량단독,전도,전도,안전운전 의무 불이행,단일로,기타단일로
23881,2017-03-18 05,야간,토,1,1,0,0,0,부산,기장군,차대차,정면충돌,정면충돌,신호위반,교차로,교차로내
23882,2017-02-09 18,야간,목,1,1,0,0,0,경기,군포시,차대사람,횡단중,횡단중,안전운전 의무 불이행,교차로,교차로내
23883,2017-10-14 19,야간,토,1,1,0,0,0,강원,철원군,차대사람,차도통행중,차도통행중,안전운전 의무 불이행,단일로,기타단일로
23884,2017-07-23 09,주간,일,1,1,0,0,0,충북,영동군,차량단독,도로이탈,도로이탈 기타,안전운전 의무 불이행,단일로,기타단일로
23885,2017-02-04 08,주간,토,1,1,0,0,0,부산,사상구,차대사람,횡단중,횡단중,신호위반,교차로,교차로횡단보도내
23886,2017-05-20 23,야간,토,1,1,0,0,0,경북,울진군,차대차,추돌,추돌,안전운전 의무 불이행,단일로,기타단일로
23887,2017-01-16 10,주간,월,1,2,1,0,0,제주,제주시,차대차,추돌,추돌,안전운전 의무 불이행,단일로,기타단일로
23888,2017-05-11 15,주간,목,5,14,1,8,0,강원,평창군,차대차,추돌,추돌,안전운전 의무 불이행,단일로,기타단일로
23889,2017-04-28 21,야간,금,1,1,0,0,0,경남,함안군,차대사람,횡단중,횡단중,안전운전 의무 불이행,교차로,교차로부근
23890,2017-07-25 21,야간,화,1,1,0,0,0,충남,금산군,차대차,기타,기타,안전운전 의무 불이행,단일로,기타단일로
23891,2017-09-28 02,야간,목,1,1,0,0,0,경북,봉화군,차량단독,공작물충돌,공작물충돌,안전운전 의무 불이행,단일로,기타단일로
23892,2017-10-16 20,야간,월,1,2,0,1,0,강원,철원군,차대사람,차도통행중,차도통행중,과속,단일로,기타단일로
23893,2017-02-14 18,야간,화,1,1,0,0,0,충남,당진시,차대사람,횡단중,횡단중,안전운전 의무 불이행,단일로,기타단일로
23894,2017-10-01 04,야간,일,1,1,0,0,0,경남,진주시,차대사람,기타,기타,과속,단일로,기타단일로
23895,2017-11-16 10,주간,목,1,1,0,0,0,전남,곡성군,차량단독,전도전복,전도전복,안전운전 의무 불이행,단일로,기타단일로
23896,2017-09-13 20,야간,수,1,1,0,0,0,경남,하동군,차대사람,길가장자리구역통행중,길가장자리구역통행중,안전운전 의무 불이행,단일로,기타단일로
23897,2017-03-18 00,야간,토,1,1,0,0,0,경기,동두천시,차대사람,횡단중,횡단중,보행자 보호의무 위반,교차로,교차로횡단보도내
23898,2017-02-25 01,야간,토,1,1,0,0,0,충남,보령시,차대차,기타,기타,안전운전 의무 불이행,교차로,교차로부근
23899,2017-01-18 08,주간,수,1,1,0,0,0,경기,의정부시,차대차,정면충돌,정면충돌,안전운전 의무 불이행,단일로,기타단일로
23900,2017-01-18 16,주간,수,2,2,0,0,0,광주,광산구,차대차,추돌,추돌,안전운전 의무 불이행,단일로,기타단일로
23901,2017-01-20 02,야간,금,1,1,0,0,0,인천,서구,차대차,측면충돌,측면충돌,과속,교차로,교차로내
23902,2017-01-22 16,주간,일,1,1,0,0,0,경기,화성시,차대사람,기타,기타,안전운전 의무 불이행,단일로,기타단일로
23903,2017-01-17 19,야간,화,1,1,0,0,0,경기,용인시,차대사람,횡단중,횡단중,안전운전 의무 불이행,단일로,기타단일로
23904,2017-07-06 22,야간,목,1,1,0,0,0,강원,고성군,차대사람,차도통행중,차도통행중,안전운전 의무 불이행,기타,기타
23905,2017-10-31 13,주간,화,1,1,0,0,0,경남,의령군,차대차,측면충돌,측면충돌,안전운전 의무 불이행,단일로,기타단일로
23906,2017-03-10 22,야간,금,1,1,0,0,0,전북,김제시,차량단독,공작물충돌,공작물충돌,안전운전 의무 불이행,단일로,기타단일로
23907,2017-09-18 19,야간,월,1,2,0,1,0,경남,하동군,차대차,추돌,추돌,과속,단일로,기타단일로
23908,2017-11-21 17,주간,화,1,1,0,0,0,전남,곡성군,차대사람,횡단중,횡단중,안전운전 의무 불이행,교차로,교차로내
23909,2017-08-18 10,주간,금,1,1,0,0,0,전남,보성군,차량단독,전도,전도,안전운전 의무 불이행,단일로,기타단일로
23910,2017-08-30 13,주간,수,1,1,0,0,0,경남,함양군,차대차,측면충돌,측면충돌,신호위반,교차로,교차로내
23911,2017-04-08 10,주간,토,1,1,0,0,0,경북,문경시,차량단독,기타,기타,안전운전 의무 불이행,단일로,기타단일로
23912,2017-01-20 10,주간,금,1,1,0,0,0,서울,영등포구,차대사람,횡단중,횡단중,보행자 보호의무 위반,교차로,교차로내
23913,2017-07-28 17,주간,금,1,1,0,0,0,강원,횡성군,차대사람,길가장자리구역통행중,길가장자리구역통행중,안전운전 의무 불이행,단일로,기타단일로
23914,2017-05-23 23,야간,화,1,1,0,0,0,경북,울진군,차대사람,횡단중,횡단중,안전운전 의무 불이행,단일로,교량위
23915,2017-09-18 09,주간,월,1,2,1,0,0,충북,보은군,차대차,정면충돌,정면충돌,중앙선 침범,단일로,기타단일로
23916,2017-03-13 12,주간,월,1,2,0,1,0,경기,양평군,차대차,측면충돌,측면충돌,신호위반,교차로,교차로내
23917,2017-01-25 04,야간,수,1,1,0,0,0,전북,전주시,차대사람,횡단중,횡단중,안전운전 의무 불이행,단일로,기타단일로
23918,2017-11-07 05,야간,화,1,1,0,0,0,인천,남동구,차대차,측면충돌,측면충돌,안전운전 의무 불이행,교차로,교차로내
23919,2017-05-23 20,야간,화,1,2,0,1,0,전남,화순군,차대차,정면충돌,정면충돌,안전운전 의무 불이행,단일로,기타단일로
23920,2017-08-19 17,주간,토,2,4,0,2,0,전남,보성군,차량단독,공작물충돌,공작물충돌,안전운전 의무 불이행,단일로,기타단일로
23921,2017-01-24 17,주간,화,1,1,0,0,0,강원,춘천시,차대사람,기타,기타,안전운전 의무 불이행,단일로,기타단일로
23922,2017-05-24 00,야간,수,1,1,0,0,0,전남,화순군,차대사람,기타,기타,안전운전 의무 불이행,단일로,기타단일로
23923,2017-09-23 19,야간,토,1,1,0,0,0,경남,하동군,차대사람,횡단중,횡단중,안전운전 의무 불이행,기타,기타
23924,2017-10-06 17,주간,금,1,3,2,0,0,전남,진도군,차량단독,공작물충돌,공작물충돌,안전운전 의무 불이행,단일로,기타단일로
23925,2017-06-15 03,야간,목,1,1,0,0,0,인천,강화군,차량단독,도로이탈,도로이탈 기타,안전운전 의무 불이행,단일로,기타단일로
23926,2017-06-08 01,야간,목,1,2,1,0,0,전남,영광군,차량단독,공작물충돌,공작물충돌,과속,단일로,기타단일로
23927,2017-04-29 12,주간,토,1,1,0,0,0,전남,해남군,차대차,측면충돌,측면충돌,중앙선 침범,교차로,교차로부근
23928,2017-02-08 16,주간,수,1,1,0,0,0,경남,창원시(통합),차대차,기타,기타,안전운전 의무 불이행,교차로,교차로부근
23929,2017-10-06 15,주간,금,1,1,0,0,0,전남,진도군,차대차,기타,기타,기타,교차로,교차로내
23930,2017-08-05 21,야간,토,1,1,0,0,0,강원,영월군,차대사람,횡단중,횡단중,안전운전 의무 불이행,교차로,교차로내
23931,2017-03-17 14,주간,금,1,1,0,0,0,서울,종로구,차대차,기타,기타,기타,단일로,기타단일로
23932,2017-03-14 00,야간,화,1,1,0,0,0,전남,나주시,차대사람,차도통행중,차도통행중,안전운전 의무 불이행,교차로,교차로부근
23933,2017-07-03 22,야간,월,1,1,0,0,0,경북,청도군,차대사람,길가장자리구역통행중,길가장자리구역통행중,안전운전 의무 불이행,단일로,기타단일로
23934,2017-10-10 05,야간,화,1,1,0,0,0,전남,진도군,차대사람,횡단중,횡단중,안전운전 의무 불이행,교차로,교차로내
23935,2017-01-30 02,야간,월,2,3,1,0,0,경남,김해시,차대차,측면충돌,측면충돌,중앙선 침범,단일로,기타단일로
23936,2017-05-11 22,야간,목,1,1,0,0,0,충남,예산군,차대차,정면충돌,정면충돌,안전운전 의무 불이행,단일로,기타단일로
23937,2017-01-18 05,야간,수,1,1,0,0,0,인천,남동구,차량단독,전도전복,전도전복,안전운전 의무 불이행,교차로,교차로내
23938,2017-01-21 03,야간,토,1,2,0,1,0,전북,익산시,차대차,추돌,추돌,안전운전 의무 불이행,단일로,기타단일로
23939,2017-06-23 04,야간,금,1,1,0,0,0,강원,정선군,차량단독,공작물충돌,공작물충돌,안전운전 의무 불이행,단일로,기타단일로
23940,2017-11-07 08,주간,화,1,1,0,0,0,전남,구례군,차량단독,전도,전도,안전운전 의무 불이행,단일로,기타단일로
23941,2017-10-13 18,야간,금,1,1,0,0,0,경북,예천군,차대사람,횡단중,횡단중,보행자 보호의무 위반,교차로,교차로횡단보도내
23942,2017-10-09 16,주간,월,1,1,0,0,0,경북,봉화군,차량단독,전복,전복,안전운전 의무 불이행,단일로,기타단일로