교통사고이력ID(사고기록 순서),발생년월일시,주야코드,요일코드,사망자수,부상자수,중상자수,경상자수,부상신고자수,발생지시도코드,발생지시도코드,사고유형대분류코드,사고유형중분류코드,사고유형코드,법규위반코드,도로형태대분류코드,도로로형태코드
24142,2017-04-18 09,주간,화,1,1,0,0,0,경기,동두천시,차대사람,횡단중,횡단중,신호위반,기타,기타
24143,2017-05-23 15,주간,화,2,3,0,1,0,전남,무안군,차대차,정면충돌,정면충돌,중앙선 침범,단일로,기타단일로
24144,2017-04-13 08,주간,목,1,2,0,0,1,충남,청양군,차대차,추돌,추돌,안전운전 의무 불이행,단일로,기타단일로
24145,2017-04-02 07,주간,일,1,1,0,0,0,충북,음성군,차대사람,횡단중,횡단중,안전운전 의무 불이행,단일로,기타단일로
24146,2017-02-10 04,야간,금,1,1,0,0,0,경남,거제시,차대사람,차도통행중,차도통행중,안전운전 의무 불이행,단일로,기타단일로
24147,2017-07-16 15,주간,일,1,4,0,3,0,충남,서천군,차대차,측면충돌,측면충돌,중앙선 침범,단일로,기타단일로
24148,2017-03-22 12,주간,수,1,1,0,0,0,서울,금천구,차량단독,공작물충돌,공작물충돌,안전운전 의무 불이행,단일로,기타단일로
24149,2017-08-19 18,야간,토,2,3,0,1,0,강원,고성군,차량단독,공작물충돌,공작물충돌,안전운전 의무 불이행,기타,기타
24150,2017-04-01 14,주간,토,1,2,1,0,0,경남,밀양시,차량단독,공작물충돌,공작물충돌,안전운전 의무 불이행,단일로,기타단일로
24151,2017-02-23 10,주간,목,1,1,0,0,0,경북,안동시,차량단독,전도전복,전도전복,안전운전 의무 불이행,단일로,기타단일로
24152,2017-02-02 06,주간,목,1,1,0,0,0,부산,해운대구,차대사람,횡단중,횡단중,안전운전 의무 불이행,단일로,기타단일로
24153,2017-05-15 23,야간,월,1,4,2,1,0,충북,충주시,차대차,추돌,추돌,안전운전 의무 불이행,단일로,기타단일로
24154,2017-08-24 07,주간,목,1,1,0,0,0,경남,거창군,차대차,측면충돌,측면충돌,안전운전 의무 불이행,교차로,교차로내
24155,2017-08-28 23,야간,월,1,1,0,0,0,경북,청도군,차대차,기타,기타,안전운전 의무 불이행,단일로,터널안
24156,2017-05-15 21,야간,월,1,2,1,0,0,충북,충주시,차대차,측면충돌,측면충돌,안전거리 미확보,단일로,기타단일로
24157,2017-01-24 06,주간,화,1,1,0,0,0,충남,아산시,차대사람,횡단중,횡단중,안전운전 의무 불이행,단일로,기타단일로
24158,2017-11-21 16,주간,화,1,1,0,0,0,전남,함평군,차대차,측면충돌,측면충돌,안전운전 의무 불이행,교차로,교차로내
24159,2017-10-20 19,야간,금,1,1,0,0,0,강원,횡성군,차대사람,차도통행중,차도통행중,안전운전 의무 불이행,단일로,기타단일로
24160,2017-04-15 01,야간,토,1,1,0,0,0,충남,공주시,차량단독,도로이탈,도로이탈 추락,안전운전 의무 불이행,단일로,기타단일로
24161,2017-02-03 20,야간,금,1,1,0,0,0,부산,남구,차대차,기타,기타,신호위반,교차로,교차로내
24162,2017-10-18 22,야간,수,1,2,0,1,0,충북,단양군,차대사람,횡단중,횡단중,신호위반,단일로,기타단일로
24163,2017-07-23 09,주간,일,1,1,0,0,0,경북,의성군,차대차,측면충돌,측면충돌,기타,교차로,교차로내
24164,2017-04-23 18,야간,일,1,1,0,0,0,경기,동두천시,차대사람,횡단중,횡단중,안전운전 의무 불이행,교차로,교차로내
24165,2017-04-05 09,주간,수,1,3,0,0,2,충남,논산시,차대차,정면충돌,정면충돌,중앙선 침범,단일로,기타단일로
24166,2017-12-30 09,주간,토,1,1,0,0,0,경남,하동군,차대차,정면충돌,정면충돌,중앙선 침범,단일로,기타단일로
24167,2017-11-21 17,주간,화,1,11,2,8,0,충남,서산시,차대차,기타,기타,안전운전 의무 불이행,단일로,기타단일로
24168,2017-01-22 21,야간,일,1,1,0,0,0,충북,청주시,차대사람,횡단중,횡단중,기타,단일로,기타단일로
24169,2017-05-27 11,주간,토,1,1,0,0,0,전북,남원시,차대차,측면충돌,측면충돌,교차로 통행방법 위반,교차로,교차로내
24170,2017-06-15 23,야간,목,1,1,0,0,0,충남,예산군,차대사람,기타,기타,안전운전 의무 불이행,단일로,기타단일로
24171,2017-07-25 19,야간,화,1,1,0,0,0,경북,의성군,차대차,측면충돌,측면충돌,안전운전 의무 불이행,교차로,교차로내
24172,2017-10-27 18,야간,금,1,1,0,0,0,전남,보성군,차대사람,횡단중,횡단중,안전운전 의무 불이행,단일로,기타단일로
24173,2017-10-04 16,주간,수,1,4,0,3,0,충남,금산군,차대차,측면충돌,측면충돌,안전운전 의무 불이행,단일로,기타단일로
24174,2017-04-17 10,주간,월,1,5,2,2,0,충남,논산시,차대차,추돌,추돌,안전운전 의무 불이행,단일로,기타단일로
24175,2017-09-19 04,야간,화,2,3,0,1,0,전남,장성군,차량단독,전도,전도,과속,단일로,기타단일로
24176,2017-10-20 18,야간,금,1,1,0,0,0,전북,임실군,차대사람,횡단중,횡단중,안전운전 의무 불이행,교차로,교차로부근
24177,2017-02-16 05,야간,목,1,1,0,0,0,경기,수원시,차량단독,공작물충돌,공작물충돌,안전운전 의무 불이행,단일로,기타단일로
24178,2017-06-16 09,주간,금,1,3,2,0,0,전남,영암군,차대차,추돌,추돌,안전운전 의무 불이행,단일로,기타단일로
24179,2017-01-24 15,주간,화,1,2,1,0,0,충남,아산시,차량단독,전도전복,전도전복,안전운전 의무 불이행,불명,불명
24180,2017-02-16 06,주간,목,1,1,0,0,0,경기,용인시,차대사람,횡단중,횡단중,안전운전 의무 불이행,단일로,기타단일로
24181,2017-11-26 19,야간,일,1,4,2,1,0,전북,고창군,차대차,측면충돌,측면충돌,안전운전 의무 불이행,단일로,기타단일로
24182,2017-09-24 15,주간,일,1,2,1,0,0,전남,완도군,차대사람,기타,기타,안전운전 의무 불이행,교차로,교차로부근
24183,2017-08-12 05,야간,토,1,1,0,0,0,충남,부여군,차대차,측면충돌,측면충돌,중앙선 침범,단일로,교량위
24184,2017-02-10 18,야간,금,1,1,0,0,0,경북,포항시,차대사람,횡단중,횡단중,안전운전 의무 불이행,교차로,교차로횡단보도내
24185,2017-12-02 17,주간,토,1,1,0,0,0,전남,함평군,차대차,측면충돌,측면충돌,안전운전 의무 불이행,단일로,기타단일로
24186,2017-04-27 10,주간,목,1,4,1,2,0,전북,완주군,차대차,정면충돌,정면충돌,안전운전 의무 불이행,단일로,기타단일로
24187,2017-01-31 14,주간,화,1,2,1,0,0,대전,서구,차대사람,횡단중,횡단중,신호위반,단일로,기타단일로
24188,2017-11-16 03,야간,목,1,1,0,0,0,충남,청양군,차량단독,공작물충돌,공작물충돌,안전운전 의무 불이행,교차로,교차로내
24189,2017-07-21 08,주간,금,1,1,0,0,0,전남,고흥군,차대사람,횡단중,횡단중,안전운전 의무 불이행,단일로,기타단일로
24190,2017-12-03 04,야간,일,1,3,0,1,1,전북,김제시,차대차,기타,기타,안전운전 의무 불이행,단일로,기타단일로
24191,2017-06-22 08,주간,목,1,1,0,0,0,경남,함안군,차대차,측면충돌,측면충돌,기타,교차로,교차로내
24192,2017-04-27 18,야간,목,1,1,0,0,0,전북,완주군,차대차,추돌,추돌,안전거리 미확보,교차로,교차로부근
24193,2017-09-02 15,주간,토,1,1,0,0,0,경남,거창군,차대사람,기타,기타,안전운전 의무 불이행,단일로,기타단일로
24194,2017-09-27 04,야간,수,1,1,0,0,0,강원,태백시,차량단독,공작물충돌,공작물충돌,안전운전 의무 불이행,단일로,기타단일로
24195,2017-07-08 08,주간,토,1,1,0,0,0,경북,영덕군,차량단독,도로이탈,도로이탈 기타,안전운전 의무 불이행,단일로,기타단일로
24196,2017-10-31 15,주간,화,1,1,0,0,0,전남,보성군,차대차,측면충돌,측면충돌,기타,교차로,교차로내
24197,2017-02-01 15,주간,수,1,1,0,0,0,전남,여수시,차량단독,전도전복,전도전복,안전운전 의무 불이행,단일로,기타단일로
24198,2017-08-04 22,야간,금,1,3,1,1,0,전남,장성군,차대차,측면충돌,측면충돌,안전거리 미확보,단일로,기타단일로
24199,2017-03-15 14,주간,수,1,1,0,0,0,경남,김해시,차대차,정면충돌,정면충돌,안전운전 의무 불이행,단일로,기타단일로
24200,2017-02-20 19,야간,월,1,1,0,0,0,서울,강북구,차대사람,기타,기타,안전운전 의무 불이행,교차로,교차로내
24201,2017-11-22 02,야간,수,1,1,0,0,0,경남,남해군,차량단독,공작물충돌,공작물충돌,안전운전 의무 불이행,단일로,기타단일로
24202,2017-03-04 12,주간,토,1,1,0,0,0,울산,울주군,차대차,측면충돌,측면충돌,안전거리 미확보,단일로,기타단일로
24203,2017-02-08 13,주간,수,1,2,0,1,0,전남,순천시,차대차,추돌,추돌,안전운전 의무 불이행,교차로,교차로내
24204,2017-12-11 14,주간,월,1,11,5,5,0,충남,서천군,차대차,추돌,추돌,안전운전 의무 불이행,단일로,기타단일로
24205,2017-05-16 23,야간,화,1,1,0,0,0,충남,공주시,차대사람,기타,기타,안전운전 의무 불이행,교차로,교차로내
24206,2017-07-29 15,주간,토,1,1,0,0,0,경북,울진군,차량단독,공작물충돌,공작물충돌,안전운전 의무 불이행,단일로,기타단일로
24207,2017-11-02 12,주간,목,1,1,0,0,0,전남,보성군,차대사람,기타,기타,안전운전 의무 불이행,단일로,기타단일로
24208,2017-02-05 01,야간,일,1,2,1,0,0,서울,노원구,차량단독,전도,전도,안전운전 의무 불이행,단일로,기타단일로
24209,2017-03-17 14,주간,금,1,1,0,0,0,경남,통영시,차대차,정면충돌,정면충돌,안전운전 의무 불이행,교차로,교차로내
24210,2017-07-31 01,야간,월,1,1,0,0,0,경남,고성군,차량단독,전도전복,전도전복,안전운전 의무 불이행,단일로,기타단일로
24211,2017-02-01 07,주간,수,1,1,0,0,0,경기,화성시,차대사람,길가장자리구역통행중,길가장자리구역통행중,안전운전 의무 불이행,단일로,기타단일로
24212,2017-02-17 18,야간,금,1,5,1,3,0,경기,의정부시,차대차,추돌,추돌,안전운전 의무 불이행,단일로,기타단일로
24213,2017-09-23 12,주간,토,1,5,0,4,0,강원,평창군,차대차,측면충돌,측면충돌,중앙선 침범,단일로,기타단일로
24214,2017-02-08 11,주간,수,1,1,0,0,0,부산,부산진구,차대사람,횡단중,횡단중,기타,단일로,기타단일로
24215,2017-09-28 09,주간,목,1,1,0,0,0,전남,장성군,차대차,추돌,추돌,과속,단일로,기타단일로
24216,2017-11-02 22,야간,목,1,1,0,0,0,충북,단양군,차량단독,전도전복,전도전복,안전운전 의무 불이행,기타,기타
24217,2017-11-05 19,야간,일,1,1,0,0,0,충북,단양군,차량단독,전도전복,전도전복,안전운전 의무 불이행,교차로,교차로부근
24218,2017-02-02 16,주간,목,1,2,1,0,0,제주,서귀포시,차대차,정면충돌,정면충돌,중앙선 침범,기타,기타
24219,2017-11-15 18,야간,수,1,1,0,0,0,강원,횡성군,차대사람,횡단중,횡단중,안전운전 의무 불이행,단일로,기타단일로
24220,2017-04-15 07,주간,토,1,1,0,0,0,전남,나주시,차대사람,보도통행중,보도통행중,안전운전 의무 불이행,단일로,기타단일로
24221,2017-06-05 01,야간,월,1,1,0,0,0,전북,남원시,차대사람,기타,기타,안전운전 의무 불이행,단일로,기타단일로
24222,2017-06-26 09,주간,월,2,3,1,0,0,전북,고창군,차대차,정면충돌,정면충돌,중앙선 침범,단일로,기타단일로
24223,2017-02-14 00,야간,화,1,1,0,0,0,전북,전주시,차량단독,공작물충돌,공작물충돌,과속,단일로,기타단일로
24224,2017-01-24 19,야간,화,1,1,0,0,0,제주,제주시,차대사람,횡단중,횡단중,보행자 보호의무 위반,교차로,교차로부근
24225,2017-07-26 21,야간,수,1,2,0,1,0,전남,강진군,차대차,정면충돌,정면충돌,중앙선 침범,단일로,기타단일로
24226,2017-10-02 10,주간,월,1,1,0,0,0,전남,장성군,차대사람,기타,기타,안전운전 의무 불이행,교차로,교차로내
24227,2017-08-20 13,주간,일,1,2,1,0,0,충남,부여군,차대차,정면충돌,정면충돌,안전운전 의무 불이행,단일로,기타단일로
24228,2017-02-13 22,야간,월,1,3,1,1,0,부산,사하구,차대차,정면충돌,정면충돌,중앙선 침범,단일로,기타단일로
24229,2017-09-20 11,주간,수,1,1,0,0,0,경북,청도군,차대차,추돌,추돌,안전운전 의무 불이행,단일로,기타단일로
24230,2017-07-12 09,주간,수,1,1,0,0,0,전북,부안군,차대사람,횡단중,횡단중,안전운전 의무 불이행,교차로,교차로부근
24231,2017-06-10 23,야간,토,1,1,0,0,0,경북,영천시,차대사람,횡단중,횡단중,안전운전 의무 불이행,단일로,기타단일로
24232,2017-12-26 19,야간,화,1,1,0,0,0,전북,고창군,차대차,추돌,추돌,안전운전 의무 불이행,단일로,기타단일로
24233,2017-08-11 18,야간,금,1,1,0,0,0,경북,성주군,차대사람,기타,기타,안전운전 의무 불이행,단일로,기타단일로
24234,2017-08-08 16,주간,화,1,1,0,0,0,전남,장흥군,차량단독,전도전복,전도전복,안전운전 의무 불이행,단일로,기타단일로
24235,2017-06-12 11,주간,월,1,2,1,0,0,대구,북구,차대차,추돌,추돌,안전운전 의무 불이행,단일로,기타단일로
24236,2017-04-01 09,주간,토,1,1,0,0,0,경남,사천시,차대차,측면충돌,측면충돌,안전운전 의무 불이행,단일로,기타단일로
24237,2017-06-13 23,야간,화,1,3,2,0,0,대구,북구,차대차,추돌,추돌,안전운전 의무 불이행,단일로,기타단일로
24238,2017-03-27 20,야간,월,1,1,0,0,0,충남,보령시,차대사람,기타,기타,안전운전 의무 불이행,단일로,기타단일로
24239,2017-09-29 10,주간,금,1,1,0,0,0,강원,평창군,차대차,정면충돌,정면충돌,중앙선 침범,단일로,기타단일로
24240,2017-05-25 01,야간,목,1,3,1,1,0,부산,중구,차대사람,기타,기타,안전운전 의무 불이행,단일로,기타단일로
24241,2017-12-07 21,야간,목,1,1,0,0,0,충남,청양군,차량단독,공작물충돌,공작물충돌,안전운전 의무 불이행,교차로,교차로부근
24242,2017-02-12 17,주간,일,1,1,0,0,0,강원,강릉시,차대사람,횡단중,횡단중,안전운전 의무 불이행,단일로,기타단일로
24243,2017-03-12 21,야간,일,1,1,0,0,0,경기,시흥시,차대사람,기타,기타,과속,단일로,기타단일로
24244,2017-09-30 20,야간,토,1,1,0,0,0,충북,옥천군,차대사람,차도통행중,차도통행중,안전운전 의무 불이행,교차로,교차로내
24245,2017-02-19 20,야간,일,1,5,0,4,0,경기,안성시,차대차,정면충돌,정면충돌,안전운전 의무 불이행,단일로,기타단일로
24246,2017-09-21 20,야간,목,1,1,0,0,0,경북,청도군,차대차,추돌,추돌,안전운전 의무 불이행,단일로,기타단일로
24247,2017-03-10 00,야간,금,1,1,0,0,0,충북,제천시,차대차,정면충돌,정면충돌,안전운전 의무 불이행,교차로,교차로부근
24248,2017-04-21 16,주간,금,1,1,0,0,0,경북,상주시,차대차,측면충돌,측면충돌,교차로 통행방법 위반,교차로,교차로내
24249,2017-10-10 18,야간,화,1,3,1,1,0,전남,장성군,차대차,기타,기타,중앙선 침범,단일로,기타단일로
24250,2017-06-28 19,야간,수,1,5,1,3,0,충남,예산군,차대차,측면충돌,측면충돌,신호위반,교차로,교차로내
24251,2017-08-22 23,야간,화,1,1,0,0,0,전남,담양군,차대사람,차도통행중,차도통행중,안전운전 의무 불이행,단일로,기타단일로
24252,2017-11-17 17,주간,금,1,1,0,0,0,충북,단양군,차대차,추돌,추돌,안전운전 의무 불이행,교차로,교차로내
24253,2017-02-03 01,야간,금,1,3,0,2,0,경기,고양시,차대차,정면충돌,정면충돌,중앙선 침범,단일로,기타단일로
24254,2017-04-18 13,주간,화,1,1,0,0,0,전남,나주시,차대차,측면충돌,측면충돌,중앙선 침범,교차로,교차로부근
24255,2017-08-28 16,주간,월,1,1,0,0,0,충남,부여군,차량단독,도로이탈,도로이탈 기타,안전운전 의무 불이행,단일로,기타단일로
24256,2017-02-04 18,야간,토,1,1,0,0,0,제주,서귀포시,차대사람,횡단중,횡단중,안전운전 의무 불이행,교차로,교차로부근
24257,2017-04-26 05,야간,수,1,1,0,0,0,서울,서초구,차대차,기타,기타,안전운전 의무 불이행,단일로,기타단일로
24258,2017-05-17 13,주간,수,1,1,0,0,0,강원,홍천군,차대차,후진중충돌,후진중충돌,안전운전 의무 불이행,단일로,터널안
24259,2017-04-02 21,야간,일,1,1,0,0,0,경남,사천시,차량단독,공작물충돌,공작물충돌,안전운전 의무 불이행,단일로,기타단일로
24260,2017-03-01 02,야간,수,1,1,0,0,0,서울,서대문구,차대차,측면충돌,측면충돌,안전거리 미확보,단일로,기타단일로
24261,2017-08-03 11,주간,목,1,1,0,0,0,전남,강진군,차대차,추돌,추돌,안전운전 의무 불이행,교차로,교차로부근
24262,2017-05-25 07,주간,목,1,1,0,0,0,경북,문경시,차량단독,전도전복,전도전복,안전운전 의무 불이행,단일로,기타단일로
24263,2017-03-14 07,주간,화,1,6,1,3,1,경기,안산시,차대차,추돌,추돌,안전운전 의무 불이행,단일로,기타단일로
24264,2017-10-22 15,주간,일,1,1,0,0,0,충남,금산군,차량단독,기타,기타,안전운전 의무 불이행,단일로,기타단일로
24265,2017-08-04 09,주간,금,1,1,0,0,0,전남,고흥군,차대사람,차도통행중,차도통행중,안전운전 의무 불이행,교차로,교차로내
24266,2017-06-15 21,야간,목,1,3,2,0,0,대구,달서구,차대차,추돌,추돌,안전운전 의무 불이행,단일로,기타단일로
24267,2017-08-30 10,주간,수,1,1,0,0,0,강원,정선군,차대사람,횡단중,횡단중,안전운전 의무 불이행,단일로,기타단일로
24268,2017-03-23 11,주간,목,1,1,0,0,0,경기,부천시,차대사람,횡단중,횡단중,중앙선 침범,교차로,교차로부근
24269,2017-07-02 01,야간,일,1,2,1,0,0,충남,예산군,차대차,추돌,추돌,과속,단일로,기타단일로
24270,2017-09-27 10,주간,수,1,1,0,0,0,경기,연천군,차량단독,도로이탈,도로이탈 기타,안전운전 의무 불이행,단일로,기타단일로
24271,2017-04-14 06,주간,금,1,2,1,0,0,충남,논산시,차대차,측면충돌,측면충돌,안전운전 의무 불이행,단일로,기타단일로
24272,2017-10-17 16,주간,화,1,1,0,0,0,강원,영월군,차대사람,기타,기타,안전운전 의무 불이행,단일로,기타단일로
24273,2017-04-20 00,야간,목,1,2,0,1,0,전북,김제시,차대사람,횡단중,횡단중,과속,교차로,교차로부근
24274,2017-12-27 02,야간,수,1,1,0,0,0,충남,청양군,차량단독,전도전복,전도전복,안전운전 의무 불이행,교차로,교차로부근
24275,2017-06-13 15,주간,화,1,1,0,0,0,전북,남원시,차량단독,전도전복,전도전복,안전운전 의무 불이행,단일로,기타단일로
24276,2017-01-22 17,주간,일,1,2,1,0,0,경기,남양주시,차대차,기타,기타,안전운전 의무 불이행,단일로,기타단일로
24277,2017-10-27 10,주간,금,1,2,1,0,0,충남,금산군,차대차,기타,기타,안전운전 의무 불이행,단일로,기타단일로
24278,2017-08-24 05,야간,목,1,1,0,0,0,경북,의성군,차량단독,전복,전복,안전운전 의무 불이행,단일로,기타단일로
24279,2017-03-07 20,야간,화,1,1,0,0,0,울산,울주군,차대사람,기타,기타,안전운전 의무 불이행,단일로,기타단일로
24280,2017-03-15 14,주간,수,1,1,0,0,0,서울,도봉구,차대차,추돌,추돌,안전운전 의무 불이행,교차로,교차로부근
24281,2017-06-05 13,주간,월,1,1,0,0,0,충북,음성군,차량단독,전도전복,전도전복,안전운전 의무 불이행,단일로,기타단일로
24282,2017-06-05 21,야간,월,1,2,0,1,0,충북,청주시,차대차,추돌,추돌,중앙선 침범,단일로,기타단일로
24283,2017-09-30 14,주간,토,1,7,0,6,0,경북,청도군,차대차,측면충돌,측면충돌,신호위반,교차로,교차로내
24284,2017-04-16 13,주간,일,1,1,0,0,0,경기,양평군,차대차,기타,기타,과속,단일로,기타단일로
24285,2017-03-15 00,야간,수,1,1,0,0,0,경기,안산시,차대사람,기타,기타,과속,단일로,기타단일로
24286,2017-02-24 19,야간,금,1,1,0,0,0,충북,충주시,차대사람,횡단중,횡단중,신호위반,교차로,교차로횡단보도내
24287,2017-06-15 20,야간,목,1,1,0,0,0,전북,남원시,차량단독,전도전복,전도전복,안전운전 의무 불이행,단일로,기타단일로
24288,2017-08-19 16,주간,토,1,1,0,0,0,경북,성주군,차량단독,공작물충돌,공작물충돌,안전운전 의무 불이행,교차로,교차로부근
24289,2017-02-10 09,주간,금,1,1,0,0,0,전남,여수시,차대사람,횡단중,횡단중,안전운전 의무 불이행,교차로,교차로내
24290,2017-04-30 08,주간,일,1,4,1,2,0,전북,정읍시,차대차,정면충돌,정면충돌,중앙선 침범,기타,기타
24291,2017-03-14 23,야간,화,1,1,0,0,0,광주,남구,차대사람,횡단중,횡단중,안전운전 의무 불이행,단일로,기타단일로
24292,2017-10-17 06,주간,화,1,4,3,0,0,강원,평창군,차대차,측면충돌,측면충돌,중앙선 침범,단일로,기타단일로
24293,2017-03-26 04,야간,일,1,3,1,1,0,경기,부천시,차대차,정면충돌,정면충돌,안전운전 의무 불이행,교차로,교차로부근
24294,2017-02-18 10,주간,토,1,1,0,0,0,서울,동작구,차대사람,기타,기타,안전운전 의무 불이행,단일로,기타단일로
24295,2017-05-29 16,주간,월,1,1,0,0,0,충남,공주시,차대사람,횡단중,횡단중,안전운전 의무 불이행,기타,기타
24296,2017-01-27 03,야간,금,1,1,0,0,0,충남,아산시,차대사람,기타,기타,중앙선 침범,단일로,기타단일로
24297,2017-03-05 18,야간,일,1,1,0,0,0,경북,안동시,차대사람,횡단중,횡단중,안전운전 의무 불이행,단일로,기타단일로
24298,2017-02-12 20,야간,일,1,1,0,0,0,울산,북구,차대사람,횡단중,횡단중,안전운전 의무 불이행,교차로,교차로부근
24299,2017-12-24 02,야간,일,1,1,0,0,0,강원,횡성군,차량단독,전도전복,전도전복,안전운전 의무 불이행,단일로,기타단일로
24300,2017-01-24 10,주간,화,1,1,0,0,0,경기,화성시,차량단독,전도,전도,안전운전 의무 불이행,단일로,기타단일로
24301,2017-05-02 00,야간,화,2,2,0,0,0,부산,기장군,차량단독,공작물충돌,공작물충돌,안전운전 의무 불이행,단일로,기타단일로
24302,2017-02-12 06,주간,일,1,1,0,0,0,서울,서초구,차대사람,차도통행중,차도통행중,과속,단일로,기타단일로
24303,2017-01-31 06,주간,화,1,1,0,0,0,광주,서구,차대사람,횡단중,횡단중,신호위반,단일로,기타단일로
24304,2017-05-10 13,주간,수,1,1,0,0,0,충남,홍성군,차량단독,전도전복,전도전복,안전운전 의무 불이행,단일로,기타단일로
24305,2017-07-08 15,주간,토,2,6,1,3,0,충남,예산군,차대차,측면충돌,측면충돌,신호위반,교차로,교차로내
24306,2017-02-28 01,야간,화,1,1,0,0,0,인천,중구,차대차,추돌,추돌,안전운전 의무 불이행,단일로,기타단일로
24307,2017-02-16 15,주간,목,1,1,0,0,0,경남,김해시,차대사람,횡단중,횡단중,안전운전 의무 불이행,단일로,기타단일로
24308,2017-05-01 23,야간,월,2,8,5,1,0,충북,영동군,차대차,기타,기타,안전운전 의무 불이행,단일로,기타단일로
24309,2017-02-03 00,야간,금,1,1,0,0,0,서울,동대문구,차대사람,횡단중,횡단중,안전운전 의무 불이행,단일로,기타단일로
24310,2017-05-24 02,야간,수,1,1,0,0,0,서울,은평구,차대차,정면충돌,정면충돌,중앙선 침범,교차로,교차로부근
24311,2017-04-11 22,야간,화,1,1,0,0,0,경남,양산시,차대차,측면충돌,측면충돌,안전운전 의무 불이행,단일로,기타단일로
24312,2017-03-03 12,주간,금,1,1,0,0,0,경남,진주시,차대사람,길가장자리구역통행중,길가장자리구역통행중,교차로 통행방법 위반,교차로,교차로내
24313,2017-07-28 10,주간,금,1,1,0,0,0,전북,부안군,차량단독,전도,전도,안전운전 의무 불이행,교차로,교차로내
24314,2017-12-12 14,주간,화,1,1,0,0,0,전남,보성군,차대차,측면충돌,측면충돌,안전운전 의무 불이행,교차로,교차로내
24315,2017-04-29 17,주간,토,1,1,0,0,0,경북,상주시,차대사람,횡단중,횡단중,안전운전 의무 불이행,교차로,교차로내
24316,2017-03-03 18,야간,금,1,1,0,0,0,경남,진주시,차대사람,횡단중,횡단중,신호위반,교차로,교차로내
24317,2017-07-19 02,야간,수,1,1,0,0,0,강원,춘천시,차대사람,차도통행중,차도통행중,안전운전 의무 불이행,단일로,기타단일로
24318,2017-04-09 17,주간,일,1,1,0,0,0,경북,칠곡군,차량단독,공작물충돌,공작물충돌,안전운전 의무 불이행,단일로,기타단일로
24319,2017-04-29 14,주간,토,2,5,0,3,0,전남,나주시,차대차,측면충돌,측면충돌,교차로 통행방법 위반,교차로,교차로내
24320,2017-05-29 17,주간,월,1,1,0,0,0,경기,가평군,차량단독,전도전복,전도전복,안전운전 의무 불이행,단일로,기타단일로
24321,2017-08-24 10,주간,목,1,1,0,0,0,전남,영광군,차대사람,차도통행중,차도통행중,안전운전 의무 불이행,단일로,기타단일로
24322,2017-06-22 14,주간,목,1,1,0,0,0,전북,남원시,차대차,측면충돌,측면충돌,교차로 통행방법 위반,교차로,교차로부근
24323,2017-12-04 10,주간,월,1,1,0,0,0,경북,고령군,차대차,측면충돌,측면충돌,안전운전 의무 불이행,단일로,기타단일로
24324,2017-03-04 14,주간,토,1,1,0,0,0,부산,금정구,차대차,기타,기타,안전운전 의무 불이행,단일로,기타단일로
24325,2017-10-25 19,야간,수,1,1,0,0,0,강원,평창군,차량단독,공작물충돌,공작물충돌,안전운전 의무 불이행,단일로,기타단일로
24326,2017-05-14 00,야간,일,1,2,1,0,0,광주,동구,차대차,측면충돌,측면충돌,안전운전 의무 불이행,단일로,기타단일로
24327,2017-01-30 15,주간,월,1,1,0,0,0,경기,파주시,차대차,측면충돌,측면충돌,중앙선 침범,단일로,기타단일로
24328,2017-10-25 23,야간,수,1,2,1,0,0,강원,평창군,차량단독,공작물충돌,공작물충돌,안전운전 의무 불이행,단일로,기타단일로
24329,2017-10-31 11,주간,화,1,2,0,1,0,전남,장성군,차대차,기타,기타,안전운전 의무 불이행,단일로,기타단일로
24330,2017-03-18 11,주간,토,2,6,4,0,0,충남,당진시,차대차,정면충돌,정면충돌,과속,교차로,교차로부근
24331,2017-09-07 01,야간,목,1,2,1,0,0,광주,광산구,차대차,정면충돌,정면충돌,중앙선 침범,단일로,기타단일로
24332,2017-07-18 12,주간,화,1,1,0,0,0,경남,창녕군,차대차,측면충돌,측면충돌,안전운전 의무 불이행,단일로,기타단일로
24333,2017-03-05 21,야간,일,1,3,2,0,0,경기,용인시,차대차,측면충돌,측면충돌,신호위반,교차로,교차로부근
24334,2017-03-12 22,야간,일,1,1,0,0,0,서울,성동구,차대차,기타,기타,안전운전 의무 불이행,교차로,교차로내
24335,2017-07-20 05,야간,목,1,1,0,0,0,전북,고창군,차대사람,길가장자리구역통행중,길가장자리구역통행중,안전운전 의무 불이행,단일로,기타단일로
24336,2017-12-19 10,주간,화,1,1,0,0,0,전남,보성군,차대차,후진중충돌,후진중충돌,기타,단일로,기타단일로
24337,2017-09-11 09,주간,월,1,1,0,0,0,경북,의성군,차량단독,전도,전도,안전운전 의무 불이행,기타,기타
24338,2017-08-30 10,주간,수,1,1,0,0,0,전남,고흥군,차대사람,길가장자리구역통행중,길가장자리구역통행중,안전운전 의무 불이행,교차로,교차로내
24339,2017-04-19 14,주간,수,1,3,0,2,0,경기,양평군,차대차,정면충돌,정면충돌,중앙선 침범,단일로,기타단일로
24340,2017-03-27 16,주간,월,1,1,0,0,0,경남,김해시,차대차,측면충돌,측면충돌,신호위반,교차로,교차로내
24341,2017-02-11 10,주간,토,1,1,0,0,0,서울,강남구,차대사람,횡단중,횡단중,안전운전 의무 불이행,교차로,교차로내