교통사고이력ID(사고기록 순서),발생년월일시,주야코드,요일코드,사망자수,부상자수,중상자수,경상자수,부상신고자수,발생지시도코드,발생지시도코드,사고유형대분류코드,사고유형중분류코드,사고유형코드,법규위반코드,도로형태대분류코드,도로로형태코드
24542,2017-07-30 01,야간,일,1,18,6,11,0,충북,충주시,차대차,추돌,추돌,안전운전 의무 불이행,기타,기타
24543,2017-11-05 16,주간,일,1,1,0,0,0,경북,의성군,차대사람,길가장자리구역통행중,길가장자리구역통행중,안전운전 의무 불이행,단일로,기타단일로
24544,2017-09-09 09,주간,토,1,1,0,0,0,경남,함안군,차대차,측면충돌,측면충돌,교차로 통행방법 위반,교차로,교차로내
24545,2017-06-02 08,주간,금,1,1,0,0,0,경북,상주시,차대사람,횡단중,횡단중,안전운전 의무 불이행,교차로,교차로내
24546,2017-07-10 16,주간,월,1,3,0,2,0,충남,공주시,차대차,추돌,추돌,기타,단일로,터널안
24547,2017-04-19 05,야간,수,1,1,0,0,0,경남,통영시,차대차,추돌,추돌,안전운전 의무 불이행,단일로,기타단일로
24548,2017-04-29 22,야간,토,1,1,0,0,0,경북,칠곡군,차대사람,횡단중,횡단중,안전운전 의무 불이행,단일로,기타단일로
24549,2017-06-03 05,야간,토,1,1,0,0,0,경북,상주시,차대차,측면충돌,측면충돌,교차로 통행방법 위반,교차로,교차로내
24550,2017-11-10 21,야간,금,1,2,1,0,0,전남,순천시,차대차,측면충돌,측면충돌,안전운전 의무 불이행,단일로,기타단일로
24551,2017-10-27 10,주간,금,1,1,0,0,0,전남,장흥군,차대차,기타,기타,안전운전 의무 불이행,교차로,교차로내
24552,2017-10-31 19,야간,화,1,1,0,0,0,경북,성주군,차량단독,도로이탈,도로이탈 추락,안전운전 의무 불이행,단일로,기타단일로
24553,2017-06-04 14,주간,일,1,1,0,0,0,경북,상주시,차대사람,차도통행중,차도통행중,안전운전 의무 불이행,단일로,기타단일로
24554,2017-10-01 13,주간,일,1,1,0,0,0,충남,서천군,차량단독,기타,기타,안전운전 의무 불이행,교차로,교차로내
24555,2017-11-02 20,야간,목,1,2,1,0,0,경북,성주군,차대차,측면충돌,측면충돌,신호위반,교차로,교차로내
24556,2017-10-05 17,주간,목,1,1,0,0,0,전남,강진군,차대사람,횡단중,횡단중,과속,단일로,기타단일로
24557,2017-02-09 05,야간,목,1,1,0,0,0,충남,천안시,차대차,측면충돌,측면충돌,신호위반,교차로,교차로내
24558,2017-04-07 21,야간,금,1,2,1,0,0,서울,도봉구,차대차,측면충돌,측면충돌,중앙선 침범,단일로,기타단일로
24559,2017-06-14 17,주간,수,1,3,1,1,0,충남,천안시,차량단독,공작물충돌,공작물충돌,안전운전 의무 불이행,단일로,기타단일로
24560,2017-07-04 19,야간,화,1,1,0,0,0,경기,가평군,차대차,측면충돌,측면충돌,안전운전 의무 불이행,교차로,교차로내
24561,2017-05-13 01,야간,토,1,1,0,0,0,충북,진천군,차량단독,전도,전도,안전운전 의무 불이행,단일로,기타단일로
24562,2017-06-15 16,주간,목,1,10,2,7,0,대전,유성구,차대차,추돌,추돌,안전운전 의무 불이행,단일로,기타단일로
24563,2017-02-12 01,야간,일,1,1,0,0,0,인천,서구,차대차,추돌,추돌,안전운전 의무 불이행,교차로,교차로부근
24564,2017-03-06 00,야간,월,1,2,0,1,0,경기,안양시,차대차,측면충돌,측면충돌,신호위반,교차로,교차로내
24565,2017-03-23 08,주간,목,1,2,0,1,0,서울,광진구,차대차,측면충돌,측면충돌,기타,단일로,기타단일로
24566,2017-09-18 12,주간,월,1,2,1,0,0,전남,영암군,차대사람,기타,기타,안전운전 의무 불이행,단일로,기타단일로
24567,2017-03-04 11,주간,토,1,1,0,0,0,서울,강동구,차대차,기타,기타,안전운전 의무 불이행,교차로,교차로내
24568,2017-03-13 19,야간,월,1,1,0,0,0,경기,안성시,차대사람,기타,기타,안전운전 의무 불이행,단일로,기타단일로
24569,2017-11-03 05,야간,금,1,1,0,0,0,전남,장흥군,차대사람,기타,기타,안전운전 의무 불이행,단일로,기타단일로
24570,2017-05-19 13,주간,금,2,2,0,0,0,충북,음성군,차량단독,전도,전도,안전운전 의무 불이행,교차로,교차로부근
24571,2017-08-02 16,주간,수,1,1,0,0,0,전북,남원시,차대차,추돌,추돌,안전운전 의무 불이행,단일로,기타단일로
24572,2017-04-26 17,주간,수,1,1,0,0,0,경북,김천시,차대차,추돌,추돌,안전운전 의무 불이행,단일로,기타단일로
24573,2017-05-20 08,주간,토,1,1,0,0,0,세종,세종,차대차,측면충돌,측면충돌,안전운전 의무 불이행,교차로,교차로내
24574,2017-09-12 12,주간,화,1,1,0,0,0,경남,창녕군,차대사람,기타,기타,안전운전 의무 불이행,교차로,교차로내
24575,2017-02-21 06,주간,화,1,1,0,0,0,경남,양산시,차대차,측면충돌,측면충돌,안전거리 미확보,단일로,기타단일로
24576,2017-05-25 00,야간,목,1,2,1,0,0,충남,논산시,차량단독,도로이탈,도로이탈 추락,안전운전 의무 불이행,단일로,교량위
24577,2017-11-18 07,주간,토,1,1,0,0,0,강원,정선군,차량단독,기타,기타,안전운전 의무 불이행,단일로,기타단일로
24578,2017-06-20 23,야간,화,1,1,0,0,0,충북,청주시,차대사람,기타,기타,안전운전 의무 불이행,단일로,기타단일로
24579,2017-11-18 07,주간,토,1,2,0,1,0,강원,정선군,차량단독,도로이탈,도로이탈 추락,안전운전 의무 불이행,단일로,기타단일로
24580,2017-03-28 17,주간,화,1,1,0,0,0,경북,안동시,차대사람,기타,기타,안전운전 의무 불이행,교차로,교차로부근
24581,2017-05-30 00,야간,화,1,1,0,0,0,경기,여주시,차대사람,횡단중,횡단중,보행자 보호의무 위반,교차로,교차로횡단보도내
24582,2017-06-15 23,야간,목,1,1,0,0,0,충남,홍성군,차량단독,전도전복,전도전복,안전운전 의무 불이행,단일로,기타단일로
24583,2017-06-04 19,야간,일,1,1,0,0,0,전남,나주시,차대차,정면충돌,정면충돌,중앙선 침범,교차로,교차로부근
24584,2017-05-06 02,야간,토,1,2,0,1,0,충남,보령시,차대차,추돌,추돌,안전운전 의무 불이행,단일로,기타단일로
24585,2017-02-13 13,주간,월,1,2,0,1,0,경북,경산시,차대차,측면충돌,측면충돌,중앙선 침범,단일로,기타단일로
24586,2017-08-22 12,주간,화,1,1,0,0,0,전남,해남군,차량단독,전도전복,전도전복,안전운전 의무 불이행,단일로,기타단일로
24587,2017-11-04 11,주간,토,1,1,0,0,0,전남,고흥군,차량단독,전도전복,전도전복,안전운전 의무 불이행,단일로,기타단일로
24588,2017-02-06 18,야간,월,1,1,0,0,0,제주,제주시,차대사람,횡단중,횡단중,중앙선 침범,단일로,기타단일로
24589,2017-11-30 13,주간,목,1,2,1,0,0,전북,익산시,차대차,추돌,추돌,안전운전 의무 불이행,단일로,기타단일로
24590,2017-10-13 13,주간,금,1,1,0,0,0,인천,강화군,차대사람,횡단중,횡단중,안전운전 의무 불이행,단일로,기타단일로
24591,2017-02-25 03,야간,토,1,1,0,0,0,부산,남구,차대사람,횡단중,횡단중,안전운전 의무 불이행,교차로,교차로부근
24592,2017-03-05 06,주간,일,1,1,0,0,0,서울,강서구,차량단독,공작물충돌,공작물충돌,안전운전 의무 불이행,단일로,기타단일로
24593,2017-04-18 16,주간,화,1,1,0,0,0,서울,성북구,차대사람,횡단중,횡단중,안전운전 의무 불이행,단일로,기타단일로
24594,2017-03-22 00,야간,수,1,2,1,0,0,경기,양주시,차량단독,공작물충돌,공작물충돌,안전운전 의무 불이행,교차로,교차로내
24595,2017-07-21 12,주간,금,1,1,0,0,0,경북,문경시,차량단독,공작물충돌,공작물충돌,안전운전 의무 불이행,단일로,기타단일로
24596,2017-05-21 07,주간,일,1,1,0,0,0,충북,진천군,차량단독,전도전복,전도전복,안전운전 의무 불이행,단일로,기타단일로
24597,2017-08-18 11,주간,금,1,1,0,0,0,경북,군위군,차량단독,공작물충돌,공작물충돌,안전운전 의무 불이행,단일로,기타단일로
24598,2017-02-13 14,주간,월,1,1,0,0,0,대구,동구,차량단독,공작물충돌,공작물충돌,안전운전 의무 불이행,단일로,기타단일로
24599,2017-06-11 07,주간,일,1,1,0,0,0,경북,상주시,차대차,측면충돌,측면충돌,신호위반,교차로,교차로내
24600,2017-10-27 09,주간,금,1,1,0,0,0,경북,영덕군,차대사람,기타,기타,안전운전 의무 불이행,단일로,기타단일로
24601,2017-03-07 02,야간,화,1,1,0,0,0,경북,포항시,차대차,추돌,추돌,안전운전 의무 불이행,교차로,교차로부근
24602,2017-12-01 13,주간,금,1,1,0,0,0,전남,담양군,차량단독,기타,기타,안전운전 의무 불이행,단일로,기타단일로
24603,2017-08-20 23,야간,일,1,1,0,0,0,경북,김천시,차대차,추돌,추돌,안전운전 의무 불이행,단일로,기타단일로
24604,2017-10-18 01,야간,수,1,1,0,0,0,전남,화순군,차량단독,공작물충돌,공작물충돌,안전운전 의무 불이행,교차로,교차로내
24605,2017-04-05 06,주간,수,1,2,1,0,0,울산,울주군,차대차,기타,기타,안전운전 의무 불이행,단일로,기타단일로
24606,2017-05-27 11,주간,토,1,1,0,0,0,충남,논산시,차대차,측면충돌,측면충돌,기타,교차로,교차로내
24607,2017-07-14 12,주간,금,1,1,0,0,0,서울,은평구,차대차,측면충돌,측면충돌,안전운전 의무 불이행,교차로,교차로부근
24608,2017-02-07 06,주간,화,1,1,0,0,0,제주,제주시,차대사람,횡단중,횡단중,신호위반,단일로,기타단일로
24609,2017-07-08 04,야간,토,1,2,0,1,0,부산,영도구,차량단독,공작물충돌,공작물충돌,안전운전 의무 불이행,단일로,기타단일로
24610,2017-06-28 20,야간,수,1,2,0,1,0,서울,동작구,차대차,정면충돌,정면충돌,중앙선 침범,단일로,고가도로위
24611,2017-05-15 04,야간,월,1,3,1,1,0,경남,사천시,차량단독,공작물충돌,공작물충돌,안전운전 의무 불이행,단일로,기타단일로
24612,2017-06-17 15,주간,토,1,1,0,0,0,경북,영주시,차량단독,전도전복,전도전복,안전운전 의무 불이행,단일로,기타단일로
24613,2017-02-06 05,야간,월,1,1,0,0,0,충북,청주시,차대사람,횡단중,횡단중,안전운전 의무 불이행,교차로,교차로횡단보도내
24614,2017-05-06 15,주간,토,1,2,0,1,0,충남,보령시,차대차,기타,기타,신호위반,교차로,교차로내
24615,2017-04-05 14,주간,수,1,1,0,0,0,울산,울주군,차대사람,횡단중,횡단중,보행자 보호의무 위반,교차로,교차로횡단보도내
24616,2017-09-21 19,야간,목,1,1,0,0,0,경남,창녕군,차량단독,기타,기타,안전운전 의무 불이행,단일로,기타단일로
24617,2017-09-26 09,주간,화,1,1,0,0,0,전남,영암군,차량단독,기타,기타,기타,단일로,기타단일로
24618,2017-09-19 19,야간,화,1,1,0,0,0,전북,고창군,차대차,추돌,추돌,안전운전 의무 불이행,단일로,기타단일로
24619,2017-06-26 14,주간,월,1,2,1,0,0,충남,금산군,차대차,기타,기타,안전운전 의무 불이행,단일로,기타단일로
24620,2017-06-21 21,야간,수,1,1,0,0,0,서울,중구,차대차,추돌,추돌,안전운전 의무 불이행,단일로,기타단일로
24621,2017-08-23 23,야간,수,1,1,0,0,0,경기,과천시,차대사람,기타,기타,안전운전 의무 불이행,단일로,기타단일로
24622,2017-06-23 10,주간,금,1,1,0,0,0,충남,홍성군,차대사람,횡단중,횡단중,안전운전 의무 불이행,단일로,기타단일로
24623,2017-06-20 10,주간,화,1,1,0,0,0,강원,삼척시,차량단독,공작물충돌,공작물충돌,안전운전 의무 불이행,단일로,기타단일로
24624,2017-11-09 03,야간,목,1,1,0,0,0,경북,울진군,차량단독,공작물충돌,공작물충돌,안전운전 의무 불이행,주차장,주차장
24625,2017-04-08 01,야간,토,1,2,1,0,0,경기,포천시,차량단독,전도,전도,안전운전 의무 불이행,단일로,기타단일로
24626,2017-05-06 17,주간,토,1,1,0,0,0,인천,부평구,차대사람,횡단중,횡단중,보행자 보호의무 위반,교차로,교차로횡단보도내
24627,2017-12-07 15,주간,목,1,2,0,1,0,전남,담양군,차대차,추돌,추돌,안전운전 의무 불이행,단일로,기타단일로
24628,2017-06-04 07,주간,일,1,1,0,0,0,경남,밀양시,차량단독,전복,전복,안전운전 의무 불이행,단일로,기타단일로
24629,2017-08-21 15,주간,월,1,1,0,0,0,전남,무안군,차대사람,횡단중,횡단중,안전운전 의무 불이행,단일로,기타단일로
24630,2017-08-09 15,주간,수,1,1,0,0,0,전북,남원시,차대차,추돌,추돌,안전운전 의무 불이행,단일로,기타단일로
24631,2017-03-08 20,야간,수,1,3,1,0,1,서울,강남구,차대차,추돌,추돌,과속,교차로,교차로부근
24632,2017-08-20 08,주간,일,1,2,0,1,0,충북,충주시,차대차,추돌,추돌,안전운전 의무 불이행,단일로,기타단일로
24633,2017-08-24 13,주간,목,1,2,1,0,0,대구,달성군,차대차,추돌,추돌,안전운전 의무 불이행,단일로,기타단일로
24634,2017-03-18 15,주간,토,1,1,0,0,0,서울,관악구,차대사람,차도통행중,차도통행중,안전운전 의무 불이행,단일로,기타단일로
24635,2017-04-06 12,주간,목,1,1,0,0,0,부산,북구,차대사람,횡단중,횡단중,안전운전 의무 불이행,단일로,기타단일로
24636,2017-02-15 22,야간,수,1,1,0,0,0,인천,서구,차대사람,횡단중,횡단중,안전운전 의무 불이행,단일로,기타단일로
24637,2017-03-20 21,야간,월,1,1,0,0,0,경기,이천시,차량단독,공작물충돌,공작물충돌,안전운전 의무 불이행,단일로,기타단일로
24638,2017-08-27 21,야간,일,1,1,0,0,0,경기,과천시,차대사람,차도통행중,차도통행중,안전운전 의무 불이행,단일로,기타단일로
24639,2017-06-29 13,주간,목,1,1,0,0,0,광주,동구,차대사람,기타,기타,안전운전 의무 불이행,단일로,기타단일로
24640,2017-02-23 17,주간,목,1,1,0,0,0,충북,청주시,차대차,측면충돌,측면충돌,안전운전 의무 불이행,교차로,교차로내
24641,2017-06-26 11,주간,월,1,4,1,2,0,서울,중구,차대차,기타,기타,안전운전 의무 불이행,단일로,기타단일로
24642,2017-10-21 19,야간,토,1,1,0,0,0,인천,강화군,차대차,추돌,추돌,안전운전 의무 불이행,단일로,기타단일로
24643,2017-04-30 14,주간,일,1,1,0,0,0,경기,부천시,차대사람,횡단중,횡단중,안전운전 의무 불이행,교차로,교차로횡단보도내
24644,2017-08-19 11,주간,토,1,1,0,0,0,전남,무안군,차량단독,도로이탈,도로이탈 기타,안전운전 의무 불이행,단일로,기타단일로
24645,2017-08-02 20,야간,수,1,1,0,0,0,충북,괴산군,차대사람,횡단중,횡단중,안전운전 의무 불이행,단일로,기타단일로
24646,2017-05-21 20,야간,일,1,1,0,0,0,서울,성북구,차량단독,전도,전도,안전운전 의무 불이행,단일로,기타단일로
24647,2017-02-02 23,야간,목,1,1,0,0,0,경기,남양주시,차대사람,횡단중,횡단중,안전운전 의무 불이행,교차로,교차로부근
24648,2017-09-27 18,야간,수,1,1,0,0,0,경남,창녕군,차대차,기타,기타,안전운전 의무 불이행,단일로,기타단일로
24649,2017-10-28 18,야간,토,1,1,0,0,0,전남,화순군,차량단독,전도전복,전도전복,안전운전 의무 불이행,교차로,교차로내
24650,2017-03-15 12,주간,수,1,1,0,0,0,충남,서산시,차대차,측면충돌,측면충돌,신호위반,교차로,교차로내
24651,2017-03-22 08,주간,수,1,3,1,1,0,경기,이천시,차대차,기타,기타,신호위반,교차로,교차로부근
24652,2017-02-03 08,주간,금,1,1,0,0,0,경기,남양주시,차대사람,횡단중,횡단중,기타,단일로,기타단일로
24653,2017-03-11 15,주간,토,1,1,0,0,0,충남,천안시,차대차,정면충돌,정면충돌,신호위반,교차로,교차로내
24654,2017-09-27 05,야간,수,1,1,0,0,0,전북,고창군,차대차,추돌,추돌,안전운전 의무 불이행,단일로,기타단일로
24655,2017-12-07 17,주간,목,1,1,0,0,0,충남,부여군,차대차,추돌,추돌,안전운전 의무 불이행,단일로,기타단일로
24656,2017-03-19 20,야간,일,1,1,0,0,0,인천,연수구,차대사람,횡단중,횡단중,안전운전 의무 불이행,교차로,교차로내
24657,2017-02-21 06,주간,화,1,1,0,0,0,경기,광주시,차대사람,횡단중,횡단중,안전운전 의무 불이행,단일로,기타단일로
24658,2017-09-29 06,주간,금,1,1,0,0,0,경남,창녕군,차대차,측면충돌,측면충돌,신호위반,교차로,교차로내
24659,2017-06-21 14,주간,수,1,1,0,0,0,전북,정읍시,차대차,측면충돌,측면충돌,기타,교차로,교차로내
24660,2017-06-20 19,야간,화,1,1,0,0,0,경북,상주시,차대차,측면충돌,측면충돌,안전운전 의무 불이행,단일로,기타단일로
24661,2017-03-01 01,야간,수,1,3,2,0,0,서울,강남구,차대사람,횡단중,횡단중,과속,단일로,기타단일로
24662,2017-03-15 20,야간,수,1,1,0,0,0,충남,서산시,차대사람,횡단중,횡단중,안전운전 의무 불이행,단일로,기타단일로
24663,2017-03-10 21,야간,금,1,1,0,0,0,전북,전주시,차대사람,기타,기타,안전운전 의무 불이행,단일로,기타단일로
24664,2017-02-22 20,야간,수,1,1,0,0,0,대구,달서구,차대차,측면충돌,측면충돌,신호위반,교차로,교차로내
24665,2017-11-20 20,야간,월,1,1,0,0,0,경남,고성군,차량단독,공작물충돌,공작물충돌,과속,단일로,기타단일로
24666,2017-02-21 11,주간,화,3,3,0,0,0,경기,광주시,차대차,측면충돌,측면충돌,기타,단일로,기타단일로
24667,2017-02-24 11,주간,금,1,1,0,0,0,제주,서귀포시,차량단독,전도전복,전도전복,안전운전 의무 불이행,단일로,기타단일로
24668,2017-11-26 14,주간,일,1,3,2,0,0,전남,장흥군,차량단독,공작물충돌,공작물충돌,안전운전 의무 불이행,단일로,기타단일로
24669,2017-09-29 19,야간,금,1,1,0,0,0,전북,고창군,차량단독,도로이탈,도로이탈 추락,안전운전 의무 불이행,단일로,기타단일로
24670,2017-06-09 15,주간,금,1,2,0,1,0,경기,여주시,차대차,정면충돌,정면충돌,중앙선 침범,단일로,기타단일로
24671,2017-02-18 16,주간,토,1,3,0,2,0,전북,군산시,차대차,추돌,추돌,안전운전 의무 불이행,단일로,기타단일로
24672,2017-09-30 16,주간,토,1,2,1,0,0,전북,고창군,차대차,측면충돌,측면충돌,기타,교차로,교차로부근
24673,2017-05-16 06,주간,화,1,1,0,0,0,경북,칠곡군,차대차,측면충돌,측면충돌,신호위반,교차로,교차로내
24674,2017-03-11 19,야간,토,1,10,3,6,0,경북,포항시,차대차,측면충돌,측면충돌,기타,교차로,교차로내
24675,2017-04-13 06,주간,목,1,2,1,0,0,경기,포천시,차대차,측면충돌,측면충돌,안전거리 미확보,단일로,기타단일로
24676,2017-04-06 06,주간,목,1,1,0,0,0,경남,창원시(통합),차대사람,횡단중,횡단중,안전운전 의무 불이행,교차로,교차로내
24677,2017-11-11 18,야간,토,1,1,0,0,0,전남,영광군,차대사람,횡단중,횡단중,안전운전 의무 불이행,교차로,교차로내
24678,2017-04-05 06,주간,수,1,2,0,1,0,경북,안동시,차대차,정면충돌,정면충돌,중앙선 침범,단일로,기타단일로
24679,2017-07-05 18,야간,수,1,2,0,1,0,충남,천안시,차대차,추돌,추돌,안전운전 의무 불이행,단일로,기타단일로
24680,2017-02-14 16,주간,화,1,1,0,0,0,충남,천안시,차대차,추돌,추돌,안전운전 의무 불이행,단일로,기타단일로
24681,2017-03-18 04,야간,토,1,1,0,0,0,충남,서산시,차대사람,횡단중,횡단중,안전운전 의무 불이행,단일로,기타단일로
24682,2017-09-03 05,야간,일,1,1,0,0,0,부산,중구,차대사람,횡단중,횡단중,신호위반,단일로,기타단일로
24683,2017-02-16 02,야간,목,1,1,0,0,0,대전,서구,차대사람,차도통행중,차도통행중,안전운전 의무 불이행,단일로,기타단일로
24684,2017-02-14 21,야간,화,1,1,0,0,0,광주,서구,차대사람,기타,기타,안전운전 의무 불이행,단일로,기타단일로
24685,2017-12-08 06,주간,금,1,1,0,0,0,전남,고흥군,차대사람,횡단중,횡단중,안전운전 의무 불이행,교차로,교차로내
24686,2017-03-18 01,야간,토,1,4,2,1,0,경기,용인시,차대차,추돌,추돌,안전운전 의무 불이행,단일로,기타단일로
24687,2017-09-07 22,야간,목,1,1,0,0,0,경북,김천시,차대차,추돌,추돌,안전운전 의무 불이행,단일로,기타단일로
24688,2017-03-19 03,야간,일,1,1,0,0,0,경남,거제시,차량단독,전도전복,전도전복,안전운전 의무 불이행,단일로,기타단일로
24689,2017-04-14 17,주간,금,1,4,3,0,0,경기,포천시,차량단독,전도,전도,과속,단일로,기타단일로
24690,2017-10-09 00,야간,월,1,1,0,0,0,경남,창녕군,차대차,정면충돌,정면충돌,안전운전 의무 불이행,교차로,교차로부근
24691,2017-02-09 12,주간,목,1,1,0,0,0,경기,안산시,차대사람,횡단중,횡단중,안전운전 의무 불이행,단일로,기타단일로
24692,2017-06-28 20,야간,수,1,1,0,0,0,부산,기장군,차대사람,횡단중,횡단중,안전운전 의무 불이행,교차로,교차로부근
24693,2017-09-08 07,주간,금,1,1,0,0,0,경북,영천시,차량단독,도로이탈,도로이탈 추락,안전운전 의무 불이행,단일로,기타단일로
24694,2017-02-20 22,야간,월,1,1,0,0,0,인천,남구,차대사람,횡단중,횡단중,안전운전 의무 불이행,단일로,기타단일로
24695,2017-10-14 11,주간,토,1,1,0,0,0,전남,영암군,차대차,측면충돌,측면충돌,안전운전 의무 불이행,교차로,교차로내
24696,2017-10-09 14,주간,월,1,2,0,1,0,경남,창녕군,차대차,기타,기타,안전운전 의무 불이행,단일로,기타단일로
24697,2017-02-15 12,주간,수,1,1,0,0,0,충남,아산시,차대사람,횡단중,횡단중,안전운전 의무 불이행,단일로,기타단일로
24698,2017-01-26 00,야간,목,1,1,0,0,0,경기,평택시,차대사람,횡단중,횡단중,안전운전 의무 불이행,교차로,교차로횡단보도내
24699,2017-10-08 17,주간,일,1,1,0,0,0,충남,예산군,차대차,기타,기타,안전운전 의무 불이행,단일로,기타단일로
24700,2017-05-16 20,야간,화,1,1,0,0,0,충남,보령시,차대사람,횡단중,횡단중,안전운전 의무 불이행,단일로,기타단일로
24701,2017-02-14 23,야간,화,1,1,0,0,0,광주,광산구,차대사람,횡단중,횡단중,안전운전 의무 불이행,단일로,기타단일로
24702,2017-12-20 10,주간,수,1,1,0,0,0,경북,성주군,차대차,측면충돌,측면충돌,안전운전 의무 불이행,교차로,교차로내
24703,2017-11-30 11,주간,목,1,2,0,1,0,경남,고성군,차대차,측면충돌,측면충돌,안전거리 미확보,교차로,교차로부근
24704,2017-09-13 03,야간,수,1,1,0,0,0,전남,해남군,차량단독,도로이탈,도로이탈 추락,안전운전 의무 불이행,교차로,교차로부근
24705,2017-07-12 00,야간,수,1,4,1,2,0,충북,옥천군,차대차,추돌,추돌,안전운전 의무 불이행,단일로,기타단일로
24706,2017-03-01 00,야간,수,1,1,0,0,0,부산,해운대구,차대차,측면충돌,측면충돌,신호위반,교차로,교차로내
24707,2017-10-15 20,야간,일,1,1,0,0,0,전남,영암군,차대사람,횡단중,횡단중,과속,교차로,교차로내
24708,2017-11-14 09,주간,화,1,1,0,0,0,전남,화순군,차대사람,기타,기타,안전운전 의무 불이행,단일로,기타단일로
24709,2017-02-16 05,야간,목,1,1,0,0,0,경기,파주시,차량단독,전도전복,전도전복,안전운전 의무 불이행,단일로,기타단일로
24710,2017-03-30 10,주간,목,1,1,0,0,0,충북,충주시,차대사람,횡단중,횡단중,안전운전 의무 불이행,단일로,기타단일로
24711,2017-09-04 15,주간,월,1,1,0,0,0,충북,괴산군,차대차,추돌,추돌,안전운전 의무 불이행,단일로,기타단일로
24712,2017-09-10 23,야간,일,1,2,0,1,0,대구,동구,차대차,측면충돌,측면충돌,안전운전 의무 불이행,단일로,기타단일로
24713,2017-10-13 11,주간,금,1,1,0,0,0,전북,부안군,차대차,측면충돌,측면충돌,안전운전 의무 불이행,단일로,기타단일로
24714,2017-06-10 03,야간,토,1,2,1,0,0,충남,논산시,차량단독,공작물충돌,공작물충돌,안전운전 의무 불이행,단일로,기타단일로
24715,2017-07-30 09,주간,일,1,3,1,1,0,경기,가평군,차대차,정면충돌,정면충돌,중앙선 침범,교차로,교차로부근
24716,2017-06-10 15,주간,토,1,1,0,0,0,충남,논산시,차대사람,기타,기타,과속,단일로,기타단일로
24717,2017-02-16 12,주간,목,1,1,0,0,0,경기,파주시,차대사람,횡단중,횡단중,안전운전 의무 불이행,교차로,교차로내
24718,2017-03-01 19,야간,수,1,1,0,0,0,부산,해운대구,차량단독,기타,기타,안전운전 의무 불이행,단일로,기타단일로
24719,2017-12-21 11,주간,목,1,1,0,0,0,경북,성주군,차대차,측면충돌,측면충돌,안전운전 의무 불이행,교차로,교차로내
24720,2017-02-20 20,야간,월,1,2,0,1,0,전북,군산시,차대사람,횡단중,횡단중,과속,교차로,교차로내
24721,2017-06-04 08,주간,일,1,1,0,0,0,충북,진천군,차량단독,전도전복,전도전복,안전운전 의무 불이행,단일로,기타단일로
24722,2017-11-18 14,주간,토,1,3,2,0,0,전남,강진군,차량단독,공작물충돌,공작물충돌,안전운전 의무 불이행,단일로,교량위
24723,2017-05-29 11,주간,월,1,1,0,0,0,서울,성북구,차대사람,횡단중,횡단중,안전운전 의무 불이행,단일로,기타단일로
24724,2017-08-25 19,야간,금,1,1,0,0,0,전북,남원시,차대사람,횡단중,횡단중,안전운전 의무 불이행,교차로,교차로횡단보도내
24725,2017-10-21 22,야간,토,1,2,0,1,0,전남,영암군,차대차,추돌,추돌,안전운전 의무 불이행,교차로,교차로부근
24726,2017-03-16 01,야간,목,1,1,0,0,0,강원,강릉시,차대차,추돌,추돌,과속,교차로,교차로부근
24727,2017-07-12 10,주간,수,1,1,0,0,0,충남,홍성군,철길건널목,철길건널목,철길건널목,기타,철길건널목,철길건널목
24728,2017-09-13 04,야간,수,1,1,0,0,0,대구,달성군,차대차,추돌,추돌,안전운전 의무 불이행,단일로,기타단일로
24729,2017-06-26 12,주간,월,1,1,0,0,0,전남,나주시,차량단독,공작물충돌,공작물충돌,안전운전 의무 불이행,단일로,기타단일로
24730,2017-02-27 04,야간,월,1,2,0,1,0,전북,익산시,차대차,추돌,추돌,안전운전 의무 불이행,단일로,기타단일로
24731,2017-04-06 03,야간,목,2,2,0,0,0,서울,광진구,차대차,측면충돌,측면충돌,중앙선 침범,단일로,기타단일로
24732,2017-06-19 20,야간,월,1,1,0,0,0,경기,여주시,차량단독,전도전복,전도전복,안전운전 의무 불이행,단일로,기타단일로
24733,2017-03-16 11,주간,목,1,1,0,0,0,부산,사하구,차대사람,횡단중,횡단중,안전운전 의무 불이행,교차로,교차로횡단보도내
24734,2017-09-08 16,주간,금,1,3,1,1,0,충북,충주시,차대차,추돌,추돌,안전운전 의무 불이행,단일로,기타단일로
24735,2017-05-20 10,주간,토,1,1,0,0,0,경북,칠곡군,차대차,정면충돌,정면충돌,중앙선 침범,단일로,기타단일로
24736,2017-12-14 16,주간,목,1,1,0,0,0,전남,고흥군,차대차,측면충돌,측면충돌,교차로 통행방법 위반,교차로,교차로내
24737,2017-02-16 09,주간,목,1,1,0,0,0,대전,중구,차대사람,횡단중,횡단중,보행자 보호의무 위반,교차로,교차로내
24738,2017-07-17 19,야간,월,2,2,0,0,0,충남,공주시,차량단독,전도전복,전도전복,안전운전 의무 불이행,단일로,기타단일로
24739,2017-03-28 20,야간,화,1,1,0,0,0,경기,이천시,차대사람,횡단중,횡단중,안전운전 의무 불이행,교차로,교차로부근
24740,2017-03-09 08,주간,목,1,2,1,0,0,강원,춘천시,차대사람,횡단중,횡단중,안전운전 의무 불이행,단일로,기타단일로
24741,2017-07-18 14,주간,화,1,1,0,0,0,충북,청주시,차대차,측면충돌,측면충돌,안전운전 의무 불이행,단일로,기타단일로