교통사고이력ID(사고기록 순서),발생년월일시,주야코드,요일코드,사망자수,부상자수,중상자수,경상자수,부상신고자수,발생지시도코드,발생지시도코드,사고유형대분류코드,사고유형중분류코드,사고유형코드,법규위반코드,도로형태대분류코드,도로로형태코드
24742,2017-05-09 07,주간,화,1,1,0,0,0,강원,속초시,차대사람,차도통행중,차도통행중,신호위반,교차로,교차로부근
24743,2017-12-16 20,야간,토,1,1,0,0,0,전남,고흥군,차량단독,전도전복,전도전복,안전운전 의무 불이행,단일로,기타단일로
24744,2017-11-22 08,주간,수,1,1,0,0,0,전남,강진군,차대차,측면충돌,측면충돌,기타,교차로,교차로내
24745,2017-04-05 11,주간,수,1,1,0,0,0,경남,진주시,차량단독,전도전복,전도전복,안전운전 의무 불이행,단일로,기타단일로
24746,2017-02-19 19,야간,일,1,1,0,0,0,제주,제주시,차대차,추돌,추돌,안전운전 의무 불이행,단일로,기타단일로
24747,2017-05-12 02,야간,금,1,1,0,0,0,경남,창원시(통합),차대사람,차도통행중,차도통행중,안전운전 의무 불이행,단일로,기타단일로
24748,2017-03-29 06,주간,수,1,2,1,0,0,경기,이천시,차대차,정면충돌,정면충돌,안전운전 의무 불이행,교차로,교차로내
24749,2017-08-04 05,야간,금,1,1,0,0,0,경기,가평군,차대차,추돌,추돌,안전운전 의무 불이행,단일로,교량위
24750,2017-07-05 09,주간,수,1,2,0,1,0,전북,정읍시,차대차,정면충돌,정면충돌,중앙선 침범,단일로,기타단일로
24751,2017-07-19 10,주간,수,1,2,0,1,0,전북,완주군,차대차,측면충돌,측면충돌,신호위반,교차로,교차로내
24752,2017-02-10 15,주간,금,1,1,0,0,0,경기,부천시,차대차,추돌,추돌,안전운전 의무 불이행,교차로,교차로내
24753,2017-07-18 12,주간,화,1,2,1,0,0,서울,서초구,차대사람,횡단중,횡단중,보행자 보호의무 위반,단일로,기타단일로
24754,2017-06-09 20,야간,금,1,1,0,0,0,충북,음성군,차대사람,횡단중,횡단중,안전운전 의무 불이행,교차로,교차로부근
24755,2017-05-14 10,주간,일,1,2,0,0,1,경북,김천시,차대차,정면충돌,정면충돌,중앙선 침범,단일로,기타단일로
24756,2017-06-24 14,주간,토,1,1,0,0,0,경남,밀양시,차대차,측면충돌,측면충돌,신호위반,교차로,교차로내
24757,2017-09-21 14,주간,목,1,4,2,1,0,전남,해남군,차대차,측면충돌,측면충돌,안전거리 미확보,단일로,기타단일로
24758,2017-10-20 13,주간,금,1,1,0,0,0,충남,예산군,차대차,정면충돌,정면충돌,중앙선 침범,단일로,기타단일로
24759,2017-02-11 05,야간,토,1,1,0,0,0,경기,시흥시,차대사람,횡단중,횡단중,안전운전 의무 불이행,교차로,교차로횡단보도내
24760,2017-06-11 13,주간,일,1,1,0,0,0,충북,진천군,차대차,측면충돌,측면충돌,안전운전 의무 불이행,단일로,기타단일로
24761,2017-10-18 14,주간,수,1,2,1,0,0,전북,고창군,차대차,추돌,추돌,안전운전 의무 불이행,단일로,기타단일로
24762,2017-09-15 21,야간,금,1,2,0,1,0,전남,무안군,차량단독,공작물충돌,공작물충돌,안전운전 의무 불이행,교차로,교차로내
24763,2017-07-17 07,주간,월,1,1,0,0,0,충남,홍성군,차대차,측면충돌,측면충돌,신호위반,교차로,교차로내
24764,2017-08-31 16,주간,목,1,2,0,1,0,전북,남원시,차대차,측면충돌,측면충돌,신호위반,교차로,교차로내
24765,2017-05-10 16,주간,수,1,2,1,0,0,강원,속초시,차대차,기타,기타,안전운전 의무 불이행,교차로,교차로내
24766,2017-12-21 09,주간,목,1,3,1,1,0,전남,고흥군,차대차,정면충돌,정면충돌,중앙선 침범,단일로,기타단일로
24767,2017-09-20 22,야간,수,1,2,0,1,0,부산,중구,차대사람,횡단중,횡단중,안전운전 의무 불이행,단일로,기타단일로
24768,2017-02-22 06,주간,수,1,1,0,0,0,전북,군산시,차대사람,횡단중,횡단중,안전운전 의무 불이행,교차로,교차로내
24769,2017-12-09 18,야간,토,1,7,2,4,0,경북,영덕군,차대차,측면충돌,측면충돌,교차로 통행방법 위반,교차로,교차로내
24770,2017-03-23 13,주간,목,1,1,0,0,0,충남,서산시,차대차,측면충돌,측면충돌,안전운전 의무 불이행,단일로,기타단일로
24771,2017-02-18 01,야간,토,1,3,2,0,0,충남,아산시,차대차,추돌,추돌,기타,단일로,기타단일로
24772,2017-11-22 17,주간,수,1,1,0,0,0,인천,강화군,차대사람,횡단중,횡단중,안전운전 의무 불이행,단일로,기타단일로
24773,2017-05-12 18,야간,금,1,1,0,0,0,경기,부천시,차대차,추돌,추돌,안전운전 의무 불이행,단일로,기타단일로
24774,2017-08-28 09,주간,월,1,1,0,0,0,충북,괴산군,차량단독,공작물충돌,공작물충돌,기타,단일로,기타단일로
24775,2017-10-29 18,야간,일,1,1,0,0,0,전남,영암군,차대사람,횡단중,횡단중,안전운전 의무 불이행,단일로,기타단일로
24776,2017-07-10 11,주간,월,1,1,0,0,0,경북,상주시,차대차,기타,기타,안전운전 의무 불이행,단일로,기타단일로
24777,2017-06-27 17,주간,화,1,2,0,1,0,경남,밀양시,차대차,기타,기타,안전운전 의무 불이행,단일로,기타단일로
24778,2017-03-18 02,야간,토,1,2,0,1,0,경북,포항시,차대사람,차도통행중,차도통행중,안전운전 의무 불이행,단일로,기타단일로
24779,2017-04-08 19,야간,토,1,4,2,1,0,대구,달성군,차대차,추돌,추돌,안전운전 의무 불이행,교차로,교차로내
24780,2017-10-25 19,야간,수,1,1,0,0,0,충남,예산군,차대사람,기타,기타,안전운전 의무 불이행,단일로,기타단일로
24781,2017-10-29 18,야간,일,1,3,1,1,0,전북,부안군,차대차,추돌,추돌,안전운전 의무 불이행,교차로,교차로부근
24782,2017-05-06 04,야간,토,1,1,0,0,0,서울,성북구,차량단독,전도,전도,안전운전 의무 불이행,단일로,기타단일로
24783,2017-09-29 19,야간,금,2,2,0,0,0,전남,해남군,차대차,추돌,추돌,안전운전 의무 불이행,단일로,기타단일로
24784,2017-03-19 21,야간,일,1,1,0,0,0,경남,김해시,차대차,측면충돌,측면충돌,안전운전 의무 불이행,교차로,교차로부근
24785,2017-03-11 04,야간,토,1,1,0,0,0,전남,여수시,차대사람,횡단중,횡단중,과속,교차로,교차로횡단보도내
24786,2017-12-24 20,야간,일,1,1,0,0,0,경북,영덕군,차대사람,기타,기타,안전운전 의무 불이행,단일로,기타단일로
24787,2017-09-30 13,주간,토,1,1,0,0,0,전남,해남군,차량단독,공작물충돌,공작물충돌,안전운전 의무 불이행,단일로,기타단일로
24788,2017-05-26 20,야간,금,1,1,0,0,0,경북,칠곡군,차대차,측면충돌,측면충돌,안전운전 의무 불이행,단일로,기타단일로
24789,2017-02-13 10,주간,월,1,1,0,0,0,경기,오산시,차대차,측면충돌,측면충돌,신호위반,교차로,교차로횡단보도내
24790,2017-09-22 11,주간,금,1,2,0,1,0,전남,무안군,차대차,측면충돌,측면충돌,신호위반,교차로,교차로내
24791,2017-04-13 12,주간,목,1,4,2,1,0,경북,안동시,차대차,정면충돌,정면충돌,중앙선 침범,기타,기타
24792,2017-03-20 18,야간,월,1,1,0,0,0,부산,사하구,차대사람,횡단중,횡단중,안전운전 의무 불이행,단일로,기타단일로
24793,2017-05-26 10,주간,금,1,3,0,2,0,충남,보령시,차대차,정면충돌,정면충돌,중앙선 침범,단일로,기타단일로
24794,2017-09-03 12,주간,일,1,1,0,0,0,전북,남원시,차량단독,전복,전복,안전운전 의무 불이행,단일로,기타단일로
24795,2017-09-20 23,야간,수,1,2,0,1,0,충북,보은군,차대차,추돌,추돌,안전운전 의무 불이행,단일로,기타단일로
24796,2017-12-29 08,주간,금,1,3,0,2,0,경북,울진군,차량단독,전도전복,전도전복,안전운전 의무 불이행,단일로,기타단일로
24797,2017-02-21 04,야간,화,1,1,0,0,0,충남,아산시,차대차,추돌,추돌,안전운전 의무 불이행,단일로,기타단일로
24798,2017-11-09 13,주간,목,1,1,0,0,0,전남,영암군,차량단독,전도전복,전도전복,안전운전 의무 불이행,단일로,기타단일로
24799,2017-12-30 18,야간,토,2,2,0,0,0,경북,영덕군,차대사람,횡단중,횡단중,과속,단일로,기타단일로
24800,2017-05-18 18,야간,목,1,1,0,0,0,경남,창원시(통합),차대차,측면충돌,측면충돌,신호위반,교차로,교차로내
24801,2017-04-04 12,주간,화,1,2,0,1,0,경기,고양시,차대사람,횡단중,횡단중,안전운전 의무 불이행,단일로,기타단일로
24802,2017-07-01 16,주간,토,1,1,0,0,0,경남,밀양시,차량단독,전도,전도,안전운전 의무 불이행,단일로,기타단일로
24803,2017-03-12 13,주간,일,1,1,0,0,0,전남,여수시,차대차,측면충돌,측면충돌,안전거리 미확보,단일로,기타단일로
24804,2017-07-03 13,주간,월,1,1,0,0,0,서울,종로구,차대사람,횡단중,횡단중,안전운전 의무 불이행,단일로,기타단일로
24805,2017-05-28 11,주간,일,1,1,0,0,0,충남,보령시,차대사람,기타,기타,안전운전 의무 불이행,단일로,기타단일로
24806,2017-11-06 07,주간,월,1,1,0,0,0,경남,창녕군,차대사람,횡단중,횡단중,안전운전 의무 불이행,교차로,교차로내
24807,2017-02-13 16,주간,월,1,1,0,0,0,경기,화성시,차량단독,전도전복,전도전복,안전운전 의무 불이행,단일로,기타단일로
24808,2017-07-22 23,야간,토,1,3,2,0,0,강원,삼척시,차대차,추돌,추돌,과속,단일로,기타단일로
24809,2017-03-21 03,야간,화,1,2,0,1,0,서울,강동구,차대차,추돌,추돌,안전운전 의무 불이행,단일로,교량위
24810,2017-02-12 20,야간,일,1,1,0,0,0,충북,청주시,차량단독,전도전복,전도전복,안전운전 의무 불이행,교차로,교차로내
24811,2017-02-28 18,야간,화,1,1,0,0,0,전북,전주시,차대사람,횡단중,횡단중,안전운전 의무 불이행,교차로,교차로부근
24812,2017-11-13 06,주간,월,1,1,0,0,0,전남,영암군,차대사람,횡단중,횡단중,안전운전 의무 불이행,교차로,교차로내
24813,2017-07-30 01,야간,일,1,2,0,1,0,충남,공주시,차대차,기타,기타,안전운전 의무 불이행,단일로,기타단일로
24814,2017-03-27 09,주간,월,1,2,0,1,0,충남,태안군,차대차,정면충돌,정면충돌,중앙선 침범,단일로,기타단일로
24815,2017-07-04 07,주간,화,1,2,1,0,0,경남,밀양시,차대차,추돌,추돌,안전운전 의무 불이행,단일로,기타단일로
24816,2017-03-20 21,야간,월,1,1,0,0,0,서울,강남구,차대차,추돌,추돌,안전운전 의무 불이행,단일로,기타단일로
24817,2017-04-27 16,주간,목,1,1,0,0,0,울산,울주군,차량단독,전도,전도,안전운전 의무 불이행,교차로,교차로부근
24818,2017-09-07 04,야간,목,1,2,1,0,0,충북,증평군,차량단독,공작물충돌,공작물충돌,안전운전 의무 불이행,단일로,기타단일로
24819,2017-04-13 13,주간,목,1,1,0,0,0,서울,광진구,차대사람,차도통행중,차도통행중,안전운전 의무 불이행,단일로,기타단일로
24820,2017-04-15 10,주간,토,1,1,0,0,0,인천,중구,차량단독,전도전복,전도전복,안전운전 의무 불이행,단일로,기타단일로
24821,2017-12-22 11,주간,금,1,1,0,0,0,충남,서천군,차대차,측면충돌,측면충돌,기타,교차로,교차로내
24822,2017-04-24 20,야간,월,1,1,0,0,0,경기,포천시,차량단독,기타,기타,안전운전 의무 불이행,단일로,기타단일로
24823,2017-07-03 09,주간,월,1,1,0,0,0,경기,여주시,차대차,측면충돌,측면충돌,안전운전 의무 불이행,단일로,고가도로위
24824,2017-09-30 15,주간,토,1,1,0,0,0,전남,무안군,차량단독,기타,기타,안전운전 의무 불이행,단일로,기타단일로
24825,2017-03-15 00,야간,수,1,1,0,0,0,전남,순천시,차대사람,횡단중,횡단중,보행자 보호의무 위반,교차로,교차로횡단보도내
24826,2017-11-13 03,야간,월,1,2,0,1,0,전북,고창군,차대차,추돌,추돌,안전운전 의무 불이행,단일로,기타단일로
24827,2017-08-02 17,주간,수,1,4,0,0,3,대전,대덕구,차대차,기타,기타,안전운전 의무 불이행,단일로,기타단일로
24828,2017-12-23 17,주간,토,1,1,0,0,0,충남,서천군,차대사람,차도통행중,차도통행중,안전운전 의무 불이행,교차로,교차로내
24829,2017-12-23 21,야간,토,1,2,1,0,0,전남,강진군,차량단독,공작물충돌,공작물충돌,안전운전 의무 불이행,단일로,기타단일로
24830,2017-11-23 16,주간,목,1,1,0,0,0,경남,함안군,차대사람,횡단중,횡단중,보행자 보호의무 위반,단일로,기타단일로
24831,2017-03-28 03,야간,화,1,1,0,0,0,충남,서산시,차대차,정면충돌,정면충돌,안전운전 의무 불이행,단일로,기타단일로
24832,2017-11-14 09,주간,화,1,1,0,0,0,전북,부안군,차대차,측면충돌,측면충돌,안전운전 의무 불이행,단일로,기타단일로
24833,2017-04-24 09,주간,월,1,1,0,0,0,경기,하남시,차량단독,공작물충돌,공작물충돌,안전운전 의무 불이행,단일로,기타단일로
24834,2017-03-09 13,주간,목,1,1,0,0,0,경남,양산시,차대차,정면충돌,정면충돌,신호위반,교차로,교차로부근
24835,2017-08-26 23,야간,토,1,1,0,0,0,강원,홍천군,차량단독,기타,기타,안전운전 의무 불이행,단일로,터널안
24836,2017-05-01 11,주간,월,1,1,0,0,0,충남,당진시,차대사람,차도통행중,차도통행중,안전운전 의무 불이행,단일로,기타단일로
24837,2017-08-05 01,야간,토,1,1,0,0,0,대전,대덕구,차대차,추돌,추돌,안전운전 의무 불이행,단일로,기타단일로
24838,2017-04-08 11,주간,토,1,1,0,0,0,충북,충주시,차대차,정면충돌,정면충돌,신호위반,교차로,교차로내
24839,2017-03-06 05,야간,월,1,2,0,1,0,경기,고양시,차대차,추돌,추돌,안전운전 의무 불이행,단일로,기타단일로
24840,2017-09-09 13,주간,토,1,2,1,0,0,충북,괴산군,차대차,정면충돌,정면충돌,안전운전 의무 불이행,단일로,기타단일로
24841,2017-11-17 16,주간,금,1,1,0,0,0,전북,고창군,차대사람,차도통행중,차도통행중,안전운전 의무 불이행,단일로,기타단일로
24842,2017-03-13 10,주간,월,1,1,0,0,0,전남,목포시,차대사람,횡단중,횡단중,안전운전 의무 불이행,교차로,교차로부근
24843,2017-03-05 14,주간,일,1,1,0,0,0,경북,경주시,차대사람,보도통행중,보도통행중,기타,단일로,기타단일로
24844,2017-06-03 15,주간,토,1,2,0,1,0,충남,보령시,차대차,정면충돌,정면충돌,중앙선 침범,단일로,기타단일로
24845,2017-06-29 13,주간,목,1,1,0,0,0,충남,논산시,차대차,추돌,추돌,과속,단일로,기타단일로
24846,2017-03-17 15,주간,금,1,1,0,0,0,강원,춘천시,차대차,추돌,추돌,안전운전 의무 불이행,단일로,기타단일로
24847,2017-11-15 18,야간,수,1,2,1,0,0,경남,창녕군,차대사람,횡단중,횡단중,보행자 보호의무 위반,교차로,교차로횡단보도내
24848,2017-06-30 00,야간,금,1,1,0,0,0,충북,음성군,차량단독,도로이탈,도로이탈 기타,안전운전 의무 불이행,교차로,교차로부근
24849,2017-04-16 19,야간,일,1,2,0,1,0,대구,달성군,차대사람,횡단중,횡단중,보행자 보호의무 위반,교차로,교차로내
24850,2017-05-11 11,주간,목,1,1,0,0,0,광주,남구,차대사람,횡단중,횡단중,신호위반,교차로,교차로부근
24851,2017-06-13 20,야간,화,1,1,0,0,0,경남,사천시,차대사람,횡단중,횡단중,안전운전 의무 불이행,단일로,기타단일로
24852,2017-07-21 09,주간,금,1,1,0,0,0,전북,정읍시,차대사람,횡단중,횡단중,과속,단일로,기타단일로
24853,2017-02-23 22,야간,목,1,1,0,0,0,대구,동구,차대차,기타,기타,안전운전 의무 불이행,단일로,기타단일로
24854,2017-10-17 09,주간,화,1,1,0,0,0,전남,해남군,차량단독,기타,기타,안전운전 의무 불이행,단일로,기타단일로
24855,2017-02-11 02,야간,토,1,1,0,0,0,경기,남양주시,차대사람,횡단중,횡단중,안전운전 의무 불이행,단일로,기타단일로
24856,2017-12-10 17,주간,일,1,29,3,21,4,강원,평창군,차대차,측면충돌,측면충돌,기타,단일로,기타단일로
24857,2017-07-25 22,야간,화,1,1,0,0,0,경북,상주시,차대차,추돌,추돌,안전거리 미확보,단일로,기타단일로
24858,2017-05-27 21,야간,토,1,1,0,0,0,경남,창원시(통합),차대차,추돌,추돌,안전운전 의무 불이행,단일로,기타단일로
24859,2017-03-07 11,주간,화,1,1,0,0,0,전북,익산시,차대차,측면충돌,측면충돌,안전거리 미확보,단일로,기타단일로
24860,2017-11-08 11,주간,수,1,1,0,0,0,전남,영암군,차량단독,전도전복,전도전복,안전운전 의무 불이행,단일로,기타단일로
24861,2017-12-02 15,주간,토,1,2,0,1,0,경남,함안군,차대차,측면충돌,측면충돌,중앙선 침범,단일로,기타단일로
24862,2017-07-11 04,야간,화,1,1,0,0,0,경기,여주시,차량단독,공작물충돌,공작물충돌,안전운전 의무 불이행,기타,기타
24863,2017-09-08 07,주간,금,1,1,0,0,0,경북,문경시,차대사람,횡단중,횡단중,안전운전 의무 불이행,교차로,교차로내
24864,2017-03-25 19,야간,토,1,1,0,0,0,경남,김해시,차대사람,횡단중,횡단중,보행자 보호의무 위반,단일로,기타단일로
24865,2017-02-19 21,야간,일,1,1,0,0,0,경기,용인시,차대차,정면충돌,정면충돌,과속,교차로,교차로횡단보도내
24866,2017-03-24 22,야간,금,1,1,0,0,0,경북,포항시,차대사람,횡단중,횡단중,안전운전 의무 불이행,단일로,기타단일로
24867,2017-05-30 10,주간,화,1,1,0,0,0,경북,영천시,차대차,측면충돌,측면충돌,신호위반,교차로,교차로내
24868,2017-09-24 10,주간,일,1,1,0,0,0,전북,남원시,차량단독,공작물충돌,공작물충돌,안전운전 의무 불이행,단일로,기타단일로
24869,2017-03-14 22,야간,화,1,1,0,0,0,전남,신안군,차대차,기타,기타,안전운전 의무 불이행,단일로,기타단일로
24870,2017-05-23 04,야간,화,1,1,0,0,0,경남,통영시,차대사람,횡단중,횡단중,안전운전 의무 불이행,단일로,기타단일로
24871,2017-10-13 16,주간,금,1,22,9,12,0,충북,음성군,차대차,추돌,추돌,안전운전 의무 불이행,단일로,기타단일로
24872,2017-10-09 19,야간,월,1,1,0,0,0,전남,무안군,차량단독,기타,기타,기타,단일로,기타단일로
24873,2017-07-03 09,주간,월,1,3,0,2,0,충남,논산시,차대차,정면충돌,정면충돌,신호위반,교차로,교차로내
24874,2017-12-06 10,주간,수,1,1,0,0,0,경남,함안군,차대차,정면충돌,정면충돌,중앙선 침범,단일로,기타단일로
24875,2017-04-10 19,야간,월,1,2,0,1,0,충북,충주시,차대사람,횡단중,횡단중,안전운전 의무 불이행,단일로,기타단일로
24876,2017-08-20 08,주간,일,1,1,0,0,0,경기,가평군,차대차,측면충돌,측면충돌,안전운전 의무 불이행,단일로,기타단일로
24877,2017-09-04 14,주간,월,1,4,3,0,0,강원,홍천군,차대사람,기타,기타,안전운전 의무 불이행,주차장,주차장
24878,2017-02-20 14,주간,월,1,1,0,0,0,경기,용인시,차대사람,횡단중,횡단중,안전운전 의무 불이행,교차로,교차로부근
24879,2017-08-07 13,주간,월,1,1,0,0,0,충남,홍성군,차대차,추돌,추돌,안전운전 의무 불이행,단일로,기타단일로
24880,2017-04-03 02,야간,월,1,1,0,0,0,경기,수원시,차대사람,기타,기타,안전운전 의무 불이행,단일로,기타단일로
24881,2017-03-09 05,야간,목,1,1,0,0,0,대전,동구,차대사람,횡단중,횡단중,안전운전 의무 불이행,교차로,교차로부근
24882,2017-03-30 15,주간,목,1,1,0,0,0,충남,태안군,차량단독,도로이탈,도로이탈 추락,안전운전 의무 불이행,단일로,기타단일로
24883,2017-06-23 10,주간,금,1,1,0,0,0,경기,양평군,차량단독,전도전복,전도전복,안전운전 의무 불이행,단일로,기타단일로
24884,2017-10-18 10,주간,수,1,4,0,3,0,충북,충주시,차대차,추돌,추돌,안전운전 의무 불이행,단일로,기타단일로
24885,2017-03-22 18,야간,수,1,1,0,0,0,울산,중구,차대사람,기타,기타,안전운전 의무 불이행,단일로,기타단일로
24886,2017-06-08 15,주간,목,1,1,0,0,0,충남,보령시,차대사람,기타,기타,안전운전 의무 불이행,단일로,기타단일로
24887,2017-07-29 04,야간,토,1,1,0,0,0,경북,영주시,차량단독,전도전복,전도전복,안전운전 의무 불이행,단일로,기타단일로
24888,2017-06-01 23,야간,목,1,1,0,0,0,경북,영천시,차량단독,전도,전도,안전운전 의무 불이행,교차로,교차로부근
24889,2017-03-08 01,야간,수,1,1,0,0,0,대구,달서구,차대차,추돌,추돌,안전운전 의무 불이행,단일로,기타단일로
24890,2017-05-01 02,야간,월,1,2,0,1,0,경기,포천시,차대사람,횡단중,횡단중,안전운전 의무 불이행,교차로,교차로내
24891,2017-08-15 09,주간,화,1,1,0,0,0,전북,완주군,차량단독,전도,전도,안전운전 의무 불이행,기타,기타
24892,2017-08-18 16,주간,금,1,1,0,0,0,대전,동구,차량단독,공작물충돌,공작물충돌,안전운전 의무 불이행,단일로,기타단일로
24893,2017-11-23 21,야간,목,1,1,0,0,0,경남,창녕군,차대사람,차도통행중,차도통행중,안전운전 의무 불이행,단일로,기타단일로
24894,2017-12-21 17,주간,목,1,3,1,1,0,강원,춘천시,차량단독,공작물충돌,공작물충돌,안전운전 의무 불이행,단일로,기타단일로
24895,2017-10-23 12,주간,월,2,2,0,0,0,대구,달성군,차대차,기타,기타,안전운전 의무 불이행,단일로,기타단일로
24896,2017-12-01 09,주간,금,1,2,1,0,0,전북,고창군,차대차,측면충돌,측면충돌,신호위반,교차로,교차로내
24897,2017-09-14 15,주간,목,1,4,3,0,0,경북,문경시,차량단독,공작물충돌,공작물충돌,안전운전 의무 불이행,단일로,기타단일로
24898,2017-04-05 05,야간,수,1,2,0,1,0,서울,노원구,차대차,기타,기타,안전거리 미확보,단일로,터널안
24899,2017-08-21 23,야간,월,1,2,0,1,0,세종,세종,차대차,추돌,추돌,안전운전 의무 불이행,단일로,기타단일로
24900,2017-03-10 00,야간,금,1,1,0,0,0,경기,화성시,차대사람,차도통행중,차도통행중,안전운전 의무 불이행,단일로,기타단일로
24901,2017-04-19 05,야간,수,1,3,2,0,0,부산,연제구,차대차,추돌,추돌,안전운전 의무 불이행,교차로,교차로내
24902,2017-08-25 14,주간,금,1,4,3,0,0,경기,가평군,차대차,정면충돌,정면충돌,안전운전 의무 불이행,단일로,기타단일로
24903,2017-04-07 19,야간,금,1,1,0,0,0,경기,광명시,차대차,측면충돌,측면충돌,안전거리 미확보,단일로,터널안
24904,2017-12-26 01,야간,화,1,2,0,1,0,강원,동해시,차대차,추돌,추돌,안전거리 미확보,단일로,기타단일로
24905,2017-09-25 19,야간,월,1,1,0,0,0,충북,괴산군,차대사람,기타,기타,안전운전 의무 불이행,단일로,기타단일로
24906,2017-03-03 02,야간,금,1,1,0,0,0,인천,남구,차량단독,공작물충돌,공작물충돌,안전운전 의무 불이행,단일로,기타단일로
24907,2017-09-07 11,주간,목,1,1,0,0,0,충남,공주시,차량단독,도로이탈,도로이탈 추락,안전운전 의무 불이행,단일로,기타단일로
24908,2017-06-15 15,주간,목,1,1,0,0,0,서울,금천구,차대사람,보도통행중,보도통행중,기타,단일로,기타단일로
24909,2017-06-28 15,주간,수,1,3,2,0,0,세종,세종,차대차,추돌,추돌,안전운전 의무 불이행,단일로,기타단일로
24910,2017-08-14 05,야간,월,1,1,0,0,0,경기,동두천시,차대사람,길가장자리구역통행중,길가장자리구역통행중,안전운전 의무 불이행,단일로,기타단일로
24911,2017-02-28 12,주간,화,1,1,0,0,0,경기,파주시,차대차,측면충돌,측면충돌,교차로 통행방법 위반,교차로,교차로내
24912,2017-06-06 13,주간,화,1,1,0,0,0,경북,영천시,차량단독,기타,기타,안전운전 의무 불이행,교차로,교차로부근
24913,2017-07-05 04,야간,수,1,1,0,0,0,부산,북구,차량단독,공작물충돌,공작물충돌,안전운전 의무 불이행,단일로,기타단일로
24914,2017-10-22 18,야간,일,1,1,0,0,0,전남,무안군,차량단독,도로이탈,도로이탈 추락,안전운전 의무 불이행,단일로,기타단일로
24915,2017-10-24 05,야간,화,1,4,1,2,0,충북,진천군,차대차,기타,기타,안전운전 의무 불이행,단일로,기타단일로
24916,2017-04-06 03,야간,목,1,1,0,0,0,경기,평택시,차대차,기타,기타,안전운전 의무 불이행,단일로,기타단일로
24917,2017-05-01 00,야간,월,1,3,1,1,0,서울,구로구,차대사람,차도통행중,차도통행중,과속,단일로,기타단일로
24918,2017-06-28 22,야간,수,1,1,0,0,0,경기,양평군,차량단독,공작물충돌,공작물충돌,안전운전 의무 불이행,교차로,교차로내
24919,2017-02-19 00,야간,일,2,2,0,0,0,제주,제주시,차대사람,횡단중,횡단중,안전운전 의무 불이행,단일로,기타단일로
24920,2017-03-08 06,주간,수,1,7,5,1,0,경기,광주시,차대차,측면충돌,측면충돌,기타,교차로,교차로내
24921,2017-09-08 19,야간,금,1,1,0,0,0,충남,공주시,차대사람,차도통행중,차도통행중,신호위반,교차로,교차로내
24922,2017-09-20 13,주간,수,1,1,0,0,0,경북,문경시,차량단독,공작물충돌,공작물충돌,안전운전 의무 불이행,단일로,기타단일로
24923,2017-02-19 17,주간,일,1,1,0,0,0,경기,오산시,차대차,측면충돌,측면충돌,안전운전 의무 불이행,교차로,교차로내
24924,2017-10-02 19,야간,월,1,1,0,0,0,전북,남원시,차대차,추돌,추돌,안전운전 의무 불이행,단일로,기타단일로
24925,2017-04-25 18,야간,화,1,1,0,0,0,경북,안동시,차대사람,기타,기타,안전운전 의무 불이행,단일로,기타단일로
24926,2017-03-12 04,야간,일,1,1,0,0,0,대전,동구,차량단독,전도전복,전도전복,안전운전 의무 불이행,단일로,기타단일로
24927,2017-12-30 15,주간,토,1,5,2,1,1,강원,인제군,차량단독,공작물충돌,공작물충돌,안전운전 의무 불이행,단일로,기타단일로
24928,2017-05-15 16,주간,월,1,2,0,1,0,서울,도봉구,차대사람,횡단중,횡단중,안전운전 의무 불이행,교차로,교차로횡단보도내
24929,2017-04-22 03,야간,토,1,1,0,0,0,부산,연제구,차대사람,횡단중,횡단중,과속,단일로,기타단일로
24930,2017-03-08 12,주간,수,1,1,0,0,0,충북,청주시,차대차,추돌,추돌,안전운전 의무 불이행,단일로,기타단일로
24931,2017-09-10 16,주간,일,1,4,3,0,0,충남,공주시,차대차,추돌,추돌,안전운전 의무 불이행,단일로,기타단일로
24932,2017-03-10 21,야간,금,1,1,0,0,0,경북,경주시,차대사람,차도통행중,차도통행중,안전운전 의무 불이행,단일로,기타단일로
24933,2017-05-06 22,야간,토,1,1,0,0,0,서울,성동구,차대사람,횡단중,횡단중,안전운전 의무 불이행,교차로,교차로횡단보도내
24934,2017-05-07 10,주간,일,1,1,0,0,0,서울,성동구,차대사람,기타,기타,안전운전 의무 불이행,교차로,교차로내
24935,2017-10-26 21,야간,목,1,2,1,0,0,충북,충주시,차대차,추돌,추돌,안전운전 의무 불이행,단일로,기타단일로
24936,2017-10-27 17,주간,금,2,3,1,0,0,전남,무안군,차대차,정면충돌,정면충돌,중앙선 침범,단일로,기타단일로
24937,2017-02-14 17,주간,화,1,1,0,0,0,대구,수성구,차대차,정면충돌,정면충돌,안전운전 의무 불이행,단일로,기타단일로
24938,2017-03-23 20,야간,목,1,1,0,0,0,전남,순천시,차대사람,횡단중,횡단중,안전운전 의무 불이행,교차로,교차로내
24939,2017-12-07 07,주간,목,1,1,0,0,0,충남,예산군,차량단독,공작물충돌,공작물충돌,안전운전 의무 불이행,단일로,교량위
24940,2017-09-02 15,주간,토,2,20,8,10,0,충남,천안시,차대차,추돌,추돌,안전운전 의무 불이행,단일로,기타단일로
24941,2017-03-07 09,주간,화,1,1,0,0,0,서울,동대문구,차대차,측면충돌,측면충돌,안전운전 의무 불이행,교차로,교차로부근
24942,2017-05-30 09,주간,화,1,1,0,0,0,경남,김해시,차대차,추돌,추돌,안전운전 의무 불이행,단일로,기타단일로