교통사고이력ID(사고기록 순서),발생년월일시,주야코드,요일코드,사망자수,부상자수,중상자수,경상자수,부상신고자수,발생지시도코드,발생지시도코드,사고유형대분류코드,사고유형중분류코드,사고유형코드,법규위반코드,도로형태대분류코드,도로로형태코드
25144,2017-11-21 04,야간,화,1,1,0,0,0,경북,문경시,차량단독,기타,기타,안전운전 의무 불이행,교차로,교차로부근
25145,2017-10-19 18,야간,목,1,1,0,0,0,전북,완주군,차대사람,횡단중,횡단중,안전운전 의무 불이행,교차로,교차로부근
25146,2017-08-29 03,야간,화,1,1,0,0,0,경기,구리시,차대차,정면충돌,정면충돌,안전운전 의무 불이행,단일로,기타단일로
25147,2017-05-25 00,야간,목,1,2,0,1,0,경북,안동시,차대차,추돌,추돌,안전운전 의무 불이행,단일로,기타단일로
25148,2017-11-22 11,주간,수,1,2,1,0,0,경북,문경시,차대차,측면충돌,측면충돌,중앙선 침범,교차로,교차로부근
25149,2017-03-02 20,야간,목,1,1,0,0,0,경기,부천시,차대사람,횡단중,횡단중,안전운전 의무 불이행,교차로,교차로부근
25150,2017-08-10 16,주간,목,1,1,0,0,0,경남,사천시,차대사람,차도통행중,차도통행중,중앙선 침범,단일로,기타단일로
25151,2017-07-25 22,야간,화,1,1,0,0,0,경북,칠곡군,차대차,추돌,추돌,안전운전 의무 불이행,단일로,기타단일로
25152,2017-04-13 00,야간,목,1,1,0,0,0,강원,춘천시,차대사람,횡단중,횡단중,보행자 보호의무 위반,교차로,교차로부근
25153,2017-06-17 04,야간,토,1,2,1,0,0,서울,도봉구,차대차,기타,기타,안전운전 의무 불이행,단일로,지하차도(도로)내
25154,2017-06-15 20,야간,목,1,1,0,0,0,충북,제천시,차대사람,기타,기타,안전운전 의무 불이행,교차로,교차로내
25155,2017-07-12 09,주간,수,1,1,0,0,0,경남,통영시,차대사람,횡단중,횡단중,안전운전 의무 불이행,교차로,교차로횡단보도내
25156,2017-10-02 09,주간,월,1,1,0,0,0,광주,동구,차대사람,기타,기타,안전운전 의무 불이행,단일로,기타단일로
25157,2017-09-27 20,야간,수,1,1,0,0,0,경북,영주시,차대사람,차도통행중,차도통행중,안전운전 의무 불이행,단일로,기타단일로
25158,2017-02-27 10,주간,월,1,1,0,0,0,경북,구미시,차대차,후진중충돌,후진중충돌,안전운전 의무 불이행,단일로,기타단일로
25159,2017-03-07 19,야간,화,1,1,0,0,0,강원,원주시,차대사람,횡단중,횡단중,안전운전 의무 불이행,단일로,기타단일로
25160,2017-04-09 19,야간,일,1,1,0,0,0,전남,여수시,차대사람,횡단중,횡단중,과속,단일로,기타단일로
25161,2017-02-12 00,야간,일,1,1,0,0,0,경기,평택시,차대사람,횡단중,횡단중,보행자 보호의무 위반,교차로,교차로횡단보도내
25162,2017-04-24 11,주간,월,1,1,0,0,0,충남,천안시,차대차,정면충돌,정면충돌,안전운전 의무 불이행,교차로,교차로내
25163,2017-05-23 11,주간,화,1,1,0,0,0,경남,진주시,차량단독,전도,전도,안전운전 의무 불이행,단일로,기타단일로
25164,2017-05-12 10,주간,금,1,1,0,0,0,경기,안성시,차대사람,횡단중,횡단중,안전운전 의무 불이행,교차로,교차로내
25165,2017-06-10 03,야간,토,1,1,0,0,0,울산,울주군,차량단독,전도,전도,안전운전 의무 불이행,단일로,기타단일로
25166,2017-06-16 12,주간,금,1,1,0,0,0,인천,계양구,차대차,측면충돌,측면충돌,중앙선 침범,교차로,교차로부근
25167,2017-08-14 16,주간,월,1,4,0,2,1,경기,양평군,차대차,기타,기타,중앙선 침범,단일로,기타단일로
25168,2017-10-25 14,주간,수,1,1,0,0,0,전북,완주군,차대사람,횡단중,횡단중,안전운전 의무 불이행,단일로,기타단일로
25169,2017-09-04 09,주간,월,1,5,0,4,0,경기,구리시,차대차,측면충돌,측면충돌,안전운전 의무 불이행,단일로,기타단일로
25170,2017-05-23 09,주간,화,1,1,0,0,0,서울,광진구,차대사람,횡단중,횡단중,안전운전 의무 불이행,단일로,기타단일로
25171,2017-09-16 10,주간,토,1,2,0,1,0,경남,밀양시,차량단독,공작물충돌,공작물충돌,안전운전 의무 불이행,단일로,기타단일로
25172,2017-03-06 18,야간,월,1,1,0,0,0,경기,오산시,차대사람,횡단중,횡단중,보행자 보호의무 위반,교차로,교차로횡단보도내
25173,2017-04-16 11,주간,일,1,27,8,17,1,울산,남구,차대차,측면충돌,측면충돌,안전운전 의무 불이행,단일로,기타단일로
25174,2017-03-26 10,주간,일,1,1,0,0,0,충북,청주시,차대차,측면충돌,측면충돌,신호위반,교차로,교차로내
25175,2017-09-18 05,야간,월,1,1,0,0,0,경남,밀양시,차대차,추돌,추돌,안전운전 의무 불이행,단일로,기타단일로
25176,2017-03-22 14,주간,수,1,1,0,0,0,인천,서구,차대차,측면충돌,측면충돌,신호위반,교차로,교차로부근
25177,2017-10-31 04,야간,화,1,1,0,0,0,부산,기장군,차량단독,공작물충돌,공작물충돌,안전운전 의무 불이행,교차로,교차로내
25178,2017-03-15 07,주간,수,1,1,0,0,0,광주,광산구,차대차,정면충돌,정면충돌,안전운전 의무 불이행,교차로,교차로내
25179,2017-09-04 11,주간,월,1,1,0,0,0,충북,진천군,차대차,측면충돌,측면충돌,교차로 통행방법 위반,교차로,교차로내
25180,2017-12-18 12,주간,월,1,2,0,1,0,충북,괴산군,차대차,정면충돌,정면충돌,중앙선 침범,단일로,기타단일로
25181,2017-06-12 20,야간,월,1,1,0,0,0,울산,울주군,차대사람,기타,기타,안전운전 의무 불이행,단일로,기타단일로
25182,2017-09-30 18,야간,토,1,1,0,0,0,경북,상주시,차대사람,횡단중,횡단중,안전운전 의무 불이행,교차로,교차로부근
25183,2017-07-15 08,주간,토,1,1,0,0,0,경남,창원시(통합),차대차,기타,기타,안전운전 의무 불이행,교차로,교차로횡단보도내
25184,2017-10-01 19,야간,일,1,2,1,0,0,경기,의왕시,차대차,측면충돌,측면충돌,안전운전 의무 불이행,단일로,기타단일로
25185,2017-08-17 17,주간,목,1,1,0,0,0,경기,양평군,차량단독,기타,기타,안전운전 의무 불이행,단일로,기타단일로
25186,2017-03-16 23,야간,목,1,1,0,0,0,대전,서구,차대사람,기타,기타,안전운전 의무 불이행,단일로,기타단일로
25187,2017-03-29 06,주간,수,1,1,0,0,0,서울,마포구,차대사람,횡단중,횡단중,안전운전 의무 불이행,단일로,기타단일로
25188,2017-04-17 18,야간,월,1,1,0,0,0,강원,춘천시,차량단독,공작물충돌,공작물충돌,안전운전 의무 불이행,단일로,기타단일로
25189,2017-09-22 11,주간,금,1,2,0,1,0,전북,김제시,차대차,측면충돌,측면충돌,기타,교차로,교차로내
25190,2017-05-06 14,주간,토,1,2,0,1,0,서울,동작구,차대차,측면충돌,측면충돌,신호위반,교차로,교차로부근
25191,2017-06-21 10,주간,수,1,1,0,0,0,충북,제천시,차량단독,전도전복,전도전복,안전운전 의무 불이행,단일로,기타단일로
25192,2017-03-25 03,야간,토,1,1,0,0,0,대전,대덕구,차대차,추돌,추돌,안전운전 의무 불이행,단일로,기타단일로
25193,2017-03-15 23,야간,수,1,1,0,0,0,경기,의정부시,차대차,정면충돌,정면충돌,안전거리 미확보,단일로,기타단일로
25194,2017-04-05 02,야간,수,1,2,0,0,1,대구,북구,차량단독,공작물충돌,공작물충돌,안전운전 의무 불이행,교차로,교차로내
25195,2017-09-04 17,주간,월,1,1,0,0,0,강원,동해시,차대차,측면충돌,측면충돌,신호위반,교차로,교차로부근
25196,2017-05-26 22,야간,금,1,1,0,0,0,경남,진주시,차대사람,기타,기타,안전운전 의무 불이행,단일로,기타단일로
25197,2017-10-12 23,야간,목,1,1,0,0,0,전남,나주시,차대사람,차도통행중,차도통행중,과속,단일로,기타단일로
25198,2017-07-04 02,야간,화,1,1,0,0,0,경남,창원시(통합),차량단독,공작물충돌,공작물충돌,안전운전 의무 불이행,교차로,교차로내
25199,2017-07-16 22,야간,일,1,1,0,0,0,경남,창원시(통합),차량단독,전도,전도,안전운전 의무 불이행,단일로,기타단일로
25200,2017-11-09 09,주간,목,1,1,0,0,0,서울,동작구,차대사람,차도통행중,차도통행중,안전운전 의무 불이행,단일로,기타단일로
25201,2017-10-28 05,야간,토,1,1,0,0,0,충남,홍성군,차대사람,차도통행중,차도통행중,안전운전 의무 불이행,교차로,교차로내
25202,2017-03-26 22,야간,일,1,1,0,0,0,전북,전주시,차대사람,기타,기타,중앙선 침범,단일로,기타단일로
25203,2017-08-03 17,주간,목,1,2,1,0,0,부산,강서구,차대차,측면충돌,측면충돌,중앙선 침범,단일로,기타단일로
25204,2017-03-16 09,주간,목,1,1,0,0,0,광주,광산구,차대사람,횡단중,횡단중,안전운전 의무 불이행,교차로,교차로부근
25205,2017-09-25 07,주간,월,1,3,1,1,0,전북,김제시,차대차,추돌,추돌,안전운전 의무 불이행,단일로,기타단일로
25206,2017-07-18 01,야간,화,1,1,0,0,0,강원,양양군,차대사람,횡단중,횡단중,안전운전 의무 불이행,교차로,교차로내
25207,2017-08-18 15,주간,금,1,1,0,0,0,경기,안양시,차대차,측면충돌,측면충돌,중앙선 침범,단일로,기타단일로
25208,2017-08-21 09,주간,월,1,1,0,0,0,서울,성북구,차대사람,횡단중,횡단중,보행자 보호의무 위반,단일로,기타단일로
25209,2017-08-05 07,주간,토,1,2,0,1,0,전남,광양시,차대차,측면충돌,측면충돌,중앙선 침범,단일로,기타단일로
25210,2017-07-06 05,야간,목,1,1,0,0,0,경남,김해시,차대차,측면충돌,측면충돌,과속,교차로,교차로내
25211,2017-05-14 11,주간,일,1,1,0,0,0,충북,충주시,차량단독,공작물충돌,공작물충돌,안전운전 의무 불이행,단일로,기타단일로
25212,2017-03-01 06,주간,수,1,1,0,0,0,경북,구미시,차대사람,횡단중,횡단중,안전운전 의무 불이행,교차로,교차로부근
25213,2017-07-27 02,야간,목,1,1,0,0,0,경북,김천시,차대사람,횡단중,횡단중,안전운전 의무 불이행,단일로,기타단일로
25214,2017-08-21 08,주간,월,1,1,0,0,0,경기,양평군,차대차,추돌,추돌,중앙선 침범,불명,불명
25215,2017-03-17 05,야간,금,1,1,0,0,0,경기,의정부시,차대차,추돌,추돌,안전운전 의무 불이행,단일로,기타단일로
25216,2017-04-10 14,주간,월,1,1,0,0,0,부산,해운대구,차대사람,기타,기타,안전운전 의무 불이행,교차로,교차로내
25217,2017-07-22 08,주간,토,1,1,0,0,0,경남,통영시,차대사람,기타,기타,안전운전 의무 불이행,교차로,교차로부근
25218,2017-05-19 06,주간,금,1,1,0,0,0,경기,안성시,차대차,추돌,추돌,안전거리 미확보,단일로,기타단일로
25219,2017-07-01 04,야간,토,1,1,0,0,0,광주,남구,차대사람,횡단중,횡단중,안전운전 의무 불이행,단일로,기타단일로
25220,2017-08-25 19,야간,금,1,2,0,1,0,충남,논산시,차대차,추돌,추돌,과속,단일로,고가도로위
25221,2017-04-29 18,야간,토,1,1,0,0,0,서울,강남구,차량단독,전도,전도,안전운전 의무 불이행,단일로,터널안
25222,2017-03-06 09,주간,월,1,1,0,0,0,경기,남양주시,차대사람,기타,기타,안전운전 의무 불이행,단일로,기타단일로
25223,2017-08-26 06,주간,토,1,1,0,0,0,충남,논산시,차대사람,차도통행중,차도통행중,안전운전 의무 불이행,단일로,기타단일로
25224,2017-11-10 06,주간,금,1,1,0,0,0,부산,기장군,차대사람,횡단중,횡단중,보행자 보호의무 위반,교차로,교차로횡단보도내
25225,2017-10-16 14,주간,월,1,1,0,0,0,전남,나주시,차량단독,공작물충돌,공작물충돌,안전운전 의무 불이행,단일로,기타단일로
25226,2017-09-27 14,주간,수,1,1,0,0,0,경남,밀양시,차대차,기타,기타,안전운전 의무 불이행,단일로,기타단일로
25227,2017-08-22 21,야간,화,1,1,0,0,0,부산,동구,차대사람,횡단중,횡단중,안전운전 의무 불이행,단일로,기타단일로
25228,2017-06-24 23,야간,토,1,2,1,0,0,인천,계양구,차대사람,기타,기타,안전운전 의무 불이행,단일로,기타단일로
25229,2017-05-13 04,야간,토,1,1,0,0,0,부산,사하구,차대사람,기타,기타,안전운전 의무 불이행,단일로,기타단일로
25230,2017-10-10 16,주간,화,1,2,0,1,0,경북,상주시,차대차,측면충돌,측면충돌,안전운전 의무 불이행,교차로,교차로내
25231,2017-09-01 00,야간,금,1,1,0,0,0,울산,동구,차대차,기타,기타,안전운전 의무 불이행,단일로,기타단일로
25232,2017-07-08 16,주간,토,1,1,0,0,0,경남,김해시,차대차,추돌,추돌,안전운전 의무 불이행,교차로,교차로부근
25233,2017-12-08 08,주간,금,1,4,3,0,0,부산,영도구,차대차,정면충돌,정면충돌,중앙선 침범,단일로,교량위
25234,2017-10-11 08,주간,수,1,1,0,0,0,경북,영주시,차대사람,횡단중,횡단중,안전운전 의무 불이행,교차로,교차로부근
25235,2017-04-30 19,야간,일,1,1,0,0,0,충남,서산시,차대사람,횡단중,횡단중,기타,단일로,기타단일로
25236,2017-07-14 11,주간,금,1,2,0,1,0,인천,계양구,차대차,추돌,추돌,안전운전 의무 불이행,단일로,기타단일로
25237,2017-06-16 19,야간,금,1,1,0,0,0,충남,당진시,차대사람,횡단중,횡단중,안전운전 의무 불이행,단일로,기타단일로
25238,2017-10-18 10,주간,수,1,1,0,0,0,광주,동구,차대사람,횡단중,횡단중,안전운전 의무 불이행,교차로,교차로내
25239,2017-08-15 12,주간,화,1,1,0,0,0,서울,금천구,차대사람,횡단중,횡단중,신호위반,교차로,교차로내
25240,2017-03-16 08,주간,목,1,1,0,0,0,인천,남동구,차대사람,횡단중,횡단중,기타,단일로,기타단일로
25241,2017-04-16 05,야간,일,1,1,0,0,0,부산,부산진구,차량단독,전도전복,전도전복,안전운전 의무 불이행,단일로,기타단일로
25242,2017-05-28 18,야간,일,1,1,0,0,0,서울,광진구,차대차,기타,기타,안전운전 의무 불이행,단일로,기타단일로
25243,2017-12-31 19,야간,일,1,1,0,0,0,강원,홍천군,차량단독,도로이탈,도로이탈 추락,안전운전 의무 불이행,단일로,기타단일로
25244,2017-04-05 15,주간,수,1,1,0,0,0,경기,고양시,차량단독,전도전복,전도전복,안전운전 의무 불이행,단일로,기타단일로
25245,2017-11-18 07,주간,토,1,1,0,0,0,전북,완주군,차량단독,도로이탈,도로이탈 추락,안전운전 의무 불이행,단일로,기타단일로
25246,2017-09-16 17,주간,토,1,1,0,0,0,강원,동해시,차대차,측면충돌,측면충돌,기타,교차로,교차로내
25247,2017-04-02 21,야간,일,1,1,0,0,0,경기,화성시,차대차,기타,기타,안전운전 의무 불이행,교차로,교차로내
25248,2017-10-09 20,야간,월,1,1,0,0,0,전북,정읍시,차대사람,횡단중,횡단중,안전운전 의무 불이행,교차로,교차로부근
25249,2017-02-15 08,주간,수,1,2,0,0,1,경기,평택시,차대차,정면충돌,정면충돌,기타,교차로,교차로내
25250,2017-11-24 03,야간,금,1,1,0,0,0,충북,옥천군,차대차,측면충돌,측면충돌,안전운전 의무 불이행,단일로,기타단일로
25251,2017-07-06 16,주간,목,1,1,0,0,0,경기,군포시,차대사람,횡단중,횡단중,보행자 보호의무 위반,교차로,교차로횡단보도내
25252,2017-09-30 17,주간,토,1,1,0,0,0,전북,김제시,차량단독,도로이탈,도로이탈 기타,안전운전 의무 불이행,단일로,기타단일로
25253,2017-10-14 18,야간,토,1,1,0,0,0,경북,상주시,차대사람,횡단중,횡단중,안전운전 의무 불이행,단일로,기타단일로
25254,2017-03-13 11,주간,월,1,1,0,0,0,강원,원주시,차대차,기타,기타,중앙선 침범,교차로,교차로내
25255,2017-06-16 00,야간,금,1,1,0,0,0,서울,구로구,차대사람,기타,기타,안전운전 의무 불이행,단일로,기타단일로
25256,2017-08-04 11,주간,금,1,1,0,0,0,충남,보령시,차량단독,기타,기타,안전운전 의무 불이행,단일로,기타단일로
25257,2017-10-15 12,주간,일,1,1,0,0,0,경북,상주시,차대차,측면충돌,측면충돌,안전운전 의무 불이행,단일로,기타단일로
25258,2017-10-23 14,주간,월,1,3,0,0,2,전남,나주시,차대차,측면충돌,측면충돌,교차로 통행방법 위반,교차로,교차로내
25259,2017-10-20 22,야간,금,1,6,3,2,0,광주,동구,차대차,기타,기타,중앙선 침범,단일로,고가도로위
25260,2017-05-14 00,야간,일,1,3,0,0,2,경기,이천시,차대차,추돌,추돌,안전운전 의무 불이행,단일로,기타단일로
25261,2017-05-15 03,야간,월,1,2,0,0,1,서울,동작구,차량단독,도로이탈,도로이탈 기타,안전운전 의무 불이행,단일로,기타단일로
25262,2017-11-14 10,주간,화,1,1,0,0,0,충남,공주시,차대차,추돌,추돌,안전운전 의무 불이행,단일로,기타단일로
25263,2017-08-31 14,주간,목,1,1,0,0,0,서울,성북구,차대차,측면충돌,측면충돌,안전거리 미확보,단일로,기타단일로
25264,2017-05-15 09,주간,월,1,2,0,1,0,서울,강동구,차대차,기타,기타,안전운전 의무 불이행,단일로,기타단일로
25265,2017-09-25 11,주간,월,1,1,0,0,0,서울,종로구,차대사람,횡단중,횡단중,신호위반,교차로,교차로부근
25266,2017-12-27 18,야간,수,1,1,0,0,0,서울,은평구,차대사람,횡단중,횡단중,신호위반,단일로,기타단일로
25267,2017-04-22 19,야간,토,1,1,0,0,0,울산,남구,차대사람,횡단중,횡단중,안전운전 의무 불이행,단일로,기타단일로
25268,2017-10-09 10,주간,월,1,1,0,0,0,경남,밀양시,차대차,측면충돌,측면충돌,안전운전 의무 불이행,단일로,기타단일로
25269,2017-06-10 09,주간,토,1,1,0,0,0,인천,중구,차대차,측면충돌,측면충돌,신호위반,교차로,교차로내
25270,2017-10-13 23,야간,금,1,4,1,2,0,전북,정읍시,차대사람,기타,기타,안전운전 의무 불이행,단일로,기타단일로
25271,2017-05-07 14,주간,일,1,2,1,0,0,강원,강릉시,차량단독,전도,전도,안전운전 의무 불이행,교차로,교차로내
25272,2017-03-03 10,주간,금,1,1,0,0,0,대구,수성구,차대사람,횡단중,횡단중,안전운전 의무 불이행,교차로,교차로부근
25273,2017-05-04 14,주간,목,1,1,0,0,0,서울,양천구,차대사람,기타,기타,안전운전 의무 불이행,단일로,기타단일로
25274,2017-05-22 11,주간,월,1,1,0,0,0,대구,중구,차대사람,횡단중,횡단중,안전운전 의무 불이행,교차로,교차로부근
25275,2017-08-14 23,야간,월,1,1,0,0,0,전남,광양시,차대사람,횡단중,횡단중,안전운전 의무 불이행,단일로,기타단일로
25276,2017-05-18 06,주간,목,1,1,0,0,0,서울,동작구,차대사람,횡단중,횡단중,안전운전 의무 불이행,단일로,기타단일로
25277,2017-11-26 13,주간,일,1,2,1,0,0,부산,기장군,차대차,정면충돌,정면충돌,중앙선 침범,기타,기타
25278,2017-05-05 06,주간,금,1,1,0,0,0,충남,서산시,차량단독,공작물충돌,공작물충돌,안전운전 의무 불이행,단일로,기타단일로
25279,2017-05-07 04,야간,일,1,1,0,0,0,경남,김해시,차대사람,횡단중,횡단중,안전운전 의무 불이행,단일로,기타단일로
25280,2017-05-19 14,주간,금,1,2,1,0,0,충북,충주시,차량단독,전도,전도,안전운전 의무 불이행,단일로,기타단일로
25281,2017-10-11 18,야간,수,1,1,0,0,0,경남,밀양시,차대사람,길가장자리구역통행중,길가장자리구역통행중,안전운전 의무 불이행,단일로,기타단일로
25282,2017-08-14 13,주간,월,1,2,0,1,0,경북,칠곡군,차대차,정면충돌,정면충돌,중앙선 침범,단일로,기타단일로
25283,2017-05-19 19,야간,금,1,2,1,0,0,충북,충주시,차대차,측면충돌,측면충돌,안전운전 의무 불이행,교차로,교차로내
25284,2017-06-28 16,주간,수,1,1,0,0,0,충북,제천시,차대차,정면충돌,정면충돌,중앙선 침범,단일로,기타단일로
25285,2017-04-19 17,주간,수,1,1,0,0,0,전남,여수시,차대사람,길가장자리구역통행중,길가장자리구역통행중,안전운전 의무 불이행,단일로,기타단일로
25286,2017-09-10 04,야간,일,1,1,0,0,0,울산,동구,차량단독,기타,기타,안전운전 의무 불이행,단일로,기타단일로
25287,2017-11-28 17,주간,화,1,1,0,0,0,전북,완주군,차대사람,횡단중,횡단중,안전운전 의무 불이행,교차로,교차로횡단보도내
25288,2017-08-07 06,주간,월,1,1,0,0,0,경남,창원시(통합),차대차,측면충돌,측면충돌,과속,단일로,기타단일로
25289,2017-10-17 08,주간,화,1,2,0,1,0,전북,정읍시,차대차,추돌,추돌,안전운전 의무 불이행,교차로,교차로부근
25290,2017-03-20 09,주간,월,1,3,0,2,0,대구,달서구,차대차,추돌,추돌,안전운전 의무 불이행,교차로,교차로부근
25291,2017-05-27 03,야간,토,1,1,0,0,0,경기,안성시,차대사람,차도통행중,차도통행중,안전운전 의무 불이행,단일로,기타단일로
25292,2017-09-11 11,주간,월,1,1,0,0,0,울산,동구,차대차,측면충돌,측면충돌,안전운전 의무 불이행,단일로,기타단일로
25293,2017-10-27 21,야간,금,1,1,0,0,0,경북,상주시,차량단독,도로이탈,도로이탈 기타,안전운전 의무 불이행,단일로,기타단일로
25294,2017-08-06 10,주간,일,1,1,0,0,0,경북,김천시,차대차,측면충돌,측면충돌,안전운전 의무 불이행,단일로,기타단일로
25295,2017-10-28 18,야간,토,1,1,0,0,0,경북,상주시,차대차,측면충돌,측면충돌,안전운전 의무 불이행,단일로,기타단일로
25296,2017-03-14 03,야간,화,1,1,0,0,0,경기,시흥시,차대차,정면충돌,정면충돌,신호위반,교차로,교차로내
25297,2017-05-04 18,야간,목,1,1,0,0,0,충남,천안시,차량단독,전도전복,전도전복,안전운전 의무 불이행,단일로,기타단일로
25298,2017-04-14 10,주간,금,1,1,0,0,0,경남,양산시,차대사람,횡단중,횡단중,안전운전 의무 불이행,단일로,기타단일로
25299,2017-10-06 19,야간,금,1,1,0,0,0,경기,여주시,차대사람,차도통행중,차도통행중,안전운전 의무 불이행,단일로,기타단일로
25300,2017-06-26 19,야간,월,1,1,0,0,0,부산,북구,차대사람,횡단중,횡단중,안전운전 의무 불이행,단일로,기타단일로
25301,2017-05-10 15,주간,수,1,1,0,0,0,경기,안양시,차대사람,횡단중,횡단중,신호위반,교차로,교차로횡단보도내
25302,2017-03-21 19,야간,화,1,1,0,0,0,광주,광산구,차대사람,기타,기타,안전운전 의무 불이행,단일로,기타단일로
25303,2017-03-21 19,야간,화,1,1,0,0,0,광주,광산구,차대차,측면충돌,측면충돌,안전거리 미확보,단일로,기타단일로
25304,2017-08-17 19,야간,목,1,1,0,0,0,전남,광양시,차대차,측면충돌,측면충돌,중앙선 침범,단일로,기타단일로
25305,2017-09-04 20,야간,월,1,2,1,0,0,경기,양평군,차대차,정면충돌,정면충돌,중앙선 침범,단일로,기타단일로
25306,2017-04-09 14,주간,일,1,1,0,0,0,경북,경주시,차량단독,전도,전도,안전운전 의무 불이행,단일로,기타단일로
25307,2017-07-19 05,야간,수,1,1,0,0,0,경남,창원시(통합),차량단독,전도전복,전도전복,안전운전 의무 불이행,단일로,기타단일로
25308,2017-05-22 11,주간,월,2,4,1,1,0,충북,충주시,차대차,정면충돌,정면충돌,중앙선 침범,교차로,교차로부근
25309,2017-05-10 00,야간,수,1,1,0,0,0,강원,강릉시,차량단독,공작물충돌,공작물충돌,과속,교차로,교차로부근
25310,2017-03-23 21,야간,목,1,1,0,0,0,경북,경산시,차량단독,공작물충돌,공작물충돌,안전운전 의무 불이행,교차로,교차로부근
25311,2017-09-14 00,야간,목,1,1,0,0,0,울산,동구,차대사람,횡단중,횡단중,보행자 보호의무 위반,교차로,교차로내
25312,2017-07-19 17,주간,수,1,1,0,0,0,경남,창원시(통합),차대차,측면충돌,측면충돌,안전운전 의무 불이행,단일로,기타단일로
25313,2017-10-29 09,주간,일,1,1,0,0,0,경북,상주시,차대차,측면충돌,측면충돌,안전운전 의무 불이행,단일로,기타단일로
25314,2017-09-26 15,주간,화,1,1,0,0,0,부산,금정구,차대차,추돌,추돌,안전운전 의무 불이행,단일로,기타단일로
25315,2017-04-12 20,야간,수,1,1,0,0,0,경기,김포시,차대사람,횡단중,횡단중,안전운전 의무 불이행,교차로,교차로부근
25316,2017-10-14 20,야간,토,1,1,0,0,0,전북,김제시,차대차,추돌,추돌,안전운전 의무 불이행,단일로,기타단일로
25317,2017-04-23 04,야간,일,3,4,1,0,0,전남,여수시,차대차,측면충돌,측면충돌,안전운전 의무 불이행,단일로,기타단일로
25318,2017-09-09 04,야간,토,1,2,1,0,0,서울,성북구,차대사람,횡단중,횡단중,안전운전 의무 불이행,단일로,기타단일로
25319,2017-08-19 13,주간,토,1,1,0,0,0,부산,강서구,차대사람,횡단중,횡단중,신호위반,교차로,교차로횡단보도내
25320,2017-04-05 00,야간,수,1,1,0,0,0,충북,청주시,차대사람,횡단중,횡단중,과속,교차로,교차로횡단보도내
25321,2017-09-14 23,야간,목,1,1,0,0,0,경남,사천시,차대사람,횡단중,횡단중,안전운전 의무 불이행,교차로,교차로내
25322,2017-03-23 11,주간,목,1,1,0,0,0,광주,광산구,차대사람,횡단중,횡단중,안전운전 의무 불이행,교차로,교차로부근
25323,2017-05-23 02,야간,화,1,1,0,0,0,충북,충주시,차량단독,전도전복,전도전복,안전운전 의무 불이행,교차로,교차로부근
25324,2017-09-09 02,야간,토,1,1,0,0,0,부산,동구,차대사람,기타,기타,안전운전 의무 불이행,단일로,기타단일로
25325,2017-12-06 23,야간,수,1,1,0,0,0,전북,완주군,차대차,기타,기타,안전운전 의무 불이행,단일로,기타단일로
25326,2017-10-16 12,주간,월,1,4,3,0,0,전북,김제시,차대차,추돌,추돌,안전거리 미확보,교차로,교차로부근
25327,2017-04-18 06,주간,화,1,1,0,0,0,전북,익산시,차대차,측면충돌,측면충돌,중앙선 침범,단일로,기타단일로
25328,2017-05-25 23,야간,목,2,2,0,0,0,경남,거제시,차량단독,전도,전도,안전운전 의무 불이행,단일로,기타단일로
25329,2017-07-17 15,주간,월,1,1,0,0,0,광주,남구,차대사람,횡단중,횡단중,안전운전 의무 불이행,단일로,기타단일로
25330,2017-06-14 12,주간,수,1,1,0,0,0,인천,부평구,차대사람,기타,기타,안전운전 의무 불이행,교차로,교차로내
25331,2017-03-15 06,주간,수,1,5,0,4,0,경기,시흥시,차대차,추돌,추돌,안전거리 미확보,단일로,기타단일로
25332,2017-07-16 04,야간,일,1,1,0,0,0,경기,군포시,차대사람,횡단중,횡단중,과속,교차로,교차로횡단보도내
25333,2017-11-01 18,야간,수,1,1,0,0,0,경북,상주시,차대사람,횡단중,횡단중,안전운전 의무 불이행,교차로,교차로내
25334,2017-09-09 23,야간,토,1,2,1,0,0,경기,양평군,차대차,정면충돌,정면충돌,중앙선 침범,교차로,교차로내
25335,2017-03-11 00,야간,토,1,1,0,0,0,경기,수원시,차대사람,횡단중,횡단중,안전운전 의무 불이행,기타,기타
25336,2017-10-24 22,야간,화,1,1,0,0,0,부산,서구,차대사람,기타,기타,안전운전 의무 불이행,교차로,교차로횡단보도내
25337,2017-06-10 21,야간,토,1,1,0,0,0,경기,용인시,차대사람,횡단중,횡단중,안전운전 의무 불이행,단일로,기타단일로
25338,2017-11-01 16,주간,수,1,1,0,0,0,경북,상주시,차량단독,전도,전도,안전운전 의무 불이행,단일로,기타단일로
25339,2017-06-10 06,주간,토,1,1,0,0,0,부산,동래구,차대차,측면충돌,측면충돌,신호위반,단일로,기타단일로
25340,2017-11-07 10,주간,화,1,1,0,0,0,전남,나주시,차대차,추돌,추돌,안전운전 의무 불이행,단일로,기타단일로
25341,2017-05-22 21,야간,월,1,1,0,0,0,서울,강동구,차대차,정면충돌,정면충돌,신호위반,교차로,교차로내
25342,2017-04-29 20,야간,토,1,1,0,0,0,강원,춘천시,차대사람,횡단중,횡단중,안전운전 의무 불이행,단일로,기타단일로
25343,2017-04-07 23,야간,금,1,1,0,0,0,서울,마포구,차대사람,횡단중,횡단중,과속,단일로,기타단일로