교통사고이력ID(사고기록 순서),발생년월일시,주야코드,요일코드,사망자수,부상자수,중상자수,경상자수,부상신고자수,발생지시도코드,발생지시도코드,사고유형대분류코드,사고유형중분류코드,사고유형코드,법규위반코드,도로형태대분류코드,도로로형태코드
25544,2017-11-21 21,야간,화,1,2,0,1,0,충북,음성군,차대차,측면충돌,측면충돌,중앙선 침범,단일로,기타단일로
25545,2017-06-01 13,주간,목,1,2,1,0,0,대구,북구,차대차,측면충돌,측면충돌,신호위반,교차로,교차로내
25546,2017-09-11 04,야간,월,1,1,0,0,0,경기,부천시,차량단독,기타,기타,안전운전 의무 불이행,단일로,기타단일로
25547,2017-03-30 02,야간,목,1,1,0,0,0,서울,송파구,차량단독,주정차차량 충돌,주정차차량 충돌,안전운전 의무 불이행,교차로,교차로부근
25548,2017-07-26 14,주간,수,1,1,0,0,0,충남,당진시,차량단독,공작물충돌,공작물충돌,안전운전 의무 불이행,단일로,기타단일로
25549,2017-12-14 03,야간,목,1,1,0,0,0,전북,김제시,차대차,정면충돌,정면충돌,중앙선 침범,단일로,기타단일로
25550,2017-05-06 03,야간,토,1,2,0,1,0,대전,동구,차대차,추돌,추돌,안전운전 의무 불이행,단일로,기타단일로
25551,2017-12-07 05,야간,목,1,1,0,0,0,전북,정읍시,차대사람,횡단중,횡단중,안전운전 의무 불이행,교차로,교차로내
25552,2017-12-04 04,야간,월,1,1,0,0,0,서울,종로구,차대사람,기타,기타,안전운전 의무 불이행,단일로,기타단일로
25553,2017-06-22 21,야간,목,1,2,0,1,0,경기,이천시,차대차,추돌,추돌,안전운전 의무 불이행,단일로,기타단일로
25554,2017-06-09 01,야간,금,1,1,0,0,0,서울,강남구,차대차,측면충돌,측면충돌,신호위반,교차로,교차로내
25555,2017-05-03 16,주간,수,1,1,0,0,0,충북,청주시,차대차,기타,기타,안전운전 의무 불이행,교차로,교차로부근
25556,2017-09-04 19,야간,월,1,1,0,0,0,인천,서구,차대사람,차도통행중,차도통행중,안전운전 의무 불이행,단일로,교량위
25557,2017-10-21 18,야간,토,1,1,0,0,0,충남,논산시,차량단독,전도전복,전도전복,안전운전 의무 불이행,단일로,기타단일로
25558,2017-11-26 05,야간,일,1,1,0,0,0,강원,동해시,차량단독,공작물충돌,공작물충돌,안전운전 의무 불이행,단일로,기타단일로
25559,2017-12-22 11,주간,금,1,1,0,0,0,광주,동구,차대사람,횡단중,횡단중,보행자 보호의무 위반,교차로,교차로횡단보도내
25560,2017-12-09 00,야간,토,1,1,0,0,0,전북,정읍시,차대사람,횡단중,횡단중,안전운전 의무 불이행,기타,기타
25561,2017-05-29 22,야간,월,1,1,0,0,0,충남,천안시,차대사람,횡단중,횡단중,안전운전 의무 불이행,교차로,교차로내
25562,2017-04-25 20,야간,화,1,1,0,0,0,경기,화성시,차대사람,횡단중,횡단중,안전운전 의무 불이행,단일로,기타단일로
25563,2017-09-07 10,주간,목,1,1,0,0,0,경남,통영시,차대차,측면충돌,측면충돌,중앙선 침범,교차로,교차로부근
25564,2017-04-29 19,야간,토,1,1,0,0,0,경북,경주시,차대사람,기타,기타,안전운전 의무 불이행,단일로,기타단일로
25565,2017-05-13 23,야간,토,1,1,0,0,0,경북,포항시,차대사람,차도통행중,차도통행중,안전운전 의무 불이행,단일로,기타단일로
25566,2017-08-21 04,야간,월,1,1,0,0,0,경기,군포시,차대차,추돌,추돌,안전운전 의무 불이행,단일로,기타단일로
25567,2017-10-28 21,야간,토,2,2,0,0,0,경기,양평군,차량단독,공작물충돌,공작물충돌,안전운전 의무 불이행,단일로,기타단일로
25568,2017-04-30 10,주간,일,1,3,0,2,0,경북,경주시,차대차,측면충돌,측면충돌,중앙선 침범,단일로,기타단일로
25569,2017-06-24 08,주간,토,1,1,0,0,0,부산,사하구,차대차,기타,기타,안전운전 의무 불이행,단일로,기타단일로
25570,2017-06-30 23,야간,금,1,1,0,0,0,경기,성남시,차대사람,횡단중,횡단중,안전운전 의무 불이행,단일로,기타단일로
25571,2017-04-17 00,야간,월,1,3,0,2,0,경기,파주시,차대차,추돌,추돌,안전운전 의무 불이행,단일로,고가도로위
25572,2017-04-30 10,주간,일,1,1,0,0,0,경북,경주시,차대사람,횡단중,횡단중,보행자 보호의무 위반,단일로,기타단일로
25573,2017-09-02 20,야간,토,1,1,0,0,0,경기,부천시,차대사람,횡단중,횡단중,과속,교차로,교차로부근
25574,2017-03-30 04,야간,목,1,5,0,4,0,경기,안산시,차대차,정면충돌,정면충돌,보행자 보호의무 위반,교차로,교차로내
25575,2017-05-15 09,주간,월,1,1,0,0,0,경북,포항시,차대사람,보도통행중,보도통행중,안전운전 의무 불이행,단일로,기타단일로
25576,2017-03-24 00,야간,금,1,1,0,0,0,경기,수원시,차대사람,차도통행중,차도통행중,안전운전 의무 불이행,단일로,기타단일로
25577,2017-08-04 23,야간,금,1,1,0,0,0,부산,북구,차대차,측면충돌,측면충돌,중앙선 침범,단일로,기타단일로
25578,2017-10-06 14,주간,금,1,1,0,0,0,전남,광양시,차대차,측면충돌,측면충돌,중앙선 침범,단일로,기타단일로
25579,2017-06-29 14,주간,목,1,1,0,0,0,경기,고양시,차량단독,전도,전도,안전운전 의무 불이행,단일로,기타단일로
25580,2017-08-29 01,야간,화,1,1,0,0,0,경남,창원시(통합),차대차,정면충돌,정면충돌,안전운전 의무 불이행,교차로,교차로부근
25581,2017-09-03 09,주간,일,1,1,0,0,0,서울,성북구,차대사람,기타,기타,안전운전 의무 불이행,단일로,기타단일로
25582,2017-06-01 21,야간,목,1,2,1,0,0,충남,천안시,차대차,측면충돌,측면충돌,중앙선 침범,단일로,기타단일로
25583,2017-12-22 07,주간,금,1,1,0,0,0,전북,김제시,차대차,정면충돌,정면충돌,중앙선 침범,단일로,기타단일로
25584,2017-07-22 12,주간,토,1,2,0,0,1,인천,옹진군,차량단독,공작물충돌,공작물충돌,안전운전 의무 불이행,교차로,교차로부근
25585,2017-10-15 17,주간,일,1,1,0,0,0,경북,칠곡군,차량단독,기타,기타,안전운전 의무 불이행,단일로,기타단일로
25586,2017-08-02 06,주간,수,1,1,0,0,0,서울,성동구,차대차,측면충돌,측면충돌,중앙선 침범,단일로,기타단일로
25587,2017-06-19 04,야간,월,1,1,0,0,0,경기,성남시,차대차,기타,기타,중앙선 침범,단일로,기타단일로
25588,2017-07-16 04,야간,일,1,1,0,0,0,대구,달성군,차량단독,공작물충돌,공작물충돌,과속,교차로,교차로내
25589,2017-12-30 23,야간,토,1,6,2,3,0,광주,동구,차대차,정면충돌,정면충돌,중앙선 침범,단일로,기타단일로
25590,2017-04-27 21,야간,목,1,1,0,0,0,경기,화성시,차대차,정면충돌,정면충돌,과속,교차로,교차로내
25591,2017-03-30 01,야간,목,1,1,0,0,0,충북,청주시,차량단독,기타,기타,안전운전 의무 불이행,교차로,교차로부근
25592,2017-04-24 21,야간,월,1,1,0,0,0,전북,전주시,차대차,추돌,추돌,안전운전 의무 불이행,단일로,기타단일로
25593,2017-04-26 11,주간,수,1,1,0,0,0,제주,제주시,차대차,기타,기타,안전거리 미확보,단일로,기타단일로
25594,2017-10-10 12,주간,화,1,1,0,0,0,전남,광양시,차대차,측면충돌,측면충돌,기타,교차로,교차로내
25595,2017-08-07 15,주간,월,1,1,0,0,0,경남,창원시(통합),차대사람,횡단중,횡단중,안전운전 의무 불이행,단일로,기타단일로
25596,2017-05-19 13,주간,금,1,2,1,0,0,제주,서귀포시,차량단독,전도,전도,안전운전 의무 불이행,단일로,기타단일로
25597,2017-04-21 08,주간,금,1,1,0,0,0,서울,영등포구,차대사람,횡단중,횡단중,안전운전 의무 불이행,단일로,기타단일로
25598,2017-06-03 08,주간,토,1,1,0,0,0,충남,천안시,차대사람,횡단중,횡단중,안전운전 의무 불이행,단일로,기타단일로
25599,2017-09-07 04,야간,목,1,2,0,1,0,경기,부천시,차대차,정면충돌,정면충돌,안전운전 의무 불이행,교차로,교차로내
25600,2017-04-21 14,주간,금,1,1,0,0,0,서울,영등포구,차대사람,차도통행중,차도통행중,안전운전 의무 불이행,단일로,기타단일로
25601,2017-11-14 19,야간,화,1,1,0,0,0,울산,동구,차대차,기타,기타,안전운전 의무 불이행,교차로,교차로내
25602,2017-09-28 20,야간,목,1,1,0,0,0,경북,김천시,차량단독,공작물충돌,공작물충돌,안전운전 의무 불이행,단일로,기타단일로
25603,2017-10-15 07,주간,일,1,1,0,0,0,부산,강서구,차량단독,공작물충돌,공작물충돌,안전운전 의무 불이행,단일로,기타단일로
25604,2017-09-08 07,주간,금,1,1,0,0,0,경기,부천시,차대차,추돌,추돌,안전운전 의무 불이행,단일로,기타단일로
25605,2017-11-08 04,야간,수,1,1,0,0,0,서울,성북구,차대차,측면충돌,측면충돌,중앙선 침범,교차로,교차로횡단보도내
25606,2017-05-03 09,주간,수,1,1,0,0,0,경북,경주시,차대사람,길가장자리구역통행중,길가장자리구역통행중,안전운전 의무 불이행,단일로,기타단일로
25607,2017-10-22 01,야간,일,1,1,0,0,0,경북,영천시,차량단독,공작물충돌,공작물충돌,안전운전 의무 불이행,교차로,교차로부근
25608,2017-10-30 18,야간,월,1,1,0,0,0,충남,논산시,차대사람,횡단중,횡단중,안전운전 의무 불이행,단일로,기타단일로
25609,2017-05-12 15,주간,금,1,6,0,5,0,대전,서구,차대차,측면충돌,측면충돌,안전운전 의무 불이행,단일로,기타단일로
25610,2017-06-29 02,야간,목,1,1,0,0,0,경기,이천시,차대사람,기타,기타,안전운전 의무 불이행,단일로,기타단일로
25611,2017-07-24 16,주간,월,1,1,0,0,0,부산,사상구,차대사람,횡단중,횡단중,안전운전 의무 불이행,교차로,교차로부근
25612,2017-04-15 15,주간,토,1,1,0,0,0,충남,아산시,차대차,기타,기타,중앙선 침범,단일로,기타단일로
25613,2017-07-25 05,야간,화,1,2,1,0,0,부산,사상구,차대차,측면충돌,측면충돌,중앙선 침범,단일로,기타단일로
25614,2017-06-17 11,주간,토,1,1,0,0,0,서울,강서구,차대차,측면충돌,측면충돌,기타,단일로,기타단일로
25615,2017-09-20 01,야간,수,1,1,0,0,0,경남,통영시,차대사람,횡단중,횡단중,보행자 보호의무 위반,단일로,기타단일로
25616,2017-09-14 12,주간,목,1,1,0,0,0,경기,안산시,차대사람,기타,기타,안전운전 의무 불이행,단일로,기타단일로
25617,2017-08-11 02,야간,금,1,1,0,0,0,충북,제천시,차대사람,기타,기타,안전운전 의무 불이행,교차로,교차로부근
25618,2017-06-28 00,야간,수,1,2,1,0,0,충북,충주시,차대차,기타,기타,신호위반,교차로,교차로내
25619,2017-12-22 18,야간,금,1,1,0,0,0,경남,밀양시,차대사람,기타,기타,안전운전 의무 불이행,단일로,기타단일로
25620,2017-12-06 14,주간,수,1,1,0,0,0,충북,음성군,차대사람,횡단중,횡단중,과속,교차로,교차로내
25621,2017-06-23 19,야간,금,1,1,0,0,0,서울,강동구,차대사람,횡단중,횡단중,신호위반,교차로,교차로내
25622,2017-07-15 21,야간,토,1,1,0,0,0,대구,남구,차대사람,횡단중,횡단중,안전운전 의무 불이행,단일로,기타단일로
25623,2017-10-19 21,야간,목,1,1,0,0,0,부산,강서구,차대차,측면충돌,측면충돌,중앙선 침범,단일로,기타단일로
25624,2017-07-27 04,야간,목,1,1,0,0,0,부산,사상구,차량단독,주정차차량 충돌,주정차차량 충돌,안전운전 의무 불이행,단일로,기타단일로
25625,2017-07-14 07,주간,금,1,3,0,2,0,부산,동래구,차대차,측면충돌,측면충돌,안전운전 의무 불이행,단일로,기타단일로
25626,2017-05-23 02,야간,화,1,1,0,0,0,전남,여수시,차대사람,기타,기타,안전운전 의무 불이행,단일로,기타단일로
25627,2017-09-11 19,야간,월,1,1,0,0,0,경남,창원시(통합),차대사람,길가장자리구역통행중,길가장자리구역통행중,안전운전 의무 불이행,단일로,기타단일로
25628,2017-05-14 21,야간,일,1,1,0,0,0,대전,동구,차대사람,횡단중,횡단중,안전운전 의무 불이행,단일로,기타단일로
25629,2017-12-21 05,야간,목,1,1,0,0,0,충북,진천군,차대차,추돌,추돌,안전운전 의무 불이행,단일로,기타단일로
25630,2017-04-04 08,주간,화,1,1,0,0,0,경기,시흥시,차대사람,기타,기타,과속,단일로,기타단일로
25631,2017-05-05 11,주간,금,1,4,0,3,0,경북,경주시,차대차,추돌,추돌,안전운전 의무 불이행,단일로,기타단일로
25632,2017-04-04 08,주간,화,1,1,0,0,0,경기,시흥시,차량단독,공작물충돌,공작물충돌,안전운전 의무 불이행,단일로,기타단일로
25633,2017-09-07 16,주간,목,1,1,0,0,0,광주,남구,차대차,정면충돌,정면충돌,안전운전 의무 불이행,단일로,기타단일로
25634,2017-10-17 10,주간,화,1,1,0,0,0,전남,광양시,차대사람,보도통행중,보도통행중,안전운전 의무 불이행,단일로,기타단일로
25635,2017-04-14 22,야간,금,1,1,0,0,0,광주,광산구,차대사람,횡단중,횡단중,안전운전 의무 불이행,단일로,기타단일로
25636,2017-05-10 03,야간,수,1,1,0,0,0,대구,달서구,차대차,추돌,추돌,안전운전 의무 불이행,단일로,기타단일로
25637,2017-07-12 04,야간,수,1,1,0,0,0,경기,양주시,차대사람,횡단중,횡단중,안전운전 의무 불이행,단일로,기타단일로
25638,2017-12-28 11,주간,목,1,1,0,0,0,경남,밀양시,차량단독,공작물충돌,공작물충돌,안전운전 의무 불이행,교차로,교차로부근
25639,2017-09-02 01,야간,토,1,1,0,0,0,경기,군포시,차대사람,횡단중,횡단중,안전운전 의무 불이행,교차로,교차로횡단보도내
25640,2017-10-23 11,주간,월,1,1,0,0,0,부산,강서구,차대사람,차도통행중,차도통행중,안전운전 의무 불이행,단일로,기타단일로
25641,2017-05-30 20,야간,화,1,1,0,0,0,강원,춘천시,차대사람,차도통행중,차도통행중,안전운전 의무 불이행,단일로,기타단일로
25642,2017-05-27 14,주간,토,1,1,0,0,0,전남,순천시,차대차,추돌,추돌,안전운전 의무 불이행,단일로,기타단일로
25643,2017-05-13 22,야간,토,1,1,0,0,0,경기,김포시,차량단독,전도,전도,안전운전 의무 불이행,교차로,교차로내
25644,2017-04-24 07,주간,월,1,1,0,0,0,경기,파주시,차량단독,공작물충돌,공작물충돌,안전운전 의무 불이행,단일로,기타단일로
25645,2017-12-26 13,주간,화,1,1,0,0,0,충북,진천군,차대사람,기타,기타,안전운전 의무 불이행,단일로,기타단일로
25646,2017-12-27 14,주간,수,1,6,1,4,0,서울,종로구,차대차,추돌,추돌,안전운전 의무 불이행,단일로,기타단일로
25647,2017-05-23 10,주간,화,1,2,0,1,0,경북,포항시,차대차,정면충돌,정면충돌,안전운전 의무 불이행,기타,기타
25648,2017-04-01 16,주간,토,1,1,0,0,0,경기,화성시,차대차,측면충돌,측면충돌,신호위반,교차로,교차로내
25649,2017-07-12 22,야간,수,1,1,0,0,0,경기,성남시,차대사람,횡단중,횡단중,안전운전 의무 불이행,단일로,기타단일로
25650,2017-07-05 03,야간,수,1,2,1,0,0,경기,이천시,차대차,정면충돌,정면충돌,중앙선 침범,단일로,기타단일로
25651,2017-09-10 13,주간,일,1,1,0,0,0,경남,창원시(통합),차대사람,기타,기타,안전운전 의무 불이행,교차로,교차로내
25652,2017-05-31 17,주간,수,1,1,0,0,0,강원,춘천시,차대차,측면충돌,측면충돌,교차로 통행방법 위반,교차로,교차로내
25653,2017-11-10 10,주간,금,1,1,0,0,0,충남,논산시,차대차,측면충돌,측면충돌,신호위반,교차로,교차로내
25654,2017-04-12 10,주간,수,1,1,0,0,0,광주,북구,차대사람,횡단중,횡단중,기타,단일로,기타단일로
25655,2017-08-01 17,주간,화,1,1,0,0,0,서울,구로구,차대사람,횡단중,횡단중,안전운전 의무 불이행,교차로,교차로부근
25656,2017-11-01 13,주간,수,1,2,1,0,0,경북,영천시,차대사람,횡단중,횡단중,안전운전 의무 불이행,단일로,기타단일로
25657,2017-12-04 20,야간,월,1,1,0,0,0,경남,사천시,차대사람,차도통행중,차도통행중,안전운전 의무 불이행,단일로,기타단일로
25658,2017-04-12 19,야간,수,1,1,0,0,0,광주,북구,차대사람,횡단중,횡단중,안전운전 의무 불이행,단일로,기타단일로
25659,2017-04-28 00,야간,금,1,1,0,0,0,서울,영등포구,차대사람,횡단중,횡단중,안전운전 의무 불이행,단일로,교량위
25660,2017-05-14 20,야간,일,1,1,0,0,0,충북,청주시,차대사람,횡단중,횡단중,보행자 보호의무 위반,교차로,교차로횡단보도내
25661,2017-05-08 18,야간,월,1,1,0,0,0,경북,경주시,차대차,측면충돌,측면충돌,신호위반,교차로,교차로내
25662,2017-06-23 06,주간,금,1,1,0,0,0,경기,안양시,차대차,측면충돌,측면충돌,안전운전 의무 불이행,교차로,교차로부근
25663,2017-05-18 15,주간,목,1,1,0,0,0,대전,동구,차량단독,전도,전도,안전운전 의무 불이행,기타,기타
25664,2017-06-20 09,주간,화,1,1,0,0,0,강원,강릉시,차대사람,기타,기타,안전운전 의무 불이행,교차로,교차로내
25665,2017-06-02 15,주간,금,1,2,0,1,0,강원,춘천시,차대사람,횡단중,횡단중,안전운전 의무 불이행,단일로,기타단일로
25666,2017-12-20 05,야간,수,1,1,0,0,0,충북,음성군,차량단독,전도전복,전도전복,안전운전 의무 불이행,단일로,기타단일로
25667,2017-08-20 01,야간,일,1,1,0,0,0,경기,하남시,차량단독,공작물충돌,공작물충돌,안전운전 의무 불이행,단일로,지하차도(도로)내
25668,2017-08-13 23,야간,일,1,1,0,0,0,충남,당진시,차량단독,전도전복,전도전복,안전운전 의무 불이행,단일로,기타단일로
25669,2017-12-26 19,야간,화,1,1,0,0,0,경남,창원시(통합),차대차,추돌,추돌,안전운전 의무 불이행,단일로,기타단일로
25670,2017-05-28 20,야간,일,1,2,0,1,0,전북,전주시,차대차,정면충돌,정면충돌,신호위반,교차로,교차로내
25671,2017-05-19 23,야간,금,1,1,0,0,0,전북,익산시,차대사람,횡단중,횡단중,안전운전 의무 불이행,단일로,기타단일로
25672,2017-11-02 22,야간,목,1,1,0,0,0,경북,칠곡군,차량단독,전도,전도,안전운전 의무 불이행,교차로,교차로부근
25673,2017-10-17 17,주간,화,1,2,0,1,0,경북,김천시,차대차,정면충돌,정면충돌,중앙선 침범,단일로,기타단일로
25674,2017-06-26 21,야간,월,1,1,0,0,0,경남,김해시,차대차,측면충돌,측면충돌,신호위반,교차로,교차로내
25675,2017-11-06 18,야간,월,1,1,0,0,0,경북,영천시,차대사람,횡단중,횡단중,보행자 보호의무 위반,교차로,교차로내
25676,2017-10-18 08,주간,수,1,1,0,0,0,경북,김천시,차대차,측면충돌,측면충돌,안전운전 의무 불이행,단일로,기타단일로
25677,2017-11-30 22,야간,목,1,1,0,0,0,서울,은평구,차대사람,횡단중,횡단중,안전운전 의무 불이행,단일로,기타단일로
25678,2017-04-16 20,야간,일,1,1,0,0,0,충남,천안시,차대사람,기타,기타,안전운전 의무 불이행,교차로,교차로부근
25679,2017-05-26 22,야간,금,1,1,0,0,0,전남,목포시,차대사람,횡단중,횡단중,안전운전 의무 불이행,단일로,기타단일로
25680,2017-04-24 08,주간,월,1,1,0,0,0,경북,경산시,차대차,측면충돌,측면충돌,안전운전 의무 불이행,교차로,교차로횡단보도내
25681,2017-03-27 08,주간,월,1,5,4,0,0,경북,구미시,차량단독,공작물충돌,공작물충돌,안전운전 의무 불이행,단일로,기타단일로
25682,2017-05-20 00,야간,토,1,1,0,0,0,대전,동구,차대사람,횡단중,횡단중,안전운전 의무 불이행,단일로,기타단일로
25683,2017-04-07 11,주간,금,1,1,0,0,0,경기,안산시,차대차,정면충돌,정면충돌,신호위반,교차로,교차로내
25684,2017-04-12 23,야간,수,1,1,0,0,0,경기,용인시,차량단독,공작물충돌,공작물충돌,안전운전 의무 불이행,교차로,교차로부근
25685,2017-05-11 18,야간,목,1,2,1,0,0,경기,고양시,차량단독,전도전복,전도전복,안전운전 의무 불이행,단일로,기타단일로
25686,2017-04-22 02,야간,토,1,1,0,0,0,대구,동구,차량단독,공작물충돌,공작물충돌,안전운전 의무 불이행,단일로,기타단일로
25687,2017-08-06 11,주간,일,1,1,0,0,0,인천,옹진군,차량단독,공작물충돌,공작물충돌,안전운전 의무 불이행,단일로,기타단일로
25688,2017-04-15 01,야간,토,2,3,0,1,0,광주,북구,차대차,정면충돌,정면충돌,안전운전 의무 불이행,교차로,교차로횡단보도내
25689,2017-08-08 09,주간,화,1,1,0,0,0,경북,안동시,차대차,측면충돌,측면충돌,안전운전 의무 불이행,단일로,기타단일로
25690,2017-08-16 21,야간,수,1,1,0,0,0,충남,당진시,차량단독,공작물충돌,공작물충돌,안전운전 의무 불이행,교차로,교차로부근
25691,2017-04-15 03,야간,토,1,1,0,0,0,광주,북구,차대사람,횡단중,횡단중,안전운전 의무 불이행,단일로,기타단일로
25692,2017-11-08 13,주간,수,1,1,0,0,0,경북,영천시,차량단독,공작물충돌,공작물충돌,안전운전 의무 불이행,단일로,기타단일로
25693,2017-06-12 10,주간,월,1,1,0,0,0,충남,천안시,차량단독,전도전복,전도전복,안전운전 의무 불이행,단일로,기타단일로
25694,2017-07-14 22,야간,금,1,1,0,0,0,서울,용산구,차대차,기타,기타,과속,단일로,교량위
25695,2017-09-20 19,야간,수,1,1,0,0,0,경남,창원시(통합),차대사람,횡단중,횡단중,안전운전 의무 불이행,단일로,기타단일로
25696,2017-07-29 08,주간,토,1,1,0,0,0,경남,진주시,차대사람,차도통행중,차도통행중,안전운전 의무 불이행,교차로,교차로부근
25697,2017-07-18 10,주간,화,1,1,0,0,0,경기,안성시,차대차,기타,기타,안전운전 의무 불이행,교차로,교차로내
25698,2017-03-06 10,주간,월,1,1,0,0,0,경기,평택시,차대사람,기타,기타,안전운전 의무 불이행,단일로,기타단일로
25699,2017-12-04 16,주간,월,1,1,0,0,0,서울,은평구,차대사람,차도통행중,차도통행중,안전운전 의무 불이행,단일로,기타단일로
25700,2017-06-29 03,야간,목,1,1,0,0,0,서울,강서구,차대사람,횡단중,횡단중,안전운전 의무 불이행,단일로,기타단일로
25701,2017-12-26 18,야간,화,1,1,0,0,0,충북,음성군,차대사람,횡단중,횡단중,안전운전 의무 불이행,단일로,기타단일로
25702,2017-09-25 14,주간,월,1,1,0,0,0,서울,성북구,차대차,측면충돌,측면충돌,신호위반,교차로,교차로내
25703,2017-08-23 16,주간,수,1,1,0,0,0,서울,성동구,차대차,측면충돌,측면충돌,안전운전 의무 불이행,교차로,교차로내
25704,2017-08-24 05,야간,목,1,1,0,0,0,충북,제천시,차대사람,횡단중,횡단중,신호위반,교차로,교차로부근
25705,2017-06-16 08,주간,금,1,1,0,0,0,경북,포항시,차대사람,차도통행중,차도통행중,과속,단일로,기타단일로
25706,2017-05-08 00,야간,월,1,1,0,0,0,제주,제주시,차량단독,전도,전도,안전운전 의무 불이행,교차로,교차로부근
25707,2017-05-12 11,주간,금,1,1,0,0,0,경북,경주시,차량단독,전도전복,전도전복,안전운전 의무 불이행,단일로,기타단일로
25708,2017-11-05 23,야간,일,1,1,0,0,0,부산,강서구,차대사람,횡단중,횡단중,안전운전 의무 불이행,단일로,기타단일로
25709,2017-10-23 18,야간,월,1,1,0,0,0,충남,보령시,차대사람,길가장자리구역통행중,길가장자리구역통행중,안전운전 의무 불이행,단일로,기타단일로
25710,2017-06-03 06,주간,토,1,1,0,0,0,제주,서귀포시,차대차,기타,기타,안전운전 의무 불이행,단일로,기타단일로
25711,2017-08-27 21,야간,일,1,1,0,0,0,경남,창원시(통합),차대차,기타,기타,안전운전 의무 불이행,단일로,기타단일로
25712,2017-04-30 00,야간,일,1,2,1,0,0,서울,영등포구,차량단독,공작물충돌,공작물충돌,안전운전 의무 불이행,교차로,교차로내
25713,2017-07-07 21,야간,금,1,3,0,2,0,경기,성남시,차대차,추돌,추돌,안전운전 의무 불이행,단일로,고가도로위
25714,2017-05-05 20,야간,금,1,1,0,0,0,전북,전주시,차대사람,횡단중,횡단중,보행자 보호의무 위반,교차로,교차로횡단보도내
25715,2017-09-05 16,주간,화,1,1,0,0,0,울산,울주군,차대차,정면충돌,정면충돌,중앙선 침범,단일로,기타단일로
25716,2017-08-26 04,야간,토,1,1,0,0,0,부산,북구,차량단독,공작물충돌,공작물충돌,안전운전 의무 불이행,단일로,기타단일로
25717,2017-04-10 22,야간,월,1,4,1,2,0,경기,수원시,차대차,정면충돌,정면충돌,신호위반,교차로,교차로내
25718,2017-05-12 17,주간,금,1,1,0,0,0,경북,경주시,차대차,측면충돌,측면충돌,안전운전 의무 불이행,교차로,교차로내
25719,2017-12-02 19,야간,토,1,1,0,0,0,서울,성북구,차대사람,횡단중,횡단중,안전운전 의무 불이행,교차로,교차로부근
25720,2017-10-26 23,야간,목,1,1,0,0,0,경남,창원시(통합),차대차,기타,기타,안전운전 의무 불이행,단일로,기타단일로
25721,2017-05-08 00,야간,월,1,2,1,0,0,전북,전주시,차량단독,전도전복,전도전복,안전운전 의무 불이행,단일로,지하차도(도로)내
25722,2017-10-25 20,야간,수,1,1,0,0,0,충남,보령시,차대차,기타,기타,안전운전 의무 불이행,단일로,기타단일로
25723,2017-05-15 08,주간,월,1,1,0,0,0,서울,마포구,차대사람,횡단중,횡단중,안전운전 의무 불이행,교차로,교차로횡단보도내
25724,2017-09-22 19,야간,금,1,1,0,0,0,광주,남구,차대사람,횡단중,횡단중,과속,단일로,기타단일로
25725,2017-06-23 10,주간,금,1,3,1,0,1,울산,북구,차대차,측면충돌,측면충돌,안전운전 의무 불이행,단일로,기타단일로
25726,2017-05-20 10,주간,토,1,1,0,0,0,경기,김포시,차대차,기타,기타,안전운전 의무 불이행,단일로,기타단일로
25727,2017-06-05 08,주간,월,1,1,0,0,0,제주,서귀포시,차량단독,전도전복,전도전복,안전운전 의무 불이행,단일로,기타단일로
25728,2017-06-05 19,야간,월,1,1,0,0,0,전남,순천시,차량단독,전도,전도,안전운전 의무 불이행,교차로,교차로부근
25729,2017-05-26 15,주간,금,1,1,0,0,0,부산,수영구,차량단독,기타,기타,안전운전 의무 불이행,단일로,기타단일로
25730,2017-06-15 15,주간,목,1,1,0,0,0,충남,천안시,차대사람,횡단중,횡단중,안전운전 의무 불이행,교차로,교차로내
25731,2017-12-26 20,야간,화,2,4,2,0,0,경남,사천시,차량단독,공작물충돌,공작물충돌,안전운전 의무 불이행,단일로,기타단일로
25732,2017-07-11 17,주간,화,1,1,0,0,0,충북,충주시,차량단독,전도전복,전도전복,안전운전 의무 불이행,단일로,기타단일로
25733,2017-08-15 20,야간,화,1,1,0,0,0,경기,포천시,차대사람,횡단중,횡단중,보행자 보호의무 위반,단일로,기타단일로
25734,2017-07-31 21,야간,월,1,1,0,0,0,대구,남구,차대사람,횡단중,횡단중,안전운전 의무 불이행,교차로,교차로내
25735,2017-12-31 18,야간,일,1,4,1,0,2,경남,사천시,차대차,추돌,추돌,안전운전 의무 불이행,단일로,기타단일로
25736,2017-10-08 23,야간,일,1,1,0,0,0,세종,세종,차대차,측면충돌,측면충돌,안전운전 의무 불이행,단일로,기타단일로
25737,2017-07-06 04,야간,목,1,2,0,1,0,경기,용인시,차대차,기타,기타,안전운전 의무 불이행,기타,기타
25738,2017-04-11 14,주간,화,1,3,2,0,0,충북,청주시,차대차,추돌,추돌,안전운전 의무 불이행,단일로,기타단일로
25739,2017-09-16 12,주간,토,1,1,0,0,0,경기,군포시,차대차,기타,기타,신호위반,교차로,교차로내
25740,2017-07-22 03,야간,토,1,2,0,1,0,서울,용산구,차대사람,기타,기타,안전운전 의무 불이행,단일로,기타단일로
25741,2017-07-17 21,야간,월,2,2,0,0,0,경기,이천시,차대차,정면충돌,정면충돌,안전운전 의무 불이행,단일로,기타단일로