교통사고이력ID(사고기록 순서),발생년월일시,주야코드,요일코드,사망자수,부상자수,중상자수,경상자수,부상신고자수,발생지시도코드,발생지시도코드,사고유형대분류코드,사고유형중분류코드,사고유형코드,법규위반코드,도로형태대분류코드,도로로형태코드
25943,2017-12-21 00,야간,목,1,1,0,0,0,경남,창원시(통합),차량단독,공작물충돌,공작물충돌,안전운전 의무 불이행,단일로,교량위
25944,2017-06-10 20,야간,토,1,1,0,0,0,경기,김포시,차대사람,기타,기타,안전운전 의무 불이행,단일로,기타단일로
25945,2017-03-19 02,야간,일,1,1,0,0,0,경기,평택시,차대사람,횡단중,횡단중,안전운전 의무 불이행,단일로,기타단일로
25946,2017-06-13 00,야간,화,1,1,0,0,0,충북,청주시,차대사람,횡단중,횡단중,과속,단일로,기타단일로
25947,2017-06-27 04,야간,화,1,1,0,0,0,전남,목포시,차대사람,횡단중,횡단중,보행자 보호의무 위반,단일로,기타단일로
25948,2017-06-20 09,주간,화,1,1,0,0,0,경남,양산시,차대차,측면충돌,측면충돌,기타,교차로,교차로횡단보도내
25949,2017-05-07 22,야간,일,1,1,0,0,0,광주,북구,차대사람,횡단중,횡단중,안전운전 의무 불이행,교차로,교차로부근
25950,2017-06-02 20,야간,금,1,3,0,2,0,제주,제주시,차대차,정면충돌,정면충돌,중앙선 침범,단일로,기타단일로
25951,2017-07-03 09,주간,월,1,1,0,0,0,제주,서귀포시,차대사람,횡단중,횡단중,기타,기타,기타
25952,2017-05-02 04,야간,화,1,2,1,0,0,강원,원주시,차대차,측면충돌,측면충돌,중앙선 침범,단일로,기타단일로
25953,2017-07-25 00,야간,화,1,1,0,0,0,경기,수원시,차대사람,횡단중,횡단중,과속,교차로,교차로부근
25954,2017-10-28 20,야간,토,1,1,0,0,0,울산,울주군,차대사람,차도통행중,차도통행중,안전운전 의무 불이행,단일로,기타단일로
25955,2017-11-14 04,야간,화,1,1,0,0,0,광주,남구,차대사람,횡단중,횡단중,안전운전 의무 불이행,교차로,교차로부근
25956,2017-11-19 02,야간,일,1,1,0,0,0,경남,창원시(통합),차대차,추돌,추돌,안전운전 의무 불이행,단일로,기타단일로
25957,2017-05-06 18,야간,토,1,3,0,2,0,제주,제주시,차대차,기타,기타,중앙선 침범,단일로,기타단일로
25958,2017-05-27 21,야간,토,1,1,0,0,0,인천,남구,차대사람,차도통행중,차도통행중,안전운전 의무 불이행,교차로,교차로부근
25959,2017-06-28 17,주간,수,1,3,1,1,0,전남,여수시,차대차,측면충돌,측면충돌,안전운전 의무 불이행,교차로,교차로내
25960,2017-08-14 13,주간,월,1,1,0,0,0,서울,강서구,차대차,정면충돌,정면충돌,안전운전 의무 불이행,단일로,기타단일로
25961,2017-08-12 11,주간,토,1,1,0,0,0,서울,강동구,차대차,측면충돌,측면충돌,기타,교차로,교차로내
25962,2017-12-06 18,야간,수,1,1,0,0,0,경기,부천시,차대사람,횡단중,횡단중,안전운전 의무 불이행,단일로,기타단일로
25963,2017-06-01 17,주간,목,1,1,0,0,0,전북,전주시,차대사람,횡단중,횡단중,안전운전 의무 불이행,단일로,기타단일로
25964,2017-06-05 20,야간,월,1,1,0,0,0,경기,화성시,차대사람,횡단중,횡단중,안전운전 의무 불이행,단일로,기타단일로
25965,2017-11-16 06,주간,목,1,1,0,0,0,광주,남구,차대사람,기타,기타,안전운전 의무 불이행,교차로,교차로부근
25966,2017-05-31 03,야간,수,1,1,0,0,0,인천,남구,차대사람,횡단중,횡단중,안전운전 의무 불이행,교차로,교차로내
25967,2017-07-05 02,야간,수,1,1,0,0,0,서울,노원구,차대사람,차도통행중,차도통행중,안전운전 의무 불이행,단일로,기타단일로
25968,2017-09-13 19,야간,수,1,1,0,0,0,서울,구로구,차대사람,차도통행중,차도통행중,안전운전 의무 불이행,단일로,기타단일로
25969,2017-11-21 05,야간,화,1,1,0,0,0,서울,성북구,차대사람,횡단중,횡단중,안전운전 의무 불이행,교차로,교차로내
25970,2017-09-28 03,야간,목,1,2,0,1,0,충남,당진시,차량단독,공작물충돌,공작물충돌,안전운전 의무 불이행,단일로,기타단일로
25971,2017-09-01 11,주간,금,1,1,0,0,0,대구,중구,차대차,측면충돌,측면충돌,안전운전 의무 불이행,교차로,교차로횡단보도내
25972,2017-09-19 22,야간,화,1,1,0,0,0,부산,사상구,차대차,측면충돌,측면충돌,기타,단일로,기타단일로
25973,2017-06-29 04,야간,목,1,2,1,0,0,전남,목포시,차량단독,전도,전도,과속,단일로,기타단일로
25974,2017-06-06 21,야간,화,1,1,0,0,0,경기,화성시,차대사람,횡단중,횡단중,신호위반,단일로,기타단일로
25975,2017-05-18 12,주간,목,1,1,0,0,0,대구,동구,차대사람,길가장자리구역통행중,길가장자리구역통행중,안전운전 의무 불이행,단일로,기타단일로
25976,2017-06-12 23,야간,월,1,1,0,0,0,대구,달서구,차대차,측면충돌,측면충돌,과속,교차로,교차로횡단보도내
25977,2017-07-24 14,주간,월,1,1,0,0,0,울산,중구,차대사람,횡단중,횡단중,보행자 보호의무 위반,교차로,교차로횡단보도내
25978,2017-07-26 23,야간,수,1,1,0,0,0,강원,강릉시,차대사람,횡단중,횡단중,안전운전 의무 불이행,교차로,교차로부근
25979,2017-11-15 14,주간,수,1,1,0,0,0,경기,부천시,차대사람,횡단중,횡단중,보행자 보호의무 위반,교차로,교차로내
25980,2017-09-22 23,야간,금,1,1,0,0,0,경북,안동시,차대사람,길가장자리구역통행중,길가장자리구역통행중,안전운전 의무 불이행,단일로,기타단일로
25981,2017-11-18 16,주간,토,1,1,0,0,0,광주,남구,차대차,측면충돌,측면충돌,신호위반,교차로,교차로내
25982,2017-08-14 09,주간,월,1,2,1,0,0,충북,충주시,차량단독,전도,전도,안전운전 의무 불이행,교차로,교차로내
25983,2017-05-19 04,야간,금,1,1,0,0,0,대구,동구,차대차,추돌,추돌,안전운전 의무 불이행,단일로,기타단일로
25984,2017-07-07 02,야간,금,1,1,0,0,0,전남,순천시,차대사람,횡단중,횡단중,안전운전 의무 불이행,교차로,교차로내
25985,2017-07-17 11,주간,월,1,1,0,0,0,충남,서산시,차대사람,횡단중,횡단중,안전운전 의무 불이행,교차로,교차로횡단보도내
25986,2017-11-09 21,야간,목,1,2,0,1,0,경남,창원시(통합),차대차,추돌,추돌,안전운전 의무 불이행,단일로,기타단일로
25987,2017-09-24 19,야간,일,1,1,0,0,0,경북,안동시,차량단독,전도전복,전도전복,안전운전 의무 불이행,단일로,기타단일로
25988,2017-05-18 00,야간,목,1,1,0,0,0,경기,의정부시,차대사람,횡단중,횡단중,안전운전 의무 불이행,교차로,교차로횡단보도내
25989,2017-11-20 17,주간,월,1,1,0,0,0,광주,남구,차대사람,횡단중,횡단중,보행자 보호의무 위반,단일로,기타단일로
25990,2017-07-02 13,주간,일,1,1,0,0,0,서울,서초구,차대사람,횡단중,횡단중,안전운전 의무 불이행,단일로,기타단일로
25991,2017-05-18 06,주간,목,1,1,0,0,0,대전,중구,차량단독,전도전복,전도전복,안전운전 의무 불이행,단일로,기타단일로
25992,2017-10-20 18,야간,금,1,1,0,0,0,경남,창원시(통합),차대사람,횡단중,횡단중,안전운전 의무 불이행,단일로,기타단일로
25993,2017-09-22 13,주간,금,1,1,0,0,0,대구,달성군,차대차,측면충돌,측면충돌,안전운전 의무 불이행,교차로,교차로내
25994,2017-08-31 16,주간,목,1,1,0,0,0,경기,용인시,차량단독,기타,기타,신호위반,교차로,교차로부근
25995,2017-09-26 07,주간,화,1,2,1,0,0,경북,안동시,차량단독,전도,전도,안전운전 의무 불이행,단일로,기타단일로
25996,2017-04-24 04,야간,월,1,1,0,0,0,경기,수원시,차대사람,횡단중,횡단중,신호위반,교차로,교차로내
25997,2017-05-07 02,야간,일,1,1,0,0,0,경기,용인시,차량단독,공작물충돌,공작물충돌,안전운전 의무 불이행,단일로,기타단일로
25998,2017-08-23 08,주간,수,1,1,0,0,0,경기,이천시,차대차,측면충돌,측면충돌,안전운전 의무 불이행,단일로,기타단일로
25999,2017-10-24 11,주간,화,1,1,0,0,0,서울,서대문구,차대사람,횡단중,횡단중,안전운전 의무 불이행,단일로,기타단일로
26000,2017-10-25 00,야간,수,1,6,3,1,1,서울,서대문구,차대사람,기타,기타,안전운전 의무 불이행,교차로,교차로내
26001,2017-07-03 10,주간,월,1,1,0,0,0,전북,익산시,차대차,측면충돌,측면충돌,신호위반,교차로,교차로내
26002,2017-06-17 20,야간,토,1,2,0,1,0,충북,청주시,차대차,정면충돌,정면충돌,신호위반,교차로,교차로내
26003,2017-06-09 10,주간,금,1,2,1,0,0,제주,제주시,차대차,측면충돌,측면충돌,안전운전 의무 불이행,교차로,교차로부근
26004,2017-12-15 07,주간,금,1,1,0,0,0,경기,부천시,차대사람,횡단중,횡단중,보행자 보호의무 위반,교차로,교차로횡단보도내
26005,2017-10-04 02,야간,수,1,1,0,0,0,서울,강북구,차대차,측면충돌,측면충돌,안전운전 의무 불이행,단일로,기타단일로
26006,2017-06-13 04,야간,화,1,2,1,0,0,경기,광주시,차대차,측면충돌,측면충돌,중앙선 침범,교차로,교차로내
26007,2017-06-18 17,주간,일,1,1,0,0,0,충북,청주시,차대차,측면충돌,측면충돌,안전운전 의무 불이행,단일로,기타단일로
26008,2017-05-16 02,야간,화,1,1,0,0,0,인천,남동구,차대차,측면충돌,측면충돌,신호위반,교차로,교차로내
26009,2017-05-03 07,주간,수,1,4,2,1,0,경기,시흥시,차대차,측면충돌,측면충돌,기타,교차로,교차로내
26010,2017-06-16 10,주간,금,1,1,0,0,0,경기,고양시,차대사람,횡단중,횡단중,보행자 보호의무 위반,단일로,기타단일로
26011,2017-07-30 03,야간,일,1,1,0,0,0,강원,강릉시,차대사람,기타,기타,안전운전 의무 불이행,교차로,교차로횡단보도내
26012,2017-08-19 08,주간,토,1,1,0,0,0,충북,충주시,차대사람,횡단중,횡단중,안전운전 의무 불이행,교차로,교차로내
26013,2017-07-25 14,주간,화,1,1,0,0,0,서울,양천구,차대사람,차도통행중,차도통행중,안전운전 의무 불이행,단일로,기타단일로
26014,2017-10-09 15,주간,월,1,1,0,0,0,충남,당진시,차대차,추돌,추돌,안전거리 미확보,교차로,교차로부근
26015,2017-05-13 01,야간,토,1,1,0,0,0,제주,제주시,차대사람,횡단중,횡단중,보행자 보호의무 위반,단일로,기타단일로
26016,2017-11-24 02,야간,금,1,1,0,0,0,세종,세종,차대차,추돌,추돌,안전운전 의무 불이행,단일로,기타단일로
26017,2017-09-19 19,야간,화,1,1,0,0,0,서울,구로구,차대사람,기타,기타,안전운전 의무 불이행,단일로,기타단일로
26018,2017-11-22 17,주간,수,1,1,0,0,0,경남,창원시(통합),차대사람,횡단중,횡단중,안전운전 의무 불이행,교차로,교차로횡단보도내
26019,2017-08-28 07,주간,월,1,19,9,9,0,경남,거제시,차대차,추돌,추돌,안전운전 의무 불이행,단일로,기타단일로
26020,2017-10-23 23,야간,월,1,1,0,0,0,부산,북구,차대사람,횡단중,횡단중,안전운전 의무 불이행,단일로,기타단일로
26021,2017-09-02 04,야간,토,1,1,0,0,0,서울,용산구,차량단독,공작물충돌,공작물충돌,과속,단일로,고가도로위
26022,2017-07-20 18,야간,목,1,2,1,0,0,충남,천안시,차대차,정면충돌,정면충돌,중앙선 침범,단일로,기타단일로
26023,2017-07-05 11,주간,수,1,1,0,0,0,전남,신안군,차대차,정면충돌,정면충돌,중앙선 침범,단일로,기타단일로
26024,2017-10-27 07,주간,금,1,2,0,1,0,경남,창원시(통합),차대차,추돌,추돌,안전운전 의무 불이행,단일로,기타단일로
26025,2017-10-06 06,주간,금,1,1,0,0,0,경기,포천시,차량단독,전도,전도,안전운전 의무 불이행,단일로,기타단일로
26026,2017-07-12 21,야간,수,1,2,1,0,0,서울,노원구,차대사람,횡단중,횡단중,안전운전 의무 불이행,단일로,기타단일로
26027,2017-08-25 15,주간,금,1,1,0,0,0,서울,동작구,차대차,측면충돌,측면충돌,신호위반,교차로,교차로내
26028,2017-09-14 14,주간,목,1,3,2,0,0,경기,양주시,차량단독,전도전복,전도전복,안전운전 의무 불이행,단일로,기타단일로
26029,2017-07-25 04,야간,화,1,1,0,0,0,충남,서산시,차량단독,공작물충돌,공작물충돌,안전운전 의무 불이행,교차로,교차로부근
26030,2017-11-28 18,야간,화,1,1,0,0,0,경기,부천시,차대사람,횡단중,횡단중,안전운전 의무 불이행,단일로,기타단일로
26031,2017-05-15 19,야간,월,1,1,0,0,0,대전,유성구,차대사람,횡단중,횡단중,안전운전 의무 불이행,교차로,교차로부근
26032,2017-08-01 11,주간,화,1,2,0,1,0,대구,북구,차대차,측면충돌,측면충돌,안전운전 의무 불이행,단일로,기타단일로
26033,2017-07-31 18,야간,월,1,1,0,0,0,울산,중구,차대사람,기타,기타,안전운전 의무 불이행,단일로,기타단일로
26034,2017-11-30 19,야간,목,1,1,0,0,0,강원,양양군,차대사람,횡단중,횡단중,안전운전 의무 불이행,교차로,교차로내
26035,2017-04-28 05,야간,금,1,1,0,0,0,경기,남양주시,차대사람,횡단중,횡단중,신호위반,교차로,교차로횡단보도내
26036,2017-07-13 10,주간,목,1,1,0,0,0,제주,서귀포시,차대사람,차도통행중,차도통행중,안전운전 의무 불이행,단일로,기타단일로
26037,2017-06-04 00,야간,일,1,1,0,0,0,전북,군산시,차대사람,기타,기타,안전운전 의무 불이행,교차로,교차로내
26038,2017-07-05 21,야간,수,1,1,0,0,0,울산,울주군,차대사람,횡단중,횡단중,신호위반,교차로,교차로부근
26039,2017-10-24 12,주간,화,1,2,1,0,0,충북,제천시,차대차,측면충돌,측면충돌,중앙선 침범,교차로,교차로내
26040,2017-06-15 03,야간,목,1,1,0,0,0,충북,청주시,차대사람,횡단중,횡단중,안전운전 의무 불이행,교차로,교차로내
26041,2017-06-18 00,야간,일,1,1,0,0,0,서울,마포구,차대사람,차도통행중,차도통행중,안전운전 의무 불이행,단일로,기타단일로
26042,2017-09-30 17,주간,토,1,1,0,0,0,부산,사상구,차대사람,횡단중,횡단중,보행자 보호의무 위반,단일로,기타단일로
26043,2017-09-24 01,야간,일,1,2,1,0,0,경남,진주시,차대차,정면충돌,정면충돌,중앙선 침범,단일로,기타단일로
26044,2017-08-03 20,야간,목,1,1,0,0,0,강원,강릉시,차대사람,횡단중,횡단중,과속,교차로,교차로횡단보도내
26045,2017-05-20 06,주간,토,1,4,2,1,0,충남,천안시,차대차,정면충돌,정면충돌,기타,교차로,교차로내
26046,2017-07-20 03,야간,목,1,1,0,0,0,강원,춘천시,차대사람,횡단중,횡단중,보행자 보호의무 위반,교차로,교차로부근
26047,2017-10-26 02,야간,목,1,1,0,0,0,충북,제천시,차량단독,기타,기타,안전운전 의무 불이행,단일로,기타단일로
26048,2017-07-11 08,주간,화,1,1,0,0,0,전북,전주시,차대사람,횡단중,횡단중,안전운전 의무 불이행,교차로,교차로부근
26049,2017-04-22 02,야간,토,1,1,0,0,0,경북,구미시,차량단독,전도전복,전도전복,안전운전 의무 불이행,단일로,기타단일로
26050,2017-09-11 19,야간,월,1,1,0,0,0,경기,안성시,차대사람,기타,기타,안전운전 의무 불이행,단일로,기타단일로
26051,2017-04-22 21,야간,토,1,1,0,0,0,경북,구미시,차대사람,횡단중,횡단중,안전운전 의무 불이행,단일로,기타단일로
26052,2017-10-13 20,야간,금,1,1,0,0,0,서울,강북구,차대사람,기타,기타,기타,단일로,기타단일로
26053,2017-12-17 02,야간,일,1,1,0,0,0,경남,김해시,차대사람,횡단중,횡단중,안전운전 의무 불이행,단일로,기타단일로
26054,2017-05-13 17,주간,토,1,1,0,0,0,대구,달서구,차량단독,전도,전도,안전운전 의무 불이행,단일로,기타단일로
26055,2017-10-03 07,주간,화,1,2,1,0,0,부산,사상구,차대차,추돌,추돌,안전운전 의무 불이행,단일로,기타단일로
26056,2017-09-11 20,야간,월,1,1,0,0,0,경기,안성시,차대사람,기타,기타,안전운전 의무 불이행,단일로,기타단일로
26057,2017-10-26 06,주간,목,1,1,0,0,0,인천,계양구,차대사람,횡단중,횡단중,안전운전 의무 불이행,교차로,교차로횡단보도내
26058,2017-08-27 15,주간,일,1,1,0,0,0,서울,강동구,차대사람,기타,기타,기타,교차로,교차로횡단보도내
26059,2017-10-14 06,주간,토,1,2,0,1,0,경기,포천시,차대차,기타,기타,안전운전 의무 불이행,단일로,터널안
26060,2017-07-10 20,야간,월,1,1,0,0,0,전남,목포시,차대차,측면충돌,측면충돌,안전운전 의무 불이행,단일로,기타단일로
26061,2017-10-06 03,야간,금,1,1,0,0,0,대구,달성군,차량단독,기타,기타,안전운전 의무 불이행,단일로,기타단일로
26062,2017-07-03 18,야간,월,1,2,0,1,0,경남,양산시,차대차,측면충돌,측면충돌,신호위반,교차로,교차로내
26063,2017-10-06 05,야간,금,1,1,0,0,0,부산,사상구,차대사람,횡단중,횡단중,안전운전 의무 불이행,단일로,기타단일로
26064,2017-07-03 20,야간,월,1,1,0,0,0,경남,양산시,차대차,측면충돌,측면충돌,중앙선 침범,단일로,기타단일로
26065,2017-12-02 22,야간,토,1,1,0,0,0,세종,세종,차대사람,기타,기타,안전운전 의무 불이행,단일로,기타단일로
26066,2017-12-04 18,야간,월,1,1,0,0,0,경남,창원시(통합),차대사람,길가장자리구역통행중,길가장자리구역통행중,안전운전 의무 불이행,단일로,기타단일로
26067,2017-11-02 05,야간,목,1,1,0,0,0,부산,북구,차대사람,횡단중,횡단중,신호위반,단일로,기타단일로
26068,2017-05-22 15,주간,월,1,1,0,0,0,대구,달서구,차대차,측면충돌,측면충돌,교차로 통행방법 위반,교차로,교차로내
26069,2017-09-23 18,야간,토,1,1,0,0,0,대구,남구,차대사람,기타,기타,안전운전 의무 불이행,단일로,기타단일로
26070,2017-07-04 08,주간,화,1,1,0,0,0,경남,양산시,차량단독,전도전복,전도전복,안전운전 의무 불이행,교차로,교차로부근
26071,2017-07-13 18,야간,목,1,2,1,0,0,전북,익산시,차대차,측면충돌,측면충돌,신호위반,교차로,교차로내
26072,2017-07-14 09,주간,금,1,1,0,0,0,전북,익산시,차대사람,횡단중,횡단중,안전운전 의무 불이행,교차로,교차로횡단보도내
26073,2017-06-08 16,주간,목,1,1,0,0,0,경기,안산시,차대사람,횡단중,횡단중,과속,교차로,교차로내
26074,2017-11-29 04,야간,수,1,1,0,0,0,경기,군포시,차대차,기타,기타,안전운전 의무 불이행,단일로,교량위
26075,2017-07-14 21,야간,금,1,1,0,0,0,전북,익산시,차대사람,횡단중,횡단중,안전운전 의무 불이행,교차로,교차로횡단보도내
26076,2017-06-05 13,주간,월,1,2,1,0,0,경기,파주시,차대사람,횡단중,횡단중,기타,단일로,기타단일로
26077,2017-10-09 17,주간,월,1,1,0,0,0,대구,달성군,차대차,기타,기타,신호위반,교차로,교차로내
26078,2017-10-08 21,야간,일,1,1,0,0,0,부산,사상구,차대사람,횡단중,횡단중,신호위반,단일로,기타단일로
26079,2017-05-30 04,야간,화,1,2,1,0,0,대구,동구,차대차,측면충돌,측면충돌,기타,교차로,교차로내
26080,2017-10-09 21,야간,월,1,1,0,0,0,부산,사상구,차대사람,기타,기타,안전거리 미확보,교차로,교차로내
26081,2017-11-19 15,주간,일,1,1,0,0,0,부산,금정구,차대사람,기타,기타,안전운전 의무 불이행,단일로,기타단일로
26082,2017-07-15 22,야간,토,1,1,0,0,0,전북,익산시,차대사람,횡단중,횡단중,안전운전 의무 불이행,교차로,교차로부근
26083,2017-06-21 00,야간,수,1,1,0,0,0,경기,화성시,차량단독,전도전복,전도전복,안전운전 의무 불이행,단일로,기타단일로
26084,2017-11-14 08,주간,화,2,2,0,0,0,서울,성동구,차량단독,공작물충돌,공작물충돌,안전운전 의무 불이행,단일로,기타단일로
26085,2017-07-31 23,야간,월,1,5,3,1,0,충남,천안시,차대차,추돌,추돌,과속,단일로,고가도로위
26086,2017-06-09 17,주간,금,1,4,3,0,0,전북,군산시,차대차,정면충돌,정면충돌,중앙선 침범,단일로,기타단일로
26087,2017-07-15 21,야간,토,1,1,0,0,0,전남,여수시,차량단독,도로이탈,도로이탈 추락,안전운전 의무 불이행,교차로,교차로내
26088,2017-05-16 18,야간,화,1,1,0,0,0,경기,용인시,차량단독,전도전복,전도전복,안전운전 의무 불이행,기타,기타
26089,2017-09-08 16,주간,금,1,2,1,0,0,경기,이천시,차대차,측면충돌,측면충돌,안전거리 미확보,교차로,교차로부근
26090,2017-07-23 00,야간,일,1,1,0,0,0,제주,서귀포시,차대사람,횡단중,횡단중,안전운전 의무 불이행,교차로,교차로내
26091,2017-10-15 06,주간,일,1,1,0,0,0,서울,광진구,차대차,기타,기타,안전운전 의무 불이행,단일로,교량위
26092,2017-05-21 07,주간,일,1,1,0,0,0,제주,제주시,차량단독,전도전복,전도전복,안전운전 의무 불이행,단일로,기타단일로
26093,2017-09-12 14,주간,화,1,2,1,0,0,부산,사하구,차대사람,기타,기타,안전운전 의무 불이행,교차로,교차로내
26094,2017-10-12 23,야간,목,1,1,0,0,0,부산,사상구,차대사람,길가장자리구역통행중,길가장자리구역통행중,안전운전 의무 불이행,단일로,기타단일로
26095,2017-09-11 05,야간,월,1,2,1,0,0,경남,거제시,차량단독,공작물충돌,공작물충돌,과속,단일로,기타단일로
26096,2017-09-01 18,야간,금,1,1,0,0,0,충북,충주시,차대사람,기타,기타,안전운전 의무 불이행,단일로,기타단일로
26097,2017-10-27 09,주간,금,1,1,0,0,0,충남,당진시,차대사람,기타,기타,기타,단일로,기타단일로
26098,2017-10-21 16,주간,토,1,2,1,0,0,경기,포천시,차량단독,기타,기타,안전운전 의무 불이행,단일로,기타단일로
26099,2017-09-12 14,주간,화,1,1,0,0,0,서울,강서구,차대차,기타,기타,신호위반,교차로,교차로내
26100,2017-12-12 11,주간,화,1,1,0,0,0,경남,창원시(통합),차대사람,차도통행중,차도통행중,안전운전 의무 불이행,단일로,기타단일로
26101,2017-11-28 18,야간,화,1,1,0,0,0,울산,울주군,차대사람,차도통행중,차도통행중,안전운전 의무 불이행,단일로,기타단일로
26102,2017-09-07 20,야간,목,1,1,0,0,0,서울,강동구,차대사람,기타,기타,안전운전 의무 불이행,단일로,기타단일로
26103,2017-12-07 18,야간,목,1,1,0,0,0,경기,군포시,차대사람,기타,기타,안전운전 의무 불이행,단일로,기타단일로
26104,2017-08-30 10,주간,수,1,1,0,0,0,경남,김해시,차대차,측면충돌,측면충돌,안전운전 의무 불이행,교차로,교차로내
26105,2017-09-18 13,주간,월,1,3,0,0,2,경기,고양시,차대차,추돌,추돌,안전운전 의무 불이행,단일로,기타단일로
26106,2017-07-02 01,야간,일,1,1,0,0,0,충북,청주시,차량단독,전도전복,전도전복,중앙선 침범,단일로,기타단일로
26107,2017-11-07 18,야간,화,1,1,0,0,0,충북,제천시,차대사람,차도통행중,차도통행중,안전운전 의무 불이행,단일로,기타단일로
26108,2017-07-08 22,야간,토,1,1,0,0,0,대전,동구,차대사람,횡단중,횡단중,과속,단일로,기타단일로
26109,2017-10-05 03,야간,목,1,1,0,0,0,인천,부평구,차대차,기타,기타,안전운전 의무 불이행,교차로,교차로내
26110,2017-06-12 13,주간,월,1,1,0,0,0,서울,영등포구,차대차,정면충돌,정면충돌,안전운전 의무 불이행,기타,기타
26111,2017-05-01 03,야간,월,1,1,0,0,0,대구,수성구,차대사람,횡단중,횡단중,신호위반,교차로,교차로내
26112,2017-07-26 17,주간,수,1,2,1,0,0,제주,서귀포시,차대차,측면충돌,측면충돌,안전운전 의무 불이행,단일로,기타단일로
26113,2017-06-29 01,야간,목,1,1,0,0,0,경기,고양시,차대사람,횡단중,횡단중,안전운전 의무 불이행,단일로,기타단일로
26114,2017-12-24 19,야간,일,1,1,0,0,0,광주,남구,차대차,추돌,추돌,안전운전 의무 불이행,단일로,기타단일로
26115,2017-08-18 01,야간,금,1,3,0,1,1,경기,수원시,차대차,기타,기타,안전운전 의무 불이행,단일로,기타단일로
26116,2017-11-15 15,주간,수,1,1,0,0,0,부산,북구,차대차,기타,기타,기타,교차로,교차로부근
26117,2017-05-31 19,야간,수,1,6,4,1,0,광주,광산구,차대사람,기타,기타,기타,단일로,기타단일로
26118,2017-10-24 20,야간,화,1,1,0,0,0,경기,포천시,차대사람,횡단중,횡단중,보행자 보호의무 위반,교차로,교차로횡단보도내
26119,2017-08-10 18,야간,목,1,1,0,0,0,강원,강릉시,차대차,정면충돌,정면충돌,중앙선 침범,단일로,기타단일로
26120,2017-12-25 22,야간,월,1,1,0,0,0,광주,남구,차대차,측면충돌,측면충돌,안전운전 의무 불이행,교차로,교차로내
26121,2017-10-19 16,주간,목,1,1,0,0,0,대구,달성군,차대사람,횡단중,횡단중,안전운전 의무 불이행,기타,기타
26122,2017-11-16 21,야간,목,1,1,0,0,0,부산,북구,차량단독,기타,기타,안전운전 의무 불이행,단일로,기타단일로
26123,2017-11-17 10,주간,금,1,1,0,0,0,부산,북구,차대사람,횡단중,횡단중,안전운전 의무 불이행,교차로,교차로내
26124,2017-09-23 13,주간,토,1,3,1,1,0,경기,안성시,차대차,정면충돌,정면충돌,중앙선 침범,단일로,기타단일로
26125,2017-12-04 18,야간,월,1,1,0,0,0,울산,울주군,차대사람,차도통행중,차도통행중,안전운전 의무 불이행,단일로,기타단일로
26126,2017-11-21 06,주간,화,1,2,1,0,0,경남,창원시(통합),차대차,추돌,추돌,안전운전 의무 불이행,단일로,기타단일로
26127,2017-05-16 04,야간,화,1,1,0,0,0,경기,시흥시,차대차,추돌,추돌,안전운전 의무 불이행,교차로,교차로내
26128,2017-09-02 11,주간,토,1,105,9,68,27,경기,용인시,차대차,기타,기타,안전운전 의무 불이행,단일로,기타단일로
26129,2017-06-12 08,주간,월,1,1,0,0,0,경기,파주시,차대차,측면충돌,측면충돌,중앙선 침범,단일로,기타단일로
26130,2017-07-22 20,야간,토,1,1,0,0,0,서울,서초구,차대사람,횡단중,횡단중,안전운전 의무 불이행,단일로,기타단일로
26131,2017-06-28 08,주간,수,1,2,1,0,0,경기,화성시,차대차,측면충돌,측면충돌,기타,교차로,교차로내
26132,2017-06-25 20,야간,일,1,1,0,0,0,대전,대덕구,차대사람,횡단중,횡단중,안전운전 의무 불이행,교차로,교차로횡단보도내
26133,2017-09-07 16,주간,목,1,3,0,0,2,충북,충주시,차대차,기타,기타,안전운전 의무 불이행,교차로,교차로내
26134,2017-11-21 18,야간,화,1,1,0,0,0,경기,하남시,차대사람,횡단중,횡단중,중앙선 침범,단일로,기타단일로
26135,2017-07-22 03,야간,토,1,1,0,0,0,서울,서초구,차대사람,횡단중,횡단중,안전운전 의무 불이행,단일로,기타단일로
26136,2017-07-20 22,야간,목,1,2,1,0,0,대구,북구,차대차,측면충돌,측면충돌,신호위반,교차로,교차로내
26137,2017-06-10 02,야간,토,1,1,0,0,0,경기,성남시,차대차,추돌,추돌,안전운전 의무 불이행,교차로,교차로내
26138,2017-12-25 14,주간,월,1,1,0,0,0,경남,창원시(통합),차대사람,횡단중,횡단중,보행자 보호의무 위반,교차로,교차로횡단보도내
26139,2017-06-18 04,야간,일,1,3,2,0,0,서울,영등포구,차대차,정면충돌,정면충돌,중앙선 침범,단일로,기타단일로
26140,2017-10-30 11,주간,월,1,1,0,0,0,서울,강북구,차대사람,횡단중,횡단중,안전운전 의무 불이행,교차로,교차로부근
26141,2017-08-26 01,야간,토,1,1,0,0,0,서울,강남구,차대차,정면충돌,정면충돌,신호위반,교차로,교차로부근
26142,2017-10-23 18,야간,월,1,1,0,0,0,대구,달성군,차대사람,기타,기타,보행자 보호의무 위반,교차로,교차로횡단보도내
26143,2017-10-31 20,야간,화,1,1,0,0,0,경기,포천시,차대사람,차도통행중,차도통행중,안전운전 의무 불이행,단일로,기타단일로