교통사고이력ID(사고기록 순서),발생년월일시,주야코드,요일코드,사망자수,부상자수,중상자수,경상자수,부상신고자수,발생지시도코드,발생지시도코드,사고유형대분류코드,사고유형중분류코드,사고유형코드,법규위반코드,도로형태대분류코드,도로로형태코드
26544,2017-08-01 15,주간,화,1,1,0,0,0,경기,파주시,차대사람,횡단중,횡단중,안전운전 의무 불이행,교차로,교차로부근
26545,2017-08-11 23,야간,금,1,1,0,0,0,인천,남구,차대사람,횡단중,횡단중,안전운전 의무 불이행,단일로,기타단일로
26546,2017-12-07 17,주간,목,1,1,0,0,0,서울,강동구,차대사람,기타,기타,안전운전 의무 불이행,단일로,기타단일로
26547,2017-09-03 19,야간,일,1,1,0,0,0,충북,청주시,차대차,측면충돌,측면충돌,신호위반,교차로,교차로횡단보도내
26548,2017-11-21 14,주간,화,1,5,0,4,0,경기,화성시,차대차,기타,기타,안전거리 미확보,단일로,기타단일로
26549,2017-07-12 21,야간,수,1,1,0,0,0,광주,북구,차대사람,횡단중,횡단중,안전운전 의무 불이행,교차로,교차로횡단보도내
26550,2017-12-24 14,주간,일,1,1,0,0,0,경남,거제시,차량단독,전복,전복,안전운전 의무 불이행,단일로,기타단일로
26551,2017-09-16 06,주간,토,1,1,0,0,0,전남,여수시,차대사람,횡단중,횡단중,안전운전 의무 불이행,단일로,기타단일로
26552,2017-06-29 03,야간,목,1,2,1,0,0,경기,시흥시,차대차,측면충돌,측면충돌,안전운전 의무 불이행,단일로,기타단일로
26553,2017-12-19 19,야간,화,1,1,0,0,0,경기,안성시,차대사람,횡단중,횡단중,신호위반,교차로,교차로내
26554,2017-11-22 07,주간,수,1,1,0,0,0,경기,여주시,차량단독,기타,기타,안전운전 의무 불이행,단일로,기타단일로
26555,2017-12-27 12,주간,수,1,1,0,0,0,경기,양주시,차대차,정면충돌,정면충돌,중앙선 침범,단일로,기타단일로
26556,2017-12-26 09,주간,화,1,1,0,0,0,경남,거제시,차대사람,기타,기타,안전운전 의무 불이행,단일로,기타단일로
26557,2017-08-23 12,주간,수,1,1,0,0,0,경기,광주시,차대차,측면충돌,측면충돌,안전운전 의무 불이행,교차로,교차로내
26558,2017-10-22 18,야간,일,1,1,0,0,0,강원,강릉시,차대사람,기타,기타,안전운전 의무 불이행,단일로,교량위
26559,2017-08-23 18,야간,수,1,1,0,0,0,경기,광주시,차대차,측면충돌,측면충돌,기타,교차로,교차로부근
26560,2017-08-24 04,야간,목,1,1,0,0,0,서울,동대문구,차대사람,기타,기타,안전운전 의무 불이행,단일로,기타단일로
26561,2017-12-12 15,주간,화,1,1,0,0,0,경기,이천시,차량단독,공작물충돌,공작물충돌,안전운전 의무 불이행,교차로,교차로부근
26562,2017-07-17 09,주간,월,1,1,0,0,0,제주,제주시,차량단독,전도,전도,안전운전 의무 불이행,단일로,기타단일로
26563,2017-12-31 00,야간,일,1,1,0,0,0,경기,용인시,차대사람,차도통행중,차도통행중,과속,단일로,기타단일로
26564,2017-10-30 16,주간,월,1,1,0,0,0,서울,강남구,차대차,측면충돌,측면충돌,안전운전 의무 불이행,단일로,기타단일로
26565,2017-10-19 14,주간,목,1,1,0,0,0,충남,태안군,차량단독,전도전복,전도전복,안전운전 의무 불이행,단일로,기타단일로
26566,2017-09-24 22,야간,일,1,1,0,0,0,전남,목포시,차대사람,기타,기타,안전운전 의무 불이행,단일로,기타단일로
26567,2017-08-26 07,주간,토,1,1,0,0,0,서울,동대문구,차량단독,기타,기타,안전운전 의무 불이행,단일로,기타단일로
26568,2017-08-06 07,주간,일,1,1,0,0,0,경북,경산시,차량단독,공작물충돌,공작물충돌,안전운전 의무 불이행,단일로,기타단일로
26569,2017-10-20 06,주간,금,1,1,0,0,0,충남,서산시,차대차,측면충돌,측면충돌,중앙선 침범,단일로,기타단일로
26570,2017-08-31 22,야간,목,1,1,0,0,0,경기,김포시,차량단독,기타,기타,안전운전 의무 불이행,단일로,기타단일로
26571,2017-08-06 22,야간,일,1,1,0,0,0,인천,서구,차량단독,전도전복,전도전복,안전운전 의무 불이행,단일로,기타단일로
26572,2017-10-21 01,야간,토,1,1,0,0,0,충남,태안군,차량단독,전도전복,전도전복,안전운전 의무 불이행,교차로,교차로부근
26573,2017-07-12 18,야간,수,1,1,0,0,0,경기,수원시,차대차,기타,기타,기타,교차로,교차로부근
26574,2017-09-25 21,야간,월,1,1,0,0,0,전남,신안군,차대사람,횡단중,횡단중,안전운전 의무 불이행,단일로,기타단일로
26575,2017-10-31 21,야간,화,1,2,0,1,0,경북,포항시,차대사람,기타,기타,안전운전 의무 불이행,단일로,기타단일로
26576,2017-07-04 13,주간,화,1,1,0,0,0,경기,부천시,차대차,기타,기타,기타,교차로,교차로내
26577,2017-08-28 08,주간,월,1,1,0,0,0,서울,동대문구,차대사람,기타,기타,안전운전 의무 불이행,교차로,교차로부근
26578,2017-09-11 11,주간,월,1,1,0,0,0,전북,전주시,차대사람,횡단중,횡단중,안전운전 의무 불이행,단일로,기타단일로
26579,2017-06-13 18,야간,화,1,1,0,0,0,경북,구미시,차대차,측면충돌,측면충돌,중앙선 침범,단일로,기타단일로
26580,2017-07-10 19,야간,월,1,2,0,1,0,강원,원주시,차대차,측면충돌,측면충돌,안전운전 의무 불이행,단일로,기타단일로
26581,2017-07-24 22,야간,월,1,1,0,0,0,대구,달서구,차대사람,횡단중,횡단중,안전운전 의무 불이행,교차로,교차로횡단보도내
26582,2017-07-12 17,주간,수,1,1,0,0,0,충북,청주시,차대사람,횡단중,횡단중,보행자 보호의무 위반,교차로,교차로횡단보도내
26583,2017-09-11 01,야간,월,1,1,0,0,0,충북,청주시,차대사람,기타,기타,과속,단일로,기타단일로
26584,2017-10-09 10,주간,월,1,1,0,0,0,대구,북구,차대사람,횡단중,횡단중,보행자 보호의무 위반,단일로,교량위
26585,2017-09-03 17,주간,일,1,2,0,1,0,경기,김포시,차대차,측면충돌,측면충돌,교차로 통행방법 위반,교차로,교차로내
26586,2017-06-29 22,야간,목,1,1,0,0,0,경기,화성시,차량단독,전도,전도,안전운전 의무 불이행,단일로,기타단일로
26587,2017-08-09 11,주간,수,1,1,0,0,0,경북,경산시,차대차,기타,기타,안전운전 의무 불이행,기타,기타
26588,2017-08-10 00,야간,목,1,1,0,0,0,경기,파주시,차대사람,기타,기타,안전운전 의무 불이행,단일로,기타단일로
26589,2017-08-30 13,주간,수,1,1,0,0,0,서울,동대문구,차대사람,횡단중,횡단중,보행자 보호의무 위반,단일로,기타단일로
26590,2017-08-06 15,주간,일,1,1,0,0,0,대구,동구,차대차,측면충돌,측면충돌,기타,교차로,교차로횡단보도내
26591,2017-06-16 15,주간,금,1,2,0,1,0,대구,수성구,차대차,측면충돌,측면충돌,중앙선 침범,단일로,기타단일로
26592,2017-10-24 19,야간,화,1,1,0,0,0,강원,춘천시,차대사람,차도통행중,차도통행중,안전운전 의무 불이행,단일로,기타단일로
26593,2017-10-17 18,야간,화,1,2,1,0,0,전남,순천시,차대차,정면충돌,정면충돌,중앙선 침범,단일로,기타단일로
26594,2017-07-08 17,주간,토,1,1,0,0,0,경기,용인시,차대사람,횡단중,횡단중,보행자 보호의무 위반,교차로,교차로횡단보도내
26595,2017-05-07 08,주간,일,1,4,1,2,0,경기,평택시,차대차,정면충돌,정면충돌,신호위반,교차로,교차로내
26596,2017-10-12 12,주간,목,1,1,0,0,0,부산,부산진구,차량단독,공작물충돌,공작물충돌,안전운전 의무 불이행,단일로,기타단일로
26597,2017-07-08 19,야간,토,1,2,1,0,0,경기,안산시,차대차,정면충돌,정면충돌,안전운전 의무 불이행,교차로,교차로내
26598,2017-09-25 15,주간,월,1,1,0,0,0,전남,여수시,차대차,측면충돌,측면충돌,중앙선 침범,단일로,기타단일로
26599,2017-08-23 01,야간,수,1,3,0,2,0,제주,제주시,차대차,측면충돌,측면충돌,신호위반,교차로,교차로내
26600,2017-10-18 18,야간,수,1,1,0,0,0,전남,순천시,차대사람,횡단중,횡단중,보행자 보호의무 위반,단일로,기타단일로
26601,2017-11-04 06,주간,토,1,2,0,1,0,울산,북구,차대차,측면충돌,측면충돌,신호위반,교차로,교차로내
26602,2017-07-12 02,야간,수,1,2,1,0,0,강원,원주시,차대차,기타,기타,안전운전 의무 불이행,단일로,기타단일로
26603,2017-10-11 21,야간,수,1,1,0,0,0,대구,북구,차대사람,횡단중,횡단중,안전운전 의무 불이행,교차로,교차로횡단보도내
26604,2017-07-29 02,야간,토,1,1,0,0,0,대전,서구,차대사람,횡단중,횡단중,과속,단일로,기타단일로
26605,2017-07-29 22,야간,토,1,1,0,0,0,경기,의정부시,차대차,측면충돌,측면충돌,신호위반,교차로,교차로부근
26606,2017-08-23 15,주간,수,1,2,1,0,0,제주,제주시,차대사람,보도통행중,보도통행중,과속,교차로,교차로내
26607,2017-07-27 06,주간,목,1,1,0,0,0,인천,남동구,차량단독,전도,전도,안전운전 의무 불이행,단일로,기타단일로
26608,2017-06-28 21,야간,수,1,1,0,0,0,경기,남양주시,차대차,기타,기타,중앙선 침범,단일로,기타단일로
26609,2017-10-17 02,야간,화,1,1,0,0,0,부산,해운대구,차량단독,공작물충돌,공작물충돌,안전운전 의무 불이행,단일로,기타단일로
26610,2017-07-05 17,주간,수,1,1,0,0,0,경기,시흥시,차대차,측면충돌,측면충돌,신호위반,단일로,기타단일로
26611,2017-12-07 23,야간,목,1,5,1,3,0,경기,평택시,차대차,추돌,추돌,안전운전 의무 불이행,단일로,기타단일로
26612,2017-08-24 19,야간,목,1,3,1,1,0,제주,제주시,차대차,기타,기타,안전운전 의무 불이행,단일로,기타단일로
26613,2017-10-21 17,주간,토,1,3,2,0,0,전남,순천시,차량단독,공작물충돌,공작물충돌,안전운전 의무 불이행,교차로,교차로부근
26614,2017-09-05 10,주간,화,1,2,0,1,0,경기,화성시,차대차,정면충돌,정면충돌,안전운전 의무 불이행,단일로,기타단일로
26615,2017-08-06 00,야간,일,1,1,0,0,0,광주,서구,차대차,측면충돌,측면충돌,신호위반,교차로,교차로내
26616,2017-10-30 06,주간,월,1,1,0,0,0,충남,서산시,차대사람,횡단중,횡단중,안전운전 의무 불이행,교차로,교차로부근
26617,2017-07-03 00,야간,월,1,1,0,0,0,서울,송파구,차대사람,횡단중,횡단중,안전운전 의무 불이행,교차로,교차로부근
26618,2017-09-06 08,주간,수,1,1,0,0,0,경기,화성시,차량단독,공작물충돌,공작물충돌,안전운전 의무 불이행,단일로,기타단일로
26619,2017-10-15 21,야간,일,1,1,0,0,0,서울,서초구,차대사람,횡단중,횡단중,안전운전 의무 불이행,단일로,기타단일로
26620,2017-11-11 09,주간,토,1,1,0,0,0,경북,포항시,차대사람,횡단중,횡단중,보행자 보호의무 위반,단일로,기타단일로
26621,2017-08-22 18,야간,화,1,1,0,0,0,전북,군산시,차대사람,횡단중,횡단중,보행자 보호의무 위반,교차로,교차로횡단보도내
26622,2017-08-26 20,야간,토,1,1,0,0,0,제주,제주시,차대사람,차도통행중,차도통행중,안전운전 의무 불이행,기타,기타
26623,2017-05-09 17,주간,화,1,1,0,0,0,경기,평택시,차량단독,전도전복,전도전복,안전운전 의무 불이행,단일로,기타단일로
26624,2017-06-19 07,주간,월,1,1,0,0,0,경북,구미시,차대차,측면충돌,측면충돌,과속,단일로,기타단일로
26625,2017-09-09 19,야간,토,1,1,0,0,0,경기,김포시,차대사람,횡단중,횡단중,안전운전 의무 불이행,기타,기타
26626,2017-07-23 23,야간,일,1,2,0,1,0,충남,천안시,차량단독,공작물충돌,공작물충돌,안전운전 의무 불이행,단일로,기타단일로
26627,2017-10-20 22,야간,금,1,1,0,0,0,제주,서귀포시,차대사람,횡단중,횡단중,안전운전 의무 불이행,단일로,기타단일로
26628,2017-09-06 13,주간,수,1,1,0,0,0,대전,대덕구,차대사람,횡단중,횡단중,안전운전 의무 불이행,교차로,교차로횡단보도내
26629,2017-12-09 02,야간,토,1,1,0,0,0,경기,안양시,차대사람,횡단중,횡단중,보행자 보호의무 위반,교차로,교차로횡단보도내
26630,2017-10-20 11,주간,금,1,1,0,0,0,부산,부산진구,차대차,측면충돌,측면충돌,신호위반,교차로,교차로내
26631,2017-10-22 13,주간,일,1,1,0,0,0,전북,익산시,차대사람,차도통행중,차도통행중,안전운전 의무 불이행,단일로,기타단일로
26632,2017-10-07 02,야간,토,2,2,0,0,0,전남,목포시,차량단독,공작물충돌,공작물충돌,안전운전 의무 불이행,단일로,기타단일로
26633,2017-10-21 18,야간,토,1,1,0,0,0,부산,부산진구,차대사람,횡단중,횡단중,안전운전 의무 불이행,단일로,기타단일로
26634,2017-09-22 13,주간,금,1,1,0,0,0,대전,동구,차대차,정면충돌,정면충돌,중앙선 침범,단일로,기타단일로
26635,2017-05-11 14,주간,목,1,1,0,0,0,경기,평택시,차량단독,공작물충돌,공작물충돌,안전운전 의무 불이행,단일로,기타단일로
26636,2017-08-01 04,야간,화,1,1,0,0,0,인천,남동구,차대사람,횡단중,횡단중,신호위반,교차로,교차로횡단보도내
26637,2017-11-13 00,야간,월,1,1,0,0,0,서울,강남구,차대차,측면충돌,측면충돌,신호위반,교차로,교차로내
26638,2017-09-23 19,야간,토,1,1,0,0,0,대전,동구,차대사람,횡단중,횡단중,신호위반,단일로,기타단일로
26639,2017-12-15 03,야간,금,1,1,0,0,0,경기,남양주시,차대차,기타,기타,안전운전 의무 불이행,단일로,기타단일로
26640,2017-10-24 07,주간,화,1,1,0,0,0,전북,익산시,차대사람,횡단중,횡단중,안전운전 의무 불이행,단일로,기타단일로
26641,2017-08-18 13,주간,금,1,2,1,0,0,인천,서구,차대차,추돌,추돌,안전운전 의무 불이행,교차로,교차로내
26642,2017-10-23 19,야간,월,1,1,0,0,0,부산,부산진구,차대사람,기타,기타,안전운전 의무 불이행,단일로,기타단일로
26643,2017-10-24 11,주간,화,1,1,0,0,0,전북,익산시,차대사람,차도통행중,차도통행중,안전운전 의무 불이행,단일로,기타단일로
26644,2017-09-13 06,주간,수,1,1,0,0,0,경기,김포시,차대차,기타,기타,신호위반,교차로,교차로횡단보도내
26645,2017-08-05 00,야간,토,1,2,1,0,0,충남,아산시,차대차,추돌,추돌,안전운전 의무 불이행,단일로,기타단일로
26646,2017-10-12 22,야간,목,1,3,2,0,0,부산,수영구,차대차,추돌,추돌,안전운전 의무 불이행,단일로,교량위
26647,2017-09-18 23,야간,월,1,2,1,0,0,경북,경주시,차대사람,횡단중,횡단중,중앙선 침범,단일로,기타단일로
26648,2017-08-31 02,야간,목,1,1,0,0,0,인천,남구,차대사람,횡단중,횡단중,안전운전 의무 불이행,기타,기타
26649,2017-11-06 15,주간,월,1,1,0,0,0,충남,서산시,차대차,측면충돌,측면충돌,안전운전 의무 불이행,교차로,교차로내
26650,2017-10-21 07,주간,토,1,1,0,0,0,대구,북구,차대차,측면충돌,측면충돌,신호위반,단일로,기타단일로
26651,2017-11-07 09,주간,화,1,1,0,0,0,충남,서산시,차대차,추돌,추돌,안전운전 의무 불이행,단일로,기타단일로
26652,2017-11-14 08,주간,화,1,1,0,0,0,강원,강릉시,차대사람,횡단중,횡단중,보행자 보호의무 위반,단일로,기타단일로
26653,2017-11-14 14,주간,화,1,4,3,0,0,강원,강릉시,차대차,측면충돌,측면충돌,과속,교차로,교차로내
26654,2017-07-09 00,야간,일,1,1,0,0,0,경기,화성시,차대차,추돌,추돌,과속,단일로,기타단일로
26655,2017-10-25 11,주간,수,1,2,1,0,0,전북,익산시,차대차,정면충돌,정면충돌,중앙선 침범,단일로,기타단일로
26656,2017-07-14 02,야간,금,1,1,0,0,0,경기,부천시,차대사람,횡단중,횡단중,과속,단일로,기타단일로
26657,2017-08-07 03,야간,월,1,2,0,1,0,충남,아산시,차대차,정면충돌,정면충돌,안전운전 의무 불이행,단일로,기타단일로
26658,2017-08-20 15,주간,일,1,2,1,0,0,경기,파주시,차대차,측면충돌,측면충돌,교차로 통행방법 위반,교차로,교차로내
26659,2017-07-17 16,주간,월,1,1,0,0,0,경기,용인시,차대차,측면충돌,측면충돌,교차로 통행방법 위반,교차로,교차로내
26660,2017-10-20 18,야간,금,1,2,0,1,0,서울,노원구,차대차,추돌,추돌,안전운전 의무 불이행,단일로,기타단일로
26661,2017-06-22 21,야간,목,1,1,0,0,0,경북,구미시,차대차,측면충돌,측면충돌,신호위반,교차로,교차로부근
26662,2017-08-13 04,야간,일,1,1,0,0,0,광주,서구,차량단독,전도,전도,안전운전 의무 불이행,단일로,기타단일로
26663,2017-07-19 19,야간,수,1,1,0,0,0,강원,원주시,차량단독,전도전복,전도전복,안전운전 의무 불이행,단일로,기타단일로
26664,2017-09-21 15,주간,목,1,1,0,0,0,경북,경주시,차량단독,전도전복,전도전복,안전운전 의무 불이행,단일로,기타단일로
26665,2017-10-26 20,야간,목,1,1,0,0,0,전북,익산시,차대사람,횡단중,횡단중,안전운전 의무 불이행,교차로,교차로부근
26666,2017-12-06 17,주간,수,1,1,0,0,0,대구,북구,차대사람,횡단중,횡단중,보행자 보호의무 위반,교차로,교차로횡단보도내
26667,2017-10-30 11,주간,월,1,1,0,0,0,전남,순천시,차량단독,전복,전복,안전운전 의무 불이행,단일로,기타단일로
26668,2017-07-31 10,주간,월,1,1,0,0,0,제주,제주시,차대차,측면충돌,측면충돌,교차로 통행방법 위반,교차로,교차로내
26669,2017-11-16 23,야간,목,1,1,0,0,0,강원,강릉시,차대차,측면충돌,측면충돌,안전운전 의무 불이행,교차로,교차로내
26670,2017-11-08 02,야간,수,1,2,0,1,0,강원,춘천시,차대차,정면충돌,정면충돌,중앙선 침범,단일로,기타단일로
26671,2017-11-28 17,주간,화,1,5,1,3,0,경기,수원시,차대차,추돌,추돌,안전운전 의무 불이행,단일로,교량위
26672,2017-09-25 09,주간,월,1,1,0,0,0,충북,청주시,차대사람,기타,기타,안전운전 의무 불이행,단일로,기타단일로
26673,2017-07-05 23,야간,수,1,1,0,0,0,경기,남양주시,차대사람,횡단중,횡단중,안전운전 의무 불이행,교차로,교차로횡단보도내
26674,2017-10-17 06,주간,화,1,1,0,0,0,부산,수영구,차대사람,횡단중,횡단중,신호위반,단일로,기타단일로
26675,2017-07-20 08,주간,목,1,1,0,0,0,경기,용인시,차대사람,횡단중,횡단중,안전운전 의무 불이행,교차로,교차로내
26676,2017-10-31 14,주간,화,1,1,0,0,0,제주,서귀포시,차대사람,횡단중,횡단중,안전운전 의무 불이행,교차로,교차로내
26677,2017-09-14 15,주간,목,1,1,0,0,0,대전,대덕구,차대사람,기타,기타,안전운전 의무 불이행,교차로,교차로부근
26678,2017-10-13 03,야간,금,1,2,1,0,0,대전,서구,차대차,측면충돌,측면충돌,신호위반,교차로,교차로내
26679,2017-09-12 05,야간,화,1,1,0,0,0,경기,광주시,차대사람,기타,기타,안전운전 의무 불이행,단일로,기타단일로
26680,2017-08-09 19,야간,수,1,1,0,0,0,충남,아산시,차대차,측면충돌,측면충돌,안전운전 의무 불이행,단일로,기타단일로
26681,2017-09-24 16,주간,일,1,1,0,0,0,경북,경주시,차량단독,공작물충돌,공작물충돌,안전운전 의무 불이행,단일로,기타단일로
26682,2017-11-12 17,주간,일,1,1,0,0,0,충남,서산시,차대차,추돌,추돌,안전거리 미확보,단일로,기타단일로
26683,2017-12-27 08,주간,수,1,5,0,4,0,경기,안성시,차대차,추돌,추돌,안전거리 미확보,단일로,기타단일로
26684,2017-10-11 06,주간,수,1,1,0,0,0,전남,여수시,차대차,추돌,추돌,안전운전 의무 불이행,단일로,기타단일로
26685,2017-08-27 05,야간,일,1,1,0,0,0,경북,경산시,차대차,정면충돌,정면충돌,안전운전 의무 불이행,교차로,교차로내
26686,2017-12-29 10,주간,금,1,1,0,0,0,경기,구리시,차대차,측면충돌,측면충돌,안전운전 의무 불이행,단일로,기타단일로
26687,2017-08-28 10,주간,월,1,2,1,0,0,경북,경산시,차대차,측면충돌,측면충돌,교차로 통행방법 위반,교차로,교차로내
26688,2017-08-11 00,야간,금,1,1,0,0,0,대전,서구,차대사람,횡단중,횡단중,안전운전 의무 불이행,교차로,교차로부근
26689,2017-11-14 17,주간,화,1,1,0,0,0,경기,고양시,차대차,측면충돌,측면충돌,신호위반,교차로,교차로내
26690,2017-10-16 19,야간,월,1,2,1,0,0,대전,서구,차대사람,횡단중,횡단중,보행자 보호의무 위반,교차로,교차로횡단보도내
26691,2017-08-09 23,야간,수,1,5,2,2,0,인천,남동구,차대차,정면충돌,정면충돌,신호위반,교차로,교차로내
26692,2017-09-18 18,야간,월,1,2,1,0,0,서울,동대문구,차대차,측면충돌,측면충돌,안전운전 의무 불이행,교차로,교차로부근
26693,2017-11-15 00,야간,수,1,1,0,0,0,충남,천안시,차량단독,도로이탈,도로이탈 추락,안전운전 의무 불이행,단일로,기타단일로
26694,2017-07-08 22,야간,토,1,1,0,0,0,경기,수원시,차대사람,횡단중,횡단중,안전운전 의무 불이행,교차로,교차로내
26695,2017-08-10 13,주간,목,1,1,0,0,0,인천,남동구,차대차,측면충돌,측면충돌,안전운전 의무 불이행,단일로,기타단일로
26696,2017-09-22 12,주간,금,1,1,0,0,0,경기,고양시,차대차,측면충돌,측면충돌,안전운전 의무 불이행,교차로,교차로내
26697,2017-11-07 06,주간,화,1,1,0,0,0,부산,부산진구,차대사람,횡단중,횡단중,안전운전 의무 불이행,단일로,기타단일로
26698,2017-08-11 03,야간,금,1,1,0,0,0,인천,남동구,차대사람,횡단중,횡단중,과속,단일로,기타단일로
26699,2017-10-08 16,주간,일,1,1,0,0,0,대전,동구,차대사람,기타,기타,안전운전 의무 불이행,교차로,교차로내
26700,2017-08-15 20,야간,화,1,1,0,0,0,광주,광산구,차대사람,길가장자리구역통행중,길가장자리구역통행중,안전운전 의무 불이행,단일로,기타단일로
26701,2017-08-26 03,야간,토,1,1,0,0,0,대구,동구,차대사람,횡단중,횡단중,과속,교차로,교차로부근
26702,2017-09-28 23,야간,목,1,1,0,0,0,경북,경주시,차대사람,길가장자리구역통행중,길가장자리구역통행중,안전운전 의무 불이행,단일로,기타단일로
26703,2017-12-08 01,야간,금,1,2,1,0,0,경기,수원시,차대차,기타,기타,안전운전 의무 불이행,단일로,기타단일로
26704,2017-09-11 20,야간,월,1,4,0,3,0,전북,전주시,차대차,추돌,추돌,안전운전 의무 불이행,단일로,기타단일로
26705,2017-10-26 07,주간,목,1,3,1,1,0,부산,수영구,차대차,추돌,추돌,안전운전 의무 불이행,교차로,교차로부근
26706,2017-11-03 00,야간,금,1,1,0,0,0,서울,노원구,차대차,기타,기타,안전운전 의무 불이행,단일로,지하차도(도로)내
26707,2017-11-08 18,야간,수,1,1,0,0,0,전남,순천시,차대사람,기타,기타,안전운전 의무 불이행,단일로,기타단일로
26708,2017-07-01 16,주간,토,1,1,0,0,0,대구,수성구,차대차,측면충돌,측면충돌,안전거리 미확보,단일로,기타단일로
26709,2017-09-21 02,야간,목,1,1,0,0,0,경기,화성시,차대차,기타,기타,안전운전 의무 불이행,단일로,기타단일로
26710,2017-09-01 19,야간,금,1,1,0,0,0,경북,경산시,차대사람,횡단중,횡단중,보행자 보호의무 위반,단일로,기타단일로
26711,2017-09-21 08,주간,목,1,1,0,0,0,경기,화성시,차대사람,차도통행중,차도통행중,보행자 보호의무 위반,교차로,교차로내
26712,2017-09-20 19,야간,수,1,1,0,0,0,충북,청주시,차대사람,길가장자리구역통행중,길가장자리구역통행중,안전운전 의무 불이행,교차로,교차로내
26713,2017-11-28 01,야간,화,1,1,0,0,0,울산,중구,차대차,추돌,추돌,기타,단일로,기타단일로
26714,2017-12-02 09,주간,토,1,1,0,0,0,강원,강릉시,차대사람,횡단중,횡단중,과속,단일로,기타단일로
26715,2017-10-19 06,주간,목,1,1,0,0,0,전남,여수시,차대사람,기타,기타,안전운전 의무 불이행,교차로,교차로횡단보도내
26716,2017-11-20 14,주간,월,1,1,0,0,0,강원,춘천시,차량단독,전도전복,전도전복,안전운전 의무 불이행,단일로,기타단일로
26717,2017-12-03 06,주간,일,1,1,0,0,0,강원,강릉시,차대사람,차도통행중,차도통행중,안전운전 의무 불이행,단일로,기타단일로
26718,2017-10-23 23,야간,월,1,1,0,0,0,대전,서구,차량단독,공작물충돌,공작물충돌,안전운전 의무 불이행,단일로,기타단일로
26719,2017-07-13 11,주간,목,1,4,1,2,0,경기,남양주시,차대사람,횡단중,횡단중,안전운전 의무 불이행,기타,기타
26720,2017-11-06 18,야간,월,1,2,0,0,1,전북,전주시,차대사람,횡단중,횡단중,보행자 보호의무 위반,교차로,교차로내
26721,2017-08-07 08,주간,월,1,1,0,0,0,충남,아산시,차대차,추돌,추돌,안전운전 의무 불이행,교차로,교차로내
26722,2017-11-19 18,야간,일,1,1,0,0,0,충남,천안시,차량단독,전도전복,전도전복,기타,단일로,기타단일로
26723,2017-11-21 06,주간,화,1,4,0,0,3,경기,고양시,차대차,추돌,추돌,안전운전 의무 불이행,단일로,기타단일로
26724,2017-12-04 18,야간,월,1,1,0,0,0,경북,포항시,차량단독,도로이탈,도로이탈 기타,안전운전 의무 불이행,교차로,교차로부근
26725,2017-07-29 09,주간,토,1,1,0,0,0,강원,원주시,차대사람,기타,기타,안전운전 의무 불이행,단일로,기타단일로
26726,2017-09-27 16,주간,수,1,1,0,0,0,경기,김포시,차대사람,기타,기타,신호위반,교차로,교차로내
26727,2017-05-20 18,야간,토,1,1,0,0,0,경기,평택시,차대차,정면충돌,정면충돌,기타,단일로,기타단일로
26728,2017-09-16 05,야간,토,1,1,0,0,0,전북,전주시,차대사람,횡단중,횡단중,안전운전 의무 불이행,단일로,기타단일로
26729,2017-11-14 05,야간,화,1,1,0,0,0,전남,순천시,차대차,추돌,추돌,과속,단일로,기타단일로
26730,2017-07-14 11,주간,금,1,1,0,0,0,경기,남양주시,차량단독,전도,전도,안전운전 의무 불이행,단일로,기타단일로
26731,2017-12-01 19,야간,금,1,1,0,0,0,울산,중구,차대사람,횡단중,횡단중,보행자 보호의무 위반,단일로,기타단일로
26732,2017-07-30 14,주간,일,1,5,0,2,2,강원,원주시,차대차,측면충돌,측면충돌,안전운전 의무 불이행,교차로,교차로내
26733,2017-11-21 18,야간,화,1,1,0,0,0,충남,천안시,차대사람,횡단중,횡단중,안전운전 의무 불이행,단일로,기타단일로
26734,2017-09-16 18,야간,토,1,1,0,0,0,서울,영등포구,차량단독,기타,기타,안전운전 의무 불이행,단일로,기타단일로
26735,2017-08-10 14,주간,목,1,4,0,3,0,제주,제주시,차대차,기타,기타,중앙선 침범,단일로,기타단일로
26736,2017-11-15 23,야간,수,1,1,0,0,0,제주,서귀포시,차대사람,횡단중,횡단중,안전운전 의무 불이행,단일로,기타단일로
26737,2017-09-17 22,야간,일,1,1,0,0,0,전북,전주시,차량단독,공작물충돌,공작물충돌,안전운전 의무 불이행,단일로,기타단일로
26738,2017-09-21 16,주간,목,1,1,0,0,0,경기,광주시,차대사람,길가장자리구역통행중,길가장자리구역통행중,안전운전 의무 불이행,교차로,교차로내
26739,2017-11-24 17,주간,금,1,1,0,0,0,강원,춘천시,차대사람,횡단중,횡단중,중앙선 침범,단일로,기타단일로
26740,2017-09-06 05,야간,수,1,1,0,0,0,경북,경산시,차대차,측면충돌,측면충돌,안전운전 의무 불이행,교차로,교차로내
26741,2017-08-12 05,야간,토,1,1,0,0,0,제주,제주시,차대사람,횡단중,횡단중,안전운전 의무 불이행,단일로,기타단일로
26742,2017-09-18 20,야간,월,1,1,0,0,0,전북,전주시,차대차,측면충돌,측면충돌,신호위반,교차로,교차로내
26743,2017-05-22 21,야간,월,1,4,2,1,0,경기,평택시,차대차,정면충돌,정면충돌,안전운전 의무 불이행,단일로,기타단일로
26744,2017-08-01 17,주간,화,1,4,0,3,0,강원,원주시,차대차,정면충돌,정면충돌,중앙선 침범,단일로,기타단일로