교통사고이력ID(사고기록 순서),발생년월일시,주야코드,요일코드,사망자수,부상자수,중상자수,경상자수,부상신고자수,발생지시도코드,발생지시도코드,사고유형대분류코드,사고유형중분류코드,사고유형코드,법규위반코드,도로형태대분류코드,도로로형태코드
26945,2017-09-14 05,야간,목,1,1,0,0,0,대전,유성구,차량단독,기타,기타,안전운전 의무 불이행,단일로,기타단일로
26946,2017-10-05 20,야간,목,1,1,0,0,0,광주,서구,차대사람,기타,기타,안전운전 의무 불이행,단일로,기타단일로
26947,2017-12-15 17,주간,금,1,1,0,0,0,전남,여수시,차량단독,공작물충돌,공작물충돌,안전운전 의무 불이행,단일로,기타단일로
26948,2017-11-24 07,주간,금,1,1,0,0,0,경북,경주시,차대사람,횡단중,횡단중,안전운전 의무 불이행,단일로,기타단일로
26949,2017-11-10 02,야간,금,1,1,0,0,0,경기,광주시,차대사람,횡단중,횡단중,안전운전 의무 불이행,교차로,교차로부근
26950,2017-12-08 17,주간,금,1,1,0,0,0,대전,동구,차대사람,기타,기타,안전운전 의무 불이행,단일로,기타단일로
26951,2017-11-09 00,야간,목,1,4,1,2,0,충북,청주시,차대차,기타,기타,안전운전 의무 불이행,단일로,기타단일로
26952,2017-10-02 04,야간,월,1,2,1,0,0,경기,의정부시,차대차,추돌,추돌,안전운전 의무 불이행,단일로,기타단일로
26953,2017-11-10 22,야간,금,1,1,0,0,0,경기,광주시,차대사람,기타,기타,안전운전 의무 불이행,단일로,기타단일로
26954,2017-12-22 06,주간,금,1,1,0,0,0,경남,양산시,차대사람,횡단중,횡단중,신호위반,교차로,교차로횡단보도내
26955,2017-09-09 04,야간,토,1,2,0,0,1,경기,용인시,차대차,정면충돌,정면충돌,중앙선 침범,교차로,교차로부근
26956,2017-11-26 17,주간,일,1,1,0,0,0,경북,경주시,차대사람,횡단중,횡단중,안전운전 의무 불이행,단일로,기타단일로
26957,2017-11-11 06,주간,토,2,2,0,0,0,전북,전주시,차대차,추돌,추돌,안전운전 의무 불이행,기타,기타
26958,2017-10-27 18,야간,금,1,1,0,0,0,전북,군산시,차대차,추돌,추돌,안전운전 의무 불이행,교차로,교차로내
26959,2017-09-10 09,주간,일,1,3,0,1,1,강원,원주시,차대차,정면충돌,정면충돌,교차로 통행방법 위반,교차로,교차로내
26960,2017-11-12 23,야간,일,1,1,0,0,0,충북,청주시,차대사람,기타,기타,안전운전 의무 불이행,단일로,교량위
26961,2017-10-07 22,야간,토,1,1,0,0,0,인천,부평구,차대사람,기타,기타,안전운전 의무 불이행,단일로,기타단일로
26962,2017-12-31 17,주간,일,1,1,0,0,0,대전,서구,차대사람,횡단중,횡단중,신호위반,교차로,교차로내
26963,2017-11-04 23,야간,토,1,1,0,0,0,서울,영등포구,차대사람,횡단중,횡단중,안전운전 의무 불이행,단일로,기타단일로
26964,2017-09-19 05,야간,화,1,1,0,0,0,충북,청주시,차대차,추돌,추돌,안전운전 의무 불이행,단일로,기타단일로
26965,2017-10-03 08,주간,화,1,3,1,1,0,충남,아산시,차대차,측면충돌,측면충돌,중앙선 침범,불명,불명
26966,2017-06-22 15,주간,목,1,1,0,0,0,경기,평택시,차대사람,기타,기타,안전운전 의무 불이행,교차로,교차로부근
26967,2017-09-12 16,주간,화,1,1,0,0,0,경기,용인시,차대차,기타,기타,안전운전 의무 불이행,교차로,교차로내
26968,2017-10-30 19,야간,월,1,1,0,0,0,전북,군산시,차대사람,횡단중,횡단중,안전운전 의무 불이행,단일로,기타단일로
26969,2017-10-25 11,주간,수,1,1,0,0,0,인천,서구,차대차,측면충돌,측면충돌,안전거리 미확보,교차로,교차로내
26970,2017-10-25 17,주간,수,1,1,0,0,0,경북,경산시,차대차,측면충돌,측면충돌,안전운전 의무 불이행,단일로,기타단일로
26971,2017-10-31 06,주간,화,1,1,0,0,0,전북,군산시,차대사람,기타,기타,안전운전 의무 불이행,단일로,기타단일로
26972,2017-11-05 23,야간,일,1,1,0,0,0,서울,영등포구,차대사람,횡단중,횡단중,안전운전 의무 불이행,교차로,교차로부근
26973,2017-11-06 11,주간,월,1,1,0,0,0,서울,영등포구,차대사람,횡단중,횡단중,안전운전 의무 불이행,단일로,기타단일로
26974,2017-09-19 08,주간,화,1,1,0,0,0,광주,북구,차대사람,횡단중,횡단중,안전운전 의무 불이행,교차로,교차로내
26975,2017-10-23 09,주간,월,1,3,0,2,0,경기,파주시,차대차,정면충돌,정면충돌,중앙선 침범,단일로,기타단일로
26976,2017-12-19 07,주간,화,1,1,0,0,0,대전,동구,차량단독,공작물충돌,공작물충돌,안전운전 의무 불이행,단일로,기타단일로
26977,2017-10-15 06,주간,일,1,1,0,0,0,광주,서구,차대사람,횡단중,횡단중,안전운전 의무 불이행,단일로,기타단일로
26978,2017-09-02 23,야간,토,1,1,0,0,0,경기,오산시,차량단독,기타,기타,안전운전 의무 불이행,단일로,기타단일로
26979,2017-11-11 16,주간,토,1,1,0,0,0,인천,남구,차대사람,기타,기타,안전운전 의무 불이행,교차로,교차로부근
26980,2017-08-25 07,주간,금,2,5,0,3,0,경기,남양주시,차대차,측면충돌,측면충돌,신호위반,교차로,교차로부근
26981,2017-12-06 04,야간,수,1,1,0,0,0,대구,달서구,차대사람,횡단중,횡단중,안전운전 의무 불이행,단일로,기타단일로
26982,2017-11-29 01,야간,수,1,1,0,0,0,경기,김포시,차대차,추돌,추돌,안전운전 의무 불이행,단일로,기타단일로
26983,2017-10-11 04,야간,수,1,1,0,0,0,경기,의정부시,차대사람,횡단중,횡단중,안전운전 의무 불이행,교차로,교차로횡단보도내
26984,2017-10-15 06,주간,일,1,1,0,0,0,광주,서구,차대사람,횡단중,횡단중,안전운전 의무 불이행,단일로,기타단일로
26985,2017-09-20 23,야간,수,1,1,0,0,0,경기,수원시,차대사람,기타,기타,안전운전 의무 불이행,교차로,교차로부근
26986,2017-09-25 08,주간,월,1,1,0,0,0,충남,천안시,차대사람,차도통행중,차도통행중,안전운전 의무 불이행,단일로,기타단일로
26987,2017-09-24 13,주간,일,1,1,0,0,0,충북,청주시,차대사람,기타,기타,안전운전 의무 불이행,단일로,기타단일로
26988,2017-08-29 14,주간,화,1,1,0,0,0,경기,남양주시,차대사람,기타,기타,안전운전 의무 불이행,교차로,교차로내
26989,2017-12-30 03,야간,토,1,1,0,0,0,전남,여수시,차대사람,기타,기타,안전운전 의무 불이행,주차장,주차장
26990,2017-11-25 15,주간,토,1,1,0,0,0,전북,전주시,차대사람,기타,기타,안전운전 의무 불이행,단일로,기타단일로
26991,2017-09-12 22,야간,화,1,2,0,1,0,경기,안산시,차대사람,횡단중,횡단중,과속,단일로,기타단일로
26992,2017-11-04 01,야간,토,1,1,0,0,0,인천,서구,차대사람,보도통행중,보도통행중,안전운전 의무 불이행,단일로,기타단일로
26993,2017-11-25 18,야간,토,1,1,0,0,0,제주,제주시,차대사람,횡단중,횡단중,안전운전 의무 불이행,단일로,기타단일로
26994,2017-11-08 06,주간,수,1,1,0,0,0,전북,군산시,차대사람,횡단중,횡단중,보행자 보호의무 위반,교차로,교차로부근
26995,2017-10-27 23,야간,금,1,1,0,0,0,경기,파주시,차대사람,기타,기타,안전운전 의무 불이행,단일로,기타단일로
26996,2017-12-27 16,주간,수,1,1,0,0,0,대전,동구,차대사람,횡단중,횡단중,보행자 보호의무 위반,단일로,기타단일로
26997,2017-08-19 17,주간,토,1,1,0,0,0,경북,구미시,차대차,기타,기타,안전운전 의무 불이행,단일로,기타단일로
26998,2017-10-24 11,주간,화,1,1,0,0,0,인천,부평구,차대차,추돌,추돌,안전운전 의무 불이행,단일로,기타단일로
26999,2017-11-05 13,주간,일,1,1,0,0,0,경북,경산시,차량단독,공작물충돌,공작물충돌,안전운전 의무 불이행,단일로,기타단일로
27000,2017-09-14 17,주간,목,1,1,0,0,0,경기,안산시,차대차,측면충돌,측면충돌,안전운전 의무 불이행,교차로,교차로내
27001,2017-10-31 03,야간,화,1,1,0,0,0,경기,안산시,차대사람,횡단중,횡단중,안전운전 의무 불이행,단일로,기타단일로
27002,2017-09-20 09,주간,수,1,1,0,0,0,강원,원주시,차대차,측면충돌,측면충돌,안전운전 의무 불이행,단일로,기타단일로
27003,2017-08-31 15,주간,목,1,1,0,0,0,경기,남양주시,차대차,기타,기타,안전운전 의무 불이행,단일로,기타단일로
27004,2017-08-31 16,주간,목,1,1,0,0,0,경기,남양주시,차대차,측면충돌,측면충돌,신호위반,교차로,교차로내
27005,2017-11-29 23,야간,수,1,2,1,0,0,전북,전주시,차대사람,횡단중,횡단중,안전운전 의무 불이행,단일로,기타단일로
27006,2017-11-21 16,주간,화,1,1,0,0,0,인천,남구,차대사람,횡단중,횡단중,안전운전 의무 불이행,교차로,교차로부근
27007,2017-09-21 08,주간,목,1,2,1,0,0,강원,원주시,차량단독,전도전복,전도전복,안전운전 의무 불이행,단일로,기타단일로
27008,2017-12-04 07,주간,월,1,1,0,0,0,경기,화성시,차량단독,공작물충돌,공작물충돌,안전운전 의무 불이행,단일로,기타단일로
27009,2017-09-01 09,주간,금,1,1,0,0,0,경기,남양주시,차대차,기타,기타,안전운전 의무 불이행,교차로,교차로내
27010,2017-11-01 14,주간,수,1,1,0,0,0,경기,안산시,차대차,측면충돌,측면충돌,안전운전 의무 불이행,단일로,기타단일로
27011,2017-12-14 17,주간,목,1,1,0,0,0,경북,경주시,차대사람,횡단중,횡단중,안전운전 의무 불이행,단일로,기타단일로
27012,2017-09-21 14,주간,목,1,1,0,0,0,경기,용인시,차대차,측면충돌,측면충돌,기타,단일로,기타단일로
27013,2017-09-30 14,주간,토,1,1,0,0,0,충남,천안시,차대차,측면충돌,측면충돌,신호위반,교차로,교차로부근
27014,2017-10-06 05,야간,금,1,1,0,0,0,제주,제주시,차대사람,횡단중,횡단중,과속,단일로,기타단일로
27015,2017-12-16 20,야간,토,1,2,1,0,0,경북,경주시,차대사람,차도통행중,차도통행중,안전운전 의무 불이행,단일로,교량위
27016,2017-11-09 14,주간,목,1,1,0,0,0,경북,경산시,차량단독,전도전복,전도전복,안전운전 의무 불이행,교차로,교차로부근
27017,2017-12-02 07,주간,토,1,1,0,0,0,제주,제주시,차대사람,차도통행중,차도통행중,안전운전 의무 불이행,단일로,기타단일로
27018,2017-12-02 18,야간,토,1,2,1,0,0,제주,제주시,차대차,추돌,추돌,안전운전 의무 불이행,기타,기타
27019,2017-10-31 04,야간,화,1,1,0,0,0,인천,남동구,차대사람,횡단중,횡단중,과속,단일로,기타단일로
27020,2017-11-14 03,야간,화,1,1,0,0,0,전북,군산시,차량단독,공작물충돌,공작물충돌,안전운전 의무 불이행,단일로,기타단일로
27021,2017-12-03 17,주간,일,1,1,0,0,0,제주,제주시,차대사람,횡단중,횡단중,안전운전 의무 불이행,교차로,교차로부근
27022,2017-12-18 13,주간,월,1,1,0,0,0,경북,경주시,차대차,추돌,추돌,안전운전 의무 불이행,단일로,기타단일로
27023,2017-10-19 12,주간,목,1,1,0,0,0,광주,광산구,차대차,측면충돌,측면충돌,안전운전 의무 불이행,교차로,교차로내
27024,2017-12-04 13,주간,월,1,1,0,0,0,서울,동대문구,차대사람,기타,기타,안전운전 의무 불이행,단일로,기타단일로
27025,2017-10-20 00,야간,금,1,1,0,0,0,광주,광산구,차량단독,기타,기타,안전운전 의무 불이행,단일로,교량위
27026,2017-12-13 04,야간,수,1,1,0,0,0,경기,김포시,차량단독,전도전복,전도전복,안전운전 의무 불이행,단일로,기타단일로
27027,2017-12-08 23,야간,금,1,2,1,0,0,경기,고양시,차량단독,공작물충돌,공작물충돌,안전운전 의무 불이행,단일로,기타단일로
27028,2017-10-01 22,야간,일,1,1,0,0,0,광주,북구,차대사람,차도통행중,차도통행중,안전운전 의무 불이행,단일로,기타단일로
27029,2017-08-31 20,야간,목,1,2,0,1,0,경기,수원시,차대차,측면충돌,측면충돌,중앙선 침범,교차로,교차로부근
27030,2017-10-02 14,주간,월,1,1,0,0,0,광주,북구,차대사람,횡단중,횡단중,안전운전 의무 불이행,교차로,교차로내
27031,2017-09-17 05,야간,일,1,1,0,0,0,경기,부천시,차대사람,횡단중,횡단중,안전운전 의무 불이행,단일로,기타단일로
27032,2017-09-21 06,주간,목,1,1,0,0,0,경기,안산시,차대사람,기타,기타,안전운전 의무 불이행,교차로,교차로내
27033,2017-10-24 03,야간,화,1,1,0,0,0,충남,아산시,차대차,기타,기타,안전운전 의무 불이행,단일로,기타단일로
27034,2017-11-15 17,주간,수,1,1,0,0,0,인천,서구,차대차,측면충돌,측면충돌,기타,교차로,교차로내
27035,2017-09-27 13,주간,수,1,1,0,0,0,강원,원주시,차대사람,횡단중,횡단중,보행자 보호의무 위반,단일로,기타단일로
27036,2017-12-14 04,야간,목,1,1,0,0,0,경기,화성시,차량단독,공작물충돌,공작물충돌,안전운전 의무 불이행,단일로,기타단일로
27037,2017-09-23 04,야간,토,1,2,1,0,0,경기,안산시,차량단독,전도전복,전도전복,안전운전 의무 불이행,교차로,교차로부근
27038,2017-12-14 14,주간,목,1,2,0,1,0,경기,화성시,차대차,기타,기타,중앙선 침범,교차로,교차로부근
27039,2017-09-23 06,주간,토,1,1,0,0,0,경기,안산시,차대사람,횡단중,횡단중,신호위반,단일로,기타단일로
27040,2017-10-08 08,주간,일,1,2,1,0,0,광주,북구,차대차,정면충돌,정면충돌,중앙선 침범,단일로,기타단일로
27041,2017-11-03 00,야간,금,1,2,0,1,0,광주,서구,차대차,추돌,추돌,안전운전 의무 불이행,단일로,기타단일로
27042,2017-12-08 03,야간,금,1,3,0,2,0,충북,청주시,차대차,기타,기타,안전운전 의무 불이행,교차로,교차로부근
27043,2017-09-28 22,야간,목,1,1,0,0,0,경기,용인시,차대사람,보도통행중,보도통행중,보행자 보호의무 위반,교차로,교차로횡단보도내
27044,2017-12-09 06,주간,토,1,2,1,0,0,경기,광주시,차대차,정면충돌,정면충돌,중앙선 침범,단일로,기타단일로
27045,2017-07-05 22,야간,수,1,1,0,0,0,경기,평택시,차대사람,횡단중,횡단중,안전운전 의무 불이행,단일로,기타단일로
27046,2017-12-14 05,야간,목,1,1,0,0,0,전북,전주시,차대차,기타,기타,안전운전 의무 불이행,단일로,기타단일로
27047,2017-12-02 23,야간,토,1,1,0,0,0,울산,남구,차대사람,횡단중,횡단중,안전운전 의무 불이행,교차로,교차로부근
27048,2017-12-12 19,야간,화,1,1,0,0,0,서울,동대문구,차대차,측면충돌,측면충돌,안전운전 의무 불이행,교차로,교차로부근
27049,2017-10-28 11,주간,토,1,1,0,0,0,충남,아산시,차량단독,기타,기타,안전운전 의무 불이행,단일로,기타단일로
27050,2017-11-12 07,주간,일,1,1,0,0,0,경기,파주시,차대차,정면충돌,정면충돌,중앙선 침범,단일로,기타단일로
27051,2017-10-13 06,주간,금,1,1,0,0,0,대전,유성구,차대사람,횡단중,횡단중,보행자 보호의무 위반,단일로,기타단일로
27052,2017-09-30 06,주간,토,1,1,0,0,0,경기,용인시,차대사람,기타,기타,안전운전 의무 불이행,단일로,기타단일로
27053,2017-09-11 05,야간,월,1,2,0,1,0,경기,남양주시,차대차,기타,기타,신호위반,교차로,교차로내
27054,2017-10-11 01,야간,수,1,1,0,0,0,충북,청주시,차량단독,기타,기타,안전운전 의무 불이행,교차로,교차로부근
27055,2017-12-16 06,주간,토,1,1,0,0,0,제주,제주시,차대사람,횡단중,횡단중,안전운전 의무 불이행,교차로,교차로부근
27056,2017-07-07 21,야간,금,1,1,0,0,0,경기,평택시,차대사람,횡단중,횡단중,안전운전 의무 불이행,교차로,교차로내
27057,2017-11-22 00,야간,수,1,1,0,0,0,경북,경산시,차량단독,공작물충돌,공작물충돌,안전운전 의무 불이행,단일로,기타단일로
27058,2017-10-31 07,주간,화,1,1,0,0,0,충남,아산시,차대사람,횡단중,횡단중,보행자 보호의무 위반,교차로,교차로횡단보도내
27059,2017-09-27 04,야간,수,1,1,0,0,0,경기,안산시,차대사람,횡단중,횡단중,보행자 보호의무 위반,교차로,교차로횡단보도내
27060,2017-12-08 04,야간,금,1,1,0,0,0,인천,남구,차대차,기타,기타,안전운전 의무 불이행,단일로,기타단일로
27061,2017-10-15 09,주간,일,1,1,0,0,0,대전,유성구,차량단독,전도,전도,안전운전 의무 불이행,단일로,기타단일로
27062,2017-10-02 20,야간,월,1,1,0,0,0,경기,용인시,차대차,추돌,추돌,안전운전 의무 불이행,교차로,교차로횡단보도내
27063,2017-11-09 01,야간,목,1,1,0,0,0,광주,서구,차대사람,횡단중,횡단중,과속,교차로,교차로부근
27064,2017-10-16 07,주간,월,1,1,0,0,0,대전,유성구,차량단독,기타,기타,안전운전 의무 불이행,단일로,기타단일로
27065,2017-11-23 21,야간,목,1,1,0,0,0,경북,경산시,차대사람,기타,기타,안전운전 의무 불이행,단일로,기타단일로
27066,2017-12-21 05,야간,목,1,1,0,0,0,전북,전주시,차대사람,횡단중,횡단중,과속,교차로,교차로부근
27067,2017-09-23 05,야간,토,1,1,0,0,0,경기,화성시,차대사람,횡단중,횡단중,안전운전 의무 불이행,교차로,교차로부근
27068,2017-11-16 22,야간,목,1,1,0,0,0,경기,파주시,차량단독,전도,전도,안전운전 의무 불이행,단일로,기타단일로
27069,2017-10-18 00,야간,수,1,1,0,0,0,충남,천안시,차대사람,차도통행중,차도통행중,안전운전 의무 불이행,단일로,기타단일로
27070,2017-12-08 12,주간,금,1,1,0,0,0,울산,남구,차량단독,전도전복,전도전복,안전운전 의무 불이행,교차로,교차로부근
27071,2017-09-03 12,주간,일,1,1,0,0,0,경북,구미시,차대차,측면충돌,측면충돌,기타,교차로,교차로내
27072,2017-12-22 07,주간,금,1,1,0,0,0,전북,전주시,차대사람,기타,기타,안전운전 의무 불이행,교차로,교차로내
27073,2017-09-11 16,주간,월,1,1,0,0,0,서울,송파구,차대사람,기타,기타,안전운전 의무 불이행,단일로,기타단일로
27074,2017-11-25 06,주간,토,1,1,0,0,0,인천,남동구,차대사람,횡단중,횡단중,신호위반,단일로,기타단일로
27075,2017-11-20 06,주간,월,1,1,0,0,0,경기,안산시,차대사람,보도통행중,보도통행중,과속,단일로,기타단일로
27076,2017-11-04 13,주간,토,1,1,0,0,0,경기,의정부시,차대사람,기타,기타,안전운전 의무 불이행,단일로,기타단일로
27077,2017-10-06 00,야간,금,1,1,0,0,0,강원,원주시,차량단독,도로이탈,도로이탈 추락,안전운전 의무 불이행,단일로,기타단일로
27078,2017-11-12 18,야간,일,1,1,0,0,0,광주,서구,차대차,측면충돌,측면충돌,신호위반,단일로,기타단일로
27079,2017-12-01 05,야간,금,1,1,0,0,0,전북,군산시,차대사람,기타,기타,안전운전 의무 불이행,단일로,기타단일로
27080,2017-12-25 14,주간,월,1,2,0,1,0,경기,화성시,차대차,정면충돌,정면충돌,중앙선 침범,단일로,기타단일로
27081,2017-11-29 06,주간,수,1,1,0,0,0,인천,서구,차대차,추돌,추돌,안전운전 의무 불이행,단일로,기타단일로
27082,2017-11-06 02,야간,월,1,1,0,0,0,충남,아산시,차량단독,공작물충돌,공작물충돌,안전운전 의무 불이행,교차로,교차로내
27083,2017-12-15 05,야간,금,1,1,0,0,0,인천,남구,차대사람,횡단중,횡단중,안전운전 의무 불이행,기타,기타
27084,2017-12-16 00,야간,토,1,2,0,1,0,인천,남구,차대사람,횡단중,횡단중,과속,단일로,기타단일로
27085,2017-12-20 19,야간,수,1,1,0,0,0,충북,청주시,차대사람,기타,기타,안전운전 의무 불이행,단일로,기타단일로
27086,2017-12-21 19,야간,목,1,1,0,0,0,충북,청주시,차대차,기타,기타,보행자 보호의무 위반,교차로,교차로내
27087,2017-10-24 18,야간,화,1,2,1,0,0,충남,아산시,차량단독,도로이탈,도로이탈 추락,안전운전 의무 불이행,단일로,기타단일로
27088,2017-10-25 01,야간,수,1,1,0,0,0,충남,천안시,차대사람,기타,기타,안전운전 의무 불이행,단일로,기타단일로
27089,2017-09-08 22,야간,금,1,1,0,0,0,경북,구미시,차대사람,횡단중,횡단중,안전운전 의무 불이행,교차로,교차로내
27090,2017-09-29 20,야간,금,1,1,0,0,0,경기,오산시,차대차,측면충돌,측면충돌,안전운전 의무 불이행,단일로,기타단일로
27091,2017-12-27 05,야간,수,1,1,0,0,0,서울,동대문구,차량단독,공작물충돌,공작물충돌,안전운전 의무 불이행,단일로,기타단일로
27092,2017-09-20 20,야간,수,1,1,0,0,0,경기,남양주시,차대사람,횡단중,횡단중,안전운전 의무 불이행,단일로,기타단일로
27093,2017-12-31 07,주간,일,1,1,0,0,0,제주,제주시,차대사람,기타,기타,안전운전 의무 불이행,단일로,기타단일로
27094,2017-12-19 11,주간,화,1,1,0,0,0,인천,남구,차대사람,횡단중,횡단중,안전운전 의무 불이행,단일로,기타단일로
27095,2017-12-28 23,야간,목,1,1,0,0,0,서울,동대문구,차대사람,기타,기타,안전운전 의무 불이행,단일로,기타단일로
27096,2017-12-05 23,야간,화,1,8,7,0,0,인천,서구,차대차,측면충돌,측면충돌,중앙선 침범,단일로,고가도로위
27097,2017-11-02 07,주간,목,1,1,0,0,0,제주,제주시,차대차,추돌,추돌,안전운전 의무 불이행,단일로,기타단일로
27098,2017-11-22 13,주간,수,1,1,0,0,0,광주,서구,차대차,측면충돌,측면충돌,과속,단일로,기타단일로
27099,2017-11-29 12,주간,수,1,5,4,0,0,경기,안산시,차대차,측면충돌,측면충돌,안전운전 의무 불이행,단일로,기타단일로
27100,2017-09-13 09,주간,수,1,1,0,0,0,경북,구미시,차대차,정면충돌,정면충돌,중앙선 침범,단일로,기타단일로
27101,2017-12-29 09,주간,금,1,1,0,0,0,충북,청주시,차량단독,공작물충돌,공작물충돌,안전운전 의무 불이행,단일로,기타단일로
27102,2017-12-06 20,야간,수,1,1,0,0,0,경기,성남시,차대사람,횡단중,횡단중,신호위반,교차로,교차로횡단보도내
27103,2017-11-25 02,야간,토,1,3,0,2,0,광주,서구,차대차,기타,기타,안전운전 의무 불이행,교차로,교차로부근
27104,2017-09-25 20,야간,월,1,1,0,0,0,경기,남양주시,차대차,측면충돌,측면충돌,안전운전 의무 불이행,단일로,기타단일로
27105,2017-09-14 06,주간,목,1,2,1,0,0,경북,구미시,차대차,기타,기타,중앙선 침범,단일로,기타단일로
27106,2017-12-15 15,주간,금,1,1,0,0,0,전북,군산시,차대사람,기타,기타,안전운전 의무 불이행,단일로,기타단일로
27107,2017-12-15 19,야간,금,1,2,0,1,0,전북,군산시,차대차,기타,기타,안전운전 의무 불이행,단일로,기타단일로
27108,2017-10-29 03,야간,일,1,3,1,1,0,광주,북구,차량단독,공작물충돌,공작물충돌,안전운전 의무 불이행,단일로,기타단일로
27109,2017-12-23 04,야간,토,1,1,0,0,0,울산,남구,차대사람,기타,기타,안전운전 의무 불이행,교차로,교차로부근
27110,2017-12-23 05,야간,토,1,1,0,0,0,울산,남구,차대사람,기타,기타,안전운전 의무 불이행,단일로,기타단일로
27111,2017-12-22 00,야간,금,1,1,0,0,0,인천,남동구,차대사람,횡단중,횡단중,안전운전 의무 불이행,교차로,교차로내
27112,2017-11-26 19,야간,일,1,1,0,0,0,광주,서구,차대사람,횡단중,횡단중,안전운전 의무 불이행,교차로,교차로내
27113,2017-07-20 00,야간,목,1,1,0,0,0,경기,평택시,차대사람,횡단중,횡단중,과속,교차로,교차로횡단보도내
27114,2017-10-23 18,야간,월,1,1,0,0,0,경기,용인시,차대사람,횡단중,횡단중,안전운전 의무 불이행,단일로,기타단일로
27115,2017-12-19 04,야간,화,1,1,0,0,0,전북,군산시,차량단독,공작물충돌,공작물충돌,안전운전 의무 불이행,단일로,기타단일로
27116,2017-10-30 20,야간,월,1,1,0,0,0,충북,청주시,차대차,측면충돌,측면충돌,안전운전 의무 불이행,교차로,교차로내
27117,2017-07-21 01,야간,금,1,3,2,0,0,경기,평택시,차량단독,전도전복,전도전복,안전운전 의무 불이행,단일로,기타단일로
27118,2017-11-21 15,주간,화,1,3,1,1,0,경기,의정부시,차대차,측면충돌,측면충돌,안전운전 의무 불이행,교차로,교차로내
27119,2017-09-24 03,야간,일,2,3,1,0,0,서울,송파구,차대사람,기타,기타,안전운전 의무 불이행,단일로,기타단일로
27120,2017-11-20 06,주간,월,1,2,1,0,0,충남,아산시,차대차,추돌,추돌,안전운전 의무 불이행,단일로,기타단일로
27121,2017-09-25 00,야간,월,1,1,0,0,0,서울,송파구,차대사람,기타,기타,안전운전 의무 불이행,단일로,기타단일로
27122,2017-11-22 10,주간,수,1,1,0,0,0,대전,중구,차대사람,길가장자리구역통행중,길가장자리구역통행중,안전운전 의무 불이행,단일로,기타단일로
27123,2017-09-16 07,주간,토,1,1,0,0,0,대구,수성구,차량단독,공작물충돌,공작물충돌,기타,단일로,기타단일로
27124,2017-11-05 00,야간,일,1,1,0,0,0,충남,천안시,차대사람,횡단중,횡단중,안전운전 의무 불이행,단일로,기타단일로
27125,2017-11-19 02,야간,일,1,3,2,0,0,대구,달서구,차대차,기타,기타,안전운전 의무 불이행,기타,기타
27126,2017-10-01 11,주간,일,1,3,1,1,0,경기,남양주시,차대차,추돌,추돌,안전운전 의무 불이행,기타,기타
27127,2017-11-22 22,야간,수,1,3,2,0,0,충남,아산시,차대사람,횡단중,횡단중,신호위반,교차로,교차로횡단보도내
27128,2017-10-30 00,야간,월,1,1,0,0,0,경기,용인시,차량단독,공작물충돌,공작물충돌,안전운전 의무 불이행,단일로,기타단일로
27129,2017-12-10 06,주간,일,1,1,0,0,0,대구,동구,차량단독,공작물충돌,공작물충돌,안전운전 의무 불이행,단일로,기타단일로
27130,2017-10-30 07,주간,월,1,2,1,0,0,경기,용인시,차대차,측면충돌,측면충돌,안전운전 의무 불이행,단일로,기타단일로
27131,2017-12-22 17,주간,금,1,1,0,0,0,경북,경산시,차대사람,횡단중,횡단중,신호위반,교차로,교차로횡단보도내
27132,2017-09-21 14,주간,목,1,1,0,0,0,대구,수성구,차대차,추돌,추돌,안전운전 의무 불이행,단일로,기타단일로
27133,2017-10-22 01,야간,일,1,1,0,0,0,경기,시흥시,차대사람,횡단중,횡단중,과속,단일로,기타단일로
27134,2017-10-20 05,야간,금,1,2,0,1,0,경기,부천시,차대차,추돌,추돌,안전운전 의무 불이행,교차로,교차로부근
27135,2017-10-09 19,야간,월,1,1,0,0,0,경기,남양주시,차대차,기타,기타,안전운전 의무 불이행,단일로,기타단일로
27136,2017-09-24 13,주간,일,1,1,0,0,0,대구,수성구,차대차,측면충돌,측면충돌,안전거리 미확보,단일로,기타단일로
27137,2017-12-02 18,야간,토,2,3,1,0,0,충남,아산시,차대차,기타,기타,안전운전 의무 불이행,교차로,교차로내
27138,2017-12-31 12,주간,일,1,1,0,0,0,경북,경산시,차대차,기타,기타,교차로 통행방법 위반,교차로,교차로부근
27139,2017-12-05 03,야간,화,2,3,1,0,0,대전,중구,차량단독,공작물충돌,공작물충돌,안전운전 의무 불이행,단일로,기타단일로
27140,2017-07-29 09,주간,토,1,3,0,2,0,경기,평택시,차대차,측면충돌,측면충돌,중앙선 침범,단일로,기타단일로
27141,2017-12-17 20,야간,일,1,1,0,0,0,광주,서구,차대차,기타,기타,중앙선 침범,교차로,교차로부근
27142,2017-12-07 07,주간,목,1,1,0,0,0,대전,중구,차대사람,차도통행중,차도통행중,안전운전 의무 불이행,단일로,기타단일로
27143,2017-11-14 23,야간,화,1,1,0,0,0,경기,수원시,차대차,정면충돌,정면충돌,안전운전 의무 불이행,단일로,기타단일로
27144,2017-12-27 01,야간,수,1,1,0,0,0,대구,동구,차량단독,공작물충돌,공작물충돌,안전운전 의무 불이행,교차로,교차로부근
27145,2017-08-01 20,야간,화,1,2,0,1,0,경기,평택시,차대사람,횡단중,횡단중,안전운전 의무 불이행,단일로,기타단일로