교통사고이력ID(사고기록 순서),발생년월일시,주야코드,요일코드,사망자수,부상자수,중상자수,경상자수,부상신고자수,발생지시도코드,발생지시도코드,사고유형대분류코드,사고유형중분류코드,사고유형코드,법규위반코드,도로형태대분류코드,도로로형태코드
27344,2018-01-04 06,주간,목,1,1,0,0,0,서울,서초구,차대사람,횡단중,횡단중,과속,교차로,교차로부근
27345,2018-03-14 10,주간,수,2,3,1,0,0,강원,인제군,차대차,측면충돌,측면충돌,신호위반,교차로,교차로내
27346,2018-01-10 18,야간,수,1,2,0,0,1,서울,중구,차대사람,보도통행중,보도통행중,기타,단일로,기타단일로
27347,2018-01-20 21,야간,토,1,1,0,0,0,경남,함안군,차량단독,공작물충돌,공작물충돌,안전운전 의무 불이행,단일로,기타단일로
27348,2018-01-10 18,야간,수,1,1,0,0,0,충남,홍성군,차대사람,차도통행중,차도통행중,안전운전 의무 불이행,단일로,기타단일로
27349,2018-01-14 23,야간,일,1,1,0,0,0,충북,옥천군,차대사람,차도통행중,차도통행중,안전운전 의무 불이행,단일로,기타단일로
27350,2018-03-25 16,주간,일,1,1,0,0,0,전북,장수군,차량단독,공작물충돌,공작물충돌,안전운전 의무 불이행,단일로,기타단일로
27351,2018-01-07 07,주간,일,1,2,1,0,0,대구,달성군,차대차,추돌,추돌,과속,단일로,기타단일로
27352,2018-01-09 18,야간,화,1,1,0,0,0,경기,여주시,차대사람,기타,기타,안전운전 의무 불이행,단일로,기타단일로
27353,2018-01-20 19,야간,토,1,1,0,0,0,전북,부안군,차대사람,기타,기타,안전운전 의무 불이행,주차장,주차장
27354,2018-01-23 11,주간,화,1,1,0,0,0,전남,영암군,차대차,기타,기타,안전운전 의무 불이행,교차로,교차로내
27355,2018-01-04 07,주간,목,1,1,0,0,0,전북,군산시,차대사람,횡단중,횡단중,안전운전 의무 불이행,단일로,기타단일로
27356,2018-01-05 21,야간,금,1,1,0,0,0,경북,포항시,차대사람,길가장자리구역통행중,길가장자리구역통행중,안전운전 의무 불이행,교차로,교차로부근
27357,2018-01-20 00,야간,토,1,6,1,4,0,전남,장흥군,차대차,측면충돌,측면충돌,과속,단일로,기타단일로
27358,2018-03-22 16,주간,목,1,1,0,0,0,전북,순창군,차대차,정면충돌,정면충돌,중앙선 침범,기타,기타
27359,2018-02-07 17,주간,수,1,1,0,0,0,전남,장성군,차량단독,공작물충돌,공작물충돌,안전운전 의무 불이행,교차로,교차로내
27360,2018-02-27 05,야간,화,1,3,1,1,0,경남,창녕군,차대차,추돌,추돌,안전운전 의무 불이행,단일로,기타단일로
27361,2018-02-06 21,야간,화,1,1,0,0,0,경남,합천군,차대사람,길가장자리구역통행중,길가장자리구역통행중,안전운전 의무 불이행,교차로,교차로부근
27362,2018-01-22 09,주간,월,1,1,0,0,0,충남,예산군,차대차,측면충돌,측면충돌,안전운전 의무 불이행,단일로,기타단일로
27363,2018-02-12 22,야간,월,1,1,0,0,0,경남,함양군,차량단독,도로이탈,도로이탈 추락,안전운전 의무 불이행,단일로,기타단일로
27364,2018-01-22 20,야간,월,1,1,0,0,0,경남,함안군,차대차,추돌,추돌,안전운전 의무 불이행,단일로,기타단일로
27365,2018-04-02 23,야간,월,1,1,0,0,0,강원,인제군,차대사람,차도통행중,차도통행중,안전운전 의무 불이행,단일로,기타단일로
27366,2018-01-29 14,주간,월,1,1,0,0,0,경북,의성군,차대차,측면충돌,측면충돌,안전운전 의무 불이행,교차로,교차로부근
27367,2018-01-04 22,야간,목,1,2,0,1,0,경기,안산시,차대사람,횡단중,횡단중,과속,단일로,기타단일로
27368,2018-01-28 22,야간,일,1,1,0,0,0,인천,강화군,차량단독,기타,기타,안전운전 의무 불이행,단일로,기타단일로
27369,2018-02-25 11,주간,일,1,1,0,0,0,충남,보령시,차량단독,전도,전도,안전운전 의무 불이행,단일로,기타단일로
27370,2018-01-04 20,야간,목,1,1,0,0,0,전북,전주시,차대사람,횡단중,횡단중,과속,교차로,교차로횡단보도내
27371,2018-02-09 21,야간,금,1,1,0,0,0,전남,보성군,차량단독,기타,기타,안전운전 의무 불이행,단일로,기타단일로
27372,2018-01-06 04,야간,토,1,1,0,0,0,부산,해운대구,차대사람,차도통행중,차도통행중,안전운전 의무 불이행,단일로,기타단일로
27373,2018-01-06 02,야간,토,1,1,0,0,0,인천,연수구,차대차,측면충돌,측면충돌,안전운전 의무 불이행,단일로,교량위
27374,2018-01-13 09,주간,토,1,1,0,0,0,전남,광양시,차대사람,횡단중,횡단중,안전운전 의무 불이행,단일로,기타단일로
27375,2018-02-13 09,주간,화,1,1,0,0,0,전남,완도군,차대사람,횡단중,횡단중,안전운전 의무 불이행,단일로,기타단일로
27376,2018-01-06 02,야간,토,1,1,0,0,0,충남,천안시,차대사람,횡단중,횡단중,기타,단일로,기타단일로
27377,2018-01-18 08,주간,목,1,1,0,0,0,경남,고성군,차대사람,차도통행중,차도통행중,안전운전 의무 불이행,단일로,기타단일로
27378,2018-02-21 09,주간,수,1,1,0,0,0,경남,하동군,차대사람,길가장자리구역통행중,길가장자리구역통행중,안전운전 의무 불이행,주차장,주차장
27379,2018-01-09 21,야간,화,1,1,0,0,0,경기,양주시,차대사람,기타,기타,안전운전 의무 불이행,단일로,기타단일로
27380,2018-01-16 21,야간,화,1,1,0,0,0,부산,기장군,차대사람,횡단중,횡단중,보행자 보호의무 위반,교차로,교차로횡단보도내
27381,2018-01-06 23,야간,토,1,2,1,0,0,서울,강서구,차대차,추돌,추돌,안전운전 의무 불이행,기타,기타
27382,2018-03-13 19,야간,화,1,1,0,0,0,경남,의령군,차대차,측면충돌,측면충돌,안전운전 의무 불이행,불명,불명
27383,2018-01-09 17,주간,화,1,3,2,0,0,경기,포천시,차대차,정면충돌,정면충돌,신호위반,교차로,교차로내
27384,2018-01-26 18,야간,금,1,1,0,0,0,전남,장흥군,차량단독,공작물충돌,공작물충돌,안전운전 의무 불이행,단일로,기타단일로
27385,2018-01-17 21,야간,수,1,1,0,0,0,경북,문경시,차대사람,길가장자리구역통행중,길가장자리구역통행중,안전운전 의무 불이행,단일로,기타단일로
27386,2018-02-04 18,야간,일,1,1,0,0,0,충남,서천군,차대사람,차도통행중,차도통행중,안전운전 의무 불이행,교차로,교차로내
27387,2018-01-18 13,주간,목,1,1,0,0,0,강원,삼척시,차량단독,공작물충돌,공작물충돌,안전운전 의무 불이행,단일로,기타단일로
27388,2018-01-17 06,주간,수,1,1,0,0,0,부산,서구,차대사람,횡단중,횡단중,안전운전 의무 불이행,단일로,기타단일로
27389,2018-01-28 18,야간,일,1,1,0,0,0,전남,영암군,차량단독,도로이탈,도로이탈 추락,안전운전 의무 불이행,단일로,기타단일로
27390,2018-02-26 13,주간,월,1,2,1,0,0,전남,함평군,차량단독,도로이탈,도로이탈 추락,안전운전 의무 불이행,단일로,교량위
27391,2018-03-12 09,주간,월,1,2,0,1,0,경남,산청군,차대차,추돌,추돌,안전운전 의무 불이행,단일로,기타단일로
27392,2018-01-31 16,주간,수,1,1,0,0,0,경북,칠곡군,차대차,기타,기타,안전운전 의무 불이행,단일로,기타단일로
27393,2018-03-05 03,야간,월,1,1,0,0,0,충남,서산시,차대차,추돌,추돌,기타,단일로,기타단일로
27394,2018-03-13 21,야간,화,1,2,0,1,0,경남,산청군,차대차,추돌,추돌,안전운전 의무 불이행,단일로,기타단일로
27395,2018-01-09 21,야간,화,1,1,0,0,0,서울,성동구,차대사람,횡단중,횡단중,보행자 보호의무 위반,교차로,교차로횡단보도내
27396,2018-02-01 22,야간,목,3,4,1,0,0,경북,울진군,차대차,정면충돌,정면충돌,중앙선 침범,단일로,기타단일로
27397,2018-05-04 11,주간,금,1,2,0,1,0,강원,양구군,차대차,측면충돌,측면충돌,안전운전 의무 불이행,단일로,기타단일로
27398,2018-01-13 07,주간,토,1,1,0,0,0,충북,제천시,차대차,정면충돌,정면충돌,안전운전 의무 불이행,단일로,지하차도(도로)내
27399,2018-01-22 10,주간,월,1,1,0,0,0,전북,남원시,차대차,추돌,추돌,안전운전 의무 불이행,단일로,기타단일로
27400,2018-01-12 02,야간,금,1,1,0,0,0,인천,부평구,차대사람,횡단중,횡단중,안전운전 의무 불이행,단일로,기타단일로
27401,2018-02-08 16,주간,목,1,1,0,0,0,전남,담양군,차량단독,공작물충돌,공작물충돌,안전운전 의무 불이행,단일로,교량위
27402,2018-01-17 14,주간,수,1,1,0,0,0,충북,음성군,차대차,측면충돌,측면충돌,교차로 통행방법 위반,교차로,교차로내
27403,2018-03-04 06,주간,일,1,1,0,0,0,충남,청양군,차대사람,횡단중,횡단중,안전운전 의무 불이행,교차로,교차로부근
27404,2018-01-31 22,야간,수,1,1,0,0,0,경남,함안군,차량단독,전복,전복,안전운전 의무 불이행,단일로,기타단일로
27405,2018-01-18 13,주간,목,1,2,0,1,0,전북,정읍시,차대차,정면충돌,정면충돌,중앙선 침범,교차로,교차로부근
27406,2018-01-24 10,주간,수,1,1,0,0,0,경기,동두천시,차대차,정면충돌,정면충돌,안전운전 의무 불이행,교차로,교차로내
27407,2018-02-11 18,야간,일,1,1,0,0,0,경북,청도군,차대사람,차도통행중,차도통행중,안전운전 의무 불이행,단일로,기타단일로
27408,2018-04-22 10,주간,일,1,1,0,0,0,강원,인제군,차량단독,공작물충돌,공작물충돌,안전운전 의무 불이행,단일로,기타단일로
27409,2018-01-13 05,야간,토,1,1,0,0,0,경남,창원시(통합),차대사람,차도통행중,차도통행중,안전운전 의무 불이행,교차로,교차로내
27410,2018-02-03 21,야간,토,1,1,0,0,0,경기,가평군,차대차,정면충돌,정면충돌,중앙선 침범,단일로,기타단일로
27411,2018-01-08 13,주간,월,1,2,1,0,0,경기,이천시,차대차,기타,기타,안전운전 의무 불이행,단일로,기타단일로
27412,2018-01-11 19,야간,목,1,1,0,0,0,경북,김천시,차대차,추돌,추돌,안전운전 의무 불이행,단일로,기타단일로
27413,2018-03-10 13,주간,토,1,2,0,1,0,충남,청양군,차량단독,도로이탈,도로이탈 추락,안전운전 의무 불이행,교차로,교차로부근
27414,2018-01-25 19,야간,목,1,3,2,0,0,경기,이천시,차대차,기타,기타,안전운전 의무 불이행,단일로,기타단일로
27415,2018-03-11 19,야간,일,1,1,0,0,0,경남,하동군,차대사람,기타,기타,안전운전 의무 불이행,단일로,기타단일로
27416,2018-01-31 06,주간,수,1,3,2,0,0,전남,장흥군,차대차,정면충돌,정면충돌,중앙선 침범,단일로,기타단일로
27417,2018-01-28 09,주간,일,1,3,2,0,0,전남,무안군,차대차,정면충돌,정면충돌,중앙선 침범,단일로,기타단일로
27418,2018-02-08 12,주간,목,1,1,0,0,0,전북,익산시,차량단독,공작물충돌,공작물충돌,안전운전 의무 불이행,단일로,기타단일로
27419,2018-02-01 18,야간,목,1,1,0,0,0,전남,화순군,차대사람,기타,기타,안전운전 의무 불이행,단일로,기타단일로
27420,2018-03-15 05,야간,목,1,2,0,1,0,충남,당진시,차대차,추돌,추돌,과속,단일로,기타단일로
27421,2018-02-10 10,주간,토,1,2,1,0,0,충북,단양군,차대차,추돌,추돌,안전운전 의무 불이행,단일로,기타단일로
27422,2018-03-12 11,주간,월,1,1,0,0,0,경남,하동군,차대차,정면충돌,정면충돌,안전운전 의무 불이행,교차로,교차로부근
27423,2018-02-09 10,주간,금,1,1,0,0,0,경북,의성군,차량단독,도로이탈,도로이탈 추락,안전운전 의무 불이행,교차로,교차로부근
27424,2018-05-23 10,주간,수,1,1,0,0,0,전북,진안군,차량단독,전도,전도,안전운전 의무 불이행,단일로,기타단일로
27425,2018-01-10 20,야간,수,1,1,0,0,0,서울,구로구,차대사람,횡단중,횡단중,안전운전 의무 불이행,교차로,교차로내
27426,2018-05-25 07,주간,금,1,3,2,0,0,전북,진안군,차량단독,기타,기타,안전운전 의무 불이행,교차로,교차로내
27427,2018-04-18 17,주간,수,1,1,0,0,0,경북,청송군,차대차,추돌,추돌,안전운전 의무 불이행,교차로,교차로부근
27428,2018-01-07 21,야간,일,1,1,0,0,0,전남,목포시,차대사람,횡단중,횡단중,안전운전 의무 불이행,교차로,교차로횡단보도내
27429,2018-02-20 20,야간,화,1,1,0,0,0,강원,고성군,차량단독,공작물충돌,공작물충돌,안전운전 의무 불이행,기타,기타
27430,2018-01-07 00,야간,일,1,4,2,1,0,제주,서귀포시,차량단독,공작물충돌,공작물충돌,안전운전 의무 불이행,교차로,교차로부근
27431,2018-06-08 03,야간,금,2,7,3,2,0,경남,함양군,차대차,추돌,추돌,안전운전 의무 불이행,단일로,고가도로위
27432,2018-03-30 19,야간,금,1,1,0,0,0,충남,금산군,차량단독,공작물충돌,공작물충돌,안전거리 미확보,교차로,교차로부근
27433,2018-03-22 22,야간,목,1,3,0,2,0,충남,보령시,차대차,측면충돌,측면충돌,안전운전 의무 불이행,단일로,기타단일로
27434,2018-01-09 20,야간,화,1,2,0,1,0,부산,사하구,차대사람,횡단중,횡단중,신호위반,교차로,교차로횡단보도내
27435,2018-03-06 18,야간,화,1,1,0,0,0,경남,합천군,차대사람,횡단중,횡단중,안전운전 의무 불이행,교차로,교차로부근
27436,2018-02-06 07,주간,화,1,1,0,0,0,경북,김천시,차량단독,공작물충돌,공작물충돌,안전운전 의무 불이행,단일로,기타단일로
27437,2018-06-12 17,주간,화,1,1,0,0,0,전북,무주군,차대차,추돌,추돌,안전운전 의무 불이행,단일로,기타단일로
27438,2018-02-12 15,주간,월,1,1,0,0,0,전북,익산시,차대차,측면충돌,측면충돌,안전운전 의무 불이행,단일로,기타단일로
27439,2018-01-08 13,주간,월,1,1,0,0,0,서울,강남구,차대사람,기타,기타,보행자 보호의무 위반,단일로,기타단일로
27440,2018-05-06 06,주간,일,1,1,0,0,0,전북,순창군,차량단독,도로이탈,도로이탈 기타,안전운전 의무 불이행,단일로,기타단일로
27441,2018-01-08 07,주간,월,1,1,0,0,0,충북,청주시,차대사람,횡단중,횡단중,안전운전 의무 불이행,교차로,교차로부근
27442,2018-03-27 14,주간,화,1,1,0,0,0,충북,단양군,차대사람,횡단중,횡단중,보행자 보호의무 위반,단일로,기타단일로
27443,2018-02-23 18,야간,금,1,2,1,0,0,강원,평창군,차량단독,공작물충돌,공작물충돌,안전운전 의무 불이행,교차로,교차로내
27444,2018-01-28 04,야간,일,1,1,0,0,0,전북,남원시,차대차,추돌,추돌,안전운전 의무 불이행,단일로,기타단일로
27445,2018-04-18 13,주간,수,1,1,0,0,0,경남,의령군,차대차,측면충돌,측면충돌,교차로 통행방법 위반,교차로,교차로내
27446,2018-01-12 07,주간,금,1,1,0,0,0,인천,계양구,차대사람,횡단중,횡단중,보행자 보호의무 위반,교차로,교차로횡단보도내
27447,2018-01-07 04,야간,일,1,1,0,0,0,전남,순천시,차대사람,기타,기타,안전운전 의무 불이행,단일로,기타단일로
27448,2018-01-10 03,야간,수,1,1,0,0,0,경기,성남시,차대사람,차도통행중,차도통행중,안전운전 의무 불이행,단일로,기타단일로
27449,2018-04-25 17,주간,수,1,1,0,0,0,경북,청송군,차대차,추돌,추돌,안전운전 의무 불이행,단일로,기타단일로
27450,2018-02-08 02,야간,목,1,3,1,1,0,경북,상주시,차대차,추돌,추돌,안전운전 의무 불이행,단일로,기타단일로
27451,2018-03-08 09,주간,목,1,1,0,0,0,전북,무주군,차량단독,도로이탈,도로이탈 추락,안전운전 의무 불이행,단일로,지하차도(도로)내
27452,2018-02-03 00,야간,토,1,6,1,4,0,충북,음성군,차대차,추돌,추돌,안전거리 미확보,단일로,기타단일로
27453,2018-06-26 04,야간,화,1,8,4,3,0,전북,완주군,차대차,추돌,추돌,안전운전 의무 불이행,단일로,기타단일로
27454,2018-04-09 17,주간,월,1,1,0,0,0,충남,금산군,차대사람,횡단중,횡단중,신호위반,교차로,교차로내
27455,2018-01-06 03,야간,토,1,3,1,1,0,경기,시흥시,차대차,측면충돌,측면충돌,신호위반,교차로,교차로내
27456,2018-02-27 13,주간,화,1,1,0,0,0,전남,보성군,차대차,기타,기타,기타,교차로,교차로부근
27457,2018-06-01 14,주간,금,1,1,0,0,0,경북,군위군,차량단독,공작물충돌,공작물충돌,안전운전 의무 불이행,단일로,기타단일로
27458,2018-01-26 19,야간,금,1,1,0,0,0,전남,나주시,차대사람,횡단중,횡단중,보행자 보호의무 위반,교차로,교차로횡단보도내
27459,2018-04-01 15,주간,일,1,1,0,0,0,충남,당진시,차량단독,전도,전도,안전운전 의무 불이행,단일로,기타단일로
27460,2018-03-12 17,주간,월,1,1,0,0,0,경남,합천군,차대차,정면충돌,정면충돌,중앙선 침범,단일로,기타단일로
27461,2018-06-29 23,야간,금,1,1,0,0,0,전북,남원시,차대차,추돌,추돌,안전운전 의무 불이행,단일로,기타단일로
27462,2018-01-13 21,야간,토,1,1,0,0,0,인천,남동구,차대차,정면충돌,정면충돌,중앙선 침범,단일로,기타단일로
27463,2018-05-04 05,야간,금,1,1,0,0,0,강원,철원군,차량단독,공작물충돌,공작물충돌,과속,단일로,기타단일로
27464,2018-01-08 08,주간,월,1,2,0,0,1,제주,서귀포시,차대사람,기타,기타,안전운전 의무 불이행,교차로,교차로내
27465,2018-06-29 21,야간,금,1,1,0,0,0,전북,남원시,차대차,기타,기타,과속,단일로,기타단일로
27466,2018-03-17 20,야간,토,1,1,0,0,0,전남,함평군,차대사람,횡단중,횡단중,안전운전 의무 불이행,단일로,기타단일로
27467,2018-02-16 14,주간,금,1,1,0,0,0,경북,성주군,차량단독,공작물충돌,공작물충돌,안전운전 의무 불이행,기타,기타
27468,2018-01-08 07,주간,월,1,2,1,0,0,경북,경산시,차대차,추돌,추돌,안전운전 의무 불이행,단일로,지하차도(도로)내
27469,2018-01-14 08,주간,일,1,1,0,0,0,인천,동구,차대사람,횡단중,횡단중,신호위반,단일로,기타단일로
27470,2018-03-17 20,야간,토,1,1,0,0,0,경북,예천군,차대사람,차도통행중,차도통행중,안전운전 의무 불이행,단일로,기타단일로
27471,2018-01-14 13,주간,일,1,4,3,0,0,충남,서산시,차대차,추돌,추돌,안전운전 의무 불이행,단일로,기타단일로
27472,2018-03-11 08,주간,일,1,1,0,0,0,전북,무주군,차량단독,도로이탈,도로이탈 추락,안전운전 의무 불이행,단일로,기타단일로
27473,2018-01-06 08,주간,토,1,2,1,0,0,경기,안산시,차량단독,공작물충돌,공작물충돌,안전운전 의무 불이행,단일로,기타단일로
27474,2018-03-04 17,주간,일,1,1,0,0,0,강원,평창군,차대차,정면충돌,정면충돌,중앙선 침범,단일로,기타단일로
27475,2018-03-29 20,야간,목,1,1,0,0,0,충남,청양군,차대사람,차도통행중,차도통행중,안전운전 의무 불이행,교차로,교차로내
27476,2018-01-10 20,야간,수,1,1,0,0,0,경기,성남시,차대차,기타,기타,신호위반,교차로,교차로내
27477,2018-02-13 00,야간,화,1,1,0,0,0,전남,영광군,차량단독,공작물충돌,공작물충돌,안전운전 의무 불이행,단일로,기타단일로
27478,2018-04-07 05,야간,토,2,2,0,0,0,충남,보령시,차대차,추돌,추돌,안전운전 의무 불이행,단일로,기타단일로
27479,2018-01-07 21,야간,일,1,1,0,0,0,서울,영등포구,차대사람,횡단중,횡단중,과속,단일로,기타단일로
27480,2018-03-19 02,야간,월,1,1,0,0,0,전남,장성군,차량단독,공작물충돌,공작물충돌,안전운전 의무 불이행,교차로,교차로내
27481,2018-02-25 13,주간,일,1,1,0,0,0,충남,부여군,차량단독,도로이탈,도로이탈 추락,안전운전 의무 불이행,단일로,기타단일로
27482,2018-03-27 15,주간,화,1,1,0,0,0,경남,하동군,차대차,정면충돌,정면충돌,중앙선 침범,단일로,기타단일로
27483,2018-03-13 10,주간,화,1,2,0,1,0,전남,완도군,차대차,정면충돌,정면충돌,중앙선 침범,단일로,기타단일로
27484,2018-01-29 19,야간,월,1,1,0,0,0,전남,나주시,차대사람,길가장자리구역통행중,길가장자리구역통행중,안전운전 의무 불이행,단일로,기타단일로
27485,2018-03-15 12,주간,목,1,1,0,0,0,전북,무주군,차량단독,기타,기타,안전운전 의무 불이행,단일로,교량위
27486,2018-01-07 06,주간,일,1,1,0,0,0,제주,제주시,차대차,기타,기타,신호위반,교차로,교차로내
27487,2018-01-05 23,야간,금,1,1,0,0,0,경기,화성시,차대사람,횡단중,횡단중,안전운전 의무 불이행,단일로,기타단일로
27488,2018-05-27 14,주간,일,1,1,0,0,0,강원,화천군,차대차,측면충돌,측면충돌,안전운전 의무 불이행,단일로,기타단일로
27489,2018-01-11 22,야간,목,1,1,0,0,0,경기,안산시,차대사람,기타,기타,안전운전 의무 불이행,단일로,기타단일로
27490,2018-01-11 23,야간,목,1,3,2,0,0,경기,안성시,차대차,기타,기타,안전운전 의무 불이행,단일로,기타단일로
27491,2018-05-18 17,주간,금,1,1,0,0,0,강원,철원군,차대차,측면충돌,측면충돌,기타,교차로,교차로내
27492,2018-01-12 04,야간,금,1,2,0,0,1,경기,성남시,차대차,추돌,추돌,안전운전 의무 불이행,단일로,기타단일로
27493,2018-01-15 19,야간,월,1,1,0,0,0,서울,성동구,차대사람,횡단중,횡단중,안전운전 의무 불이행,기타,기타
27494,2018-01-19 03,야간,금,1,2,0,1,0,서울,금천구,차대사람,차도통행중,차도통행중,과속,단일로,기타단일로
27495,2018-05-20 14,주간,일,1,1,0,0,0,강원,철원군,차량단독,전도,전도,안전운전 의무 불이행,교차로,교차로부근
27496,2018-03-27 15,주간,화,1,1,0,0,0,전남,함평군,차대사람,횡단중,횡단중,안전운전 의무 불이행,단일로,기타단일로
27497,2018-01-26 11,주간,금,1,1,0,0,0,경기,양평군,차대차,정면충돌,정면충돌,안전운전 의무 불이행,단일로,기타단일로
27498,2018-04-04 22,야간,수,1,3,2,0,0,강원,횡성군,차대사람,횡단중,횡단중,안전운전 의무 불이행,단일로,기타단일로
27499,2018-04-20 15,주간,금,1,1,0,0,0,전남,구례군,차량단독,전복,전복,안전운전 의무 불이행,기타,기타
27500,2018-03-09 00,야간,금,1,1,0,0,0,전남,보성군,차대사람,기타,기타,안전운전 의무 불이행,단일로,기타단일로
27501,2018-01-26 18,야간,금,1,1,0,0,0,경기,양평군,차대사람,횡단중,횡단중,안전운전 의무 불이행,단일로,기타단일로
27502,2018-01-09 06,주간,화,1,1,0,0,0,대전,대덕구,차대사람,차도통행중,차도통행중,안전운전 의무 불이행,단일로,기타단일로
27503,2018-04-06 10,주간,금,1,1,0,0,0,강원,횡성군,차량단독,공작물충돌,공작물충돌,안전운전 의무 불이행,단일로,기타단일로
27504,2018-02-07 07,주간,수,1,1,0,0,0,충북,청주시,차대차,기타,기타,안전운전 의무 불이행,단일로,기타단일로
27505,2018-02-19 00,야간,월,1,6,2,3,0,대구,북구,차대차,기타,기타,중앙선 침범,단일로,기타단일로
27506,2018-03-13 14,주간,화,1,1,0,0,0,전남,보성군,차대사람,길가장자리구역통행중,길가장자리구역통행중,안전운전 의무 불이행,기타,기타
27507,2018-04-27 08,주간,금,1,1,0,0,0,경남,산청군,차량단독,도로이탈,도로이탈 추락,안전운전 의무 불이행,단일로,기타단일로
27508,2018-02-13 17,주간,화,1,2,1,0,0,충남,태안군,차대차,추돌,추돌,안전운전 의무 불이행,단일로,기타단일로
27509,2018-02-28 15,주간,수,1,2,0,1,0,강원,태백시,차대차,측면충돌,측면충돌,안전운전 의무 불이행,단일로,기타단일로
27510,2018-01-12 03,야간,금,1,1,0,0,0,서울,강서구,차대사람,차도통행중,차도통행중,안전운전 의무 불이행,교차로,교차로부근
27511,2018-02-13 00,야간,화,1,3,2,0,0,충북,괴산군,차대차,추돌,추돌,안전운전 의무 불이행,단일로,기타단일로
27512,2018-01-25 12,주간,목,1,1,0,0,0,충남,공주시,차대사람,횡단중,횡단중,보행자 보호의무 위반,단일로,기타단일로
27513,2018-04-11 08,주간,수,1,1,0,0,0,강원,횡성군,차대차,측면충돌,측면충돌,교차로 통행방법 위반,교차로,교차로내
27514,2018-01-13 23,야간,토,1,1,0,0,0,세종,세종,차대사람,기타,기타,안전운전 의무 불이행,단일로,기타단일로
27515,2018-02-16 11,주간,금,1,1,0,0,0,경남,함안군,차량단독,전도,전도,안전운전 의무 불이행,단일로,교량위
27516,2018-01-07 17,주간,일,1,5,2,2,0,경기,시흥시,차대차,추돌,추돌,안전운전 의무 불이행,단일로,기타단일로
27517,2018-03-13 10,주간,화,1,1,0,0,0,경북,청도군,차량단독,전도,전도,안전운전 의무 불이행,기타,기타
27518,2018-01-21 15,주간,일,1,1,0,0,0,경북,김천시,차대차,측면충돌,측면충돌,기타,단일로,기타단일로
27519,2018-01-20 14,주간,토,1,1,0,0,0,경북,영천시,차량단독,공작물충돌,공작물충돌,안전운전 의무 불이행,단일로,기타단일로
27520,2018-01-07 14,주간,일,1,1,0,0,0,경북,구미시,차량단독,공작물충돌,공작물충돌,안전운전 의무 불이행,교차로,교차로부근
27521,2018-01-20 18,야간,토,1,1,0,0,0,서울,관악구,차대사람,보도통행중,보도통행중,안전운전 의무 불이행,단일로,기타단일로
27522,2018-03-04 20,야간,일,3,8,4,1,0,강원,홍천군,차대차,추돌,추돌,안전운전 의무 불이행,단일로,교량위
27523,2018-05-07 00,야간,월,1,1,0,0,0,충남,당진시,차대차,추돌,추돌,안전운전 의무 불이행,단일로,교량위
27524,2018-03-28 13,주간,수,1,2,1,0,0,강원,영월군,차대차,측면충돌,측면충돌,기타,교차로,교차로내
27525,2018-06-03 16,주간,일,1,1,0,0,0,경남,의령군,차량단독,도로이탈,도로이탈 기타,안전운전 의무 불이행,단일로,지하차도(도로)내
27526,2018-02-10 16,주간,토,1,1,0,0,0,전남,해남군,차대사람,기타,기타,안전운전 의무 불이행,단일로,기타단일로
27527,2018-01-14 00,야간,일,1,5,1,3,0,경기,고양시,차대차,추돌,추돌,안전운전 의무 불이행,단일로,교량위
27528,2018-02-12 18,야간,월,1,1,0,0,0,경북,문경시,차대사람,차도통행중,차도통행중,안전운전 의무 불이행,단일로,기타단일로
27529,2018-02-15 05,야간,목,1,1,0,0,0,충북,음성군,차대사람,기타,기타,안전운전 의무 불이행,단일로,기타단일로
27530,2018-03-12 08,주간,월,1,2,0,1,0,전남,강진군,차대차,정면충돌,정면충돌,안전운전 의무 불이행,단일로,기타단일로
27531,2018-06-02 06,주간,토,1,1,0,0,0,강원,철원군,차대사람,횡단중,횡단중,안전운전 의무 불이행,단일로,기타단일로
27532,2018-03-01 14,주간,목,1,1,0,0,0,경북,울진군,차량단독,전도,전도,안전운전 의무 불이행,단일로,기타단일로
27533,2018-02-01 03,야간,목,1,1,0,0,0,경남,사천시,차량단독,공작물충돌,공작물충돌,안전운전 의무 불이행,교차로,교차로내
27534,2018-01-08 09,주간,월,1,1,0,0,0,대구,동구,차대차,추돌,추돌,안전운전 의무 불이행,교차로,교차로내
27535,2018-04-18 14,주간,수,1,1,0,0,0,강원,횡성군,차량단독,공작물충돌,공작물충돌,안전운전 의무 불이행,단일로,기타단일로
27536,2018-04-28 17,주간,토,1,1,0,0,0,충남,금산군,차대차,측면충돌,측면충돌,교차로 통행방법 위반,교차로,교차로내
27537,2018-06-24 17,주간,일,1,1,0,0,0,전북,순창군,차대차,측면충돌,측면충돌,안전운전 의무 불이행,단일로,기타단일로
27538,2018-02-01 18,야간,목,1,1,0,0,0,경기,여주시,차대차,측면충돌,측면충돌,중앙선 침범,교차로,교차로내
27539,2018-01-22 05,야간,월,1,1,0,0,0,광주,남구,차대차,측면충돌,측면충돌,기타,교차로,교차로부근
27540,2018-01-16 00,야간,화,2,2,0,0,0,세종,세종,차대차,추돌,추돌,안전운전 의무 불이행,단일로,기타단일로
27541,2018-01-08 19,야간,월,1,1,0,0,0,인천,서구,차대사람,횡단중,횡단중,안전운전 의무 불이행,단일로,기타단일로