교통사고이력ID(사고기록 순서),발생년월일시,주야코드,요일코드,사망자수,부상자수,중상자수,경상자수,부상신고자수,발생지시도코드,발생지시도코드,사고유형대분류코드,사고유형중분류코드,사고유형코드,법규위반코드,도로형태대분류코드,도로로형태코드
27741,2018-05-10 17,주간,목,1,1,0,0,0,경기,연천군,차대사람,횡단중,횡단중,안전운전 의무 불이행,교차로,교차로내
27742,2018-03-11 01,야간,일,1,1,0,0,0,충북,청주시,차대차,추돌,추돌,안전운전 의무 불이행,단일로,기타단일로
27743,2018-09-02 16,주간,일,2,6,0,4,0,경남,함안군,차대차,추돌,추돌,안전운전 의무 불이행,단일로,기타단일로
27744,2018-01-12 15,주간,금,1,1,0,0,0,대구,달서구,차대사람,기타,기타,안전운전 의무 불이행,단일로,기타단일로
27745,2018-02-27 22,야간,화,1,1,0,0,0,서울,서초구,차대사람,기타,기타,안전운전 의무 불이행,단일로,기타단일로
27746,2018-05-12 12,주간,토,1,2,0,1,0,경남,거창군,차대차,정면충돌,정면충돌,안전운전 의무 불이행,단일로,기타단일로
27747,2018-01-26 05,야간,금,1,1,0,0,0,서울,구로구,차대사람,횡단중,횡단중,안전운전 의무 불이행,단일로,기타단일로
27748,2018-07-24 07,주간,화,1,1,0,0,0,충남,금산군,차량단독,도로이탈,도로이탈 기타,안전운전 의무 불이행,기타,기타
27749,2018-01-27 06,주간,토,1,2,0,1,0,경기,이천시,차대차,정면충돌,정면충돌,신호위반,교차로,교차로내
27750,2018-01-19 12,주간,금,1,1,0,0,0,전남,순천시,차대차,기타,기타,교차로 통행방법 위반,교차로,교차로내
27751,2018-04-25 17,주간,수,1,3,1,1,0,경북,성주군,차대차,정면충돌,정면충돌,안전운전 의무 불이행,교차로,교차로내
27752,2018-11-20 17,주간,화,1,1,0,0,0,강원,양구군,차량단독,기타,기타,안전운전 의무 불이행,기타,기타
27753,2018-01-26 11,주간,금,1,2,1,0,0,서울,구로구,차대사람,횡단중,횡단중,보행자 보호의무 위반,교차로,교차로횡단보도내
27754,2018-07-08 14,주간,일,1,3,1,1,0,충북,단양군,차대차,정면충돌,정면충돌,중앙선 침범,단일로,기타단일로
27755,2018-05-10 13,주간,목,1,1,0,0,0,전북,익산시,차대사람,기타,기타,안전운전 의무 불이행,단일로,기타단일로
27756,2018-03-31 12,주간,토,1,7,2,4,0,경남,창녕군,차대차,정면충돌,정면충돌,중앙선 침범,단일로,기타단일로
27757,2018-05-16 11,주간,수,1,1,0,0,0,전남,보성군,차대사람,차도통행중,차도통행중,안전운전 의무 불이행,단일로,기타단일로
27758,2018-11-23 09,주간,금,1,1,0,0,0,강원,양구군,차대사람,횡단중,횡단중,안전운전 의무 불이행,교차로,교차로내
27759,2018-03-13 09,주간,화,1,1,0,0,0,경북,문경시,차대차,측면충돌,측면충돌,안전운전 의무 불이행,교차로,교차로내
27760,2018-03-30 13,주간,금,1,1,0,0,0,전남,무안군,차량단독,전도,전도,안전운전 의무 불이행,교차로,교차로부근
27761,2018-03-21 13,주간,수,1,1,0,0,0,전남,해남군,차량단독,기타,기타,안전운전 의무 불이행,단일로,기타단일로
27762,2018-01-21 04,야간,일,1,1,0,0,0,경기,성남시,차대사람,기타,기타,과속,단일로,기타단일로
27763,2018-01-21 06,주간,일,1,1,0,0,0,부산,수영구,차대사람,횡단중,횡단중,안전운전 의무 불이행,교차로,교차로내
27764,2018-09-09 14,주간,일,1,1,0,0,0,경남,함안군,차대차,측면충돌,측면충돌,안전운전 의무 불이행,단일로,기타단일로
27765,2018-03-31 11,주간,토,2,2,0,0,0,강원,홍천군,차량단독,공작물충돌,공작물충돌,안전운전 의무 불이행,단일로,기타단일로
27766,2018-04-11 08,주간,수,1,1,0,0,0,전북,고창군,차대차,측면충돌,측면충돌,안전운전 의무 불이행,교차로,교차로횡단보도내
27767,2018-03-15 00,야간,목,1,1,0,0,0,충남,금산군,차대차,기타,기타,안전운전 의무 불이행,단일로,기타단일로
27768,2018-12-09 19,야간,일,1,1,0,0,0,경북,군위군,차대사람,차도통행중,차도통행중,안전운전 의무 불이행,단일로,기타단일로
27769,2018-07-18 17,주간,수,1,1,0,0,0,충남,청양군,차대차,측면충돌,측면충돌,과속,기타,기타
27770,2018-04-28 10,주간,토,1,1,0,0,0,전남,담양군,차대차,기타,기타,과속,교차로,교차로내
27771,2018-04-17 19,야간,화,1,3,0,2,0,전남,영광군,차대차,추돌,추돌,과속,단일로,기타단일로
27772,2018-02-08 09,주간,목,1,1,0,0,0,경남,통영시,차대차,측면충돌,측면충돌,안전운전 의무 불이행,단일로,기타단일로
27773,2018-01-18 05,야간,목,1,1,0,0,0,부산,부산진구,차대사람,횡단중,횡단중,과속,단일로,기타단일로
27774,2018-06-28 09,주간,목,1,1,0,0,0,강원,횡성군,차대차,측면충돌,측면충돌,안전운전 의무 불이행,교차로,교차로내
27775,2018-02-13 04,야간,화,1,1,0,0,0,서울,성북구,차대사람,기타,기타,안전운전 의무 불이행,단일로,기타단일로
27776,2018-02-02 21,야간,금,1,1,0,0,0,경기,군포시,차대사람,횡단중,횡단중,안전운전 의무 불이행,단일로,기타단일로
27777,2018-01-29 07,주간,월,1,1,0,0,0,경기,양주시,차대차,추돌,추돌,안전운전 의무 불이행,단일로,기타단일로
27778,2018-02-15 19,야간,목,1,1,0,0,0,경북,상주시,차량단독,공작물충돌,공작물충돌,안전운전 의무 불이행,단일로,기타단일로
27779,2018-01-17 06,주간,수,1,1,0,0,0,제주,제주시,차대사람,기타,기타,안전운전 의무 불이행,단일로,기타단일로
27780,2018-09-07 12,주간,금,1,3,2,0,0,경북,청송군,차대차,측면충돌,측면충돌,교차로 통행방법 위반,교차로,교차로내
27781,2018-01-28 22,야간,일,1,3,0,2,0,충북,충주시,차대사람,횡단중,횡단중,과속,교차로,교차로내
27782,2018-04-02 17,주간,월,1,1,0,0,0,충남,태안군,차량단독,기타,기타,안전운전 의무 불이행,단일로,기타단일로
27783,2018-06-25 12,주간,월,1,1,0,0,0,전북,무주군,차량단독,전도,전도,안전운전 의무 불이행,단일로,기타단일로
27784,2018-03-19 21,야간,월,1,1,0,0,0,충북,증평군,차대사람,차도통행중,차도통행중,안전운전 의무 불이행,단일로,기타단일로
27785,2018-01-26 09,주간,금,1,1,0,0,0,경기,의왕시,차량단독,기타,기타,안전운전 의무 불이행,단일로,기타단일로
27786,2018-02-04 05,야간,일,1,1,0,0,0,서울,성북구,차대사람,횡단중,횡단중,안전운전 의무 불이행,단일로,기타단일로
27787,2018-03-01 07,주간,목,1,1,0,0,0,경기,여주시,차량단독,도로이탈,도로이탈 기타,안전운전 의무 불이행,단일로,기타단일로
27788,2018-07-22 14,주간,일,1,1,0,0,0,전남,진도군,차대사람,횡단중,횡단중,안전운전 의무 불이행,단일로,기타단일로
27789,2018-01-29 23,야간,월,1,3,1,1,0,경기,양주시,차대차,측면충돌,측면충돌,교차로 통행방법 위반,교차로,교차로내
27790,2018-03-02 19,야간,금,1,2,0,1,0,전남,나주시,차대사람,기타,기타,안전운전 의무 불이행,단일로,기타단일로
27791,2018-07-27 20,야간,금,1,1,0,0,0,경남,산청군,차량단독,공작물충돌,공작물충돌,안전운전 의무 불이행,단일로,기타단일로
27792,2018-12-31 15,주간,월,1,1,0,0,0,경북,군위군,차량단독,전도,전도,안전운전 의무 불이행,단일로,기타단일로
27793,2018-01-17 10,주간,수,1,4,1,2,0,광주,광산구,차대차,정면충돌,정면충돌,신호위반,교차로,교차로내
27794,2018-07-11 18,야간,수,1,3,1,1,0,경남,남해군,차량단독,도로이탈,도로이탈 추락,안전운전 의무 불이행,단일로,기타단일로
27795,2018-01-16 11,주간,화,1,2,1,0,0,경북,경산시,차대차,기타,기타,교차로 통행방법 위반,교차로,교차로내
27796,2018-09-21 08,주간,금,1,1,0,0,0,경남,함안군,차대차,기타,기타,안전운전 의무 불이행,단일로,기타단일로
27797,2018-04-09 13,주간,월,1,1,0,0,0,경기,가평군,차대사람,기타,기타,안전운전 의무 불이행,단일로,기타단일로
27798,2018-06-08 10,주간,금,1,2,0,0,1,강원,영월군,차대차,측면충돌,측면충돌,기타,교차로,교차로내
27799,2018-09-22 07,주간,토,1,1,0,0,0,전남,구례군,차량단독,전복,전복,안전운전 의무 불이행,단일로,기타단일로
27800,2018-02-02 05,야간,금,1,1,0,0,0,부산,북구,차대사람,횡단중,횡단중,신호위반,교차로,교차로내
27801,2018-08-20 01,야간,월,1,3,1,1,0,충남,당진시,차대사람,기타,기타,안전운전 의무 불이행,단일로,기타단일로
27802,2018-04-21 06,주간,토,1,2,0,1,0,경남,함안군,차대차,측면충돌,측면충돌,신호위반,교차로,교차로내
27803,2018-01-16 06,주간,화,1,1,0,0,0,광주,북구,차대사람,횡단중,횡단중,안전운전 의무 불이행,단일로,기타단일로
27804,2018-01-16 00,야간,화,1,1,0,0,0,경기,화성시,차대사람,차도통행중,차도통행중,안전운전 의무 불이행,단일로,기타단일로
27805,2018-01-22 11,주간,월,1,2,0,1,0,서울,노원구,차대차,측면충돌,측면충돌,교차로 통행방법 위반,교차로,교차로내
27806,2018-09-19 04,야간,수,1,1,0,0,0,경북,청송군,차량단독,도로이탈,도로이탈 추락,안전운전 의무 불이행,단일로,기타단일로
27807,2018-01-27 21,야간,토,1,3,0,2,0,부산,사상구,차대사람,횡단중,횡단중,안전운전 의무 불이행,단일로,기타단일로
27808,2018-01-21 23,야간,일,1,1,0,0,0,대전,서구,차량단독,공작물충돌,공작물충돌,안전운전 의무 불이행,단일로,기타단일로
27809,2018-02-04 05,야간,일,1,1,0,0,0,경기,군포시,차대사람,횡단중,횡단중,과속,단일로,기타단일로
27810,2018-05-11 17,주간,금,2,4,2,0,0,전남,강진군,차대차,정면충돌,정면충돌,중앙선 침범,단일로,기타단일로
27811,2018-02-12 01,야간,월,1,1,0,0,0,전남,광양시,차대차,측면충돌,측면충돌,과속,교차로,교차로내
27812,2018-03-06 20,야간,화,1,2,0,1,0,충남,홍성군,차대차,추돌,추돌,안전운전 의무 불이행,교차로,교차로부근
27813,2018-06-11 15,주간,월,1,1,0,0,0,강원,영월군,차대차,기타,기타,안전운전 의무 불이행,단일로,기타단일로
27814,2018-01-13 06,주간,토,1,1,0,0,0,울산,남구,차대사람,횡단중,횡단중,안전운전 의무 불이행,단일로,기타단일로
27815,2018-02-07 18,야간,수,1,1,0,0,0,서울,도봉구,차대사람,기타,기타,안전운전 의무 불이행,교차로,교차로부근
27816,2018-07-20 13,주간,금,1,2,1,0,0,경남,남해군,차대차,정면충돌,정면충돌,중앙선 침범,단일로,기타단일로
27817,2018-02-21 00,야간,수,1,1,0,0,0,충북,음성군,차량단독,전도,전도,안전운전 의무 불이행,교차로,교차로부근
27818,2018-02-01 10,주간,목,1,1,0,0,0,인천,부평구,차대사람,횡단중,횡단중,보행자 보호의무 위반,교차로,교차로내
27819,2018-02-12 17,주간,월,1,6,4,1,0,경기,안산시,차대차,측면충돌,측면충돌,중앙선 침범,단일로,교량위
27820,2018-02-22 11,주간,목,1,2,0,1,0,경남,양산시,차대차,정면충돌,정면충돌,중앙선 침범,단일로,기타단일로
27821,2018-01-18 12,주간,목,1,1,0,0,0,제주,제주시,차대차,기타,기타,기타,교차로,교차로내
27822,2018-02-08 06,주간,목,1,1,0,0,0,울산,동구,차대사람,횡단중,횡단중,신호위반,교차로,교차로내
27823,2018-04-28 20,야간,토,1,1,0,0,0,인천,강화군,차량단독,전복,전복,안전운전 의무 불이행,단일로,기타단일로
27824,2018-03-21 15,주간,수,1,4,1,2,0,대전,동구,차량단독,기타,기타,안전운전 의무 불이행,단일로,기타단일로
27825,2018-07-05 16,주간,목,1,1,0,0,0,전남,장성군,차대사람,기타,기타,안전운전 의무 불이행,교차로,교차로내
27826,2018-05-04 21,야간,금,1,1,0,0,0,경북,성주군,차량단독,전도,전도,안전운전 의무 불이행,단일로,기타단일로
27827,2018-08-14 20,야간,화,1,1,0,0,0,전북,임실군,차대사람,횡단중,횡단중,과속,단일로,기타단일로
27828,2018-01-30 15,주간,화,1,1,0,0,0,충북,충주시,차량단독,기타,기타,안전운전 의무 불이행,기타,기타
27829,2018-02-04 08,주간,일,1,1,0,0,0,인천,중구,차대차,측면충돌,측면충돌,안전운전 의무 불이행,교차로,교차로내
27830,2018-08-01 07,주간,수,1,2,0,1,0,전남,진도군,차대차,측면충돌,측면충돌,과속,교차로,교차로내
27831,2018-12-20 17,주간,목,4,5,1,0,0,강원,화천군,차량단독,도로이탈,도로이탈 기타,과속,단일로,기타단일로
27832,2018-02-13 18,야간,화,1,1,0,0,0,충남,논산시,차대차,추돌,추돌,안전운전 의무 불이행,단일로,교량위
27833,2018-04-04 05,야간,수,1,1,0,0,0,경기,이천시,차대차,추돌,추돌,안전운전 의무 불이행,단일로,기타단일로
27834,2018-03-18 14,주간,일,1,4,3,0,0,전북,완주군,차대차,정면충돌,정면충돌,중앙선 침범,단일로,기타단일로
27835,2018-04-04 05,야간,수,1,3,0,2,0,충북,괴산군,차대차,추돌,추돌,안전운전 의무 불이행,단일로,기타단일로
27836,2018-04-18 13,주간,수,2,2,0,0,0,경남,고성군,차량단독,공작물충돌,공작물충돌,안전운전 의무 불이행,단일로,기타단일로
27837,2018-01-22 07,주간,월,1,1,0,0,0,경북,포항시,차대사람,횡단중,횡단중,안전운전 의무 불이행,단일로,기타단일로
27838,2018-04-22 14,주간,일,1,1,0,0,0,전북,고창군,차량단독,공작물충돌,공작물충돌,안전운전 의무 불이행,단일로,기타단일로
27839,2018-02-23 04,야간,금,1,1,0,0,0,경북,상주시,차대차,추돌,추돌,안전운전 의무 불이행,단일로,기타단일로
27840,2018-11-29 05,야간,목,1,1,0,0,0,전북,순창군,차량단독,공작물충돌,공작물충돌,안전운전 의무 불이행,교차로,교차로부근
27841,2018-02-23 18,야간,금,1,1,0,0,0,전북,정읍시,차대사람,기타,기타,안전운전 의무 불이행,단일로,기타단일로
27842,2018-01-21 03,야간,일,1,1,0,0,0,대구,북구,차대사람,횡단중,횡단중,안전운전 의무 불이행,교차로,교차로횡단보도내
27843,2018-03-15 18,야간,목,1,1,0,0,0,경기,동두천시,차대사람,횡단중,횡단중,안전운전 의무 불이행,단일로,기타단일로
27844,2018-01-28 23,야간,일,1,1,0,0,0,경기,안성시,차량단독,전복,전복,안전운전 의무 불이행,단일로,기타단일로
27845,2018-02-24 09,주간,토,1,1,0,0,0,전북,김제시,차대사람,횡단중,횡단중,안전운전 의무 불이행,교차로,교차로내
27846,2018-02-22 16,주간,목,1,1,0,0,0,경북,칠곡군,차대사람,횡단중,횡단중,보행자 보호의무 위반,교차로,교차로횡단보도내
27847,2018-07-02 14,주간,월,1,1,0,0,0,경북,청도군,차량단독,도로이탈,도로이탈 추락,안전운전 의무 불이행,교차로,교차로내
27848,2018-06-05 15,주간,화,1,1,0,0,0,전남,광양시,차량단독,공작물충돌,공작물충돌,안전운전 의무 불이행,단일로,기타단일로
27849,2018-04-24 15,주간,화,1,1,0,0,0,전북,고창군,차대차,측면충돌,측면충돌,신호위반,교차로,교차로내
27850,2018-04-25 05,야간,수,1,1,0,0,0,전북,고창군,차대차,측면충돌,측면충돌,신호위반,교차로,교차로내
27851,2018-01-21 16,주간,일,1,1,0,0,0,부산,부산진구,차대차,측면충돌,측면충돌,기타,단일로,기타단일로
27852,2018-09-14 05,야간,금,1,1,0,0,0,전북,고창군,차량단독,공작물충돌,공작물충돌,안전운전 의무 불이행,단일로,기타단일로
27853,2018-02-03 23,야간,토,1,1,0,0,0,경북,안동시,차대사람,횡단중,횡단중,안전운전 의무 불이행,단일로,기타단일로
27854,2018-04-30 14,주간,월,1,2,0,1,0,경남,함안군,차대차,측면충돌,측면충돌,중앙선 침범,단일로,기타단일로
27855,2018-04-22 12,주간,일,1,4,3,0,0,경남,고성군,차대차,측면충돌,측면충돌,신호위반,교차로,교차로내
27856,2018-02-26 10,주간,월,1,1,0,0,0,충남,공주시,차대사람,기타,기타,중앙선 침범,교차로,교차로부근
27857,2018-08-08 19,야간,수,1,1,0,0,0,충북,단양군,차대사람,기타,기타,보행자 보호의무 위반,기타,기타
27858,2018-02-10 11,주간,토,1,1,0,0,0,경남,창원시(통합),차량단독,전도,전도,안전운전 의무 불이행,단일로,기타단일로
27859,2018-08-28 14,주간,화,1,1,0,0,0,충북,보은군,차량단독,기타,기타,교차로 통행방법 위반,교차로,교차로내
27860,2018-06-14 12,주간,목,1,1,0,0,0,충북,옥천군,차량단독,도로이탈,도로이탈 추락,안전운전 의무 불이행,단일로,기타단일로
27861,2018-08-06 21,야간,월,1,1,0,0,0,경남,함양군,차대차,추돌,추돌,안전운전 의무 불이행,단일로,기타단일로
27862,2018-07-14 10,주간,토,1,1,0,0,0,전남,완도군,차량단독,전도,전도,안전운전 의무 불이행,단일로,기타단일로
27863,2018-12-11 19,야간,화,1,1,0,0,0,강원,인제군,차대사람,횡단중,횡단중,안전운전 의무 불이행,교차로,교차로내
27864,2018-11-06 22,야간,화,1,1,0,0,0,경남,창원시(통합),차대차,추돌,추돌,안전운전 의무 불이행,단일로,기타단일로
27865,2018-01-26 13,주간,금,1,1,0,0,0,전북,익산시,차대차,측면충돌,측면충돌,안전운전 의무 불이행,단일로,기타단일로
27866,2018-05-02 07,주간,수,1,1,0,0,0,경남,함안군,차대차,측면충돌,측면충돌,과속,교차로,교차로내
27867,2018-04-27 09,주간,금,1,2,1,0,0,경북,영덕군,차대차,측면충돌,측면충돌,안전운전 의무 불이행,단일로,기타단일로
27868,2018-02-27 08,주간,화,1,1,0,0,0,경북,상주시,차대사람,횡단중,횡단중,안전운전 의무 불이행,단일로,기타단일로
27869,2018-04-28 05,야간,토,1,1,0,0,0,경북,영덕군,차대차,정면충돌,정면충돌,안전운전 의무 불이행,교차로,교차로내
27870,2018-10-24 15,주간,수,1,1,0,0,0,경남,의령군,차량단독,전도,전도,안전운전 의무 불이행,단일로,지하차도(도로)내
27871,2018-03-30 15,주간,금,1,1,0,0,0,경북,문경시,차량단독,도로이탈,도로이탈 추락,안전운전 의무 불이행,단일로,기타단일로
27872,2018-09-21 05,야간,금,1,2,0,1,0,전북,부안군,차대차,추돌,추돌,안전운전 의무 불이행,단일로,기타단일로
27873,2018-10-24 18,야간,수,1,1,0,0,0,경남,의령군,차대사람,횡단중,횡단중,안전운전 의무 불이행,불명,불명
27874,2018-02-08 21,야간,목,1,1,0,0,0,부산,북구,차대사람,기타,기타,안전운전 의무 불이행,단일로,기타단일로
27875,2018-08-15 05,야간,수,1,1,0,0,0,경남,하동군,차량단독,도로이탈,도로이탈 기타,안전운전 의무 불이행,교차로,교차로내
27876,2018-08-01 14,주간,수,1,1,0,0,0,경남,합천군,차대차,기타,기타,안전운전 의무 불이행,단일로,기타단일로
27877,2018-05-17 17,주간,목,1,1,0,0,0,충남,서천군,차량단독,도로이탈,도로이탈 기타,안전운전 의무 불이행,단일로,기타단일로
27878,2018-10-15 15,주간,월,1,1,0,0,0,경북,청송군,차대차,정면충돌,정면충돌,중앙선 침범,단일로,기타단일로
27879,2018-03-12 19,야간,월,1,2,0,1,0,전남,나주시,차대차,측면충돌,측면충돌,중앙선 침범,단일로,기타단일로
27880,2018-01-26 01,야간,금,1,1,0,0,0,서울,노원구,차대사람,횡단중,횡단중,안전운전 의무 불이행,단일로,기타단일로
27881,2018-07-16 15,주간,월,1,1,0,0,0,전남,완도군,차량단독,전도,전도,안전운전 의무 불이행,교차로,교차로내
27882,2018-01-23 10,주간,화,1,2,1,0,0,경기,고양시,차대차,정면충돌,정면충돌,중앙선 침범,단일로,기타단일로
27883,2018-02-28 21,야간,수,1,1,0,0,0,전북,김제시,차대사람,기타,기타,안전운전 의무 불이행,단일로,기타단일로
27884,2018-07-15 18,야간,일,1,1,0,0,0,강원,평창군,차량단독,도로이탈,도로이탈 추락,안전운전 의무 불이행,단일로,기타단일로
27885,2018-11-16 23,야간,금,1,1,0,0,0,경남,창녕군,차대사람,기타,기타,안전운전 의무 불이행,단일로,기타단일로
27886,2018-07-20 19,야간,금,1,1,0,0,0,강원,고성군,차량단독,기타,기타,안전운전 의무 불이행,기타,기타
27887,2018-02-15 06,주간,목,1,1,0,0,0,경남,김해시,차대사람,횡단중,횡단중,안전운전 의무 불이행,교차로,교차로부근
27888,2018-09-26 06,주간,수,1,5,4,0,0,충남,당진시,차대차,기타,기타,안전운전 의무 불이행,단일로,기타단일로
27889,2018-08-23 21,야간,목,1,1,0,0,0,전남,진도군,차량단독,공작물충돌,공작물충돌,안전운전 의무 불이행,단일로,기타단일로
27890,2018-08-21 08,주간,화,1,1,0,0,0,경남,하동군,차대차,측면충돌,측면충돌,안전운전 의무 불이행,단일로,기타단일로
27891,2018-04-06 03,야간,금,1,1,0,0,0,부산,중구,차량단독,공작물충돌,공작물충돌,안전운전 의무 불이행,교차로,교차로부근
27892,2018-03-14 12,주간,수,1,1,0,0,0,경남,사천시,차대사람,기타,기타,안전운전 의무 불이행,단일로,기타단일로
27893,2018-10-06 08,주간,토,1,1,0,0,0,충남,금산군,차대사람,기타,기타,안전운전 의무 불이행,교차로,교차로내
27894,2018-04-12 10,주간,목,1,1,0,0,0,충북,진천군,차량단독,전복,전복,안전운전 의무 불이행,단일로,기타단일로
27895,2018-09-29 12,주간,토,1,1,0,0,0,전북,군산시,차대차,추돌,추돌,안전운전 의무 불이행,단일로,기타단일로
27896,2018-06-01 10,주간,금,1,1,0,0,0,전남,강진군,차대사람,길가장자리구역통행중,길가장자리구역통행중,안전운전 의무 불이행,교차로,교차로부근
27897,2018-07-28 10,주간,토,1,1,0,0,0,전남,장성군,차대차,정면충돌,정면충돌,중앙선 침범,단일로,기타단일로
27898,2018-07-01 21,야간,일,1,1,0,0,0,충북,옥천군,차대사람,횡단중,횡단중,안전운전 의무 불이행,교차로,교차로부근
27899,2018-06-15 15,주간,금,1,1,0,0,0,경기,연천군,차대차,정면충돌,정면충돌,중앙선 침범,단일로,지하차도(도로)내
27900,2018-11-24 02,야간,토,1,1,0,0,0,경남,함양군,차대차,추돌,추돌,안전운전 의무 불이행,단일로,기타단일로
27901,2018-11-05 06,주간,월,1,1,0,0,0,경남,의령군,차대사람,차도통행중,차도통행중,안전운전 의무 불이행,단일로,지하차도(도로)내
27902,2018-07-17 08,주간,화,1,1,0,0,0,경북,청도군,차대사람,길가장자리구역통행중,길가장자리구역통행중,중앙선 침범,기타,기타
27903,2018-08-11 10,주간,토,1,1,0,0,0,강원,횡성군,차대차,측면충돌,측면충돌,안전운전 의무 불이행,교차로,교차로부근
27904,2018-02-14 03,야간,수,1,1,0,0,0,경남,창원시(통합),차대사람,기타,기타,안전운전 의무 불이행,단일로,기타단일로
27905,2018-05-29 23,야간,화,1,1,0,0,0,전남,담양군,차량단독,전도,전도,안전운전 의무 불이행,단일로,기타단일로
27906,2018-01-16 07,주간,화,1,3,1,1,0,경기,남양주시,차대차,추돌,추돌,안전운전 의무 불이행,단일로,기타단일로
27907,2018-06-26 02,야간,화,1,2,0,1,0,전북,정읍시,차대차,추돌,추돌,안전운전 의무 불이행,단일로,기타단일로
27908,2018-05-24 20,야간,목,1,1,0,0,0,경북,성주군,차대차,정면충돌,정면충돌,중앙선 침범,단일로,기타단일로
27909,2018-04-24 04,야간,화,1,1,0,0,0,경기,과천시,차대사람,차도통행중,차도통행중,안전운전 의무 불이행,단일로,기타단일로
27910,2018-01-18 14,주간,목,1,1,0,0,0,경기,고양시,차대사람,횡단중,횡단중,안전운전 의무 불이행,단일로,기타단일로
27911,2018-03-22 05,야간,목,1,4,3,0,0,충남,예산군,차량단독,공작물충돌,공작물충돌,안전운전 의무 불이행,단일로,기타단일로
27912,2018-11-08 09,주간,목,1,1,0,0,0,전남,구례군,차대차,정면충돌,정면충돌,중앙선 침범,단일로,기타단일로
27913,2018-01-19 01,야간,금,1,1,0,0,0,대전,서구,차대사람,횡단중,횡단중,과속,교차로,교차로횡단보도내
27914,2018-02-14 06,주간,수,1,1,0,0,0,서울,서대문구,차대사람,횡단중,횡단중,안전운전 의무 불이행,단일로,기타단일로
27915,2018-12-22 18,야간,토,1,1,0,0,0,전남,곡성군,차대사람,길가장자리구역통행중,길가장자리구역통행중,안전운전 의무 불이행,단일로,기타단일로
27916,2018-06-01 14,주간,금,1,1,0,0,0,전남,담양군,차대차,기타,기타,안전운전 의무 불이행,단일로,기타단일로
27917,2018-10-31 12,주간,수,1,1,0,0,0,경북,청송군,차대차,측면충돌,측면충돌,안전운전 의무 불이행,단일로,기타단일로
27918,2018-09-04 09,주간,화,1,1,0,0,0,경남,함양군,차대차,측면충돌,측면충돌,신호위반,교차로,교차로횡단보도내
27919,2018-01-22 18,야간,월,1,1,0,0,0,충북,청주시,차대사람,횡단중,횡단중,안전운전 의무 불이행,단일로,기타단일로
27920,2018-06-01 20,야간,금,1,1,0,0,0,전남,담양군,차량단독,기타,기타,안전운전 의무 불이행,단일로,기타단일로
27921,2018-09-17 05,야간,월,1,1,0,0,0,전북,임실군,차대사람,차도통행중,차도통행중,안전운전 의무 불이행,단일로,기타단일로
27922,2018-11-19 17,주간,월,1,1,0,0,0,경남,의령군,차대차,추돌,추돌,안전운전 의무 불이행,불명,불명
27923,2018-01-20 06,주간,토,1,1,0,0,0,광주,광산구,차대사람,횡단중,횡단중,안전운전 의무 불이행,단일로,기타단일로
27924,2018-02-06 12,주간,화,1,1,0,0,0,서울,동작구,차대사람,횡단중,횡단중,안전운전 의무 불이행,교차로,교차로횡단보도내
27925,2018-03-28 14,주간,수,1,1,0,0,0,부산,영도구,차대사람,횡단중,횡단중,안전운전 의무 불이행,단일로,기타단일로
27926,2018-07-27 20,야간,금,1,1,0,0,0,경북,청도군,차대사람,기타,기타,안전운전 의무 불이행,단일로,기타단일로
27927,2018-03-23 18,야간,금,1,1,0,0,0,서울,중구,차대차,측면충돌,측면충돌,안전운전 의무 불이행,교차로,교차로내
27928,2018-11-04 13,주간,일,1,1,0,0,0,경북,청송군,차량단독,도로이탈,도로이탈 추락,안전운전 의무 불이행,단일로,기타단일로
27929,2018-05-17 23,야간,목,1,2,0,1,0,전북,고창군,차대차,추돌,추돌,안전운전 의무 불이행,교차로,교차로부근
27930,2018-02-23 20,야간,금,1,1,0,0,0,부산,강서구,차대사람,횡단중,횡단중,안전운전 의무 불이행,단일로,기타단일로
27931,2018-07-13 20,야간,금,1,2,1,0,0,충북,영동군,차량단독,전도,전도,안전운전 의무 불이행,단일로,기타단일로
27932,2018-01-23 10,주간,화,1,9,2,6,0,전남,여수시,차대차,측면충돌,측면충돌,중앙선 침범,단일로,기타단일로
27933,2018-04-04 14,주간,수,1,1,0,0,0,전남,영암군,차량단독,공작물충돌,공작물충돌,안전운전 의무 불이행,단일로,기타단일로
27934,2018-01-16 19,야간,화,1,1,0,0,0,경기,남양주시,차대사람,횡단중,횡단중,신호위반,교차로,교차로내
27935,2018-01-27 13,주간,토,1,1,0,0,0,전남,순천시,차대사람,횡단중,횡단중,안전운전 의무 불이행,단일로,기타단일로
27936,2018-12-13 18,야간,목,1,1,0,0,0,경남,창녕군,차대사람,기타,기타,안전운전 의무 불이행,단일로,기타단일로
27937,2018-02-06 03,야간,화,1,1,0,0,0,경기,이천시,차량단독,공작물충돌,공작물충돌,안전운전 의무 불이행,단일로,기타단일로
27938,2018-07-29 04,야간,일,1,1,0,0,0,경북,청도군,차대차,추돌,추돌,안전운전 의무 불이행,기타,기타
27939,2018-05-09 09,주간,수,1,1,0,0,0,경남,창녕군,차대사람,기타,기타,안전운전 의무 불이행,단일로,기타단일로
27940,2018-04-09 07,주간,월,1,1,0,0,0,전북,남원시,차대차,측면충돌,측면충돌,안전운전 의무 불이행,교차로,교차로내