교통사고이력ID(사고기록 순서),발생년월일시,주야코드,요일코드,사망자수,부상자수,중상자수,경상자수,부상신고자수,발생지시도코드,발생지시도코드,사고유형대분류코드,사고유형중분류코드,사고유형코드,법규위반코드,도로형태대분류코드,도로로형태코드
27941,2018-01-22 00,야간,월,1,1,0,0,0,제주,제주시,차대사람,횡단중,횡단중,안전운전 의무 불이행,교차로,교차로부근
27942,2018-04-16 18,야간,월,1,1,0,0,0,전남,해남군,차량단독,전도,전도,안전운전 의무 불이행,단일로,기타단일로
27943,2018-12-02 22,야간,일,1,1,0,0,0,전남,구례군,차대사람,차도통행중,차도통행중,안전운전 의무 불이행,단일로,기타단일로
27944,2018-03-07 16,주간,수,1,1,0,0,0,경북,상주시,차량단독,도로이탈,도로이탈 추락,안전운전 의무 불이행,단일로,기타단일로
27945,2018-10-23 19,야간,화,2,6,4,0,0,충남,홍성군,차대차,기타,기타,기타,단일로,기타단일로
27946,2018-01-20 21,야간,토,1,1,0,0,0,경기,안산시,차량단독,공작물충돌,공작물충돌,안전운전 의무 불이행,단일로,기타단일로
27947,2018-03-11 06,주간,일,1,1,0,0,0,전북,김제시,차대차,측면충돌,측면충돌,안전거리 미확보,단일로,기타단일로
27948,2018-08-12 09,주간,일,1,1,0,0,0,전북,무주군,차량단독,전도,전도,안전운전 의무 불이행,단일로,기타단일로
27949,2018-02-11 16,주간,일,1,1,0,0,0,충남,서산시,차대사람,횡단중,횡단중,안전운전 의무 불이행,단일로,기타단일로
27950,2018-02-18 20,야간,일,2,2,0,0,0,충북,제천시,차량단독,공작물충돌,공작물충돌,안전운전 의무 불이행,단일로,기타단일로
27951,2018-02-11 18,야간,일,1,3,1,1,0,충남,서산시,차대차,정면충돌,정면충돌,중앙선 침범,단일로,기타단일로
27952,2018-12-01 09,주간,토,1,1,0,0,0,경남,의령군,차대차,측면충돌,측면충돌,교차로 통행방법 위반,교차로,교차로내
27953,2018-02-05 15,주간,월,1,1,0,0,0,경기,광명시,차대차,기타,기타,신호위반,교차로,교차로내
27954,2018-02-15 05,야간,목,1,2,0,1,0,부산,금정구,차대차,정면충돌,정면충돌,중앙선 침범,단일로,기타단일로
27955,2018-06-09 16,주간,토,1,1,0,0,0,전남,고흥군,차량단독,공작물충돌,공작물충돌,안전운전 의무 불이행,단일로,기타단일로
27956,2018-06-10 16,주간,일,1,1,0,0,0,강원,태백시,차량단독,전복,전복,과속,교차로,교차로부근
27957,2018-07-17 11,주간,화,1,1,0,0,0,경남,거창군,차대사람,차도통행중,차도통행중,안전운전 의무 불이행,단일로,기타단일로
27958,2018-07-26 05,야간,목,1,1,0,0,0,경북,청도군,차량단독,전복,전복,안전운전 의무 불이행,교차로,교차로부근
27959,2018-09-13 10,주간,목,1,1,0,0,0,전남,진도군,차대차,기타,기타,교차로 통행방법 위반,교차로,교차로내
27960,2018-02-06 14,주간,화,1,1,0,0,0,충북,충주시,차대차,기타,기타,안전운전 의무 불이행,교차로,교차로횡단보도내
27961,2018-03-27 13,주간,화,1,1,0,0,0,경기,여주시,차대차,정면충돌,정면충돌,안전운전 의무 불이행,교차로,교차로내
27962,2018-02-26 14,주간,월,1,1,0,0,0,광주,남구,차대사람,횡단중,횡단중,안전운전 의무 불이행,교차로,교차로부근
27963,2018-07-24 08,주간,화,1,1,0,0,0,충북,영동군,차대차,측면충돌,측면충돌,안전운전 의무 불이행,단일로,기타단일로
27964,2018-03-14 14,주간,수,1,1,0,0,0,경기,양평군,차량단독,공작물충돌,공작물충돌,안전운전 의무 불이행,단일로,기타단일로
27965,2018-09-06 10,주간,목,1,1,0,0,0,경남,합천군,차대사람,횡단중,횡단중,안전운전 의무 불이행,교차로,교차로횡단보도내
27966,2018-09-25 17,주간,화,1,1,0,0,0,경남,하동군,차대차,측면충돌,측면충돌,안전운전 의무 불이행,교차로,교차로내
27967,2018-05-27 06,주간,일,1,1,0,0,0,인천,강화군,차량단독,기타,기타,안전운전 의무 불이행,단일로,기타단일로
27968,2018-07-25 03,야간,수,1,1,0,0,0,강원,영월군,차량단독,도로이탈,도로이탈 추락,안전운전 의무 불이행,단일로,지하차도(도로)내
27969,2018-07-14 15,주간,토,1,13,3,9,0,광주,북구,차대차,기타,기타,안전운전 의무 불이행,단일로,고가도로위
27970,2018-06-10 13,주간,일,1,1,0,0,0,경북,성주군,차량단독,공작물충돌,공작물충돌,안전운전 의무 불이행,단일로,기타단일로
27971,2018-03-20 12,주간,화,1,1,0,0,0,부산,서구,차량단독,기타,기타,안전운전 의무 불이행,단일로,기타단일로
27972,2018-07-25 11,주간,수,2,3,1,0,0,강원,영월군,차대차,정면충돌,정면충돌,중앙선 침범,단일로,교량위
27973,2018-04-12 15,주간,목,1,1,0,0,0,전북,남원시,차량단독,도로이탈,도로이탈 추락,안전운전 의무 불이행,단일로,기타단일로
27974,2018-01-26 19,야간,금,1,1,0,0,0,충북,청주시,차대사람,횡단중,횡단중,안전운전 의무 불이행,단일로,지하차도(도로)내
27975,2018-08-21 07,주간,화,1,1,0,0,0,경북,고령군,차대차,측면충돌,측면충돌,안전운전 의무 불이행,단일로,기타단일로
27976,2018-04-16 05,야간,월,1,1,0,0,0,충남,당진시,차량단독,기타,기타,안전운전 의무 불이행,기타,기타
27977,2018-04-08 19,야간,일,1,1,0,0,0,전남,영암군,차대차,추돌,추돌,안전운전 의무 불이행,단일로,기타단일로
27978,2018-01-17 05,야간,수,1,1,0,0,0,대구,수성구,차대사람,횡단중,횡단중,안전운전 의무 불이행,단일로,기타단일로
27979,2018-01-25 22,야간,목,1,1,0,0,0,경남,양산시,차대차,측면충돌,측면충돌,안전운전 의무 불이행,단일로,기타단일로
27980,2018-01-21 14,주간,일,1,1,0,0,0,경기,화성시,차량단독,기타,기타,안전운전 의무 불이행,단일로,기타단일로
27981,2018-04-13 20,야간,금,1,1,0,0,0,전북,남원시,차대사람,횡단중,횡단중,안전운전 의무 불이행,단일로,기타단일로
27982,2018-06-29 04,야간,금,1,2,0,1,0,강원,춘천시,차대차,추돌,추돌,안전운전 의무 불이행,기타,기타
27983,2018-01-27 23,야간,토,1,1,0,0,0,대전,동구,차대사람,횡단중,횡단중,과속,단일로,기타단일로
27984,2018-02-18 19,야간,일,1,1,0,0,0,경남,창원시(통합),차대차,추돌,추돌,안전운전 의무 불이행,단일로,기타단일로
27985,2018-11-13 06,주간,화,1,1,0,0,0,충남,금산군,차량단독,기타,기타,안전거리 미확보,단일로,기타단일로
27986,2018-08-10 05,야간,금,1,1,0,0,0,강원,고성군,차대사람,횡단중,횡단중,보행자 보호의무 위반,교차로,교차로횡단보도내
27987,2018-10-13 10,주간,토,1,1,0,0,0,경남,산청군,차대사람,횡단중,횡단중,안전운전 의무 불이행,단일로,기타단일로
27988,2018-08-25 16,주간,토,1,1,0,0,0,경북,고령군,차대차,측면충돌,측면충돌,중앙선 침범,단일로,기타단일로
27989,2018-09-20 18,야간,목,1,1,0,0,0,충남,청양군,차대사람,횡단중,횡단중,과속,단일로,기타단일로
27990,2018-07-24 21,야간,화,1,1,0,0,0,경남,거창군,차대사람,횡단중,횡단중,안전운전 의무 불이행,교차로,교차로내
27991,2018-08-14 09,주간,화,1,3,0,2,0,강원,고성군,차대차,측면충돌,측면충돌,신호위반,교차로,교차로내
27992,2018-02-13 17,주간,화,1,3,2,0,0,경북,안동시,차대차,정면충돌,정면충돌,안전운전 의무 불이행,교차로,교차로내
27993,2018-09-15 18,야간,토,1,1,0,0,0,경북,예천군,차대차,측면충돌,측면충돌,안전운전 의무 불이행,교차로,교차로내
27994,2018-04-14 17,주간,토,1,1,0,0,0,전북,남원시,차대사람,기타,기타,안전운전 의무 불이행,단일로,기타단일로
27995,2018-04-03 16,주간,화,1,1,0,0,0,충남,예산군,차대차,기타,기타,기타,교차로,교차로내
27996,2018-07-28 11,주간,토,1,1,0,0,0,전남,보성군,차대차,추돌,추돌,안전운전 의무 불이행,교차로,교차로내
27997,2018-02-24 14,주간,토,1,1,0,0,0,충남,논산시,차대차,측면충돌,측면충돌,중앙선 침범,단일로,기타단일로
27998,2018-10-15 12,주간,월,1,1,0,0,0,경남,산청군,차대사람,길가장자리구역통행중,길가장자리구역통행중,안전운전 의무 불이행,단일로,기타단일로
27999,2018-05-15 15,주간,화,2,2,0,0,0,강원,홍천군,차량단독,도로이탈,도로이탈 추락,안전운전 의무 불이행,단일로,기타단일로
28000,2018-07-30 08,주간,월,1,2,1,0,0,강원,영월군,차대차,정면충돌,정면충돌,교차로 통행방법 위반,교차로,교차로내
28001,2018-06-11 02,야간,월,1,1,0,0,0,전남,장흥군,차량단독,전도,전도,안전운전 의무 불이행,단일로,기타단일로
28002,2018-07-24 06,주간,화,1,1,0,0,0,충북,옥천군,차대차,기타,기타,신호위반,교차로,교차로내
28003,2018-02-12 19,야간,월,1,1,0,0,0,경남,창원시(통합),차대사람,차도통행중,차도통행중,안전운전 의무 불이행,단일로,기타단일로
28004,2018-09-23 19,야간,일,1,1,0,0,0,충남,청양군,차대사람,기타,기타,안전운전 의무 불이행,기타,기타
28005,2018-04-20 15,주간,금,1,6,2,3,0,경북,구미시,차대차,추돌,추돌,안전운전 의무 불이행,단일로,기타단일로
28006,2018-05-07 00,야간,월,1,1,0,0,0,충남,태안군,차대사람,기타,기타,안전운전 의무 불이행,단일로,기타단일로
28007,2018-04-26 18,야간,목,1,10,1,8,0,충북,괴산군,차대차,추돌,추돌,안전운전 의무 불이행,단일로,터널안
28008,2018-04-21 02,야간,토,1,1,0,0,0,경북,김천시,차량단독,공작물충돌,공작물충돌,안전운전 의무 불이행,단일로,기타단일로
28009,2018-03-13 02,야간,화,1,2,1,0,0,서울,은평구,차대차,측면충돌,측면충돌,신호위반,교차로,교차로내
28010,2018-01-25 18,야간,목,1,1,0,0,0,전북,군산시,차대사람,차도통행중,차도통행중,안전운전 의무 불이행,단일로,기타단일로
28011,2018-04-28 15,주간,토,1,5,0,4,0,경기,이천시,차대차,추돌,추돌,안전운전 의무 불이행,단일로,기타단일로
28012,2018-10-02 05,야간,화,1,1,0,0,0,전남,진도군,차량단독,도로이탈,도로이탈 추락,안전운전 의무 불이행,단일로,기타단일로
28013,2018-02-09 01,야간,금,1,1,0,0,0,서울,용산구,차량단독,전도,전도,안전운전 의무 불이행,단일로,기타단일로
28014,2018-08-25 21,야간,토,1,4,1,2,0,전남,완도군,차대차,정면충돌,정면충돌,중앙선 침범,단일로,기타단일로
28015,2018-03-10 01,야간,토,1,1,0,0,0,서울,성북구,차대사람,차도통행중,차도통행중,안전운전 의무 불이행,단일로,기타단일로
28016,2018-07-30 00,야간,월,1,1,0,0,0,전남,순천시,차량단독,공작물충돌,공작물충돌,안전운전 의무 불이행,단일로,기타단일로
28017,2018-02-13 04,야간,화,1,1,0,0,0,경남,창원시(통합),차대사람,횡단중,횡단중,신호위반,단일로,기타단일로
28018,2018-06-10 10,주간,일,1,1,0,0,0,충남,부여군,차대차,추돌,추돌,안전운전 의무 불이행,단일로,기타단일로
28019,2018-05-17 22,야간,목,1,1,0,0,0,강원,홍천군,차량단독,공작물충돌,공작물충돌,안전운전 의무 불이행,교차로,교차로부근
28020,2018-06-13 18,야간,수,1,1,0,0,0,경북,영덕군,차량단독,전복,전복,안전운전 의무 불이행,단일로,기타단일로
28021,2018-03-16 02,야간,금,1,1,0,0,0,충남,보령시,차대사람,길가장자리구역통행중,길가장자리구역통행중,안전운전 의무 불이행,단일로,기타단일로
28022,2018-06-17 01,야간,일,1,1,0,0,0,경북,울진군,차대사람,차도통행중,차도통행중,안전운전 의무 불이행,단일로,기타단일로
28023,2018-05-20 15,주간,일,2,3,0,1,0,전남,무안군,차대차,정면충돌,정면충돌,중앙선 침범,단일로,기타단일로
28024,2018-09-27 16,주간,목,1,4,0,3,0,경남,남해군,차대차,정면충돌,정면충돌,중앙선 침범,단일로,기타단일로
28025,2018-06-04 08,주간,월,1,3,1,0,1,경남,함안군,차대차,측면충돌,측면충돌,중앙선 침범,교차로,교차로부근
28026,2018-06-25 08,주간,월,2,3,1,0,0,전남,고흥군,차대차,정면충돌,정면충돌,중앙선 침범,단일로,기타단일로
28027,2018-10-01 19,야간,월,1,1,0,0,0,강원,횡성군,차대사람,횡단중,횡단중,안전운전 의무 불이행,단일로,기타단일로
28028,2018-02-07 19,야간,수,1,3,0,0,2,서울,강동구,차대차,추돌,추돌,안전운전 의무 불이행,단일로,기타단일로
28029,2018-05-21 04,야간,월,1,1,0,0,0,전남,무안군,차대사람,기타,기타,안전운전 의무 불이행,단일로,기타단일로
28030,2018-08-20 23,야간,월,2,6,2,1,1,강원,고성군,차대차,정면충돌,정면충돌,중앙선 침범,단일로,기타단일로
28031,2018-11-03 12,주간,토,1,1,0,0,0,충북,보은군,차량단독,도로이탈,도로이탈 추락,안전운전 의무 불이행,단일로,지하차도(도로)내
28032,2018-01-22 04,야간,월,1,1,0,0,0,인천,서구,차대사람,횡단중,횡단중,과속,단일로,기타단일로
28033,2018-01-19 07,주간,금,1,1,0,0,0,서울,송파구,차대사람,횡단중,횡단중,안전운전 의무 불이행,단일로,기타단일로
28034,2018-02-01 01,야간,목,1,1,0,0,0,제주,서귀포시,차대사람,기타,기타,안전운전 의무 불이행,단일로,기타단일로
28035,2018-08-01 12,주간,수,1,1,0,0,0,충북,옥천군,차대차,추돌,추돌,안전거리 미확보,단일로,기타단일로
28036,2018-10-14 19,야간,일,1,8,2,5,0,경남,함양군,차대차,추돌,추돌,안전운전 의무 불이행,단일로,기타단일로
28037,2018-02-10 01,야간,토,1,1,0,0,0,경기,광명시,차대사람,횡단중,횡단중,안전운전 의무 불이행,단일로,기타단일로
28038,2018-02-01 12,주간,목,1,1,0,0,0,제주,서귀포시,차대사람,기타,기타,안전운전 의무 불이행,단일로,기타단일로
28039,2018-02-03 08,주간,토,1,3,0,2,0,전북,익산시,차대차,측면충돌,측면충돌,기타,단일로,기타단일로
28040,2018-10-06 18,야간,토,2,4,2,0,0,강원,횡성군,차대차,기타,기타,안전운전 의무 불이행,교차로,교차로내
28041,2018-07-14 10,주간,토,1,1,0,0,0,경북,의성군,차대차,측면충돌,측면충돌,안전운전 의무 불이행,단일로,기타단일로
28042,2018-03-18 20,야간,일,1,1,0,0,0,충남,보령시,차량단독,공작물충돌,공작물충돌,안전운전 의무 불이행,단일로,기타단일로
28043,2018-10-03 10,주간,수,1,1,0,0,0,경북,예천군,차량단독,공작물충돌,공작물충돌,안전운전 의무 불이행,단일로,기타단일로
28044,2018-01-19 23,야간,금,1,2,1,0,0,경북,구미시,차대차,추돌,추돌,안전운전 의무 불이행,단일로,기타단일로
28045,2018-11-03 17,주간,토,1,1,0,0,0,경남,하동군,차대사람,횡단중,횡단중,안전운전 의무 불이행,단일로,기타단일로
28046,2018-01-19 08,주간,금,1,1,0,0,0,대구,수성구,차대차,측면충돌,측면충돌,안전운전 의무 불이행,교차로,교차로부근
28047,2018-03-19 20,야간,월,1,2,0,1,0,경남,김해시,차대차,측면충돌,측면충돌,안전운전 의무 불이행,단일로,터널안
28048,2018-02-14 06,주간,수,1,4,0,3,0,경기,양주시,차대차,측면충돌,측면충돌,교차로 통행방법 위반,교차로,교차로내
28049,2018-03-08 06,주간,목,1,1,0,0,0,전남,광양시,차량단독,공작물충돌,공작물충돌,안전운전 의무 불이행,교차로,교차로내
28050,2018-03-02 14,주간,금,1,1,0,0,0,충남,논산시,차량단독,전복,전복,안전운전 의무 불이행,단일로,기타단일로
28051,2018-05-25 09,주간,금,1,1,0,0,0,전남,무안군,차대차,측면충돌,측면충돌,안전운전 의무 불이행,교차로,교차로부근
28052,2018-03-09 10,주간,금,1,1,0,0,0,경기,안양시,차대사람,차도통행중,차도통행중,안전운전 의무 불이행,교차로,교차로부근
28053,2018-04-16 19,야간,월,1,1,0,0,0,전북,완주군,차량단독,공작물충돌,공작물충돌,안전운전 의무 불이행,단일로,기타단일로
28054,2018-04-27 15,주간,금,1,10,2,7,0,경북,상주시,차대차,추돌,추돌,안전운전 의무 불이행,단일로,기타단일로
28055,2018-09-29 19,야간,토,2,2,0,0,0,경남,합천군,차대차,추돌,추돌,안전운전 의무 불이행,단일로,기타단일로
28056,2018-03-09 07,주간,금,1,1,0,0,0,부산,강서구,차대사람,횡단중,횡단중,안전운전 의무 불이행,단일로,기타단일로
28057,2018-08-18 17,주간,토,1,1,0,0,0,충북,영동군,차대차,정면충돌,정면충돌,안전운전 의무 불이행,교차로,교차로내
28058,2018-10-14 15,주간,일,1,1,0,0,0,강원,횡성군,차량단독,도로이탈,도로이탈 기타,안전운전 의무 불이행,단일로,기타단일로
28059,2018-02-10 03,야간,토,1,1,0,0,0,경기,용인시,차대차,추돌,추돌,안전운전 의무 불이행,기타,기타
28060,2018-12-09 06,주간,일,2,6,0,4,0,전북,군산시,차량단독,기타,기타,안전운전 의무 불이행,단일로,기타단일로
28061,2018-02-05 14,주간,월,1,1,0,0,0,대구,북구,차대사람,횡단중,횡단중,안전운전 의무 불이행,단일로,기타단일로
28062,2018-06-07 11,주간,목,1,1,0,0,0,전남,화순군,차량단독,공작물충돌,공작물충돌,안전운전 의무 불이행,단일로,기타단일로
28063,2018-02-04 12,주간,일,1,1,0,0,0,대전,서구,차대사람,횡단중,횡단중,안전운전 의무 불이행,단일로,기타단일로
28064,2018-04-10 23,야간,화,1,3,2,0,0,경기,여주시,차대차,측면충돌,측면충돌,안전운전 의무 불이행,단일로,기타단일로
28065,2018-02-11 10,주간,일,1,3,1,1,0,경기,안성시,차대차,측면충돌,측면충돌,신호위반,교차로,교차로내
28066,2018-09-20 19,야간,목,1,1,0,0,0,전남,완도군,차량단독,전도,전도,안전운전 의무 불이행,단일로,기타단일로
28067,2018-04-28 01,야간,토,1,1,0,0,0,서울,은평구,차대사람,기타,기타,안전운전 의무 불이행,교차로,교차로부근
28068,2018-10-13 18,야간,토,1,1,0,0,0,경남,남해군,차량단독,도로이탈,도로이탈 추락,안전운전 의무 불이행,단일로,기타단일로
28069,2018-03-21 11,주간,수,1,1,0,0,0,전북,정읍시,차대차,측면충돌,측면충돌,중앙선 침범,단일로,기타단일로
28070,2018-02-08 17,주간,목,1,1,0,0,0,경기,안양시,차대차,측면충돌,측면충돌,기타,교차로,교차로횡단보도내
28071,2018-08-23 17,주간,목,1,1,0,0,0,경남,거창군,차대사람,횡단중,횡단중,안전운전 의무 불이행,교차로,교차로내
28072,2018-10-19 12,주간,금,1,1,0,0,0,충남,청양군,차대사람,기타,기타,안전운전 의무 불이행,단일로,기타단일로
28073,2018-03-12 08,주간,월,1,1,0,0,0,경기,안양시,차대차,측면충돌,측면충돌,기타,단일로,기타단일로
28074,2018-07-12 11,주간,목,1,3,1,1,0,전남,강진군,차대차,정면충돌,정면충돌,중앙선 침범,단일로,기타단일로
28075,2018-09-01 15,주간,토,1,1,0,0,0,강원,평창군,차대사람,기타,기타,안전운전 의무 불이행,단일로,기타단일로
28076,2018-05-04 10,주간,금,2,2,0,0,0,대전,유성구,차량단독,공작물충돌,공작물충돌,안전운전 의무 불이행,단일로,기타단일로
28077,2018-04-14 05,야간,토,1,1,0,0,0,충남,예산군,차량단독,공작물충돌,공작물충돌,안전운전 의무 불이행,기타,기타
28078,2018-05-04 17,주간,금,1,1,0,0,0,충남,청양군,차량단독,공작물충돌,공작물충돌,안전운전 의무 불이행,단일로,기타단일로
28079,2018-01-28 19,야간,일,1,1,0,0,0,대전,대덕구,차대사람,횡단중,횡단중,과속,교차로,교차로부근
28080,2018-03-07 05,야간,수,1,1,0,0,0,광주,남구,차대사람,횡단중,횡단중,안전운전 의무 불이행,단일로,기타단일로
28081,2018-10-22 18,야간,월,1,1,0,0,0,충남,청양군,차대사람,차도통행중,차도통행중,안전운전 의무 불이행,단일로,기타단일로
28082,2018-01-30 01,야간,화,1,1,0,0,0,전북,전주시,차대차,추돌,추돌,과속,단일로,기타단일로
28083,2018-08-30 11,주간,목,1,1,0,0,0,경남,거창군,차대차,추돌,추돌,기타,교차로,교차로내
28084,2018-01-31 04,야간,수,1,1,0,0,0,울산,중구,차대차,기타,기타,안전운전 의무 불이행,단일로,기타단일로
28085,2018-01-29 13,주간,월,1,1,0,0,0,충북,청주시,차대사람,기타,기타,안전운전 의무 불이행,교차로,교차로내
28086,2018-02-26 06,주간,월,1,1,0,0,0,경기,포천시,차량단독,기타,기타,안전운전 의무 불이행,단일로,기타단일로
28087,2018-04-14 13,주간,토,3,5,0,2,0,충남,예산군,차대차,측면충돌,측면충돌,중앙선 침범,교차로,교차로부근
28088,2018-02-04 09,주간,일,1,1,0,0,0,서울,마포구,차대사람,횡단중,횡단중,안전운전 의무 불이행,단일로,기타단일로
28089,2018-04-30 14,주간,월,1,1,0,0,0,전북,남원시,차량단독,기타,기타,안전운전 의무 불이행,단일로,기타단일로
28090,2018-02-21 14,주간,수,1,1,0,0,0,충남,당진시,차량단독,공작물충돌,공작물충돌,안전운전 의무 불이행,단일로,기타단일로
28091,2018-10-26 23,야간,금,1,2,1,0,0,경북,예천군,차대사람,기타,기타,과속,단일로,기타단일로
28092,2018-02-21 16,주간,수,1,1,0,0,0,충남,당진시,차대사람,차도통행중,차도통행중,안전운전 의무 불이행,교차로,교차로내
28093,2018-02-26 10,주간,월,1,1,0,0,0,인천,중구,차대차,측면충돌,측면충돌,안전운전 의무 불이행,단일로,기타단일로
28094,2018-02-19 09,주간,월,1,1,0,0,0,대구,달성군,차량단독,전도,전도,안전운전 의무 불이행,단일로,기타단일로
28095,2018-02-09 06,주간,금,1,1,0,0,0,경남,김해시,차대사람,횡단중,횡단중,신호위반,교차로,교차로횡단보도내
28096,2018-06-16 08,주간,토,1,2,0,1,0,전남,화순군,차대차,측면충돌,측면충돌,과속,단일로,기타단일로
28097,2018-02-12 12,주간,월,1,9,2,5,1,서울,서초구,차대차,추돌,추돌,안전운전 의무 불이행,단일로,기타단일로
28098,2018-01-23 06,주간,화,1,1,0,0,0,경기,부천시,차대차,기타,기타,안전운전 의무 불이행,단일로,기타단일로
28099,2018-03-19 18,야간,월,1,1,0,0,0,경기,구리시,차대차,측면충돌,측면충돌,신호위반,교차로,교차로내
28100,2018-12-17 03,야간,월,1,1,0,0,0,경남,산청군,차량단독,도로이탈,도로이탈 추락,안전운전 의무 불이행,단일로,기타단일로
28101,2018-08-31 20,야간,금,1,1,0,0,0,강원,영월군,차대사람,길가장자리구역통행중,길가장자리구역통행중,안전운전 의무 불이행,단일로,지하차도(도로)내
28102,2018-01-29 19,야간,월,1,2,1,0,0,제주,제주시,차대사람,횡단중,횡단중,안전운전 의무 불이행,단일로,기타단일로
28103,2018-09-08 13,주간,토,1,5,4,0,0,강원,고성군,차량단독,공작물충돌,공작물충돌,안전운전 의무 불이행,단일로,기타단일로
28104,2018-02-22 21,야간,목,1,1,0,0,0,충남,당진시,차대차,정면충돌,정면충돌,중앙선 침범,단일로,기타단일로
28105,2018-07-30 10,주간,월,1,1,0,0,0,경북,의성군,차대차,측면충돌,측면충돌,안전운전 의무 불이행,기타,기타
28106,2018-09-17 04,야간,월,1,1,0,0,0,강원,평창군,차량단독,전도,전도,안전운전 의무 불이행,단일로,기타단일로
28107,2018-04-15 22,야간,일,1,1,0,0,0,충남,홍성군,차량단독,공작물충돌,공작물충돌,안전운전 의무 불이행,단일로,기타단일로
28108,2018-03-15 15,주간,목,1,1,0,0,0,경남,창원시(통합),차대사람,보도통행중,보도통행중,보행자 보호의무 위반,교차로,교차로횡단보도내
28109,2018-05-24 19,야간,목,1,1,0,0,0,전남,해남군,차량단독,기타,기타,안전운전 의무 불이행,단일로,기타단일로
28110,2018-03-14 15,주간,수,1,1,0,0,0,부산,강서구,차대차,측면충돌,측면충돌,안전운전 의무 불이행,교차로,교차로내
28111,2018-12-09 17,주간,일,1,1,0,0,0,경남,하동군,차대차,기타,기타,안전운전 의무 불이행,단일로,기타단일로
28112,2018-04-11 18,야간,수,1,1,0,0,0,전남,나주시,차량단독,기타,기타,안전운전 의무 불이행,단일로,기타단일로
28113,2018-09-06 20,야간,목,1,1,0,0,0,충북,영동군,차대차,정면충돌,정면충돌,중앙선 침범,단일로,기타단일로
28114,2018-10-09 19,야간,화,1,3,1,1,0,전남,완도군,차대차,추돌,추돌,안전운전 의무 불이행,단일로,기타단일로
28115,2018-04-28 08,주간,토,1,1,0,0,0,부산,영도구,차대차,측면충돌,측면충돌,중앙선 침범,단일로,기타단일로
28116,2018-07-01 16,주간,일,1,1,0,0,0,전남,영광군,차량단독,전복,전복,안전운전 의무 불이행,단일로,기타단일로
28117,2018-01-23 10,주간,화,1,3,0,2,0,충북,청주시,차대차,기타,기타,안전운전 의무 불이행,교차로,교차로부근
28118,2018-01-30 23,야간,화,1,3,1,1,0,충북,청주시,차대차,추돌,추돌,안전운전 의무 불이행,교차로,교차로부근
28119,2018-03-29 14,주간,목,1,2,1,0,0,충북,음성군,차대차,측면충돌,측면충돌,안전운전 의무 불이행,교차로,교차로부근
28120,2018-11-06 20,야간,화,1,2,1,0,0,경남,남해군,차대사람,횡단중,횡단중,보행자 보호의무 위반,단일로,기타단일로
28121,2018-01-30 06,주간,화,1,1,0,0,0,대전,대덕구,차대사람,횡단중,횡단중,안전운전 의무 불이행,단일로,기타단일로
28122,2018-05-14 10,주간,월,1,1,0,0,0,충북,괴산군,차량단독,도로이탈,도로이탈 추락,안전운전 의무 불이행,교차로,교차로부근
28123,2018-03-10 19,야간,토,1,1,0,0,0,경남,통영시,차대사람,횡단중,횡단중,보행자 보호의무 위반,단일로,기타단일로
28124,2018-09-18 08,주간,화,1,1,0,0,0,강원,고성군,차대차,기타,기타,신호위반,교차로,교차로내
28125,2018-01-31 12,주간,수,1,3,2,0,0,전북,군산시,차대차,정면충돌,정면충돌,중앙선 침범,교차로,교차로부근
28126,2018-06-14 12,주간,목,1,1,0,0,0,전북,부안군,차대사람,횡단중,횡단중,과속,단일로,기타단일로
28127,2018-09-09 15,주간,일,1,1,0,0,0,충북,영동군,차량단독,전복,전복,안전운전 의무 불이행,단일로,기타단일로
28128,2018-04-12 10,주간,목,1,1,0,0,0,전남,나주시,차량단독,전도,전도,안전운전 의무 불이행,단일로,기타단일로
28129,2018-09-19 20,야간,수,1,1,0,0,0,강원,고성군,차대사람,차도통행중,차도통행중,안전운전 의무 불이행,기타,기타
28130,2018-06-28 18,야간,목,1,1,0,0,0,전북,고창군,차대사람,횡단중,횡단중,안전운전 의무 불이행,교차로,교차로내
28131,2018-05-01 17,주간,화,8,19,7,4,0,전남,영암군,차대차,측면충돌,측면충돌,안전운전 의무 불이행,단일로,기타단일로
28132,2018-08-13 16,주간,월,1,1,0,0,0,경기,연천군,차대차,정면충돌,정면충돌,중앙선 침범,단일로,기타단일로
28133,2018-09-30 10,주간,일,1,1,0,0,0,강원,평창군,차대차,정면충돌,정면충돌,안전운전 의무 불이행,단일로,기타단일로
28134,2018-04-03 17,주간,화,1,1,0,0,0,충북,진천군,차대차,기타,기타,기타,교차로,교차로내
28135,2018-03-18 18,야간,일,1,1,0,0,0,경기,안양시,차대사람,횡단중,횡단중,안전운전 의무 불이행,단일로,기타단일로
28136,2018-04-21 11,주간,토,1,1,0,0,0,서울,중구,차대사람,차도통행중,차도통행중,안전운전 의무 불이행,단일로,기타단일로
28137,2018-07-01 15,주간,일,1,1,0,0,0,전북,고창군,차량단독,도로이탈,도로이탈 추락,안전운전 의무 불이행,단일로,기타단일로
28138,2018-01-22 06,주간,월,1,9,4,4,0,서울,송파구,차대차,측면충돌,측면충돌,신호위반,교차로,교차로내
28139,2018-03-13 06,주간,화,1,2,0,1,0,광주,남구,차대차,추돌,추돌,안전거리 미확보,단일로,기타단일로