교통사고이력ID(사고기록 순서),발생년월일시,주야코드,요일코드,사망자수,부상자수,중상자수,경상자수,부상신고자수,발생지시도코드,발생지시도코드,사고유형대분류코드,사고유형중분류코드,사고유형코드,법규위반코드,도로형태대분류코드,도로로형태코드
28340,2018-08-15 14,주간,수,1,1,0,0,0,전북,고창군,차량단독,공작물충돌,공작물충돌,안전운전 의무 불이행,단일로,기타단일로
28341,2018-09-02 13,주간,일,3,8,4,1,0,경남,고성군,차대차,정면충돌,정면충돌,중앙선 침범,교차로,교차로부근
28342,2018-09-17 09,주간,월,1,2,0,1,0,전남,고흥군,차량단독,기타,기타,안전운전 의무 불이행,단일로,기타단일로
28343,2018-03-11 03,야간,일,1,2,0,1,0,서울,성동구,차대차,정면충돌,정면충돌,중앙선 침범,단일로,기타단일로
28344,2018-09-20 13,주간,목,1,1,0,0,0,전남,담양군,차대차,추돌,추돌,안전운전 의무 불이행,교차로,교차로부근
28345,2018-05-04 16,주간,금,1,1,0,0,0,경남,밀양시,차대사람,길가장자리구역통행중,길가장자리구역통행중,안전운전 의무 불이행,단일로,기타단일로
28346,2018-09-04 08,주간,화,2,17,8,7,0,경남,고성군,차량단독,공작물충돌,공작물충돌,안전운전 의무 불이행,단일로,기타단일로
28347,2018-01-29 23,야간,월,1,1,0,0,0,경기,오산시,차량단독,공작물충돌,공작물충돌,안전운전 의무 불이행,교차로,교차로부근
28348,2018-05-11 09,주간,금,1,1,0,0,0,경북,영주시,차대사람,길가장자리구역통행중,길가장자리구역통행중,안전운전 의무 불이행,단일로,기타단일로
28349,2018-09-04 13,주간,화,1,1,0,0,0,충남,부여군,차대사람,횡단중,횡단중,안전운전 의무 불이행,단일로,기타단일로
28350,2018-02-07 05,야간,수,1,1,0,0,0,인천,남구,차대사람,횡단중,횡단중,안전운전 의무 불이행,기타,기타
28351,2018-07-18 09,주간,수,1,1,0,0,0,경기,광주시,차대차,추돌,추돌,안전운전 의무 불이행,단일로,기타단일로
28352,2018-02-03 14,주간,토,1,1,0,0,0,경기,용인시,차대차,측면충돌,측면충돌,중앙선 침범,단일로,기타단일로
28353,2018-08-04 16,주간,토,1,4,0,3,0,경남,창녕군,차량단독,공작물충돌,공작물충돌,안전운전 의무 불이행,단일로,기타단일로
28354,2018-03-14 06,주간,수,1,1,0,0,0,경북,안동시,차대사람,횡단중,횡단중,안전운전 의무 불이행,교차로,교차로부근
28355,2018-02-09 00,야간,금,1,1,0,0,0,경기,화성시,차량단독,공작물충돌,공작물충돌,안전운전 의무 불이행,단일로,기타단일로
28356,2018-09-07 07,주간,금,1,1,0,0,0,충남,부여군,차량단독,공작물충돌,공작물충돌,안전운전 의무 불이행,단일로,기타단일로
28357,2018-04-29 13,주간,일,1,1,0,0,0,충북,진천군,차대차,정면충돌,정면충돌,중앙선 침범,교차로,교차로부근
28358,2018-09-22 11,주간,토,1,1,0,0,0,강원,태백시,차대사람,횡단중,횡단중,과속,단일로,기타단일로
28359,2018-03-19 03,야간,월,1,1,0,0,0,경남,창원시(통합),차량단독,공작물충돌,공작물충돌,안전운전 의무 불이행,교차로,교차로부근
28360,2018-03-12 08,주간,월,1,1,0,0,0,경기,양주시,차량단독,공작물충돌,공작물충돌,안전운전 의무 불이행,단일로,기타단일로
28361,2018-02-26 15,주간,월,1,1,0,0,0,강원,춘천시,차대차,측면충돌,측면충돌,신호위반,교차로,교차로내
28362,2018-04-27 02,야간,금,1,1,0,0,0,전북,김제시,차대차,추돌,추돌,안전운전 의무 불이행,단일로,기타단일로
28363,2018-03-19 01,야간,월,1,1,0,0,0,부산,금정구,차대사람,기타,기타,과속,단일로,기타단일로
28364,2018-09-05 00,야간,수,1,1,0,0,0,경남,함안군,차대차,추돌,추돌,안전운전 의무 불이행,단일로,기타단일로
28365,2018-09-23 18,야간,일,1,1,0,0,0,경북,영덕군,차대사람,횡단중,횡단중,안전운전 의무 불이행,교차로,교차로내
28366,2018-02-12 00,야간,월,1,3,1,1,0,경북,경주시,차량단독,공작물충돌,공작물충돌,안전운전 의무 불이행,단일로,기타단일로
28367,2018-09-23 17,주간,일,1,1,0,0,0,전남,담양군,차량단독,기타,기타,안전운전 의무 불이행,단일로,기타단일로
28368,2018-03-10 23,야간,토,1,1,0,0,0,충남,서산시,차대사람,기타,기타,안전운전 의무 불이행,단일로,기타단일로
28369,2018-05-20 20,야간,일,1,2,0,1,0,전남,나주시,차대차,추돌,추돌,과속,단일로,기타단일로
28370,2018-04-30 20,야간,월,1,1,0,0,0,경북,상주시,차량단독,도로이탈,도로이탈 추락,안전운전 의무 불이행,단일로,기타단일로
28371,2018-04-28 02,야간,토,1,1,0,0,0,서울,성북구,차대차,기타,기타,신호위반,교차로,교차로부근
28372,2018-02-02 22,야간,금,1,1,0,0,0,광주,서구,차대사람,기타,기타,안전운전 의무 불이행,교차로,교차로부근
28373,2018-06-17 01,야간,일,1,4,1,2,0,경북,고령군,차량단독,기타,기타,안전운전 의무 불이행,단일로,기타단일로
28374,2018-09-30 03,야간,일,1,1,0,0,0,전남,고흥군,차량단독,공작물충돌,공작물충돌,안전운전 의무 불이행,단일로,기타단일로
28375,2018-03-07 20,야간,수,1,1,0,0,0,서울,관악구,차대사람,횡단중,횡단중,보행자 보호의무 위반,교차로,교차로횡단보도내
28376,2018-09-23 06,주간,일,1,1,0,0,0,전남,장흥군,차대사람,길가장자리구역통행중,길가장자리구역통행중,안전운전 의무 불이행,단일로,기타단일로
28377,2018-02-09 02,야간,금,1,1,0,0,0,대전,중구,차대사람,횡단중,횡단중,안전운전 의무 불이행,교차로,교차로부근
28378,2018-03-07 17,주간,수,2,4,1,1,0,세종,세종,차대차,정면충돌,정면충돌,중앙선 침범,단일로,기타단일로
28379,2018-03-05 20,야간,월,1,1,0,0,0,대구,남구,차대사람,기타,기타,안전운전 의무 불이행,교차로,교차로부근
28380,2018-03-04 01,야간,일,1,2,0,1,0,경기,성남시,차대사람,기타,기타,안전운전 의무 불이행,단일로,기타단일로
28381,2018-11-25 13,주간,일,1,1,0,0,0,충북,옥천군,차량단독,공작물충돌,공작물충돌,안전운전 의무 불이행,단일로,기타단일로
28382,2018-01-29 21,야간,월,1,2,0,1,0,경기,안산시,차량단독,공작물충돌,공작물충돌,안전운전 의무 불이행,단일로,기타단일로
28383,2018-03-17 04,야간,토,1,1,0,0,0,충남,당진시,차대차,추돌,추돌,안전운전 의무 불이행,단일로,기타단일로
28384,2018-06-17 06,주간,일,1,1,0,0,0,전남,영암군,차량단독,공작물충돌,공작물충돌,안전운전 의무 불이행,기타,기타
28385,2018-03-17 12,주간,토,1,3,1,1,0,충남,당진시,차대차,측면충돌,측면충돌,안전운전 의무 불이행,단일로,기타단일로
28386,2018-09-16 23,야간,일,1,1,0,0,0,충남,부여군,차량단독,공작물충돌,공작물충돌,안전운전 의무 불이행,교차로,교차로내
28387,2018-02-06 16,주간,화,1,2,0,1,0,인천,서구,차대차,기타,기타,안전운전 의무 불이행,단일로,기타단일로
28388,2018-06-04 07,주간,월,1,1,0,0,0,경기,동두천시,차량단독,기타,기타,안전운전 의무 불이행,단일로,기타단일로
28389,2018-12-15 15,주간,토,1,3,1,1,0,전남,보성군,차대차,추돌,추돌,안전운전 의무 불이행,단일로,기타단일로
28390,2018-03-12 06,주간,월,1,1,0,0,0,서울,강북구,차대사람,횡단중,횡단중,신호위반,단일로,기타단일로
28391,2018-03-09 06,주간,금,1,1,0,0,0,세종,세종,차량단독,공작물충돌,공작물충돌,안전운전 의무 불이행,단일로,기타단일로
28392,2018-11-26 07,주간,월,1,1,0,0,0,충북,옥천군,차대사람,길가장자리구역통행중,길가장자리구역통행중,안전운전 의무 불이행,단일로,기타단일로
28393,2018-06-20 09,주간,수,1,1,0,0,0,전남,영암군,차대사람,차도통행중,차도통행중,안전운전 의무 불이행,단일로,교량위
28394,2018-04-05 09,주간,목,2,39,8,29,0,울산,북구,차대차,측면충돌,측면충돌,안전운전 의무 불이행,단일로,기타단일로
28395,2018-09-27 07,주간,목,1,1,0,0,0,경북,울진군,차량단독,도로이탈,도로이탈 추락,안전운전 의무 불이행,단일로,기타단일로
28396,2018-06-23 10,주간,토,1,10,0,9,0,경북,영천시,차대차,기타,기타,안전운전 의무 불이행,단일로,기타단일로
28397,2018-04-12 18,야간,목,1,1,0,0,0,충남,계룡시,차대사람,횡단중,횡단중,안전운전 의무 불이행,교차로,교차로내
28398,2018-10-07 14,주간,일,1,1,0,0,0,전남,고흥군,차량단독,기타,기타,안전운전 의무 불이행,단일로,기타단일로
28399,2018-06-30 09,주간,토,1,1,0,0,0,경북,문경시,차량단독,전도,전도,안전운전 의무 불이행,단일로,기타단일로
28400,2018-03-09 17,주간,금,1,1,0,0,0,세종,세종,차대차,측면충돌,측면충돌,신호위반,교차로,교차로내
28401,2018-03-12 17,주간,월,1,1,0,0,0,인천,계양구,차대사람,횡단중,횡단중,안전운전 의무 불이행,교차로,교차로횡단보도내
28402,2018-09-04 19,야간,화,1,1,0,0,0,전북,고창군,차대사람,기타,기타,안전운전 의무 불이행,교차로,교차로내
28403,2018-05-13 20,야간,일,1,1,0,0,0,경남,밀양시,차대사람,기타,기타,안전운전 의무 불이행,교차로,교차로부근
28404,2018-04-06 07,주간,금,1,1,0,0,0,울산,북구,차량단독,전도,전도,안전운전 의무 불이행,단일로,기타단일로
28405,2018-09-06 15,주간,목,1,1,0,0,0,전북,고창군,차대차,추돌,추돌,안전운전 의무 불이행,단일로,기타단일로
28406,2018-12-03 15,주간,월,1,1,0,0,0,강원,정선군,차대차,측면충돌,측면충돌,과속,단일로,기타단일로
28407,2018-05-03 15,주간,목,1,1,0,0,0,충북,진천군,차대차,기타,기타,기타,교차로,교차로내
28408,2018-03-06 23,야간,화,1,4,1,1,1,경기,성남시,차대차,기타,기타,안전거리 미확보,단일로,기타단일로
28409,2018-04-07 19,야간,토,1,1,0,0,0,서울,금천구,차대사람,횡단중,횡단중,안전운전 의무 불이행,단일로,기타단일로
28410,2018-05-10 08,주간,목,1,1,0,0,0,전북,정읍시,차대차,측면충돌,측면충돌,기타,단일로,기타단일로
28411,2018-06-26 09,주간,화,1,1,0,0,0,경북,구미시,차대차,추돌,추돌,안전운전 의무 불이행,단일로,기타단일로
28412,2018-12-13 23,야간,목,1,1,0,0,0,전남,담양군,차량단독,공작물충돌,공작물충돌,안전운전 의무 불이행,단일로,기타단일로
28413,2018-03-10 01,야간,토,1,1,0,0,0,서울,관악구,차대사람,보도통행중,보도통행중,안전운전 의무 불이행,교차로,교차로횡단보도내
28414,2018-06-26 23,야간,화,1,1,0,0,0,경북,구미시,차대사람,기타,기타,안전운전 의무 불이행,단일로,기타단일로
28415,2018-12-03 10,주간,월,1,2,0,1,0,경기,연천군,차대차,측면충돌,측면충돌,안전운전 의무 불이행,단일로,교량위
28416,2018-09-17 19,야간,월,1,1,0,0,0,전남,영광군,차대사람,차도통행중,차도통행중,안전운전 의무 불이행,단일로,기타단일로
28417,2018-09-23 19,야간,일,1,1,0,0,0,충남,부여군,차대사람,차도통행중,차도통행중,안전운전 의무 불이행,단일로,기타단일로
28418,2018-06-27 22,야간,수,1,2,1,0,0,경북,고령군,차대차,추돌,추돌,안전운전 의무 불이행,단일로,기타단일로
28419,2018-05-08 17,주간,화,1,1,0,0,0,경북,상주시,차대사람,횡단중,횡단중,안전운전 의무 불이행,단일로,기타단일로
28420,2018-06-10 00,야간,일,1,1,0,0,0,경기,동두천시,차대사람,횡단중,횡단중,안전운전 의무 불이행,단일로,기타단일로
28421,2018-03-18 17,주간,일,1,1,0,0,0,서울,성동구,차량단독,기타,기타,안전운전 의무 불이행,단일로,기타단일로
28422,2018-02-09 23,야간,금,1,1,0,0,0,경북,경산시,차대사람,길가장자리구역통행중,길가장자리구역통행중,안전운전 의무 불이행,단일로,기타단일로
28423,2018-09-28 19,야간,금,1,1,0,0,0,경남,함안군,차대사람,기타,기타,안전운전 의무 불이행,단일로,기타단일로
28424,2018-09-30 16,주간,일,1,1,0,0,0,경남,고성군,차대차,측면충돌,측면충돌,안전거리 미확보,단일로,기타단일로
28425,2018-02-02 17,주간,금,1,1,0,0,0,충남,천안시,차대사람,횡단중,횡단중,안전운전 의무 불이행,교차로,교차로부근
28426,2018-10-16 15,주간,화,1,2,0,1,0,강원,평창군,차대차,기타,기타,안전운전 의무 불이행,단일로,기타단일로
28427,2018-04-02 01,야간,월,1,1,0,0,0,서울,서대문구,차대차,정면충돌,정면충돌,중앙선 침범,단일로,기타단일로
28428,2018-02-14 13,주간,수,1,1,0,0,0,전북,전주시,차량단독,공작물충돌,공작물충돌,안전운전 의무 불이행,단일로,기타단일로
28429,2018-02-24 20,야간,토,1,1,0,0,0,전북,전주시,차대차,기타,기타,안전운전 의무 불이행,단일로,기타단일로
28430,2018-03-21 19,야간,수,1,1,0,0,0,경북,안동시,차대사람,차도통행중,차도통행중,안전운전 의무 불이행,단일로,기타단일로
28431,2018-03-20 22,야간,화,1,1,0,0,0,충남,당진시,차대사람,횡단중,횡단중,과속,교차로,교차로내
28432,2018-01-31 14,주간,수,1,2,0,0,1,경기,안산시,차대차,추돌,추돌,안전운전 의무 불이행,단일로,기타단일로
28433,2018-10-18 10,주간,목,1,2,1,0,0,충남,서천군,차량단독,도로이탈,도로이탈 추락,안전운전 의무 불이행,단일로,기타단일로
28434,2018-01-31 18,야간,수,1,1,0,0,0,경기,남양주시,차대사람,차도통행중,차도통행중,안전운전 의무 불이행,단일로,기타단일로
28435,2018-10-03 16,주간,수,1,1,0,0,0,경남,고성군,차대차,추돌,추돌,안전운전 의무 불이행,단일로,기타단일로
28436,2018-09-21 17,주간,금,1,2,0,1,0,전남,영광군,차대차,측면충돌,측면충돌,안전운전 의무 불이행,단일로,기타단일로
28437,2018-02-25 06,주간,일,1,1,0,0,0,제주,서귀포시,차대사람,횡단중,횡단중,중앙선 침범,단일로,기타단일로
28438,2018-02-24 20,야간,토,1,1,0,0,0,제주,서귀포시,차대사람,횡단중,횡단중,안전운전 의무 불이행,교차로,교차로부근
28439,2018-09-15 14,주간,토,1,7,6,0,0,전북,고창군,차대차,측면충돌,측면충돌,신호위반,교차로,교차로내
28440,2018-10-02 18,야간,화,1,1,0,0,0,충남,부여군,차량단독,도로이탈,도로이탈 추락,안전운전 의무 불이행,단일로,기타단일로
28441,2018-02-14 22,야간,수,1,1,0,0,0,충북,청주시,차대사람,기타,기타,안전운전 의무 불이행,단일로,기타단일로
28442,2018-10-20 14,주간,토,1,3,0,0,2,경북,영덕군,차대사람,기타,기타,안전운전 의무 불이행,단일로,기타단일로
28443,2018-10-21 18,야간,일,1,2,0,1,0,충남,서천군,차대차,추돌,추돌,안전운전 의무 불이행,단일로,기타단일로
28444,2018-07-02 17,주간,월,1,1,0,0,0,전북,남원시,차량단독,공작물충돌,공작물충돌,안전운전 의무 불이행,단일로,기타단일로
28445,2018-02-19 17,주간,월,1,1,0,0,0,경기,고양시,차대사람,횡단중,횡단중,안전운전 의무 불이행,교차로,교차로내
28446,2018-03-20 21,야간,화,1,1,0,0,0,경남,거제시,차대사람,기타,기타,안전운전 의무 불이행,단일로,기타단일로
28447,2018-07-23 05,야간,월,1,4,3,0,0,대전,서구,차량단독,공작물충돌,공작물충돌,과속,기타,기타
28448,2018-02-05 19,야간,월,1,1,0,0,0,경기,파주시,차대사람,횡단중,횡단중,안전운전 의무 불이행,단일로,기타단일로
28449,2018-07-01 08,주간,일,1,2,1,0,0,경북,군위군,차량단독,공작물충돌,공작물충돌,안전운전 의무 불이행,단일로,기타단일로
28450,2018-02-07 22,야간,수,1,2,0,1,0,경기,김포시,차대차,추돌,추돌,안전운전 의무 불이행,단일로,기타단일로
28451,2018-08-29 19,야간,수,1,1,0,0,0,전북,부안군,차대사람,횡단중,횡단중,과속,단일로,기타단일로
28452,2018-05-12 17,주간,토,1,1,0,0,0,경기,양평군,차량단독,도로이탈,도로이탈 추락,안전운전 의무 불이행,단일로,기타단일로
28453,2018-11-10 15,주간,토,1,1,0,0,0,경북,성주군,차량단독,도로이탈,도로이탈 기타,안전운전 의무 불이행,교차로,교차로부근
28454,2018-10-26 14,주간,금,1,1,0,0,0,충북,단양군,차대차,추돌,추돌,안전운전 의무 불이행,기타,기타
28455,2018-08-30 09,주간,목,1,1,0,0,0,전북,부안군,차대차,측면충돌,측면충돌,안전운전 의무 불이행,교차로,교차로내
28456,2018-06-07 20,야간,목,1,2,1,0,0,경기,여주시,차대사람,길가장자리구역통행중,길가장자리구역통행중,안전운전 의무 불이행,교차로,교차로부근
28457,2018-10-08 09,주간,월,1,1,0,0,0,충남,부여군,차량단독,전도,전도,안전운전 의무 불이행,단일로,기타단일로
28458,2018-02-23 06,주간,금,1,2,0,1,0,대전,동구,차대차,측면충돌,측면충돌,신호위반,교차로,교차로내
28459,2018-09-28 11,주간,금,1,1,0,0,0,전남,영광군,차량단독,공작물충돌,공작물충돌,안전운전 의무 불이행,단일로,기타단일로
28460,2018-02-23 08,주간,금,1,1,0,0,0,서울,양천구,차대차,기타,기타,안전운전 의무 불이행,단일로,기타단일로
28461,2018-02-27 12,주간,화,1,1,0,0,0,경북,포항시,차대차,측면충돌,측면충돌,신호위반,교차로,교차로내
28462,2018-03-30 23,야간,금,1,1,0,0,0,경기,포천시,차대사람,횡단중,횡단중,안전운전 의무 불이행,단일로,기타단일로
28463,2018-09-24 02,야간,월,1,1,0,0,0,전남,영광군,차량단독,공작물충돌,공작물충돌,안전운전 의무 불이행,단일로,기타단일로
28464,2018-05-12 12,주간,토,2,5,3,0,0,전북,김제시,차대차,정면충돌,정면충돌,중앙선 침범,단일로,기타단일로
28465,2018-06-01 17,주간,금,1,1,0,0,0,경북,영주시,차대차,정면충돌,정면충돌,중앙선 침범,교차로,교차로내
28466,2018-04-26 15,주간,목,1,1,0,0,0,경북,칠곡군,차대차,추돌,추돌,안전운전 의무 불이행,단일로,교량위
28467,2018-02-25 03,야간,일,1,2,1,0,0,대구,서구,차대차,정면충돌,정면충돌,신호위반,교차로,교차로내
28468,2018-07-08 06,주간,일,1,1,0,0,0,전북,남원시,차대차,측면충돌,측면충돌,안전운전 의무 불이행,단일로,기타단일로
28469,2018-10-25 16,주간,목,1,1,0,0,0,경북,영덕군,차대사람,기타,기타,안전운전 의무 불이행,단일로,기타단일로
28470,2018-07-03 23,야간,화,1,1,0,0,0,대구,달성군,차량단독,기타,기타,안전운전 의무 불이행,단일로,기타단일로
28471,2018-10-30 16,주간,화,1,1,0,0,0,전남,담양군,차대차,측면충돌,측면충돌,안전운전 의무 불이행,교차로,교차로내
28472,2018-10-26 11,주간,금,1,1,0,0,0,경북,영덕군,차대차,기타,기타,중앙선 침범,단일로,기타단일로
28473,2018-09-17 01,야간,월,1,1,0,0,0,경남,창녕군,차량단독,공작물충돌,공작물충돌,안전운전 의무 불이행,교차로,교차로내
28474,2018-02-25 01,야간,일,1,1,0,0,0,서울,중랑구,차대사람,차도통행중,차도통행중,안전운전 의무 불이행,단일로,기타단일로
28475,2018-06-03 12,주간,일,1,1,0,0,0,서울,종로구,차대차,측면충돌,측면충돌,신호위반,교차로,교차로내
28476,2018-08-17 11,주간,금,1,3,0,2,0,충북,진천군,차대차,추돌,추돌,안전운전 의무 불이행,단일로,기타단일로
28477,2018-11-19 17,주간,월,1,1,0,0,0,경북,성주군,차대사람,횡단중,횡단중,안전운전 의무 불이행,단일로,기타단일로
28478,2018-10-17 18,야간,수,1,1,0,0,0,경남,고성군,차대사람,횡단중,횡단중,보행자 보호의무 위반,단일로,기타단일로
28479,2018-02-01 21,야간,목,1,1,0,0,0,대구,수성구,차대사람,횡단중,횡단중,안전운전 의무 불이행,교차로,교차로부근
28480,2018-05-14 16,주간,월,1,1,0,0,0,전북,김제시,차대차,추돌,추돌,안전운전 의무 불이행,단일로,기타단일로
28481,2018-07-17 12,주간,화,1,1,0,0,0,전남,영암군,차량단독,도로이탈,도로이탈 추락,안전운전 의무 불이행,단일로,기타단일로
28482,2018-10-30 17,주간,화,2,2,0,0,0,경북,영덕군,차대차,추돌,추돌,안전운전 의무 불이행,단일로,교량위
28483,2018-02-04 20,야간,일,1,1,0,0,0,경기,수원시,차대사람,기타,기타,과속,단일로,기타단일로
28484,2018-04-24 11,주간,화,1,1,0,0,0,경남,창원시(통합),차대사람,차도통행중,차도통행중,안전운전 의무 불이행,단일로,기타단일로
28485,2018-02-17 21,야간,토,1,1,0,0,0,경기,화성시,차량단독,공작물충돌,공작물충돌,안전운전 의무 불이행,단일로,기타단일로
28486,2018-02-28 19,야간,수,1,1,0,0,0,경기,수원시,차대사람,보도통행중,보도통행중,보행자 보호의무 위반,교차로,교차로부근
28487,2018-03-17 01,야간,토,1,1,0,0,0,경기,이천시,차대차,기타,기타,안전운전 의무 불이행,단일로,기타단일로
28488,2018-10-21 18,야간,일,1,1,0,0,0,경남,함안군,차대차,추돌,추돌,안전운전 의무 불이행,단일로,기타단일로
28489,2018-11-08 15,주간,목,1,6,4,1,0,충남,서천군,차량단독,도로이탈,도로이탈 추락,안전운전 의무 불이행,단일로,기타단일로
28490,2018-07-03 14,주간,화,1,6,4,1,0,전북,완주군,차량단독,공작물충돌,공작물충돌,안전운전 의무 불이행,단일로,기타단일로
28491,2018-08-26 00,야간,일,1,1,0,0,0,전남,무안군,차량단독,공작물충돌,공작물충돌,안전운전 의무 불이행,교차로,교차로내
28492,2018-03-23 05,야간,금,1,1,0,0,0,경기,양주시,차대사람,횡단중,횡단중,안전운전 의무 불이행,교차로,교차로부근
28493,2018-05-30 05,야간,수,1,1,0,0,0,경남,사천시,차량단독,전복,전복,안전운전 의무 불이행,교차로,교차로부근
28494,2018-05-12 14,주간,토,1,1,0,0,0,충남,보령시,차대차,추돌,추돌,안전운전 의무 불이행,단일로,기타단일로
28495,2018-05-20 16,주간,일,1,1,0,0,0,경기,양평군,차량단독,전도,전도,안전운전 의무 불이행,단일로,고가도로위
28496,2018-08-18 18,야간,토,1,1,0,0,0,전남,해남군,차량단독,도로이탈,도로이탈 추락,안전운전 의무 불이행,단일로,기타단일로
28497,2018-03-22 07,주간,목,1,3,2,0,0,충남,서산시,차대차,측면충돌,측면충돌,중앙선 침범,단일로,기타단일로
28498,2018-11-09 15,주간,금,1,1,0,0,0,강원,태백시,차량단독,전도,전도,안전운전 의무 불이행,단일로,터널안
28499,2018-02-20 11,주간,화,1,1,0,0,0,대전,대덕구,차대사람,길가장자리구역통행중,길가장자리구역통행중,안전운전 의무 불이행,단일로,기타단일로
28500,2018-07-13 00,야간,금,1,6,0,4,1,대구,달성군,차대차,기타,기타,기타,단일로,기타단일로
28501,2018-06-25 10,주간,월,1,1,0,0,0,충남,홍성군,차대차,추돌,추돌,안전운전 의무 불이행,단일로,기타단일로
28502,2018-08-23 10,주간,목,1,1,0,0,0,충북,괴산군,차대차,추돌,추돌,안전거리 미확보,단일로,기타단일로
28503,2018-07-19 11,주간,목,1,1,0,0,0,전북,남원시,차대차,측면충돌,측면충돌,신호위반,교차로,교차로내
28504,2018-05-30 22,야간,수,1,1,0,0,0,경남,양산시,차대차,추돌,추돌,안전운전 의무 불이행,단일로,기타단일로
28505,2018-02-27 10,주간,화,1,1,0,0,0,서울,노원구,차대차,측면충돌,측면충돌,안전거리 미확보,단일로,지하차도(도로)내
28506,2018-03-03 20,야간,토,1,1,0,0,0,제주,서귀포시,차대사람,횡단중,횡단중,보행자 보호의무 위반,기타,기타
28507,2018-10-26 18,야간,금,1,1,0,0,0,경남,함안군,차대사람,차도통행중,차도통행중,안전운전 의무 불이행,단일로,기타단일로
28508,2018-11-14 21,야간,수,1,1,0,0,0,충남,서천군,차량단독,도로이탈,도로이탈 추락,안전운전 의무 불이행,단일로,기타단일로
28509,2018-03-02 10,주간,금,1,1,0,0,0,경북,포항시,차대차,기타,기타,신호위반,교차로,교차로내
28510,2018-09-12 11,주간,수,1,3,2,0,0,전남,화순군,차대차,측면충돌,측면충돌,신호위반,교차로,교차로내
28511,2018-02-27 19,야간,화,1,1,0,0,0,울산,중구,차대사람,횡단중,횡단중,안전운전 의무 불이행,단일로,지하차도(도로)내
28512,2018-03-15 13,주간,목,1,1,0,0,0,경기,광명시,차대차,측면충돌,측면충돌,신호위반,교차로,교차로내
28513,2018-09-13 08,주간,목,1,1,0,0,0,전남,화순군,차대차,측면충돌,측면충돌,교차로 통행방법 위반,교차로,교차로내
28514,2018-03-20 05,야간,화,1,1,0,0,0,인천,부평구,차대차,기타,기타,안전운전 의무 불이행,단일로,기타단일로
28515,2018-05-05 07,주간,토,1,1,0,0,0,경기,안양시,차대차,정면충돌,정면충돌,교차로 통행방법 위반,교차로,교차로내
28516,2018-02-19 09,주간,월,1,1,0,0,0,대구,달서구,차대사람,횡단중,횡단중,보행자 보호의무 위반,단일로,기타단일로
28517,2018-05-25 14,주간,금,1,2,1,0,0,경북,상주시,차대차,측면충돌,측면충돌,교차로 통행방법 위반,교차로,교차로내
28518,2018-02-23 22,야간,금,1,1,0,0,0,전북,군산시,차대사람,기타,기타,안전운전 의무 불이행,교차로,교차로내
28519,2018-10-03 11,주간,수,1,1,0,0,0,경남,창녕군,차대차,측면충돌,측면충돌,기타,교차로,교차로내
28520,2018-02-20 06,주간,화,1,1,0,0,0,부산,부산진구,차대사람,보도통행중,보도통행중,보행자 보호의무 위반,단일로,기타단일로
28521,2018-04-14 11,주간,토,1,5,2,2,0,경남,김해시,차대차,측면충돌,측면충돌,중앙선 침범,교차로,교차로부근
28522,2018-11-01 09,주간,목,1,1,0,0,0,경남,함안군,차대사람,횡단중,횡단중,안전운전 의무 불이행,교차로,교차로부근
28523,2018-03-03 04,야간,토,1,1,0,0,0,경북,포항시,차량단독,기타,기타,안전운전 의무 불이행,단일로,기타단일로
28524,2018-06-21 19,야간,목,1,1,0,0,0,경기,여주시,차량단독,공작물충돌,공작물충돌,안전운전 의무 불이행,단일로,기타단일로
28525,2018-08-30 03,야간,목,1,1,0,0,0,경기,광주시,차량단독,공작물충돌,공작물충돌,안전운전 의무 불이행,단일로,교량위
28526,2018-03-14 16,주간,수,1,2,0,1,0,충북,충주시,차대차,기타,기타,신호위반,교차로,교차로내
28527,2018-07-11 19,야간,수,1,2,1,0,0,전북,완주군,차대차,추돌,추돌,안전운전 의무 불이행,교차로,교차로부근
28528,2018-11-07 17,주간,수,1,3,0,2,0,경남,고성군,차대차,추돌,추돌,안전운전 의무 불이행,단일로,기타단일로
28529,2018-07-12 06,주간,목,1,1,0,0,0,전북,완주군,차대사람,길가장자리구역통행중,길가장자리구역통행중,안전운전 의무 불이행,단일로,기타단일로
28530,2018-02-03 19,야간,토,1,1,0,0,0,경기,안산시,차대차,추돌,추돌,안전운전 의무 불이행,교차로,교차로부근
28531,2018-06-03 04,야간,일,1,1,0,0,0,경남,사천시,차대사람,횡단중,횡단중,보행자 보호의무 위반,교차로,교차로횡단보도내
28532,2018-08-31 00,야간,금,1,1,0,0,0,충북,청주시,차대차,추돌,추돌,안전운전 의무 불이행,단일로,기타단일로
28533,2018-06-01 20,야간,금,1,4,2,1,0,전북,정읍시,차대차,정면충돌,정면충돌,중앙선 침범,단일로,기타단일로
28534,2018-04-09 06,주간,월,1,7,6,0,0,경기,포천시,차량단독,공작물충돌,공작물충돌,안전운전 의무 불이행,교차로,교차로부근
28535,2018-11-04 19,야간,일,1,2,0,1,0,충남,부여군,차대차,정면충돌,정면충돌,중앙선 침범,기타,기타
28536,2018-11-29 19,야간,목,1,1,0,0,0,전남,담양군,차대사람,횡단중,횡단중,안전운전 의무 불이행,단일로,기타단일로
28537,2018-09-25 16,주간,화,1,1,0,0,0,전북,부안군,차대사람,길가장자리구역통행중,길가장자리구역통행중,안전운전 의무 불이행,단일로,기타단일로