교통사고이력ID(사고기록 순서),발생년월일시,주야코드,요일코드,사망자수,부상자수,중상자수,경상자수,부상신고자수,발생지시도코드,발생지시도코드,사고유형대분류코드,사고유형중분류코드,사고유형코드,법규위반코드,도로형태대분류코드,도로로형태코드
28538,2018-04-13 21,야간,금,1,1,0,0,0,서울,서대문구,차대사람,횡단중,횡단중,안전운전 의무 불이행,단일로,기타단일로
28539,2018-07-23 10,주간,월,1,1,0,0,0,경북,성주군,차량단독,공작물충돌,공작물충돌,안전운전 의무 불이행,단일로,기타단일로
28540,2018-07-26 12,주간,목,1,3,0,2,0,전북,남원시,차대차,측면충돌,측면충돌,중앙선 침범,단일로,기타단일로
28541,2018-02-17 19,야간,토,1,1,0,0,0,경북,경산시,차대사람,횡단중,횡단중,과속,교차로,교차로내
28542,2018-04-30 12,주간,월,1,2,1,0,0,충남,논산시,차대사람,기타,기타,안전운전 의무 불이행,단일로,기타단일로
28543,2018-09-25 21,야간,화,1,1,0,0,0,전북,부안군,차대사람,차도통행중,차도통행중,안전운전 의무 불이행,단일로,기타단일로
28544,2018-07-24 13,주간,화,1,4,1,2,0,경북,구미시,차대차,추돌,추돌,안전운전 의무 불이행,단일로,기타단일로
28545,2018-12-24 18,야간,월,1,1,0,0,0,경북,성주군,차대사람,횡단중,횡단중,안전운전 의무 불이행,단일로,기타단일로
28546,2018-11-27 10,주간,화,1,1,0,0,0,강원,태백시,차대사람,차도통행중,차도통행중,안전운전 의무 불이행,기타,기타
28547,2018-03-24 23,야간,토,1,1,0,0,0,경남,창원시(통합),차대사람,횡단중,횡단중,과속,단일로,기타단일로
28548,2018-12-05 13,주간,수,1,1,0,0,0,전남,고흥군,차량단독,기타,기타,안전운전 의무 불이행,단일로,기타단일로
28549,2018-05-27 16,주간,일,1,1,0,0,0,충북,음성군,차량단독,공작물충돌,공작물충돌,안전운전 의무 불이행,단일로,기타단일로
28550,2018-09-06 07,주간,목,1,1,0,0,0,전남,해남군,차대차,측면충돌,측면충돌,과속,단일로,기타단일로
28551,2018-05-29 20,야간,화,1,1,0,0,0,경기,양평군,차대차,기타,기타,안전운전 의무 불이행,단일로,기타단일로
28552,2018-05-31 22,야간,목,1,1,0,0,0,경북,상주시,차대차,측면충돌,측면충돌,중앙선 침범,단일로,기타단일로
28553,2018-03-03 04,야간,토,1,2,0,1,0,서울,중랑구,차대사람,횡단중,횡단중,과속,교차로,교차로횡단보도내
28554,2018-12-03 20,야간,월,1,2,1,0,0,전남,장흥군,차대사람,기타,기타,안전운전 의무 불이행,교차로,교차로내
28555,2018-03-14 19,야간,수,1,1,0,0,0,경남,진주시,차대사람,보도통행중,보도통행중,보행자 보호의무 위반,교차로,교차로횡단보도내
28556,2018-05-23 11,주간,수,1,1,0,0,0,충남,공주시,차량단독,기타,기타,안전운전 의무 불이행,단일로,기타단일로
28557,2018-07-15 21,야간,일,1,1,0,0,0,서울,서초구,차대차,정면충돌,정면충돌,중앙선 침범,단일로,기타단일로
28558,2018-10-11 18,야간,목,1,1,0,0,0,경남,창녕군,차대차,측면충돌,측면충돌,안전운전 의무 불이행,교차로,교차로내
28559,2018-01-26 20,야간,금,1,2,0,1,0,경기,평택시,차대사람,횡단중,횡단중,안전운전 의무 불이행,교차로,교차로내
28560,2018-02-19 19,야간,월,1,1,0,0,0,제주,제주시,차대사람,길가장자리구역통행중,길가장자리구역통행중,안전운전 의무 불이행,단일로,기타단일로
28561,2018-03-22 14,주간,목,1,1,0,0,0,부산,동래구,차대사람,보도통행중,보도통행중,보행자 보호의무 위반,단일로,기타단일로
28562,2018-07-24 22,야간,화,1,1,0,0,0,부산,기장군,차대사람,기타,기타,과속,단일로,기타단일로
28563,2018-07-14 00,야간,토,1,1,0,0,0,강원,동해시,차대사람,차도통행중,차도통행중,안전운전 의무 불이행,단일로,기타단일로
28564,2018-02-27 03,야간,화,1,1,0,0,0,서울,강남구,차대차,측면충돌,측면충돌,신호위반,교차로,교차로내
28565,2018-03-03 02,야간,토,1,1,0,0,0,울산,북구,차량단독,공작물충돌,공작물충돌,안전운전 의무 불이행,단일로,기타단일로
28566,2018-09-08 22,야간,토,1,1,0,0,0,전남,해남군,차대사람,횡단중,횡단중,안전운전 의무 불이행,단일로,기타단일로
28567,2018-12-15 17,주간,토,1,1,0,0,0,전남,담양군,차대차,정면충돌,정면충돌,기타,교차로,교차로내
28568,2018-03-04 18,야간,일,1,1,0,0,0,강원,강릉시,차대사람,횡단중,횡단중,과속,단일로,기타단일로
28569,2018-03-27 01,야간,화,1,1,0,0,0,경남,창원시(통합),차량단독,공작물충돌,공작물충돌,안전운전 의무 불이행,교차로,교차로내
28570,2018-02-24 16,주간,토,1,1,0,0,0,전남,여수시,차량단독,공작물충돌,공작물충돌,안전운전 의무 불이행,단일로,기타단일로
28571,2018-03-20 04,야간,화,1,1,0,0,0,서울,강동구,차대사람,보도통행중,보도통행중,보행자 보호의무 위반,교차로,교차로내
28572,2018-02-09 17,주간,금,1,2,1,0,0,충북,청주시,차대차,정면충돌,정면충돌,중앙선 침범,단일로,기타단일로
28573,2018-12-09 21,야간,일,1,2,0,1,0,강원,원주시,차대차,추돌,추돌,안전운전 의무 불이행,단일로,기타단일로
28574,2018-11-13 16,주간,화,1,1,0,0,0,전남,강진군,차량단독,공작물충돌,공작물충돌,안전운전 의무 불이행,단일로,기타단일로
28575,2018-08-10 10,주간,금,1,1,0,0,0,충북,괴산군,차대사람,횡단중,횡단중,안전운전 의무 불이행,교차로,교차로내
28576,2018-05-09 23,야간,수,1,7,1,5,0,경기,안산시,차대차,추돌,추돌,안전운전 의무 불이행,단일로,기타단일로
28577,2018-05-21 07,주간,월,1,1,0,0,0,경기,구리시,차대차,측면충돌,측면충돌,신호위반,단일로,기타단일로
28578,2018-11-15 20,야간,목,1,1,0,0,0,경남,함안군,차대사람,차도통행중,차도통행중,안전운전 의무 불이행,단일로,기타단일로
28579,2018-09-14 11,주간,금,1,2,0,1,0,전남,무안군,차대차,측면충돌,측면충돌,중앙선 침범,교차로,교차로부근
28580,2018-03-15 22,야간,목,1,1,0,0,0,인천,연수구,차대사람,횡단중,횡단중,안전운전 의무 불이행,교차로,교차로부근
28581,2018-02-25 08,주간,일,2,4,2,0,0,경북,경주시,차대차,정면충돌,정면충돌,중앙선 침범,단일로,기타단일로
28582,2018-11-15 07,주간,목,1,1,0,0,0,충남,부여군,차량단독,공작물충돌,공작물충돌,안전운전 의무 불이행,교차로,교차로내
28583,2018-05-27 16,주간,일,1,3,2,0,0,충남,공주시,차대차,정면충돌,정면충돌,중앙선 침범,단일로,기타단일로
28584,2018-06-04 09,주간,월,1,1,0,0,0,서울,성북구,차대사람,횡단중,횡단중,안전운전 의무 불이행,교차로,교차로내
28585,2018-03-03 10,주간,토,1,1,0,0,0,대구,북구,차대차,측면충돌,측면충돌,안전운전 의무 불이행,단일로,기타단일로
28586,2018-10-24 13,주간,수,1,1,0,0,0,인천,강화군,차대차,측면충돌,측면충돌,안전운전 의무 불이행,기타,기타
28587,2018-03-22 10,주간,목,1,1,0,0,0,경기,성남시,차대사람,기타,기타,안전운전 의무 불이행,단일로,기타단일로
28588,2018-08-09 18,야간,목,1,1,0,0,0,전남,영암군,차량단독,공작물충돌,공작물충돌,안전운전 의무 불이행,단일로,기타단일로
28589,2018-04-04 21,야간,수,1,2,1,0,0,충남,당진시,차대사람,차도통행중,차도통행중,기타,단일로,기타단일로
28590,2018-02-19 14,주간,월,1,1,0,0,0,서울,영등포구,차대사람,횡단중,횡단중,신호위반,단일로,기타단일로
28591,2018-03-10 06,주간,토,1,1,0,0,0,제주,서귀포시,차대사람,횡단중,횡단중,안전운전 의무 불이행,교차로,교차로내
28592,2018-07-10 10,주간,화,1,4,0,3,0,충남,홍성군,차대차,측면충돌,측면충돌,중앙선 침범,교차로,교차로부근
28593,2018-07-24 12,주간,화,1,2,1,0,0,전북,완주군,차량단독,공작물충돌,공작물충돌,안전운전 의무 불이행,교차로,교차로내
28594,2018-04-20 07,주간,금,1,1,0,0,0,경남,김해시,차량단독,기타,기타,안전운전 의무 불이행,단일로,기타단일로
28595,2018-03-30 14,주간,금,1,1,0,0,0,충남,서산시,차대사람,횡단중,횡단중,보행자 보호의무 위반,교차로,교차로부근
28596,2018-05-05 00,야간,토,1,1,0,0,0,충남,논산시,차량단독,공작물충돌,공작물충돌,안전운전 의무 불이행,교차로,교차로부근
28597,2018-08-21 00,야간,화,1,4,2,1,0,충북,청주시,차대차,추돌,추돌,안전운전 의무 불이행,단일로,기타단일로
28598,2018-03-09 01,야간,금,1,3,0,2,0,대구,서구,차대차,추돌,추돌,안전운전 의무 불이행,단일로,지하차도(도로)내
28599,2018-04-01 04,야간,일,1,1,0,0,0,대구,중구,차대사람,기타,기타,안전운전 의무 불이행,교차로,교차로부근
28600,2018-12-19 09,주간,수,1,1,0,0,0,전남,고흥군,차량단독,전도,전도,안전운전 의무 불이행,단일로,기타단일로
28601,2018-07-30 10,주간,월,1,1,0,0,0,부산,기장군,차량단독,공작물충돌,공작물충돌,안전운전 의무 불이행,교차로,교차로부근
28602,2018-03-20 08,주간,화,1,1,0,0,0,경남,김해시,차대차,기타,기타,안전운전 의무 불이행,단일로,기타단일로
28603,2018-03-11 19,야간,일,1,2,1,0,0,충남,천안시,차대사람,횡단중,횡단중,과속,단일로,기타단일로
28604,2018-10-25 17,주간,목,1,1,0,0,0,전북,고창군,차대차,측면충돌,측면충돌,신호위반,교차로,교차로내
28605,2018-08-04 10,주간,토,1,5,0,4,0,전북,남원시,차대차,정면충돌,정면충돌,중앙선 침범,단일로,기타단일로
28606,2018-03-22 12,주간,목,1,2,1,0,0,서울,강동구,차대사람,횡단중,횡단중,안전운전 의무 불이행,단일로,기타단일로
28607,2018-02-10 15,주간,토,1,1,0,0,0,경기,의정부시,차대차,기타,기타,안전운전 의무 불이행,단일로,기타단일로
28608,2018-09-20 13,주간,목,1,2,0,1,0,전남,무안군,차대차,측면충돌,측면충돌,중앙선 침범,단일로,기타단일로
28609,2018-12-21 18,야간,금,1,1,0,0,0,충남,서천군,차대차,정면충돌,정면충돌,중앙선 침범,단일로,기타단일로
28610,2018-03-23 19,야간,금,1,1,0,0,0,경기,안성시,차대사람,차도통행중,차도통행중,안전운전 의무 불이행,단일로,기타단일로
28611,2018-03-09 06,주간,금,1,1,0,0,0,서울,마포구,차대차,기타,기타,과속,교차로,교차로부근
28612,2018-08-16 16,주간,목,1,1,0,0,0,충북,괴산군,차량단독,도로이탈,도로이탈 추락,안전운전 의무 불이행,교차로,교차로내
28613,2018-11-24 06,주간,토,1,1,0,0,0,충남,부여군,차대사람,차도통행중,차도통행중,안전운전 의무 불이행,단일로,기타단일로
28614,2018-08-26 15,주간,일,1,7,5,1,0,경기,가평군,차대차,정면충돌,정면충돌,중앙선 침범,단일로,기타단일로
28615,2018-05-01 21,야간,화,2,2,0,0,0,경북,김천시,차대차,정면충돌,정면충돌,중앙선 침범,단일로,기타단일로
28616,2018-04-14 19,야간,토,1,1,0,0,0,부산,금정구,차대사람,기타,기타,안전운전 의무 불이행,단일로,기타단일로
28617,2018-08-07 01,야간,화,1,1,0,0,0,대구,수성구,차대사람,횡단중,횡단중,안전운전 의무 불이행,단일로,기타단일로
28618,2018-09-14 03,야간,금,1,2,0,1,0,충북,보은군,차대차,추돌,추돌,안전운전 의무 불이행,단일로,기타단일로
28619,2018-06-29 00,야간,금,1,1,0,0,0,전남,나주시,차대사람,기타,기타,안전운전 의무 불이행,기타,기타
28620,2018-06-18 07,주간,월,1,6,4,1,0,울산,울주군,차대차,추돌,추돌,안전거리 미확보,단일로,기타단일로
28621,2018-10-27 18,야간,토,2,2,0,0,0,전북,고창군,차대차,추돌,추돌,안전운전 의무 불이행,단일로,기타단일로
28622,2018-05-09 21,야간,수,1,1,0,0,0,경남,통영시,차대사람,횡단중,횡단중,보행자 보호의무 위반,단일로,기타단일로
28623,2018-06-20 10,주간,수,1,1,0,0,0,경남,밀양시,차량단독,도로이탈,도로이탈 추락,안전운전 의무 불이행,단일로,기타단일로
28624,2018-02-10 23,야간,토,1,5,0,4,0,충북,청주시,차대차,정면충돌,정면충돌,중앙선 침범,단일로,지하차도(도로)내
28625,2018-03-08 21,야간,목,1,1,0,0,0,서울,중랑구,차대사람,차도통행중,차도통행중,안전운전 의무 불이행,단일로,기타단일로
28626,2018-03-24 05,야간,토,1,1,0,0,0,경기,성남시,차량단독,공작물충돌,공작물충돌,안전운전 의무 불이행,단일로,기타단일로
28627,2018-02-09 19,야간,금,1,1,0,0,0,경기,시흥시,차대사람,길가장자리구역통행중,길가장자리구역통행중,안전운전 의무 불이행,교차로,교차로내
28628,2018-08-02 14,주간,목,1,2,0,1,0,부산,기장군,차대차,추돌,추돌,과속,단일로,기타단일로
28629,2018-05-25 22,야간,금,1,1,0,0,0,강원,속초시,차대사람,기타,기타,안전운전 의무 불이행,교차로,교차로부근
28630,2018-10-19 18,야간,금,1,2,1,0,0,전북,부안군,차대차,추돌,추돌,안전운전 의무 불이행,단일로,기타단일로
28631,2018-12-06 22,야간,목,1,1,0,0,0,전남,영광군,차대차,추돌,추돌,안전운전 의무 불이행,단일로,기타단일로
28632,2018-08-28 14,주간,화,1,9,2,6,0,충남,천안시,차대차,추돌,추돌,안전운전 의무 불이행,단일로,기타단일로
28633,2018-02-24 05,야간,토,1,1,0,0,0,서울,동대문구,차대사람,횡단중,횡단중,안전운전 의무 불이행,교차로,교차로횡단보도내
28634,2018-05-19 01,야간,토,1,2,0,1,0,부산,동구,차대사람,횡단중,횡단중,보행자 보호의무 위반,단일로,기타단일로
28635,2018-12-05 23,야간,수,1,1,0,0,0,전남,강진군,차대사람,길가장자리구역통행중,길가장자리구역통행중,안전운전 의무 불이행,단일로,기타단일로
28636,2018-03-24 21,야간,토,1,4,0,3,0,경기,화성시,차대차,추돌,추돌,안전운전 의무 불이행,단일로,기타단일로
28637,2018-09-21 12,주간,금,1,1,0,0,0,전남,해남군,차량단독,공작물충돌,공작물충돌,안전운전 의무 불이행,단일로,기타단일로
28638,2018-06-04 00,야간,월,1,1,0,0,0,충남,공주시,차대차,측면충돌,측면충돌,기타,교차로,교차로내
28639,2018-12-03 00,야간,월,1,1,0,0,0,충남,부여군,차량단독,공작물충돌,공작물충돌,안전운전 의무 불이행,단일로,기타단일로
28640,2018-07-12 00,야간,목,1,1,0,0,0,서울,용산구,차량단독,공작물충돌,공작물충돌,안전운전 의무 불이행,단일로,터널안
28641,2018-03-07 00,야간,수,1,3,1,1,0,전남,신안군,차대차,기타,기타,교차로 통행방법 위반,교차로,교차로내
28642,2018-08-14 01,야간,화,1,2,1,0,0,경북,영천시,차대사람,기타,기타,과속,단일로,기타단일로
28643,2018-05-19 09,주간,토,1,1,0,0,0,경남,창원시(통합),차대사람,횡단중,횡단중,안전운전 의무 불이행,단일로,기타단일로
28644,2018-12-10 06,주간,월,1,1,0,0,0,경남,고성군,차대사람,기타,기타,안전운전 의무 불이행,교차로,교차로내
28645,2018-06-26 14,주간,화,1,1,0,0,0,경남,밀양시,차대차,추돌,추돌,안전운전 의무 불이행,단일로,기타단일로
28646,2018-09-23 18,야간,일,1,4,1,0,2,충북,충주시,차대차,기타,기타,안전거리 미확보,단일로,기타단일로
28647,2018-04-19 21,야간,목,1,3,1,1,0,인천,중구,차대차,정면충돌,정면충돌,교차로 통행방법 위반,교차로,교차로내
28648,2018-05-30 17,주간,수,1,3,2,0,0,경기,구리시,차대차,측면충돌,측면충돌,신호위반,교차로,교차로부근
28649,2018-05-19 22,야간,토,1,1,0,0,0,부산,강서구,차대사람,기타,기타,안전운전 의무 불이행,단일로,기타단일로
28650,2018-12-12 04,야간,수,1,1,0,0,0,경남,고성군,차량단독,전복,전복,안전운전 의무 불이행,단일로,기타단일로
28651,2018-12-12 21,야간,수,1,1,0,0,0,경남,함안군,차대사람,차도통행중,차도통행중,안전운전 의무 불이행,교차로,교차로내
28652,2018-10-02 23,야간,화,1,1,0,0,0,전남,무안군,차량단독,공작물충돌,공작물충돌,안전운전 의무 불이행,단일로,기타단일로
28653,2018-12-24 10,주간,월,1,1,0,0,0,전남,영광군,차량단독,공작물충돌,공작물충돌,안전운전 의무 불이행,단일로,기타단일로
28654,2018-06-11 13,주간,월,1,6,0,5,0,충북,음성군,차대차,측면충돌,측면충돌,안전운전 의무 불이행,단일로,기타단일로
28655,2018-06-29 08,주간,금,1,1,0,0,0,경남,밀양시,차대차,기타,기타,안전운전 의무 불이행,교차로,교차로내
28656,2018-03-26 03,야간,월,1,1,0,0,0,경기,용인시,차대차,추돌,추돌,안전운전 의무 불이행,단일로,기타단일로
28657,2018-04-04 13,주간,수,1,12,0,1,10,충남,서산시,차대차,측면충돌,측면충돌,교차로 통행방법 위반,교차로,교차로내
28658,2018-02-24 15,주간,토,1,1,0,0,0,경북,경산시,차량단독,공작물충돌,공작물충돌,안전운전 의무 불이행,단일로,기타단일로
28659,2018-04-02 13,주간,월,1,1,0,0,0,세종,세종,차대차,측면충돌,측면충돌,안전운전 의무 불이행,단일로,기타단일로
28660,2018-08-02 10,주간,목,1,3,0,2,0,충남,예산군,차대차,추돌,추돌,안전거리 미확보,교차로,교차로내
28661,2018-12-15 22,야간,토,1,2,1,0,0,전남,강진군,차대사람,기타,기타,안전운전 의무 불이행,단일로,기타단일로
28662,2018-05-15 11,주간,화,1,1,0,0,0,경남,통영시,차대차,측면충돌,측면충돌,신호위반,교차로,교차로내
28663,2018-03-15 20,야간,목,1,4,3,0,0,제주,서귀포시,차대차,정면충돌,정면충돌,중앙선 침범,단일로,교량위
28664,2018-03-26 16,주간,월,1,2,0,0,1,경기,평택시,차대차,추돌,추돌,안전거리 미확보,단일로,기타단일로
28665,2018-05-22 02,야간,화,1,2,1,0,0,부산,강서구,차량단독,공작물충돌,공작물충돌,안전운전 의무 불이행,단일로,기타단일로
28666,2018-08-02 22,야간,목,1,1,0,0,0,충남,예산군,차대차,추돌,추돌,안전운전 의무 불이행,단일로,기타단일로
28667,2018-02-13 05,야간,화,1,1,0,0,0,충북,청주시,차대사람,횡단중,횡단중,안전운전 의무 불이행,교차로,교차로횡단보도내
28668,2018-12-14 17,주간,금,1,1,0,0,0,경남,고성군,차대사람,차도통행중,차도통행중,안전운전 의무 불이행,단일로,기타단일로
28669,2018-02-13 14,주간,화,1,1,0,0,0,강원,원주시,차량단독,전도,전도,안전운전 의무 불이행,단일로,기타단일로
28670,2018-09-04 17,주간,화,1,3,1,1,0,충남,태안군,차대차,측면충돌,측면충돌,신호위반,교차로,교차로내
28671,2018-03-09 23,야간,금,1,1,0,0,0,울산,북구,차량단독,공작물충돌,공작물충돌,안전운전 의무 불이행,교차로,교차로내
28672,2018-04-10 21,야간,화,1,1,0,0,0,서울,강북구,차대사람,기타,기타,안전운전 의무 불이행,교차로,교차로부근
28673,2018-03-03 16,주간,토,1,1,0,0,0,대전,대덕구,차대사람,횡단중,횡단중,과속,단일로,기타단일로
28674,2018-09-11 03,야간,화,1,1,0,0,0,부산,중구,차대사람,횡단중,횡단중,보행자 보호의무 위반,단일로,기타단일로
28675,2018-09-13 00,야간,목,1,2,1,0,0,대전,동구,차대사람,기타,기타,안전운전 의무 불이행,기타,기타
28676,2018-12-18 18,야간,화,1,1,0,0,0,충남,부여군,차대차,정면충돌,정면충돌,중앙선 침범,단일로,기타단일로
28677,2018-02-24 03,야간,토,1,2,0,1,0,충남,아산시,차대차,정면충돌,정면충돌,중앙선 침범,교차로,교차로부근
28678,2018-05-18 12,주간,금,1,1,0,0,0,경기,안양시,차량단독,전도,전도,기타,단일로,기타단일로
28679,2018-12-20 18,야간,목,1,1,0,0,0,충남,부여군,차대사람,길가장자리구역통행중,길가장자리구역통행중,안전운전 의무 불이행,단일로,기타단일로
28680,2018-07-03 13,주간,화,1,1,0,0,0,경남,밀양시,차대차,측면충돌,측면충돌,안전운전 의무 불이행,교차로,교차로부근
28681,2018-05-09 17,주간,수,1,1,0,0,0,서울,도봉구,차대차,기타,기타,안전운전 의무 불이행,교차로,교차로부근
28682,2018-06-13 10,주간,수,1,1,0,0,0,충남,공주시,차대차,추돌,추돌,안전운전 의무 불이행,기타,기타
28683,2018-07-29 16,주간,일,1,1,0,0,0,충남,홍성군,차량단독,전복,전복,안전운전 의무 불이행,단일로,기타단일로
28684,2018-08-21 21,야간,화,1,5,0,4,0,대구,달성군,차대차,추돌,추돌,안전운전 의무 불이행,단일로,기타단일로
28685,2018-02-24 21,야간,토,1,1,0,0,0,제주,제주시,차대사람,횡단중,횡단중,안전운전 의무 불이행,단일로,기타단일로
28686,2018-02-13 21,야간,화,1,1,0,0,0,충북,청주시,차대사람,횡단중,횡단중,안전운전 의무 불이행,단일로,기타단일로
28687,2018-09-09 19,야간,일,1,1,0,0,0,충남,태안군,차대사람,기타,기타,안전운전 의무 불이행,단일로,기타단일로
28688,2018-02-15 02,야간,목,1,2,0,1,0,충남,천안시,차대차,추돌,추돌,안전운전 의무 불이행,교차로,교차로부근
28689,2018-03-13 20,야간,화,1,4,3,0,0,강원,강릉시,차대차,기타,기타,안전운전 의무 불이행,교차로,교차로내
28690,2018-04-14 17,주간,토,1,1,0,0,0,경남,거제시,차대차,기타,기타,안전운전 의무 불이행,단일로,기타단일로
28691,2018-11-05 10,주간,월,1,2,0,1,0,강원,홍천군,차대차,기타,기타,중앙선 침범,단일로,기타단일로
28692,2018-03-23 14,주간,금,1,1,0,0,0,경남,진주시,차대사람,횡단중,횡단중,보행자 보호의무 위반,단일로,기타단일로
28693,2018-03-31 16,주간,토,1,1,0,0,0,경기,광명시,차대차,측면충돌,측면충돌,안전거리 미확보,단일로,기타단일로
28694,2018-06-09 19,야간,토,1,2,0,1,0,경북,영천시,차대차,추돌,추돌,안전운전 의무 불이행,단일로,기타단일로
28695,2018-09-10 09,주간,월,1,1,0,0,0,충남,태안군,차대차,기타,기타,안전운전 의무 불이행,기타,기타
28696,2018-10-12 16,주간,금,1,13,3,9,0,충북,음성군,차대차,추돌,추돌,안전운전 의무 불이행,단일로,기타단일로
28697,2018-10-06 10,주간,토,1,1,0,0,0,전남,해남군,차량단독,기타,기타,안전운전 의무 불이행,단일로,기타단일로
28698,2018-03-11 21,야간,일,1,1,0,0,0,서울,노원구,차대사람,기타,기타,안전운전 의무 불이행,기타,기타
28699,2018-07-31 17,주간,화,1,1,0,0,0,충남,홍성군,차량단독,전도,전도,안전운전 의무 불이행,단일로,기타단일로
28700,2018-08-02 18,야간,목,1,1,0,0,0,경기,동두천시,차량단독,공작물충돌,공작물충돌,안전운전 의무 불이행,교차로,교차로내
28701,2018-04-26 09,주간,목,1,1,0,0,0,경기,포천시,차량단독,전도,전도,안전운전 의무 불이행,단일로,기타단일로
28702,2018-11-21 18,야간,수,1,1,0,0,0,전북,고창군,차대사람,차도통행중,차도통행중,안전운전 의무 불이행,단일로,기타단일로
28703,2018-07-02 15,주간,월,1,1,0,0,0,경남,사천시,차량단독,공작물충돌,공작물충돌,안전운전 의무 불이행,교차로,교차로부근
28704,2018-02-09 22,야간,금,1,1,0,0,0,대구,수성구,차대사람,횡단중,횡단중,과속,교차로,교차로부근
28705,2018-03-18 08,주간,일,1,1,0,0,0,대구,서구,차대사람,횡단중,횡단중,신호위반,단일로,기타단일로
28706,2018-04-26 06,주간,목,1,1,0,0,0,인천,중구,차대차,정면충돌,정면충돌,신호위반,교차로,교차로횡단보도내
28707,2018-03-27 15,주간,화,1,1,0,0,0,강원,춘천시,차량단독,도로이탈,도로이탈 추락,안전운전 의무 불이행,단일로,기타단일로
28708,2018-08-29 22,야간,수,1,1,0,0,0,경북,구미시,차량단독,공작물충돌,공작물충돌,안전운전 의무 불이행,단일로,기타단일로
28709,2018-10-20 19,야간,토,1,1,0,0,0,전남,무안군,차대사람,횡단중,횡단중,안전운전 의무 불이행,교차로,교차로부근
28710,2018-07-10 14,주간,화,1,1,0,0,0,경남,밀양시,차대차,측면충돌,측면충돌,안전운전 의무 불이행,교차로,교차로내
28711,2018-07-14 17,주간,토,1,1,0,0,0,전남,나주시,차량단독,도로이탈,도로이탈 추락,안전운전 의무 불이행,교차로,교차로내
28712,2018-08-30 18,야간,목,1,1,0,0,0,전북,남원시,차량단독,도로이탈,도로이탈 추락,안전운전 의무 불이행,단일로,교량위
28713,2018-02-16 11,주간,금,1,4,1,1,1,경기,파주시,차대차,추돌,추돌,안전운전 의무 불이행,단일로,기타단일로
28714,2018-10-20 23,야간,토,1,3,2,0,0,충북,보은군,차대차,추돌,추돌,안전운전 의무 불이행,단일로,기타단일로
28715,2018-08-17 07,주간,금,1,1,0,0,0,전북,완주군,차량단독,기타,기타,안전운전 의무 불이행,단일로,기타단일로
28716,2018-02-24 23,야간,토,1,1,0,0,0,인천,남구,차대사람,차도통행중,차도통행중,안전운전 의무 불이행,단일로,기타단일로
28717,2018-11-30 07,주간,금,1,1,0,0,0,전북,부안군,차대사람,횡단중,횡단중,중앙선 침범,교차로,교차로부근
28718,2018-12-21 17,주간,금,1,1,0,0,0,경남,창녕군,차대사람,횡단중,횡단중,안전운전 의무 불이행,교차로,교차로내
28719,2018-03-17 19,야간,토,1,1,0,0,0,강원,강릉시,차대사람,횡단중,횡단중,안전운전 의무 불이행,단일로,기타단일로
28720,2018-03-15 23,야간,목,1,1,0,0,0,울산,북구,차대사람,기타,기타,안전운전 의무 불이행,단일로,기타단일로
28721,2018-09-23 15,주간,일,1,2,0,0,1,충남,태안군,차대차,측면충돌,측면충돌,기타,교차로,교차로내
28722,2018-03-30 23,야간,금,1,1,0,0,0,부산,해운대구,차대사람,횡단중,횡단중,안전운전 의무 불이행,단일로,기타단일로
28723,2018-03-16 10,주간,금,1,1,0,0,0,울산,북구,차대차,측면충돌,측면충돌,안전운전 의무 불이행,단일로,기타단일로
28724,2018-08-13 00,야간,월,1,2,1,0,0,경기,동두천시,차량단독,공작물충돌,공작물충돌,안전운전 의무 불이행,교차로,교차로내
28725,2018-08-22 11,주간,수,1,1,0,0,0,서울,은평구,차대사람,횡단중,횡단중,안전운전 의무 불이행,단일로,기타단일로
28726,2018-04-20 18,야간,금,1,1,0,0,0,경북,안동시,차대차,측면충돌,측면충돌,기타,교차로,교차로내
28727,2018-02-22 22,야간,목,1,1,0,0,0,광주,북구,차대사람,기타,기타,안전운전 의무 불이행,단일로,기타단일로
28728,2018-10-29 09,주간,월,1,19,4,13,1,경기,이천시,차대차,추돌,추돌,안전거리 미확보,단일로,기타단일로
28729,2018-08-13 18,야간,월,1,1,0,0,0,충남,홍성군,차대차,측면충돌,측면충돌,안전운전 의무 불이행,교차로,교차로내
28730,2018-03-04 17,주간,일,1,1,0,0,0,대구,달서구,차대차,측면충돌,측면충돌,안전운전 의무 불이행,단일로,기타단일로
28731,2018-10-31 23,야간,수,1,1,0,0,0,전남,무안군,차량단독,공작물충돌,공작물충돌,안전운전 의무 불이행,교차로,교차로부근
28732,2018-12-02 17,주간,일,1,1,0,0,0,강원,홍천군,차량단독,도로이탈,도로이탈 추락,안전운전 의무 불이행,단일로,기타단일로
28733,2018-03-02 15,주간,금,1,1,0,0,0,대전,중구,차대사람,횡단중,횡단중,안전운전 의무 불이행,교차로,교차로내
28734,2018-02-20 18,야간,화,1,1,0,0,0,경기,부천시,차대사람,횡단중,횡단중,안전운전 의무 불이행,교차로,교차로횡단보도내
28735,2018-09-13 23,야간,목,1,3,1,1,0,경북,상주시,차대차,기타,기타,안전운전 의무 불이행,단일로,기타단일로
28736,2018-07-21 09,주간,토,1,1,0,0,0,전남,나주시,차대사람,횡단중,횡단중,안전운전 의무 불이행,단일로,기타단일로
28737,2018-02-24 00,야간,토,1,1,0,0,0,인천,서구,차대차,측면충돌,측면충돌,신호위반,교차로,교차로내