교통사고이력ID(사고기록 순서),발생년월일시,주야코드,요일코드,사망자수,부상자수,중상자수,경상자수,부상신고자수,발생지시도코드,발생지시도코드,사고유형대분류코드,사고유형중분류코드,사고유형코드,법규위반코드,도로형태대분류코드,도로로형태코드
28939,2018-03-01 21,야간,목,1,2,0,1,0,충남,천안시,차대사람,차도통행중,차도통행중,안전운전 의무 불이행,교차로,교차로내
28940,2018-09-07 19,야간,금,1,1,0,0,0,경기,의왕시,차대차,기타,기타,신호위반,교차로,교차로내
28941,2018-08-17 20,야간,금,1,1,0,0,0,경북,상주시,차량단독,도로이탈,도로이탈 기타,안전운전 의무 불이행,단일로,기타단일로
28942,2018-04-20 04,야간,금,1,1,0,0,0,경남,창원시(통합),차대사람,차도통행중,차도통행중,안전운전 의무 불이행,단일로,기타단일로
28943,2018-08-18 20,야간,토,1,1,0,0,0,경북,상주시,차대차,추돌,추돌,안전거리 미확보,단일로,기타단일로
28944,2018-03-25 18,야간,일,2,3,1,0,0,경북,포항시,차량단독,공작물충돌,공작물충돌,안전운전 의무 불이행,단일로,교량위
28945,2018-03-15 23,야간,목,1,1,0,0,0,서울,영등포구,차대사람,횡단중,횡단중,과속,단일로,기타단일로
28946,2018-03-25 05,야간,일,1,1,0,0,0,충남,서천군,차대차,기타,기타,안전운전 의무 불이행,단일로,기타단일로
28947,2018-03-16 09,주간,금,1,1,0,0,0,서울,영등포구,차대사람,기타,기타,안전운전 의무 불이행,단일로,기타단일로
28948,2018-07-10 16,주간,화,1,1,0,0,0,부산,강서구,차대차,측면충돌,측면충돌,안전운전 의무 불이행,단일로,기타단일로
28949,2018-04-22 09,주간,일,1,10,3,2,4,경기,용인시,차대차,측면충돌,측면충돌,안전운전 의무 불이행,단일로,기타단일로
28950,2018-10-10 06,주간,수,1,2,1,0,0,부산,영도구,차량단독,공작물충돌,공작물충돌,안전운전 의무 불이행,교차로,교차로부근
28951,2018-03-28 15,주간,수,1,1,0,0,0,부산,남구,차대사람,횡단중,횡단중,안전운전 의무 불이행,단일로,기타단일로
28952,2018-07-01 13,주간,일,1,1,0,0,0,전남,광양시,차량단독,공작물충돌,공작물충돌,안전운전 의무 불이행,단일로,기타단일로
28953,2018-03-25 01,야간,일,1,1,0,0,0,대전,대덕구,차대사람,기타,기타,안전운전 의무 불이행,단일로,기타단일로
28954,2018-09-10 06,주간,월,1,3,0,2,0,서울,종로구,차대차,측면충돌,측면충돌,안전운전 의무 불이행,단일로,터널안
28955,2018-08-24 14,주간,금,1,1,0,0,0,전북,김제시,차대차,측면충돌,측면충돌,신호위반,교차로,교차로내
28956,2018-04-07 05,야간,토,1,1,0,0,0,전북,전주시,차대사람,횡단중,횡단중,과속,교차로,교차로내
28957,2018-04-09 00,야간,월,1,3,2,0,0,인천,남동구,차대차,측면충돌,측면충돌,중앙선 침범,단일로,기타단일로
28958,2018-04-27 09,주간,금,1,2,1,0,0,경기,성남시,차대차,기타,기타,안전거리 미확보,단일로,기타단일로
28959,2018-10-20 22,야간,토,1,1,0,0,0,충남,예산군,차량단독,전복,전복,안전운전 의무 불이행,단일로,기타단일로
28960,2018-03-07 11,주간,수,1,2,0,1,0,경기,안산시,차대차,측면충돌,측면충돌,기타,교차로,교차로내
28961,2018-10-21 07,주간,일,1,2,0,1,0,충남,예산군,차대차,추돌,추돌,안전운전 의무 불이행,단일로,기타단일로
28962,2018-04-24 12,주간,화,1,2,0,1,0,경남,김해시,차대차,측면충돌,측면충돌,중앙선 침범,단일로,기타단일로
28963,2018-08-15 13,주간,수,1,1,0,0,0,충북,진천군,차량단독,전도,전도,안전운전 의무 불이행,단일로,기타단일로
28964,2018-06-19 19,야간,화,1,1,0,0,0,서울,도봉구,차대사람,횡단중,횡단중,안전운전 의무 불이행,단일로,기타단일로
28965,2018-08-16 09,주간,목,1,1,0,0,0,충북,진천군,차대차,측면충돌,측면충돌,신호위반,교차로,교차로내
28966,2018-03-16 18,야간,금,1,1,0,0,0,경북,경산시,차대사람,횡단중,횡단중,안전운전 의무 불이행,단일로,기타단일로
28967,2018-04-10 11,주간,화,1,1,0,0,0,서울,마포구,차대사람,기타,기타,안전운전 의무 불이행,단일로,기타단일로
28968,2018-12-21 11,주간,금,1,1,0,0,0,전남,해남군,차량단독,기타,기타,안전운전 의무 불이행,단일로,기타단일로
28969,2018-05-03 17,주간,목,1,1,0,0,0,서울,동작구,차대사람,횡단중,횡단중,안전운전 의무 불이행,단일로,기타단일로
28970,2018-11-21 20,야간,수,1,4,2,1,0,전남,영암군,차대차,추돌,추돌,안전운전 의무 불이행,단일로,기타단일로
28971,2018-10-01 02,야간,월,1,1,0,0,0,강원,동해시,차대사람,횡단중,횡단중,안전운전 의무 불이행,교차로,교차로부근
28972,2018-12-03 01,야간,월,1,4,0,3,0,충남,천안시,차대차,추돌,추돌,안전운전 의무 불이행,단일로,기타단일로
28973,2018-03-11 12,주간,일,1,1,0,0,0,대구,동구,차대차,측면충돌,측면충돌,안전거리 미확보,단일로,기타단일로
28974,2018-08-11 05,야간,토,1,1,0,0,0,충남,공주시,차대사람,횡단중,횡단중,신호위반,교차로,교차로부근
28975,2018-10-25 07,주간,목,1,2,0,1,0,충남,예산군,차대차,추돌,추돌,안전운전 의무 불이행,기타,기타
28976,2018-09-27 09,주간,목,1,1,0,0,0,부산,서구,차대차,정면충돌,정면충돌,중앙선 침범,교차로,교차로부근
28977,2018-08-21 08,주간,화,1,1,0,0,0,전북,정읍시,차대차,측면충돌,측면충돌,안전운전 의무 불이행,교차로,교차로내
28978,2018-05-14 17,주간,월,1,1,0,0,0,충남,당진시,차대사람,횡단중,횡단중,안전운전 의무 불이행,단일로,기타단일로
28979,2018-08-12 18,야간,일,1,1,0,0,0,충남,공주시,차량단독,공작물충돌,공작물충돌,안전운전 의무 불이행,단일로,교량위
28980,2018-05-03 19,야간,목,1,1,0,0,0,세종,세종,차대차,측면충돌,측면충돌,신호위반,교차로,교차로내
28981,2018-07-10 10,주간,화,1,6,2,3,0,인천,남구,차대차,추돌,추돌,안전거리 미확보,단일로,기타단일로
28982,2018-07-10 15,주간,화,1,1,0,0,0,인천,계양구,차대차,추돌,추돌,안전운전 의무 불이행,단일로,기타단일로
28983,2018-09-06 18,야간,목,1,1,0,0,0,전남,나주시,차량단독,도로이탈,도로이탈 기타,안전운전 의무 불이행,단일로,기타단일로
28984,2018-03-31 13,주간,토,1,1,0,0,0,부산,남구,차대사람,횡단중,횡단중,안전운전 의무 불이행,단일로,기타단일로
28985,2018-04-28 21,야간,토,1,1,0,0,0,서울,구로구,차대사람,횡단중,횡단중,안전운전 의무 불이행,단일로,기타단일로
28986,2018-03-25 13,주간,일,1,1,0,0,0,경기,화성시,차량단독,전복,전복,안전운전 의무 불이행,단일로,기타단일로
28987,2018-03-28 16,주간,수,1,3,2,0,0,전남,여수시,차대사람,보도통행중,보도통행중,중앙선 침범,교차로,교차로부근
28988,2018-10-26 05,야간,금,1,1,0,0,0,전북,완주군,차량단독,공작물충돌,공작물충돌,안전운전 의무 불이행,단일로,기타단일로
28989,2018-11-01 10,주간,목,1,1,0,0,0,강원,삼척시,차대차,측면충돌,측면충돌,안전운전 의무 불이행,교차로,교차로부근
28990,2018-06-28 16,주간,목,1,1,0,0,0,경북,김천시,차대차,측면충돌,측면충돌,안전운전 의무 불이행,단일로,기타단일로
28991,2018-07-16 13,주간,월,2,3,0,1,0,부산,강서구,차대차,측면충돌,측면충돌,중앙선 침범,교차로,교차로부근
28992,2018-07-16 16,주간,월,1,1,0,0,0,경남,창원시(통합),차대사람,길가장자리구역통행중,길가장자리구역통행중,안전운전 의무 불이행,단일로,기타단일로
28993,2018-05-05 00,야간,토,1,1,0,0,0,세종,세종,차량단독,공작물충돌,공작물충돌,안전운전 의무 불이행,단일로,기타단일로
28994,2018-06-27 01,야간,수,1,1,0,0,0,광주,남구,차대사람,기타,기타,안전운전 의무 불이행,단일로,기타단일로
28995,2018-03-26 17,주간,월,1,1,0,0,0,서울,동대문구,차대차,측면충돌,측면충돌,교차로 통행방법 위반,교차로,교차로내
28996,2018-08-27 01,야간,월,1,5,2,2,0,전북,정읍시,차대차,측면충돌,측면충돌,기타,교차로,교차로내
28997,2018-04-25 17,주간,수,1,1,0,0,0,부산,해운대구,차대사람,횡단중,횡단중,안전운전 의무 불이행,단일로,기타단일로
28998,2018-02-10 06,주간,토,1,1,0,0,0,경기,평택시,차대차,추돌,추돌,안전운전 의무 불이행,단일로,기타단일로
28999,2018-03-06 06,주간,화,1,1,0,0,0,경기,의정부시,차대사람,기타,기타,안전운전 의무 불이행,단일로,기타단일로
29000,2018-03-26 12,주간,월,1,3,2,0,0,경기,화성시,차대차,기타,기타,안전운전 의무 불이행,기타,기타
29001,2018-07-19 04,야간,목,1,1,0,0,0,경북,칠곡군,차량단독,도로이탈,도로이탈 추락,안전운전 의무 불이행,단일로,기타단일로
29002,2018-07-17 04,야간,화,1,1,0,0,0,경남,통영시,차대사람,기타,기타,안전운전 의무 불이행,단일로,기타단일로
29003,2018-05-28 23,야간,월,1,2,0,1,0,인천,중구,차대사람,기타,기타,과속,교차로,교차로내
29004,2018-05-24 08,주간,목,1,1,0,0,0,경기,하남시,차대사람,기타,기타,신호위반,교차로,교차로부근
29005,2018-04-28 07,주간,토,1,5,4,0,0,경기,용인시,차대차,기타,기타,안전운전 의무 불이행,단일로,기타단일로
29006,2018-12-15 10,주간,토,1,11,2,8,0,충남,논산시,차대차,추돌,추돌,안전거리 미확보,기타,기타
29007,2018-07-03 14,주간,화,1,1,0,0,0,서울,금천구,차대사람,차도통행중,차도통행중,안전운전 의무 불이행,교차로,교차로내
29008,2018-09-04 22,야간,화,1,3,2,0,0,경남,밀양시,차대차,추돌,추돌,안전운전 의무 불이행,단일로,기타단일로
29009,2018-10-04 12,주간,목,1,1,0,0,0,부산,서구,차대사람,기타,기타,안전운전 의무 불이행,기타,기타
29010,2018-10-13 10,주간,토,1,3,1,1,0,경기,동두천시,차대차,정면충돌,정면충돌,신호위반,교차로,교차로내
29011,2018-02-27 12,주간,화,1,1,0,0,0,대구,수성구,차량단독,공작물충돌,공작물충돌,안전운전 의무 불이행,단일로,기타단일로
29012,2018-08-17 12,주간,금,1,2,0,1,0,충북,음성군,차대차,정면충돌,정면충돌,중앙선 침범,단일로,기타단일로
29013,2018-07-21 13,주간,토,1,1,0,0,0,경북,칠곡군,차대사람,횡단중,횡단중,안전운전 의무 불이행,교차로,교차로내
29014,2018-03-22 21,야간,목,1,1,0,0,0,제주,제주시,차대사람,차도통행중,차도통행중,안전운전 의무 불이행,단일로,기타단일로
29015,2018-03-22 18,야간,목,1,1,0,0,0,경기,광주시,차대차,추돌,추돌,안전운전 의무 불이행,단일로,교량위
29016,2018-10-17 07,주간,수,1,1,0,0,0,충남,홍성군,차대차,측면충돌,측면충돌,중앙선 침범,단일로,기타단일로
29017,2018-08-28 23,야간,화,1,1,0,0,0,충북,진천군,차대차,추돌,추돌,안전운전 의무 불이행,단일로,기타단일로
29018,2018-04-01 17,주간,일,1,1,0,0,0,충북,청주시,차량단독,전도,전도,안전운전 의무 불이행,단일로,기타단일로
29019,2018-06-08 08,주간,금,1,1,0,0,0,경기,포천시,차대차,추돌,추돌,안전운전 의무 불이행,단일로,기타단일로
29020,2018-12-12 12,주간,수,1,1,0,0,0,충북,괴산군,차량단독,기타,기타,기타,단일로,기타단일로
29021,2018-08-19 06,주간,일,1,2,0,1,0,충북,음성군,차대차,추돌,추돌,안전운전 의무 불이행,단일로,기타단일로
29022,2018-12-22 16,주간,토,1,3,2,0,0,충남,논산시,차대차,기타,기타,안전운전 의무 불이행,단일로,기타단일로
29023,2018-09-08 12,주간,토,1,1,0,0,0,전북,김제시,차대사람,기타,기타,기타,단일로,기타단일로
29024,2018-04-04 08,주간,수,1,2,0,1,0,부산,남구,차대차,측면충돌,측면충돌,안전운전 의무 불이행,단일로,교량위
29025,2018-10-18 12,주간,목,1,2,1,0,0,충남,홍성군,차대사람,기타,기타,안전운전 의무 불이행,교차로,교차로부근
29026,2018-03-28 15,주간,수,1,1,0,0,0,경기,화성시,차대사람,기타,기타,안전운전 의무 불이행,교차로,교차로부근
29027,2018-04-24 18,야간,화,1,4,3,0,0,강원,춘천시,차대차,측면충돌,측면충돌,기타,단일로,교량위
29028,2018-04-02 14,주간,월,1,1,0,0,0,충북,청주시,차량단독,공작물충돌,공작물충돌,안전운전 의무 불이행,단일로,기타단일로
29029,2018-07-23 13,주간,월,1,1,0,0,0,경북,칠곡군,차량단독,공작물충돌,공작물충돌,안전운전 의무 불이행,단일로,기타단일로
29030,2018-03-10 04,야간,토,1,1,0,0,0,대전,유성구,차대사람,횡단중,횡단중,안전운전 의무 불이행,교차로,교차로횡단보도내
29031,2018-04-10 15,주간,화,1,1,0,0,0,경기,수원시,차대차,측면충돌,측면충돌,안전거리 미확보,단일로,기타단일로
29032,2018-06-10 12,주간,일,1,2,0,1,0,경기,포천시,차대차,측면충돌,측면충돌,안전운전 의무 불이행,단일로,기타단일로
29033,2018-03-23 21,야간,금,1,1,0,0,0,경기,광주시,차대사람,횡단중,횡단중,안전운전 의무 불이행,단일로,기타단일로
29034,2018-05-26 06,주간,토,1,1,0,0,0,경기,하남시,차대차,측면충돌,측면충돌,신호위반,교차로,교차로내
29035,2018-12-17 18,야간,월,1,1,0,0,0,충북,괴산군,차대차,정면충돌,정면충돌,중앙선 침범,단일로,기타단일로
29036,2018-09-14 11,주간,금,1,2,1,0,0,경북,영주시,차대차,추돌,추돌,안전운전 의무 불이행,단일로,기타단일로
29037,2018-11-16 06,주간,금,1,1,0,0,0,전북,남원시,차대차,기타,기타,중앙선 침범,단일로,기타단일로
29038,2018-03-22 18,야간,목,1,1,0,0,0,경북,경산시,차대차,기타,기타,안전운전 의무 불이행,단일로,기타단일로
29039,2018-04-28 22,야간,토,1,1,0,0,0,경남,창원시(통합),차량단독,공작물충돌,공작물충돌,안전운전 의무 불이행,교차로,교차로내
29040,2018-09-13 11,주간,목,1,2,0,1,0,전북,김제시,차대차,측면충돌,측면충돌,기타,교차로,교차로내
29041,2018-12-04 03,야간,화,1,1,0,0,0,경북,칠곡군,차대차,기타,기타,안전운전 의무 불이행,단일로,기타단일로
29042,2018-07-25 20,야간,수,1,1,0,0,0,경북,칠곡군,차대사람,횡단중,횡단중,안전운전 의무 불이행,단일로,교량위
29043,2018-07-09 15,주간,월,1,1,0,0,0,서울,금천구,차대사람,횡단중,횡단중,보행자 보호의무 위반,교차로,교차로횡단보도내
29044,2018-04-16 21,야간,월,1,1,0,0,0,강원,강릉시,차대사람,횡단중,횡단중,신호위반,단일로,기타단일로
29045,2018-05-09 08,주간,수,1,1,0,0,0,서울,강동구,차대차,기타,기타,안전운전 의무 불이행,교차로,교차로내
29046,2018-07-14 08,주간,토,1,1,0,0,0,충남,논산시,차대사람,횡단중,횡단중,안전운전 의무 불이행,단일로,기타단일로
29047,2018-06-04 15,주간,월,1,1,0,0,0,인천,옹진군,차량단독,도로이탈,도로이탈 추락,안전운전 의무 불이행,단일로,기타단일로
29048,2018-11-13 12,주간,화,1,5,1,3,0,전북,완주군,차대차,측면충돌,측면충돌,신호위반,교차로,교차로내
29049,2018-03-07 22,야간,수,1,1,0,0,0,경기,화성시,차대사람,횡단중,횡단중,안전운전 의무 불이행,단일로,기타단일로
29050,2018-06-21 02,야간,목,1,1,0,0,0,충북,제천시,차대차,정면충돌,정면충돌,중앙선 침범,단일로,기타단일로
29051,2018-08-25 03,야간,토,1,1,0,0,0,경남,밀양시,차대차,추돌,추돌,안전운전 의무 불이행,단일로,기타단일로
29052,2018-10-25 06,주간,목,1,1,0,0,0,충남,홍성군,차대사람,횡단중,횡단중,안전운전 의무 불이행,기타,기타
29053,2018-04-08 17,주간,일,1,1,0,0,0,전남,순천시,차량단독,도로이탈,도로이탈 추락,안전운전 의무 불이행,단일로,기타단일로
29054,2018-11-21 12,주간,수,1,1,0,0,0,전북,남원시,차량단독,전도,전도,안전운전 의무 불이행,단일로,기타단일로
29055,2018-03-01 05,야간,목,3,3,0,0,0,대구,수성구,차대차,기타,기타,과속,단일로,기타단일로
29056,2018-09-08 01,야간,토,1,1,0,0,0,충북,진천군,차대사람,기타,기타,안전운전 의무 불이행,단일로,기타단일로
29057,2018-11-18 20,야간,일,1,1,0,0,0,충남,예산군,차대차,측면충돌,측면충돌,기타,교차로,교차로내
29058,2018-04-16 21,야간,월,1,1,0,0,0,대전,서구,차대사람,기타,기타,안전운전 의무 불이행,교차로,교차로내
29059,2018-10-26 18,야간,금,1,1,0,0,0,충남,홍성군,차대사람,횡단중,횡단중,과속,기타,기타
29060,2018-04-01 00,야간,일,1,1,0,0,0,서울,동대문구,차대사람,기타,기타,안전운전 의무 불이행,교차로,교차로부근
29061,2018-08-14 23,야간,화,1,1,0,0,0,경북,영천시,차량단독,공작물충돌,공작물충돌,안전운전 의무 불이행,단일로,기타단일로
29062,2018-04-04 22,야간,수,1,1,0,0,0,충북,청주시,차대사람,횡단중,횡단중,과속,단일로,지하차도(도로)내
29063,2018-04-17 13,주간,화,1,1,0,0,0,전북,익산시,차량단독,공작물충돌,공작물충돌,안전운전 의무 불이행,단일로,기타단일로
29064,2018-07-06 18,야간,금,1,1,0,0,0,서울,도봉구,차대사람,기타,기타,안전운전 의무 불이행,교차로,교차로내
29065,2018-09-14 05,야간,금,1,1,0,0,0,경북,상주시,차량단독,도로이탈,도로이탈 추락,안전운전 의무 불이행,단일로,기타단일로
29066,2018-05-01 21,야간,화,1,1,0,0,0,충북,충주시,차량단독,전도,전도,안전운전 의무 불이행,교차로,교차로부근
29067,2018-04-17 12,주간,화,1,2,1,0,0,경북,포항시,차대차,기타,기타,과속,단일로,기타단일로
29068,2018-09-19 20,야간,수,1,1,0,0,0,경북,영주시,차대사람,횡단중,횡단중,안전운전 의무 불이행,교차로,교차로부근
29069,2018-08-27 18,야간,월,1,7,3,3,0,경남,양산시,차대차,측면충돌,측면충돌,안전운전 의무 불이행,단일로,기타단일로
29070,2018-11-25 10,주간,일,1,1,0,0,0,전북,남원시,차량단독,공작물충돌,공작물충돌,안전운전 의무 불이행,단일로,기타단일로
29071,2018-12-15 11,주간,토,1,1,0,0,0,경북,문경시,차대사람,차도통행중,차도통행중,보행자 보호의무 위반,교차로,교차로내
29072,2018-09-19 15,주간,수,1,1,0,0,0,전북,김제시,차대차,측면충돌,측면충돌,안전운전 의무 불이행,교차로,교차로내
29073,2018-07-17 12,주간,화,1,1,0,0,0,충남,논산시,차량단독,전도,전도,안전운전 의무 불이행,단일로,기타단일로
29074,2018-10-21 16,주간,일,1,1,0,0,0,부산,서구,차대차,측면충돌,측면충돌,안전운전 의무 불이행,교차로,교차로부근
29075,2018-11-25 18,야간,일,1,1,0,0,0,전북,남원시,차량단독,전도,전도,안전운전 의무 불이행,기타,기타
29076,2018-09-02 19,야간,일,1,3,0,2,0,충남,공주시,차대차,정면충돌,정면충돌,중앙선 침범,단일로,기타단일로
29077,2018-11-22 07,주간,목,1,7,2,4,0,충남,예산군,차대차,측면충돌,측면충돌,안전운전 의무 불이행,단일로,교량위
29078,2018-09-14 15,주간,금,1,2,0,1,0,전북,정읍시,차량단독,공작물충돌,공작물충돌,안전운전 의무 불이행,단일로,기타단일로
29079,2018-05-02 20,야간,수,1,2,0,1,0,충북,충주시,차대차,기타,기타,신호위반,교차로,교차로내
29080,2018-12-10 15,주간,월,1,1,0,0,0,경북,구미시,차량단독,공작물충돌,공작물충돌,안전운전 의무 불이행,단일로,기타단일로
29081,2018-03-09 16,주간,금,1,2,0,0,1,경기,용인시,차량단독,공작물충돌,공작물충돌,안전운전 의무 불이행,단일로,교량위
29082,2018-11-22 11,주간,목,1,4,3,0,0,전북,완주군,차대차,정면충돌,정면충돌,중앙선 침범,단일로,기타단일로
29083,2018-09-20 14,주간,목,1,1,0,0,0,전북,김제시,차량단독,공작물충돌,공작물충돌,안전운전 의무 불이행,단일로,기타단일로
29084,2018-07-17 10,주간,화,1,1,0,0,0,경기,부천시,차대사람,기타,기타,안전운전 의무 불이행,단일로,기타단일로
29085,2018-08-17 11,주간,금,1,1,0,0,0,경북,영천시,차량단독,공작물충돌,공작물충돌,안전운전 의무 불이행,단일로,기타단일로
29086,2018-06-17 20,야간,일,1,1,0,0,0,경남,창원시(통합),차대사람,횡단중,횡단중,안전운전 의무 불이행,교차로,교차로내
29087,2018-04-04 05,야간,수,1,1,0,0,0,전남,여수시,차대사람,차도통행중,차도통행중,안전운전 의무 불이행,단일로,기타단일로
29088,2018-12-19 07,주간,수,1,1,0,0,0,경북,문경시,차대차,정면충돌,정면충돌,중앙선 침범,단일로,기타단일로
29089,2018-11-28 16,주간,수,2,4,2,0,0,전북,남원시,차대차,측면충돌,측면충돌,신호위반,교차로,교차로내
29090,2018-09-16 05,야간,일,1,1,0,0,0,전북,정읍시,차대차,추돌,추돌,안전운전 의무 불이행,단일로,기타단일로
29091,2018-04-02 00,야간,월,2,2,0,0,0,경기,화성시,차대차,기타,기타,안전운전 의무 불이행,교차로,교차로부근
29092,2018-04-21 14,주간,토,1,2,0,0,1,제주,서귀포시,차대차,기타,기타,중앙선 침범,교차로,교차로부근
29093,2018-08-18 15,주간,토,1,1,0,0,0,경북,영천시,차량단독,기타,기타,안전운전 의무 불이행,단일로,기타단일로
29094,2018-04-27 10,주간,금,1,1,0,0,0,경남,진주시,차대차,측면충돌,측면충돌,안전운전 의무 불이행,교차로,교차로내
29095,2018-04-02 07,주간,월,1,22,2,19,0,경기,화성시,차대차,추돌,추돌,안전운전 의무 불이행,교차로,교차로부근
29096,2018-11-13 04,야간,화,1,1,0,0,0,서울,중구,차대차,추돌,추돌,신호위반,교차로,교차로내
29097,2018-03-04 22,야간,일,1,3,0,2,0,서울,송파구,차대차,정면충돌,정면충돌,중앙선 침범,단일로,지하차도(도로)내
29098,2018-09-14 21,야간,금,1,1,0,0,0,충북,진천군,차대사람,길가장자리구역통행중,길가장자리구역통행중,안전운전 의무 불이행,단일로,기타단일로
29099,2018-03-14 06,주간,수,1,1,0,0,0,대전,유성구,차대사람,횡단중,횡단중,안전운전 의무 불이행,교차로,교차로횡단보도내
29100,2018-04-04 19,야간,수,1,1,0,0,0,전남,여수시,차량단독,전복,전복,안전운전 의무 불이행,단일로,기타단일로
29101,2018-11-26 14,주간,월,1,1,0,0,0,충남,예산군,차대사람,횡단중,횡단중,안전운전 의무 불이행,교차로,교차로내
29102,2018-04-29 21,야간,일,1,7,0,6,0,대구,북구,차대사람,차도통행중,차도통행중,과속,단일로,기타단일로
29103,2018-08-10 00,야간,금,1,1,0,0,0,부산,동구,차대사람,기타,기타,과속,단일로,기타단일로
29104,2018-12-18 05,야간,화,1,1,0,0,0,경북,문경시,차대차,추돌,추돌,안전운전 의무 불이행,단일로,기타단일로
29105,2018-04-05 22,야간,목,1,1,0,0,0,서울,서초구,차대사람,횡단중,횡단중,안전운전 의무 불이행,단일로,기타단일로
29106,2018-11-28 06,주간,수,1,1,0,0,0,충남,예산군,차대사람,횡단중,횡단중,안전운전 의무 불이행,교차로,교차로부근
29107,2018-03-28 13,주간,수,1,1,0,0,0,경기,광주시,차량단독,공작물충돌,공작물충돌,안전운전 의무 불이행,단일로,기타단일로
29108,2018-04-13 04,야간,금,1,13,5,7,0,전남,목포시,차대차,측면충돌,측면충돌,신호위반,교차로,교차로내
29109,2018-04-05 16,주간,목,1,1,0,0,0,경북,경주시,차대사람,길가장자리구역통행중,길가장자리구역통행중,안전운전 의무 불이행,교차로,교차로부근
29110,2018-05-29 10,주간,화,1,1,0,0,0,충남,당진시,차대차,정면충돌,정면충돌,안전운전 의무 불이행,단일로,기타단일로
29111,2018-03-20 11,주간,화,1,2,0,1,0,광주,광산구,차대차,추돌,추돌,안전거리 미확보,단일로,기타단일로
29112,2018-05-29 15,주간,화,1,1,0,0,0,충남,당진시,차대사람,횡단중,횡단중,안전운전 의무 불이행,교차로,교차로내
29113,2018-09-02 13,주간,일,1,3,1,1,0,울산,울주군,차대차,추돌,추돌,안전거리 미확보,단일로,기타단일로
29114,2018-08-06 04,야간,월,1,1,0,0,0,경남,창원시(통합),차대사람,차도통행중,차도통행중,안전운전 의무 불이행,단일로,기타단일로
29115,2018-09-07 14,주간,금,1,2,0,1,0,충남,공주시,차대차,추돌,추돌,안전운전 의무 불이행,교차로,교차로부근
29116,2018-09-26 19,야간,수,2,2,0,0,0,전북,김제시,차대사람,횡단중,횡단중,안전운전 의무 불이행,단일로,기타단일로
29117,2018-05-18 15,주간,금,1,3,0,2,0,경기,안성시,차대차,추돌,추돌,안전운전 의무 불이행,단일로,기타단일로
29118,2018-08-01 20,야간,수,1,1,0,0,0,경남,통영시,차대사람,횡단중,횡단중,안전운전 의무 불이행,단일로,기타단일로
29119,2018-11-07 19,야간,수,1,2,0,1,0,충남,홍성군,차량단독,기타,기타,중앙선 침범,교차로,교차로부근
29120,2018-03-06 22,야간,화,1,1,0,0,0,경북,구미시,차대사람,횡단중,횡단중,안전운전 의무 불이행,단일로,기타단일로
29121,2018-04-30 17,주간,월,1,1,0,0,0,인천,연수구,차대차,측면충돌,측면충돌,신호위반,교차로,교차로횡단보도내
29122,2018-09-05 11,주간,수,1,1,0,0,0,울산,울주군,차대차,추돌,추돌,안전운전 의무 불이행,단일로,기타단일로
29123,2018-07-02 23,야간,월,1,1,0,0,0,경기,부천시,차대사람,횡단중,횡단중,안전운전 의무 불이행,단일로,기타단일로
29124,2018-08-24 11,주간,금,1,1,0,0,0,경북,영천시,차대사람,길가장자리구역통행중,길가장자리구역통행중,안전운전 의무 불이행,교차로,교차로부근
29125,2018-06-27 18,야간,수,1,1,0,0,0,울산,울주군,차대사람,횡단중,횡단중,안전운전 의무 불이행,교차로,교차로내
29126,2018-09-25 12,주간,화,1,1,0,0,0,경북,영주시,차량단독,전도,전도,안전운전 의무 불이행,단일로,기타단일로
29127,2018-10-29 05,야간,월,1,1,0,0,0,경기,여주시,차대사람,횡단중,횡단중,안전운전 의무 불이행,단일로,기타단일로
29128,2018-06-28 06,주간,목,1,11,3,7,0,울산,울주군,차대차,측면충돌,측면충돌,중앙선 침범,단일로,기타단일로
29129,2018-04-22 16,주간,일,1,1,0,0,0,강원,강릉시,차대사람,차도통행중,차도통행중,안전운전 의무 불이행,교차로,교차로내
29130,2018-03-26 03,야간,월,1,1,0,0,0,인천,서구,차대차,추돌,추돌,안전운전 의무 불이행,단일로,기타단일로
29131,2018-09-23 14,주간,일,1,1,0,0,0,경북,상주시,차량단독,공작물충돌,공작물충돌,안전운전 의무 불이행,단일로,기타단일로
29132,2018-12-12 07,주간,수,1,1,0,0,0,강원,삼척시,차량단독,공작물충돌,공작물충돌,안전운전 의무 불이행,단일로,기타단일로
29133,2018-10-05 20,야간,금,1,1,0,0,0,광주,동구,차대사람,횡단중,횡단중,안전운전 의무 불이행,단일로,기타단일로
29134,2018-04-06 12,주간,금,1,1,0,0,0,서울,동대문구,차대차,측면충돌,측면충돌,기타,교차로,교차로내
29135,2018-05-29 13,주간,화,1,1,0,0,0,대구,달성군,차량단독,공작물충돌,공작물충돌,안전운전 의무 불이행,단일로,기타단일로
29136,2018-09-29 21,야간,토,1,1,0,0,0,전북,김제시,차대차,측면충돌,측면충돌,기타,교차로,교차로내
29137,2018-12-29 19,야간,토,1,1,0,0,0,전남,영암군,차대차,기타,기타,신호위반,교차로,교차로내
29138,2018-12-26 05,야간,수,1,2,0,0,1,대구,북구,차대차,기타,기타,안전운전 의무 불이행,단일로,기타단일로
29139,2018-04-23 23,야간,월,1,1,0,0,0,강원,강릉시,차량단독,공작물충돌,공작물충돌,안전운전 의무 불이행,교차로,교차로부근