교통사고이력ID(사고기록 순서),발생년월일시,주야코드,요일코드,사망자수,부상자수,중상자수,경상자수,부상신고자수,발생지시도코드,발생지시도코드,사고유형대분류코드,사고유형중분류코드,사고유형코드,법규위반코드,도로형태대분류코드,도로로형태코드
29340,2018-11-05 13,주간,월,1,1,0,0,0,경북,상주시,차대사람,길가장자리구역통행중,길가장자리구역통행중,안전운전 의무 불이행,단일로,기타단일로
29341,2018-07-02 04,야간,월,1,1,0,0,0,부산,연제구,차대사람,횡단중,횡단중,과속,단일로,기타단일로
29342,2018-03-22 02,야간,목,1,1,0,0,0,경기,수원시,차대사람,차도통행중,차도통행중,안전운전 의무 불이행,단일로,기타단일로
29343,2018-08-25 02,야간,토,1,1,0,0,0,경기,부천시,차대사람,횡단중,횡단중,안전거리 미확보,교차로,교차로내
29344,2018-10-29 06,주간,월,1,1,0,0,0,경남,사천시,차대사람,횡단중,횡단중,안전운전 의무 불이행,단일로,기타단일로
29345,2018-05-08 07,주간,화,1,1,0,0,0,충남,천안시,차대사람,횡단중,횡단중,보행자 보호의무 위반,교차로,교차로횡단보도내
29346,2018-05-12 07,주간,토,1,1,0,0,0,울산,중구,차대사람,횡단중,횡단중,중앙선 침범,단일로,기타단일로
29347,2018-06-30 09,주간,토,1,1,0,0,0,경북,안동시,차대사람,차도통행중,차도통행중,안전운전 의무 불이행,단일로,기타단일로
29348,2018-08-01 20,야간,수,1,1,0,0,0,울산,울주군,차대사람,횡단중,횡단중,안전운전 의무 불이행,단일로,기타단일로
29349,2018-08-26 04,야간,일,1,1,0,0,0,서울,관악구,차대사람,횡단중,횡단중,신호위반,교차로,교차로내
29350,2018-09-07 10,주간,금,1,1,0,0,0,충남,보령시,차대차,기타,기타,기타,교차로,교차로내
29351,2018-11-12 10,주간,월,1,1,0,0,0,전북,정읍시,차량단독,전도,전도,안전운전 의무 불이행,단일로,기타단일로
29352,2018-10-24 15,주간,수,1,2,0,1,0,울산,울주군,차대차,추돌,추돌,안전운전 의무 불이행,단일로,기타단일로
29353,2018-05-30 00,야간,수,1,3,1,1,0,경기,용인시,차대차,정면충돌,정면충돌,중앙선 침범,단일로,터널안
29354,2018-09-04 10,주간,화,1,1,0,0,0,충남,논산시,차량단독,공작물충돌,공작물충돌,안전운전 의무 불이행,단일로,기타단일로
29355,2018-09-14 19,야간,금,1,1,0,0,0,경북,칠곡군,차대사람,기타,기타,안전운전 의무 불이행,단일로,기타단일로
29356,2018-04-24 00,야간,화,1,1,0,0,0,경북,경주시,차량단독,공작물충돌,공작물충돌,안전운전 의무 불이행,단일로,기타단일로
29357,2018-11-09 20,야간,금,1,2,1,0,0,경북,상주시,차대차,측면충돌,측면충돌,안전운전 의무 불이행,단일로,기타단일로
29358,2018-07-04 09,주간,수,1,1,0,0,0,인천,계양구,차대사람,기타,기타,안전운전 의무 불이행,단일로,기타단일로
29359,2018-06-05 19,야간,화,1,4,0,3,0,경남,김해시,차대차,기타,기타,중앙선 침범,단일로,기타단일로
29360,2018-09-18 14,주간,화,1,1,0,0,0,부산,강서구,차대사람,차도통행중,차도통행중,안전운전 의무 불이행,단일로,기타단일로
29361,2018-09-12 22,야간,수,1,1,0,0,0,경기,안산시,차대차,추돌,추돌,안전운전 의무 불이행,단일로,기타단일로
29362,2018-11-14 18,야간,수,1,1,0,0,0,충남,공주시,차대차,측면충돌,측면충돌,안전운전 의무 불이행,단일로,기타단일로
29363,2018-12-24 20,야간,월,1,1,0,0,0,서울,종로구,차대사람,차도통행중,차도통행중,안전운전 의무 불이행,단일로,기타단일로
29364,2018-05-22 03,야간,화,1,1,0,0,0,경남,진주시,차대사람,기타,기타,안전운전 의무 불이행,단일로,기타단일로
29365,2018-03-30 21,야간,금,1,2,0,1,0,대전,유성구,차량단독,공작물충돌,공작물충돌,안전운전 의무 불이행,단일로,기타단일로
29366,2018-03-18 23,야간,일,1,1,0,0,0,경기,남양주시,차대사람,기타,기타,안전운전 의무 불이행,교차로,교차로부근
29367,2018-09-06 17,주간,목,1,2,0,1,0,충남,논산시,차량단독,공작물충돌,공작물충돌,안전운전 의무 불이행,단일로,기타단일로
29368,2018-05-03 05,야간,목,1,2,0,1,0,전남,순천시,차대차,기타,기타,중앙선 침범,단일로,기타단일로
29369,2018-05-14 05,야간,월,1,1,0,0,0,대전,서구,차대사람,횡단중,횡단중,안전운전 의무 불이행,교차로,교차로횡단보도내
29370,2018-06-15 11,주간,금,1,1,0,0,0,경기,성남시,차대사람,횡단중,횡단중,안전운전 의무 불이행,단일로,기타단일로
29371,2018-03-28 23,야간,수,1,1,0,0,0,경기,부천시,차대차,기타,기타,안전운전 의무 불이행,단일로,기타단일로
29372,2018-09-20 19,야간,목,1,1,0,0,0,경북,칠곡군,차대차,측면충돌,측면충돌,안전운전 의무 불이행,단일로,기타단일로
29373,2018-11-19 08,주간,월,1,1,0,0,0,충남,공주시,차량단독,공작물충돌,공작물충돌,안전운전 의무 불이행,단일로,기타단일로
29374,2018-04-10 20,야간,화,1,1,0,0,0,경기,성남시,차대사람,보도통행중,보도통행중,보행자 보호의무 위반,교차로,교차로횡단보도내
29375,2018-04-19 13,주간,목,1,2,0,1,0,충북,청주시,차대차,측면충돌,측면충돌,신호위반,교차로,교차로내
29376,2018-05-14 11,주간,월,1,1,0,0,0,전북,전주시,차대차,측면충돌,측면충돌,안전운전 의무 불이행,단일로,기타단일로
29377,2018-04-22 18,야간,일,1,1,0,0,0,제주,제주시,차량단독,도로이탈,도로이탈 기타,안전운전 의무 불이행,단일로,기타단일로
29378,2018-09-22 10,주간,토,1,1,0,0,0,부산,강서구,차대차,측면충돌,측면충돌,안전운전 의무 불이행,교차로,교차로내
29379,2018-03-19 19,야간,월,1,1,0,0,0,경기,남양주시,차대차,측면충돌,측면충돌,안전운전 의무 불이행,교차로,교차로내
29380,2018-05-15 22,야간,화,1,3,1,1,0,울산,북구,차대차,측면충돌,측면충돌,신호위반,교차로,교차로내
29381,2018-04-28 21,야간,토,1,1,0,0,0,전남,여수시,차대차,측면충돌,측면충돌,신호위반,교차로,교차로내
29382,2018-10-09 13,주간,화,1,1,0,0,0,서울,은평구,차대차,기타,기타,신호위반,교차로,교차로내
29383,2018-05-03 05,야간,목,1,4,0,3,0,서울,서초구,차대차,추돌,추돌,안전운전 의무 불이행,단일로,기타단일로
29384,2018-04-03 20,야간,화,1,2,1,0,0,광주,북구,차대사람,횡단중,횡단중,신호위반,교차로,교차로내
29385,2018-08-28 20,야간,화,1,1,0,0,0,광주,남구,차대사람,횡단중,횡단중,안전운전 의무 불이행,교차로,교차로횡단보도내
29386,2018-04-02 05,야간,월,1,1,0,0,0,경기,파주시,차대사람,횡단중,횡단중,안전운전 의무 불이행,단일로,기타단일로
29387,2018-04-29 20,야간,일,1,4,0,3,0,충북,청주시,차대차,추돌,추돌,안전운전 의무 불이행,교차로,교차로부근
29388,2018-07-02 06,주간,월,1,1,0,0,0,충남,당진시,차대차,측면충돌,측면충돌,안전운전 의무 불이행,기타,기타
29389,2018-07-29 03,야간,일,1,1,0,0,0,경남,창원시(통합),차대사람,횡단중,횡단중,안전운전 의무 불이행,교차로,교차로부근
29390,2018-06-22 11,주간,금,1,1,0,0,0,세종,세종,차대차,측면충돌,측면충돌,안전운전 의무 불이행,단일로,교량위
29391,2018-05-17 01,야간,목,1,1,0,0,0,서울,양천구,차대차,측면충돌,측면충돌,안전운전 의무 불이행,교차로,교차로내
29392,2018-11-02 09,주간,금,1,2,1,0,0,울산,울주군,차대차,기타,기타,안전운전 의무 불이행,단일로,기타단일로
29393,2018-02-27 10,주간,화,1,1,0,0,0,경기,평택시,차대사람,횡단중,횡단중,안전운전 의무 불이행,교차로,교차로횡단보도내
29394,2018-07-09 01,야간,월,1,1,0,0,0,서울,강북구,차대사람,횡단중,횡단중,신호위반,교차로,교차로내
29395,2018-06-04 18,야간,월,1,1,0,0,0,충북,충주시,차량단독,기타,기타,안전운전 의무 불이행,단일로,기타단일로
29396,2018-05-05 04,야간,토,1,1,0,0,0,경북,포항시,차대사람,횡단중,횡단중,안전운전 의무 불이행,단일로,기타단일로
29397,2018-08-10 14,주간,금,1,2,0,1,0,울산,울주군,차대차,추돌,추돌,안전운전 의무 불이행,단일로,기타단일로
29398,2018-09-17 18,야간,월,1,1,0,0,0,강원,양양군,차대사람,길가장자리구역통행중,길가장자리구역통행중,안전운전 의무 불이행,단일로,지하차도(도로)내
29399,2018-07-12 22,야간,목,1,1,0,0,0,대구,중구,차대사람,횡단중,횡단중,안전운전 의무 불이행,단일로,기타단일로
29400,2018-08-10 18,야간,금,1,3,2,0,0,충북,제천시,차대차,정면충돌,정면충돌,과속,교차로,교차로부근
29401,2018-04-22 00,야간,일,1,3,0,2,0,대전,중구,차대차,측면충돌,측면충돌,신호위반,교차로,교차로내
29402,2018-05-30 16,주간,수,1,1,0,0,0,서울,강서구,차대차,측면충돌,측면충돌,안전거리 미확보,단일로,기타단일로
29403,2018-06-05 17,주간,화,1,1,0,0,0,충북,충주시,차대차,정면충돌,정면충돌,안전운전 의무 불이행,교차로,교차로내
29404,2018-07-30 23,야간,월,1,1,0,0,0,경남,창원시(통합),차대사람,횡단중,횡단중,과속,단일로,기타단일로
29405,2018-06-24 05,야간,일,1,2,1,0,0,부산,동래구,차대차,기타,기타,신호위반,교차로,교차로내
29406,2018-09-19 20,야간,수,1,1,0,0,0,경기,시흥시,차대차,기타,기타,안전운전 의무 불이행,단일로,기타단일로
29407,2018-09-19 06,주간,수,1,2,0,1,0,강원,양양군,차량단독,공작물충돌,공작물충돌,안전운전 의무 불이행,기타,기타
29408,2018-11-07 17,주간,수,1,1,0,0,0,충북,음성군,차대사람,횡단중,횡단중,안전운전 의무 불이행,교차로,교차로부근
29409,2018-07-04 00,야간,수,1,1,0,0,0,충남,당진시,차대사람,차도통행중,차도통행중,안전운전 의무 불이행,단일로,기타단일로
29410,2018-09-19 14,주간,수,1,1,0,0,0,강원,양양군,차대사람,횡단중,횡단중,안전운전 의무 불이행,기타,기타
29411,2018-03-30 05,야간,금,1,2,0,1,0,충남,천안시,차대차,측면충돌,측면충돌,신호위반,교차로,교차로내
29412,2018-03-21 04,야간,수,1,1,0,0,0,대구,수성구,차량단독,공작물충돌,공작물충돌,안전운전 의무 불이행,단일로,기타단일로
29413,2018-05-02 17,주간,수,1,1,0,0,0,부산,부산진구,차대사람,기타,기타,보행자 보호의무 위반,교차로,교차로부근
29414,2018-04-06 00,야간,금,2,2,0,0,0,경기,의정부시,차량단독,공작물충돌,공작물충돌,안전운전 의무 불이행,교차로,교차로내
29415,2018-11-17 21,야간,토,1,1,0,0,0,경남,사천시,차대사람,차도통행중,차도통행중,안전운전 의무 불이행,단일로,기타단일로
29416,2018-05-11 02,야간,금,1,5,1,3,0,전남,목포시,차대차,기타,기타,신호위반,교차로,교차로내
29417,2018-04-29 22,야간,일,1,2,1,0,0,경기,화성시,차대사람,횡단중,횡단중,안전운전 의무 불이행,단일로,기타단일로
29418,2018-05-08 19,야간,화,1,1,0,0,0,서울,서초구,차대차,측면충돌,측면충돌,신호위반,교차로,교차로내
29419,2018-09-28 20,야간,금,1,1,0,0,0,경남,창원시(통합),차량단독,공작물충돌,공작물충돌,안전운전 의무 불이행,교차로,교차로부근
29420,2018-12-03 08,주간,월,1,2,0,1,0,충남,공주시,차대차,정면충돌,정면충돌,안전운전 의무 불이행,단일로,기타단일로
29421,2018-06-27 17,주간,수,1,1,0,0,0,경남,창원시(통합),차대차,측면충돌,측면충돌,안전운전 의무 불이행,교차로,교차로부근
29422,2018-05-12 04,야간,토,1,1,0,0,0,전남,목포시,차대사람,차도통행중,차도통행중,안전운전 의무 불이행,단일로,기타단일로
29423,2018-06-26 06,주간,화,4,5,1,0,0,경기,안성시,차대차,기타,기타,과속,교차로,교차로내
29424,2018-04-13 15,주간,금,1,1,0,0,0,대구,동구,차대사람,횡단중,횡단중,신호위반,단일로,기타단일로
29425,2018-06-26 15,주간,화,1,3,2,0,0,경기,안성시,차대차,정면충돌,정면충돌,중앙선 침범,단일로,기타단일로
29426,2018-07-11 01,야간,수,1,1,0,0,0,서울,광진구,차대사람,차도통행중,차도통행중,안전운전 의무 불이행,기타,기타
29427,2018-06-27 17,주간,수,2,2,0,0,0,세종,세종,차대차,기타,기타,신호위반,교차로,교차로부근
29428,2018-11-30 06,주간,금,1,1,0,0,0,경북,상주시,차대사람,길가장자리구역통행중,길가장자리구역통행중,안전운전 의무 불이행,교차로,교차로내
29429,2018-05-27 13,주간,일,1,3,0,2,0,강원,강릉시,차대차,측면충돌,측면충돌,중앙선 침범,단일로,기타단일로
29430,2018-11-22 09,주간,목,1,1,0,0,0,경남,사천시,차대차,기타,기타,기타,단일로,기타단일로
29431,2018-07-13 17,주간,금,1,3,1,1,0,경북,안동시,차량단독,도로이탈,도로이탈 추락,안전운전 의무 불이행,단일로,기타단일로
29432,2018-06-25 14,주간,월,1,4,3,0,0,경기,광명시,차대차,추돌,추돌,안전운전 의무 불이행,교차로,교차로부근
29433,2018-09-09 23,야간,일,1,1,0,0,0,경기,부천시,차대사람,기타,기타,안전운전 의무 불이행,교차로,교차로부근
29434,2018-12-06 18,야간,목,1,1,0,0,0,충남,공주시,차대사람,횡단중,횡단중,보행자 보호의무 위반,단일로,기타단일로
29435,2018-12-06 19,야간,목,2,2,0,0,0,충남,공주시,차량단독,공작물충돌,공작물충돌,안전운전 의무 불이행,단일로,기타단일로
29436,2018-06-07 23,야간,목,1,1,0,0,0,부산,해운대구,차대사람,기타,기타,안전운전 의무 불이행,단일로,기타단일로
29437,2018-05-22 11,주간,화,1,1,0,0,0,대구,서구,차대차,측면충돌,측면충돌,안전운전 의무 불이행,단일로,기타단일로
29438,2018-10-03 19,야간,수,1,1,0,0,0,울산,북구,차량단독,공작물충돌,공작물충돌,안전운전 의무 불이행,교차로,교차로부근
29439,2018-04-01 19,야간,일,1,1,0,0,0,울산,남구,차대사람,횡단중,횡단중,보행자 보호의무 위반,기타,기타
29440,2018-07-12 17,주간,목,2,8,1,3,2,서울,광진구,차대사람,길가장자리구역통행중,길가장자리구역통행중,안전운전 의무 불이행,단일로,기타단일로
29441,2018-10-06 03,야간,토,1,1,0,0,0,경남,통영시,차량단독,공작물충돌,공작물충돌,안전운전 의무 불이행,단일로,기타단일로
29442,2018-07-16 00,야간,월,1,1,0,0,0,서울,강북구,차대사람,기타,기타,안전운전 의무 불이행,교차로,교차로횡단보도내
29443,2018-05-04 02,야간,금,1,1,0,0,0,대구,달서구,차대사람,기타,기타,안전운전 의무 불이행,단일로,기타단일로
29444,2018-10-02 15,주간,화,1,1,0,0,0,경남,창원시(통합),차대차,측면충돌,측면충돌,안전거리 미확보,교차로,교차로부근
29445,2018-05-02 11,주간,수,1,2,1,0,0,경기,화성시,차대차,정면충돌,정면충돌,중앙선 침범,교차로,교차로내
29446,2018-12-31 06,주간,월,1,1,0,0,0,전남,나주시,차대사람,횡단중,횡단중,과속,교차로,교차로부근
29447,2018-05-02 21,야간,수,1,1,0,0,0,경북,경주시,차대차,정면충돌,정면충돌,중앙선 침범,단일로,기타단일로
29448,2018-12-11 12,주간,화,1,1,0,0,0,충남,공주시,차대차,측면충돌,측면충돌,안전운전 의무 불이행,단일로,기타단일로
29449,2018-07-26 02,야간,목,1,1,0,0,0,서울,성동구,차량단독,공작물충돌,공작물충돌,안전운전 의무 불이행,단일로,기타단일로
29450,2018-09-29 01,야간,토,1,2,1,0,0,충남,보령시,차대사람,차도통행중,차도통행중,안전운전 의무 불이행,단일로,기타단일로
29451,2018-08-22 05,야간,수,1,3,2,0,0,경기,부천시,차대차,추돌,추돌,안전운전 의무 불이행,교차로,교차로부근
29452,2018-10-26 18,야간,금,1,1,0,0,0,경북,영천시,차대사람,횡단중,횡단중,안전운전 의무 불이행,단일로,기타단일로
29453,2018-11-26 05,야간,월,1,1,0,0,0,경남,사천시,차량단독,기타,기타,안전운전 의무 불이행,단일로,기타단일로
29454,2018-08-27 20,야간,월,1,1,0,0,0,서울,관악구,차량단독,기타,기타,안전운전 의무 불이행,단일로,기타단일로
29455,2018-07-03 16,주간,화,1,1,0,0,0,경기,용인시,차대사람,횡단중,횡단중,신호위반,교차로,교차로내
29456,2018-07-24 16,주간,화,1,3,0,2,0,인천,중구,차대차,추돌,추돌,안전운전 의무 불이행,단일로,기타단일로
29457,2018-05-22 22,야간,화,1,1,0,0,0,전북,전주시,차대사람,횡단중,횡단중,안전운전 의무 불이행,교차로,교차로부근
29458,2018-11-21 19,야간,수,1,1,0,0,0,충북,음성군,차대사람,횡단중,횡단중,안전운전 의무 불이행,단일로,기타단일로
29459,2018-12-21 23,야간,금,1,1,0,0,0,광주,동구,차대차,측면충돌,측면충돌,안전거리 미확보,단일로,기타단일로
29460,2018-10-22 15,주간,월,1,1,0,0,0,경기,안양시,차대차,측면충돌,측면충돌,안전운전 의무 불이행,교차로,교차로내
29461,2018-04-14 22,야간,토,1,1,0,0,0,광주,광산구,차대차,측면충돌,측면충돌,중앙선 침범,단일로,기타단일로
29462,2018-07-01 11,주간,일,1,1,0,0,0,경기,안성시,차대차,정면충돌,정면충돌,안전운전 의무 불이행,교차로,교차로내
29463,2018-07-08 04,야간,일,1,1,0,0,0,부산,사상구,차량단독,공작물충돌,공작물충돌,안전운전 의무 불이행,단일로,기타단일로
29464,2018-08-11 17,주간,토,1,1,0,0,0,경남,창원시(통합),차량단독,공작물충돌,공작물충돌,안전운전 의무 불이행,단일로,기타단일로
29465,2018-05-08 07,주간,화,1,1,0,0,0,충북,청주시,차대사람,기타,기타,보행자 보호의무 위반,교차로,교차로횡단보도내
29466,2018-05-31 23,야간,목,1,3,2,0,0,강원,강릉시,차대차,정면충돌,정면충돌,중앙선 침범,단일로,기타단일로
29467,2018-04-24 23,야간,화,1,1,0,0,0,서울,영등포구,차대사람,횡단중,횡단중,안전운전 의무 불이행,단일로,기타단일로
29468,2018-07-08 21,야간,일,1,1,0,0,0,부산,사상구,차대사람,횡단중,횡단중,안전운전 의무 불이행,단일로,지하차도(도로)내
29469,2018-12-10 10,주간,월,1,1,0,0,0,충북,진천군,차량단독,공작물충돌,공작물충돌,안전운전 의무 불이행,단일로,기타단일로
29470,2018-12-20 06,주간,목,1,1,0,0,0,경남,밀양시,차대사람,길가장자리구역통행중,길가장자리구역통행중,안전운전 의무 불이행,단일로,기타단일로
29471,2018-04-18 20,야간,수,1,2,0,1,0,제주,제주시,차대사람,횡단중,횡단중,과속,단일로,기타단일로
29472,2018-11-28 06,주간,수,1,1,0,0,0,충북,음성군,차대사람,횡단중,횡단중,과속,교차로,교차로내
29473,2018-09-02 02,야간,일,1,2,0,1,0,경기,군포시,차대사람,횡단중,횡단중,과속,교차로,교차로내
29474,2018-09-27 17,주간,목,1,1,0,0,0,충남,논산시,차대사람,기타,기타,안전운전 의무 불이행,단일로,기타단일로
29475,2018-05-27 12,주간,일,1,2,1,0,0,울산,북구,차대차,추돌,추돌,과속,단일로,기타단일로
29476,2018-04-07 17,주간,토,1,1,0,0,0,대전,유성구,차대사람,횡단중,횡단중,보행자 보호의무 위반,교차로,교차로횡단보도내
29477,2018-12-21 02,야간,금,1,1,0,0,0,충남,공주시,차량단독,전도,전도,안전운전 의무 불이행,기타,기타
29478,2018-10-03 02,야간,수,1,9,1,7,0,인천,부평구,차대차,추돌,추돌,안전운전 의무 불이행,단일로,기타단일로
29479,2018-06-30 03,야간,토,1,1,0,0,0,서울,용산구,차량단독,공작물충돌,공작물충돌,안전운전 의무 불이행,단일로,기타단일로
29480,2018-07-22 20,야간,일,1,1,0,0,0,서울,강북구,차대사람,횡단중,횡단중,보행자 보호의무 위반,교차로,교차로내
29481,2018-05-10 17,주간,목,1,3,1,1,0,부산,부산진구,차대차,정면충돌,정면충돌,중앙선 침범,단일로,기타단일로
29482,2018-08-11 07,주간,토,1,2,1,0,0,부산,북구,차량단독,기타,기타,안전운전 의무 불이행,단일로,기타단일로
29483,2018-05-07 19,야간,월,1,1,0,0,0,경북,경주시,차대차,측면충돌,측면충돌,안전운전 의무 불이행,단일로,기타단일로
29484,2018-05-06 10,주간,일,1,1,0,0,0,경기,화성시,차량단독,공작물충돌,공작물충돌,안전운전 의무 불이행,단일로,기타단일로
29485,2018-05-15 09,주간,화,1,1,0,0,0,경북,포항시,차대차,측면충돌,측면충돌,신호위반,교차로,교차로내
29486,2018-10-14 17,주간,일,1,1,0,0,0,경북,칠곡군,차량단독,공작물충돌,공작물충돌,안전운전 의무 불이행,단일로,기타단일로
29487,2018-04-03 20,야간,화,1,1,0,0,0,충북,청주시,차량단독,공작물충돌,공작물충돌,안전운전 의무 불이행,교차로,교차로내
29488,2018-06-16 06,주간,토,1,2,0,0,1,충북,충주시,차대차,기타,기타,과속,단일로,기타단일로
29489,2018-04-15 13,주간,일,1,1,0,0,0,충남,아산시,차량단독,기타,기타,안전운전 의무 불이행,단일로,기타단일로
29490,2018-05-11 18,야간,금,1,1,0,0,0,부산,부산진구,차대사람,횡단중,횡단중,안전운전 의무 불이행,단일로,기타단일로
29491,2018-07-15 21,야간,일,1,1,0,0,0,대구,달성군,차대사람,차도통행중,차도통행중,안전운전 의무 불이행,교차로,교차로부근
29492,2018-07-20 20,야간,금,1,1,0,0,0,충남,당진시,차대사람,길가장자리구역통행중,길가장자리구역통행중,안전운전 의무 불이행,단일로,기타단일로
29493,2018-08-12 21,야간,일,1,1,0,0,0,부산,북구,차대사람,횡단중,횡단중,안전운전 의무 불이행,단일로,기타단일로
29494,2018-09-11 23,야간,화,1,1,0,0,0,경남,김해시,차대사람,횡단중,횡단중,안전운전 의무 불이행,단일로,기타단일로
29495,2018-05-09 19,야간,수,1,1,0,0,0,전남,여수시,차대사람,횡단중,횡단중,보행자 보호의무 위반,교차로,교차로부근
29496,2018-09-18 12,주간,화,1,1,0,0,0,광주,남구,차대사람,기타,기타,기타,단일로,기타단일로
29497,2018-07-21 20,야간,토,1,1,0,0,0,경북,안동시,차대차,추돌,추돌,안전운전 의무 불이행,교차로,교차로부근
29498,2018-07-08 19,야간,일,1,6,0,5,0,경기,양주시,차대차,측면충돌,측면충돌,중앙선 침범,단일로,기타단일로
29499,2018-10-06 03,야간,토,1,1,0,0,0,인천,부평구,차대차,기타,기타,안전운전 의무 불이행,단일로,교량위
29500,2018-05-14 20,야간,월,1,2,1,0,0,전남,순천시,차대사람,기타,기타,안전운전 의무 불이행,단일로,기타단일로
29501,2018-10-06 07,주간,토,1,1,0,0,0,경기,광명시,차량단독,공작물충돌,공작물충돌,안전운전 의무 불이행,단일로,교량위
29502,2018-09-19 09,주간,수,1,1,0,0,0,광주,남구,차대차,측면충돌,측면충돌,교차로 통행방법 위반,교차로,교차로내
29503,2018-05-06 16,주간,일,1,9,2,6,0,전북,군산시,차대차,기타,기타,안전운전 의무 불이행,교차로,교차로내
29504,2018-07-06 12,주간,금,1,1,0,0,0,경기,안성시,차대사람,기타,기타,안전운전 의무 불이행,단일로,기타단일로
29505,2018-03-27 23,야간,화,1,1,0,0,0,경기,남양주시,차대사람,횡단중,횡단중,안전운전 의무 불이행,교차로,교차로내
29506,2018-05-09 22,야간,수,2,2,0,0,0,경북,경주시,차량단독,공작물충돌,공작물충돌,과속,단일로,기타단일로
29507,2018-04-14 03,야간,토,1,4,0,3,0,광주,서구,차대사람,횡단중,횡단중,과속,교차로,교차로부근
29508,2018-07-22 14,주간,일,1,6,5,0,0,충남,당진시,차대차,정면충돌,정면충돌,중앙선 침범,단일로,기타단일로
29509,2018-12-13 13,주간,목,1,2,1,0,0,서울,성북구,차량단독,공작물충돌,공작물충돌,안전운전 의무 불이행,단일로,기타단일로
29510,2018-10-04 06,주간,목,1,1,0,0,0,충남,논산시,차대사람,횡단중,횡단중,안전운전 의무 불이행,교차로,교차로부근
29511,2018-05-30 09,주간,수,1,1,0,0,0,전북,익산시,차대차,측면충돌,측면충돌,중앙선 침범,단일로,기타단일로
29512,2018-08-06 07,주간,월,1,1,0,0,0,경남,거제시,차대사람,기타,기타,안전운전 의무 불이행,교차로,교차로내
29513,2018-07-12 13,주간,목,1,1,0,0,0,부산,동래구,차대차,기타,기타,교차로 통행방법 위반,교차로,교차로내
29514,2018-04-11 23,야간,수,1,1,0,0,0,대전,서구,차대차,기타,기타,중앙선 침범,단일로,기타단일로
29515,2018-07-26 10,주간,목,1,1,0,0,0,인천,계양구,차대사람,횡단중,횡단중,안전운전 의무 불이행,교차로,교차로내
29516,2018-12-15 03,야간,토,1,2,0,1,0,충북,음성군,차대차,기타,기타,중앙선 침범,단일로,기타단일로
29517,2018-10-28 02,야간,일,1,2,0,1,0,경남,통영시,차량단독,공작물충돌,공작물충돌,중앙선 침범,단일로,기타단일로
29518,2018-05-17 08,주간,목,1,1,0,0,0,전남,순천시,차량단독,공작물충돌,공작물충돌,안전운전 의무 불이행,단일로,기타단일로
29519,2018-07-19 12,주간,목,1,1,0,0,0,충남,서산시,차량단독,공작물충돌,공작물충돌,안전운전 의무 불이행,단일로,기타단일로
29520,2018-07-06 01,야간,금,1,1,0,0,0,경기,성남시,차량단독,기타,기타,안전운전 의무 불이행,단일로,기타단일로
29521,2018-04-20 01,야간,금,1,1,0,0,0,광주,광산구,차량단독,도로이탈,도로이탈 추락,안전운전 의무 불이행,단일로,기타단일로
29522,2018-05-11 19,야간,금,1,1,0,0,0,경북,경주시,차대사람,횡단중,횡단중,안전운전 의무 불이행,교차로,교차로부근
29523,2018-05-30 13,주간,수,1,1,0,0,0,대전,서구,차대사람,횡단중,횡단중,안전운전 의무 불이행,단일로,고가도로위
29524,2018-06-25 14,주간,월,1,1,0,0,0,경남,김해시,차대사람,횡단중,횡단중,안전운전 의무 불이행,교차로,교차로내
29525,2018-10-13 14,주간,토,1,2,1,0,0,강원,양양군,차량단독,공작물충돌,공작물충돌,안전운전 의무 불이행,단일로,기타단일로
29526,2018-04-12 18,야간,목,1,1,0,0,0,광주,북구,차대차,측면충돌,측면충돌,안전운전 의무 불이행,단일로,기타단일로
29527,2018-05-22 11,주간,화,1,1,0,0,0,전남,신안군,차량단독,도로이탈,도로이탈 추락,안전운전 의무 불이행,단일로,기타단일로
29528,2018-11-14 02,야간,수,1,1,0,0,0,경북,영천시,차량단독,공작물충돌,공작물충돌,중앙선 침범,단일로,기타단일로
29529,2018-04-02 21,야간,월,1,1,0,0,0,경기,안산시,차대사람,횡단중,횡단중,안전운전 의무 불이행,단일로,기타단일로
29530,2018-05-15 02,야간,화,1,1,0,0,0,충북,청주시,차대사람,횡단중,횡단중,안전운전 의무 불이행,단일로,지하차도(도로)내
29531,2018-06-01 03,야간,금,1,2,0,1,0,서울,노원구,차량단독,공작물충돌,공작물충돌,과속,단일로,기타단일로
29532,2018-05-03 08,주간,목,1,1,0,0,0,대전,중구,차량단독,공작물충돌,공작물충돌,안전운전 의무 불이행,단일로,지하차도(도로)내
29533,2018-05-18 19,야간,금,1,1,0,0,0,경남,양산시,차대사람,횡단중,횡단중,안전운전 의무 불이행,단일로,기타단일로
29534,2018-11-10 18,야간,토,1,1,0,0,0,경기,안양시,차대사람,횡단중,횡단중,안전운전 의무 불이행,단일로,기타단일로
29535,2018-10-17 20,야간,수,1,1,0,0,0,서울,성북구,차대사람,횡단중,횡단중,신호위반,교차로,교차로내
29536,2018-10-10 18,야간,수,1,1,0,0,0,충남,논산시,차대사람,횡단중,횡단중,안전운전 의무 불이행,단일로,기타단일로
29537,2018-06-01 03,야간,금,1,1,0,0,0,대전,서구,차대사람,보도통행중,보도통행중,안전운전 의무 불이행,교차로,교차로횡단보도내