교통사고이력ID(사고기록 순서),발생년월일시,주야코드,요일코드,사망자수,부상자수,중상자수,경상자수,부상신고자수,발생지시도코드,발생지시도코드,사고유형대분류코드,사고유형중분류코드,사고유형코드,법규위반코드,도로형태대분류코드,도로로형태코드
29739,2018-12-07 17,주간,금,1,1,0,0,0,경기,구리시,차량단독,기타,기타,안전운전 의무 불이행,기타,기타
29740,2018-07-16 13,주간,월,1,1,0,0,0,강원,춘천시,차대차,측면충돌,측면충돌,신호위반,교차로,교차로내
29741,2018-06-14 06,주간,목,1,1,0,0,0,경남,양산시,차대사람,횡단중,횡단중,안전운전 의무 불이행,단일로,기타단일로
29742,2018-06-14 13,주간,목,1,3,2,0,0,경남,양산시,차대차,추돌,추돌,안전운전 의무 불이행,단일로,기타단일로
29743,2018-09-14 05,야간,금,1,1,0,0,0,인천,중구,차대사람,횡단중,횡단중,과속,교차로,교차로횡단보도내
29744,2018-08-22 19,야간,수,1,1,0,0,0,부산,동래구,차대사람,횡단중,횡단중,보행자 보호의무 위반,교차로,교차로횡단보도내
29745,2018-08-09 14,주간,목,1,1,0,0,0,경기,고양시,차대사람,횡단중,횡단중,안전운전 의무 불이행,단일로,기타단일로
29746,2018-09-15 15,주간,토,1,2,0,0,1,인천,옹진군,차대사람,차도통행중,차도통행중,안전운전 의무 불이행,단일로,기타단일로
29747,2018-12-15 22,야간,토,1,1,0,0,0,서울,성북구,차량단독,공작물충돌,공작물충돌,안전운전 의무 불이행,단일로,기타단일로
29748,2018-08-09 10,주간,목,1,1,0,0,0,서울,관악구,차대사람,차도통행중,차도통행중,안전운전 의무 불이행,교차로,교차로내
29749,2018-12-02 11,주간,일,1,1,0,0,0,경북,김천시,차대사람,횡단중,횡단중,교차로 통행방법 위반,교차로,교차로내
29750,2018-06-19 09,주간,화,1,1,0,0,0,부산,남구,차대차,측면충돌,측면충돌,안전운전 의무 불이행,단일로,기타단일로
29751,2018-08-11 00,야간,토,1,1,0,0,0,서울,용산구,차대사람,횡단중,횡단중,보행자 보호의무 위반,단일로,기타단일로
29752,2018-04-21 02,야간,토,1,3,0,2,0,경기,시흥시,차대차,측면충돌,측면충돌,신호위반,교차로,교차로내
29753,2018-04-21 12,주간,토,1,1,0,0,0,경북,구미시,차대차,측면충돌,측면충돌,안전운전 의무 불이행,단일로,기타단일로
29754,2018-04-16 17,주간,월,1,1,0,0,0,서울,송파구,차대사람,길가장자리구역통행중,길가장자리구역통행중,안전운전 의무 불이행,교차로,교차로내
29755,2018-07-20 16,주간,금,1,4,1,2,0,서울,송파구,차대차,추돌,추돌,안전운전 의무 불이행,단일로,기타단일로
29756,2018-05-17 12,주간,목,1,1,0,0,0,경기,고양시,차대사람,기타,기타,안전운전 의무 불이행,단일로,기타단일로
29757,2018-07-18 12,주간,수,1,1,0,0,0,강원,춘천시,차대차,측면충돌,측면충돌,안전운전 의무 불이행,단일로,기타단일로
29758,2018-10-25 01,야간,목,2,4,2,0,0,충북,제천시,차대차,정면충돌,정면충돌,중앙선 침범,기타,기타
29759,2018-04-24 15,주간,화,1,1,0,0,0,경기,안산시,차대사람,횡단중,횡단중,보행자 보호의무 위반,단일로,기타단일로
29760,2018-05-05 02,야간,토,1,1,0,0,0,대전,유성구,차량단독,전도,전도,안전운전 의무 불이행,단일로,기타단일로
29761,2018-07-13 04,야간,금,2,3,1,0,0,제주,서귀포시,차량단독,기타,기타,안전운전 의무 불이행,교차로,교차로부근
29762,2018-08-15 23,야간,수,1,1,0,0,0,경기,성남시,차대사람,기타,기타,안전운전 의무 불이행,단일로,기타단일로
29763,2018-12-27 18,야간,목,1,1,0,0,0,전남,광양시,차대사람,기타,기타,안전운전 의무 불이행,단일로,기타단일로
29764,2018-09-09 13,주간,일,1,1,0,0,0,충남,당진시,차대차,기타,기타,안전운전 의무 불이행,단일로,기타단일로
29765,2018-09-19 17,주간,수,1,1,0,0,0,인천,중구,차대차,측면충돌,측면충돌,안전운전 의무 불이행,단일로,기타단일로
29766,2018-08-21 10,주간,화,1,1,0,0,0,세종,세종,차대차,정면충돌,정면충돌,안전운전 의무 불이행,단일로,기타단일로
29767,2018-04-22 09,주간,일,1,9,7,1,0,경북,구미시,차대차,측면충돌,측면충돌,기타,교차로,교차로내
29768,2018-12-24 17,주간,월,1,1,0,0,0,충남,논산시,차대사람,차도통행중,차도통행중,안전운전 의무 불이행,단일로,기타단일로
29769,2018-11-08 20,야간,목,1,2,0,0,1,울산,울주군,차대차,기타,기타,신호위반,교차로,교차로내
29770,2018-12-30 20,야간,일,1,1,0,0,0,전남,광양시,차대사람,횡단중,횡단중,안전운전 의무 불이행,단일로,기타단일로
29771,2018-07-20 13,주간,금,1,1,0,0,0,강원,춘천시,차량단독,기타,기타,안전운전 의무 불이행,단일로,기타단일로
29772,2018-04-22 19,야간,일,1,1,0,0,0,경기,시흥시,차대사람,횡단중,횡단중,안전운전 의무 불이행,교차로,교차로부근
29773,2018-10-05 11,주간,금,1,1,0,0,0,경남,거제시,차량단독,공작물충돌,공작물충돌,안전운전 의무 불이행,단일로,고가도로위
29774,2018-09-14 18,야간,금,1,1,0,0,0,충남,서산시,차대차,측면충돌,측면충돌,중앙선 침범,단일로,기타단일로
29775,2018-05-13 21,야간,일,1,1,0,0,0,경기,안산시,차대사람,차도통행중,차도통행중,과속,단일로,기타단일로
29776,2018-11-20 17,주간,화,1,1,0,0,0,경남,김해시,차대사람,횡단중,횡단중,안전운전 의무 불이행,단일로,기타단일로
29777,2018-07-23 10,주간,월,1,4,1,2,0,경기,평택시,차대차,기타,기타,안전운전 의무 불이행,단일로,기타단일로
29778,2018-07-27 05,야간,금,1,1,0,0,0,충북,충주시,차량단독,기타,기타,안전운전 의무 불이행,기타,기타
29779,2018-06-10 08,주간,일,1,1,0,0,0,충북,청주시,차대사람,횡단중,횡단중,안전운전 의무 불이행,교차로,교차로내
29780,2018-07-12 00,야간,목,1,1,0,0,0,경북,포항시,차대사람,차도통행중,차도통행중,안전운전 의무 불이행,단일로,기타단일로
29781,2018-09-04 00,야간,화,1,1,0,0,0,대구,달성군,차대사람,횡단중,횡단중,안전운전 의무 불이행,교차로,교차로부근
29782,2018-07-13 21,야간,금,1,1,0,0,0,경남,진주시,차대사람,횡단중,횡단중,보행자 보호의무 위반,단일로,기타단일로
29783,2018-09-17 19,야간,월,1,1,0,0,0,충남,서산시,차대사람,횡단중,횡단중,안전운전 의무 불이행,단일로,기타단일로
29784,2018-06-22 12,주간,금,3,4,0,1,0,경남,양산시,차대사람,기타,기타,중앙선 침범,단일로,기타단일로
29785,2018-07-02 09,주간,월,1,1,0,0,0,충남,천안시,차대사람,횡단중,횡단중,안전운전 의무 불이행,교차로,교차로내
29786,2018-04-29 23,야간,일,1,5,2,2,0,경기,화성시,차대차,측면충돌,측면충돌,안전운전 의무 불이행,교차로,교차로내
29787,2018-05-18 13,주간,금,1,1,0,0,0,광주,광산구,차대사람,기타,기타,교차로 통행방법 위반,교차로,교차로내
29788,2018-11-16 07,주간,금,1,2,0,1,0,울산,울주군,차대차,추돌,추돌,안전운전 의무 불이행,단일로,기타단일로
29789,2018-05-10 00,야간,목,1,1,0,0,0,대전,유성구,차대사람,길가장자리구역통행중,길가장자리구역통행중,안전운전 의무 불이행,단일로,기타단일로
29790,2018-07-28 05,야간,토,1,2,1,0,0,부산,해운대구,차량단독,공작물충돌,공작물충돌,안전운전 의무 불이행,단일로,기타단일로
29791,2018-06-12 10,주간,화,1,1,0,0,0,경기,화성시,차대사람,차도통행중,차도통행중,안전운전 의무 불이행,교차로,교차로부근
29792,2018-09-01 03,야간,토,1,1,0,0,0,부산,사상구,차대사람,차도통행중,차도통행중,과속,단일로,기타단일로
29793,2018-06-23 10,주간,토,1,1,0,0,0,경남,양산시,차대사람,횡단중,횡단중,안전운전 의무 불이행,교차로,교차로부근
29794,2018-08-31 23,야간,금,1,1,0,0,0,경기,이천시,차대사람,차도통행중,차도통행중,안전운전 의무 불이행,교차로,교차로부근
29795,2018-05-01 07,주간,화,1,2,0,0,1,경기,오산시,차대차,기타,기타,안전운전 의무 불이행,교차로,교차로내
29796,2018-05-01 05,야간,화,1,1,0,0,0,충북,청주시,차대사람,횡단중,횡단중,과속,교차로,교차로내
29797,2018-09-01 16,주간,토,1,1,0,0,0,경기,이천시,차대사람,기타,기타,안전운전 의무 불이행,단일로,기타단일로
29798,2018-10-30 13,주간,화,1,1,0,0,0,경남,창원시(통합),차대사람,차도통행중,차도통행중,안전운전 의무 불이행,단일로,기타단일로
29799,2018-07-16 21,야간,월,1,1,0,0,0,경남,진주시,차대차,측면충돌,측면충돌,안전운전 의무 불이행,단일로,기타단일로
29800,2018-07-10 18,야간,화,1,1,0,0,0,전북,익산시,차량단독,공작물충돌,공작물충돌,안전운전 의무 불이행,단일로,기타단일로
29801,2018-09-25 07,주간,화,1,1,0,0,0,충남,서산시,차대차,측면충돌,측면충돌,신호위반,교차로,교차로내
29802,2018-06-30 13,주간,토,2,2,0,0,0,경북,포항시,차량단독,공작물충돌,공작물충돌,안전운전 의무 불이행,단일로,기타단일로
29803,2018-07-01 01,야간,일,1,4,0,3,0,경북,포항시,차대사람,차도통행중,차도통행중,안전운전 의무 불이행,단일로,기타단일로
29804,2018-10-30 17,주간,화,1,1,0,0,0,경남,창원시(통합),차대사람,차도통행중,차도통행중,안전운전 의무 불이행,단일로,기타단일로
29805,2018-04-19 20,야간,목,1,1,0,0,0,대구,수성구,차대차,측면충돌,측면충돌,신호위반,교차로,교차로내
29806,2018-07-29 15,주간,일,1,1,0,0,0,강원,춘천시,차량단독,전도,전도,안전운전 의무 불이행,단일로,기타단일로
29807,2018-05-21 21,야간,월,1,1,0,0,0,광주,광산구,차대차,추돌,추돌,안전운전 의무 불이행,단일로,기타단일로
29808,2018-07-23 21,야간,월,1,4,1,2,0,경남,창원시(통합),차대차,추돌,추돌,안전운전 의무 불이행,교차로,교차로부근
29809,2018-05-22 04,야간,화,1,1,0,0,0,광주,광산구,차량단독,도로이탈,도로이탈 추락,안전운전 의무 불이행,단일로,기타단일로
29810,2018-06-15 00,야간,금,1,1,0,0,0,전북,군산시,차량단독,공작물충돌,공작물충돌,안전운전 의무 불이행,교차로,교차로부근
29811,2018-11-10 23,야간,토,1,2,1,0,0,충북,제천시,차대차,측면충돌,측면충돌,신호위반,교차로,교차로내
29812,2018-05-05 23,야간,토,1,1,0,0,0,경기,용인시,차량단독,공작물충돌,공작물충돌,안전운전 의무 불이행,교차로,교차로부근
29813,2018-08-09 03,야간,목,1,1,0,0,0,경남,김해시,차대사람,횡단중,횡단중,안전운전 의무 불이행,단일로,기타단일로
29814,2018-09-24 12,주간,월,1,1,0,0,0,경북,안동시,차량단독,도로이탈,도로이탈 추락,안전운전 의무 불이행,단일로,기타단일로
29815,2018-04-21 05,야간,토,1,2,0,1,0,대구,수성구,차대사람,기타,기타,안전운전 의무 불이행,단일로,기타단일로
29816,2018-06-26 18,야간,화,1,3,2,0,0,전남,순천시,차대차,측면충돌,측면충돌,과속,교차로,교차로내
29817,2018-08-31 22,야간,금,1,1,0,0,0,경기,양주시,차대사람,횡단중,횡단중,과속,단일로,기타단일로
29818,2018-07-20 07,주간,금,1,5,2,2,0,경북,포항시,차대차,추돌,추돌,안전운전 의무 불이행,교차로,교차로부근
29819,2018-10-22 09,주간,월,1,1,0,0,0,경기,포천시,차대사람,횡단중,횡단중,안전운전 의무 불이행,단일로,기타단일로
29820,2018-10-03 22,야간,수,1,1,0,0,0,충남,서산시,차대사람,횡단중,횡단중,과속,단일로,기타단일로
29821,2018-12-26 05,야간,수,1,2,0,0,1,인천,남구,차대차,추돌,추돌,안전운전 의무 불이행,단일로,교량위
29822,2018-07-01 20,야간,일,1,1,0,0,0,대전,동구,차대사람,기타,기타,안전운전 의무 불이행,단일로,기타단일로
29823,2018-06-06 07,주간,수,1,1,0,0,0,충북,청주시,차대차,정면충돌,정면충돌,신호위반,교차로,교차로내
29824,2018-10-04 18,야간,목,1,1,0,0,0,충남,서산시,차대차,측면충돌,측면충돌,안전운전 의무 불이행,교차로,교차로내
29825,2018-06-01 07,주간,금,1,1,0,0,0,경기,김포시,차대사람,기타,기타,보행자 보호의무 위반,교차로,교차로횡단보도내
29826,2018-10-05 07,주간,금,1,1,0,0,0,서울,강북구,차대사람,횡단중,횡단중,보행자 보호의무 위반,교차로,교차로내
29827,2018-07-08 19,야간,일,1,1,0,0,0,전남,신안군,차량단독,기타,기타,기타,교차로,교차로부근
29828,2018-09-08 07,주간,토,1,2,1,0,0,세종,세종,차대차,정면충돌,정면충돌,중앙선 침범,단일로,기타단일로
29829,2018-08-13 18,야간,월,1,1,0,0,0,서울,강서구,차대사람,횡단중,횡단중,안전운전 의무 불이행,교차로,교차로부근
29830,2018-04-24 20,야간,화,1,5,0,4,0,경기,남양주시,차대차,추돌,추돌,안전운전 의무 불이행,교차로,교차로부근
29831,2018-10-19 07,주간,금,1,1,0,0,0,부산,금정구,차대사람,기타,기타,안전운전 의무 불이행,단일로,기타단일로
29832,2018-06-18 17,주간,월,1,1,0,0,0,제주,제주시,차량단독,기타,기타,안전운전 의무 불이행,단일로,기타단일로
29833,2018-07-11 18,야간,수,1,2,1,0,0,충남,천안시,차대차,측면충돌,측면충돌,안전운전 의무 불이행,교차로,교차로부근
29834,2018-09-13 20,야간,목,1,1,0,0,0,부산,사상구,차대사람,기타,기타,보행자 보호의무 위반,교차로,교차로내
29835,2018-06-08 07,주간,금,1,1,0,0,0,충북,청주시,차대차,기타,기타,중앙선 침범,단일로,기타단일로
29836,2018-09-12 06,주간,수,1,1,0,0,0,세종,세종,차대차,측면충돌,측면충돌,기타,교차로,교차로내
29837,2018-06-08 21,야간,금,1,1,0,0,0,충북,청주시,차대사람,기타,기타,안전운전 의무 불이행,교차로,교차로부근
29838,2018-10-19 16,주간,금,1,2,1,0,0,대구,중구,차대차,기타,기타,안전운전 의무 불이행,단일로,기타단일로
29839,2018-05-16 23,야간,수,1,1,0,0,0,울산,남구,차량단독,공작물충돌,공작물충돌,안전운전 의무 불이행,단일로,기타단일로
29840,2018-10-26 21,야간,금,1,1,0,0,0,경남,거제시,차대사람,차도통행중,차도통행중,안전운전 의무 불이행,단일로,기타단일로
29841,2018-08-04 10,주간,토,1,1,0,0,0,강원,춘천시,차량단독,공작물충돌,공작물충돌,안전운전 의무 불이행,교차로,교차로부근
29842,2018-05-21 02,야간,월,1,2,1,0,0,경기,파주시,차대차,추돌,추돌,중앙선 침범,교차로,교차로부근
29843,2018-08-21 06,주간,화,1,1,0,0,0,서울,구로구,차대차,측면충돌,측면충돌,신호위반,교차로,교차로내
29844,2018-07-29 22,야간,일,1,1,0,0,0,제주,서귀포시,차대사람,기타,기타,안전운전 의무 불이행,교차로,교차로부근
29845,2018-07-23 17,주간,월,1,1,0,0,0,대구,서구,차대차,측면충돌,측면충돌,신호위반,단일로,기타단일로
29846,2018-07-15 07,주간,일,1,1,0,0,0,경기,수원시,차량단독,기타,기타,안전운전 의무 불이행,단일로,기타단일로
29847,2018-05-08 13,주간,화,1,1,0,0,0,충북,청주시,차대사람,횡단중,횡단중,안전운전 의무 불이행,단일로,기타단일로
29848,2018-08-07 03,야간,화,1,1,0,0,0,경기,군포시,차량단독,공작물충돌,공작물충돌,안전운전 의무 불이행,단일로,기타단일로
29849,2018-06-22 23,야간,금,1,1,0,0,0,서울,동대문구,차대차,측면충돌,측면충돌,중앙선 침범,단일로,기타단일로
29850,2018-11-22 18,야간,목,1,1,0,0,0,충북,제천시,차대차,추돌,추돌,안전운전 의무 불이행,단일로,기타단일로
29851,2018-05-26 21,야간,토,1,1,0,0,0,대구,달서구,차대사람,차도통행중,차도통행중,안전운전 의무 불이행,단일로,기타단일로
29852,2018-03-27 15,주간,화,1,1,0,0,0,경기,평택시,차량단독,공작물충돌,공작물충돌,안전운전 의무 불이행,단일로,기타단일로
29853,2018-07-20 08,주간,금,1,1,0,0,0,전북,익산시,차대차,측면충돌,측면충돌,안전운전 의무 불이행,단일로,기타단일로
29854,2018-05-19 12,주간,토,1,1,0,0,0,광주,북구,차대차,측면충돌,측면충돌,안전운전 의무 불이행,교차로,교차로부근
29855,2018-07-18 16,주간,수,1,1,0,0,0,서울,노원구,차대사람,차도통행중,차도통행중,안전운전 의무 불이행,단일로,기타단일로
29856,2018-07-24 04,야간,화,1,2,1,0,0,울산,중구,차대사람,횡단중,횡단중,보행자 보호의무 위반,단일로,기타단일로
29857,2018-10-11 16,주간,목,1,1,0,0,0,인천,계양구,차대사람,횡단중,횡단중,보행자 보호의무 위반,교차로,교차로횡단보도내
29858,2018-07-19 02,야간,목,1,1,0,0,0,서울,노원구,차대사람,횡단중,횡단중,안전운전 의무 불이행,단일로,기타단일로
29859,2018-07-26 05,야간,목,1,1,0,0,0,서울,양천구,차대차,기타,기타,안전운전 의무 불이행,단일로,기타단일로
29860,2018-04-27 16,주간,금,1,1,0,0,0,서울,송파구,차대차,측면충돌,측면충돌,안전운전 의무 불이행,단일로,기타단일로
29861,2018-11-20 17,주간,화,1,1,0,0,0,경남,창원시(통합),차대사람,기타,기타,안전운전 의무 불이행,기타,기타
29862,2018-09-02 05,야간,일,1,1,0,0,0,서울,용산구,차대사람,횡단중,횡단중,안전운전 의무 불이행,교차로,교차로횡단보도내
29863,2018-07-02 01,야간,월,1,1,0,0,0,서울,강남구,차대차,기타,기타,안전운전 의무 불이행,기타,기타
29864,2018-09-20 23,야간,목,1,1,0,0,0,부산,사상구,차대사람,보도통행중,보도통행중,기타,단일로,지하차도(도로)내
29865,2018-06-12 10,주간,화,1,1,0,0,0,충북,청주시,철길건널목,철길건널목,철길건널목,안전운전 의무 불이행,철길건널목,철길건널목
29866,2018-12-26 16,주간,수,1,1,0,0,0,경남,김해시,차대사람,보도통행중,보도통행중,보행자 보호의무 위반,교차로,교차로횡단보도내
29867,2018-08-21 16,주간,화,1,3,1,1,0,서울,강서구,차대차,측면충돌,측면충돌,신호위반,교차로,교차로내
29868,2018-12-21 17,주간,금,1,1,0,0,0,인천,남동구,차대사람,횡단중,횡단중,안전운전 의무 불이행,단일로,기타단일로
29869,2018-05-29 23,야간,화,1,2,0,1,0,광주,광산구,차대사람,횡단중,횡단중,안전운전 의무 불이행,단일로,기타단일로
29870,2018-10-08 18,야간,월,1,1,0,0,0,충남,당진시,차대사람,횡단중,횡단중,안전운전 의무 불이행,단일로,기타단일로
29871,2018-08-09 05,야간,목,1,2,0,1,0,경기,화성시,차대차,추돌,추돌,안전운전 의무 불이행,단일로,기타단일로
29872,2018-07-31 13,주간,화,1,1,0,0,0,경남,진주시,차량단독,공작물충돌,공작물충돌,안전운전 의무 불이행,단일로,기타단일로
29873,2018-06-13 02,야간,수,1,1,0,0,0,충북,청주시,차대사람,횡단중,횡단중,안전운전 의무 불이행,단일로,기타단일로
29874,2018-09-12 15,주간,수,1,2,1,0,0,경기,양주시,차대사람,횡단중,횡단중,안전운전 의무 불이행,교차로,교차로부근
29875,2018-06-28 19,야간,목,1,2,1,0,0,전남,여수시,차량단독,공작물충돌,공작물충돌,안전운전 의무 불이행,단일로,기타단일로
29876,2018-06-08 12,주간,금,1,1,0,0,0,충남,아산시,차대차,측면충돌,측면충돌,안전운전 의무 불이행,교차로,교차로내
29877,2018-08-12 04,야간,일,1,1,0,0,0,부산,해운대구,차대차,정면충돌,정면충돌,신호위반,교차로,교차로내
29878,2018-03-28 20,야간,수,1,1,0,0,0,경기,평택시,차대사람,차도통행중,차도통행중,안전운전 의무 불이행,단일로,기타단일로
29879,2018-06-25 22,야간,월,1,1,0,0,0,전북,군산시,차대사람,횡단중,횡단중,안전운전 의무 불이행,단일로,기타단일로
29880,2018-11-24 02,야간,토,1,2,0,0,1,경남,창원시(통합),차대차,추돌,추돌,안전거리 미확보,단일로,기타단일로
29881,2018-09-21 21,야간,금,1,1,0,0,0,세종,세종,차대사람,횡단중,횡단중,안전운전 의무 불이행,교차로,교차로부근
29882,2018-12-20 18,야간,목,1,1,0,0,0,울산,울주군,차대사람,차도통행중,차도통행중,안전운전 의무 불이행,단일로,기타단일로
29883,2018-05-25 06,주간,금,1,2,1,0,0,경기,파주시,차대차,측면충돌,측면충돌,중앙선 침범,단일로,기타단일로
29884,2018-10-10 13,주간,수,1,1,0,0,0,경북,안동시,차대사람,차도통행중,차도통행중,안전운전 의무 불이행,교차로,교차로내
29885,2018-08-03 10,주간,금,1,1,0,0,0,경남,진주시,차대차,정면충돌,정면충돌,중앙선 침범,단일로,기타단일로
29886,2018-08-05 23,야간,일,1,2,1,0,0,제주,서귀포시,차대사람,횡단중,횡단중,보행자 보호의무 위반,단일로,기타단일로
29887,2018-05-22 02,야간,화,1,1,0,0,0,울산,남구,차대사람,횡단중,횡단중,신호위반,교차로,교차로내
29888,2018-08-12 05,야간,일,1,1,0,0,0,인천,연수구,차대사람,횡단중,횡단중,안전운전 의무 불이행,단일로,기타단일로
29889,2018-11-09 12,주간,금,1,1,0,0,0,경기,포천시,차대차,측면충돌,측면충돌,신호위반,교차로,교차로내
29890,2018-07-12 00,야간,목,1,1,0,0,0,대전,동구,차대사람,횡단중,횡단중,안전운전 의무 불이행,단일로,교량위
29891,2018-05-11 08,주간,금,1,2,1,0,0,경기,안산시,차대차,측면충돌,측면충돌,신호위반,교차로,교차로내
29892,2018-10-12 17,주간,금,1,4,3,0,0,충남,당진시,차대차,측면충돌,측면충돌,신호위반,교차로,교차로내
29893,2018-11-26 22,야간,월,1,1,0,0,0,경남,창원시(통합),차대사람,횡단중,횡단중,신호위반,교차로,교차로내
29894,2018-09-25 02,야간,화,1,1,0,0,0,세종,세종,차대사람,기타,기타,안전운전 의무 불이행,교차로,교차로내
29895,2018-05-08 10,주간,화,1,1,0,0,0,경북,구미시,차대차,기타,기타,안전운전 의무 불이행,단일로,교량위
29896,2018-07-17 08,주간,화,1,1,0,0,0,전남,신안군,차대차,측면충돌,측면충돌,교차로 통행방법 위반,단일로,기타단일로
29897,2018-10-22 06,주간,월,1,1,0,0,0,충남,서산시,차대사람,횡단중,횡단중,과속,단일로,기타단일로
29898,2018-12-04 19,야간,화,1,9,0,7,1,충북,제천시,차대차,측면충돌,측면충돌,안전운전 의무 불이행,단일로,기타단일로
29899,2018-07-28 07,주간,토,1,2,1,0,0,인천,남동구,차대차,기타,기타,중앙선 침범,단일로,기타단일로
29900,2018-06-15 22,야간,금,1,3,2,0,0,충북,청주시,차량단독,기타,기타,신호위반,교차로,교차로부근
29901,2018-08-11 16,주간,토,1,2,0,1,0,강원,춘천시,차량단독,전도,전도,안전운전 의무 불이행,단일로,기타단일로
29902,2018-07-29 00,야간,일,1,1,0,0,0,인천,남구,차대사람,기타,기타,안전운전 의무 불이행,단일로,기타단일로
29903,2018-08-12 05,야간,일,1,1,0,0,0,서울,강남구,차량단독,기타,기타,안전운전 의무 불이행,단일로,지하차도(도로)내
29904,2018-08-05 21,야간,일,1,1,0,0,0,경남,창원시(통합),차대사람,차도통행중,차도통행중,안전운전 의무 불이행,단일로,기타단일로
29905,2018-10-20 11,주간,토,1,1,0,0,0,인천,동구,차대차,측면충돌,측면충돌,안전운전 의무 불이행,단일로,기타단일로
29906,2018-05-19 05,야간,토,1,1,0,0,0,경기,수원시,차대차,기타,기타,기타,기타,기타
29907,2018-06-17 22,야간,일,1,1,0,0,0,서울,영등포구,차대차,측면충돌,측면충돌,안전운전 의무 불이행,교차로,교차로내
29908,2018-08-12 23,야간,일,1,1,0,0,0,강원,춘천시,차량단독,전도,전도,안전운전 의무 불이행,단일로,지하차도(도로)내
29909,2018-12-06 18,야간,목,1,1,0,0,0,충북,제천시,차대차,정면충돌,정면충돌,중앙선 침범,기타,기타
29910,2018-05-09 08,주간,수,1,1,0,0,0,경북,구미시,차대차,측면충돌,측면충돌,안전운전 의무 불이행,단일로,기타단일로
29911,2018-05-23 21,야간,수,1,1,0,0,0,울산,남구,차대사람,횡단중,횡단중,안전운전 의무 불이행,단일로,기타단일로
29912,2018-08-13 16,주간,월,1,1,0,0,0,서울,강남구,차대사람,보도통행중,보도통행중,기타,단일로,기타단일로
29913,2018-06-17 13,주간,일,1,1,0,0,0,경기,성남시,차대차,기타,기타,교차로 통행방법 위반,교차로,교차로내
29914,2018-06-17 19,야간,일,1,1,0,0,0,경기,광주시,차량단독,공작물충돌,공작물충돌,안전운전 의무 불이행,기타,기타
29915,2018-08-04 05,야간,토,1,1,0,0,0,경북,포항시,차대사람,횡단중,횡단중,신호위반,단일로,기타단일로
29916,2018-06-12 10,주간,화,1,2,0,1,0,경기,김포시,차대차,기타,기타,신호위반,교차로,교차로내
29917,2018-08-02 18,야간,목,1,1,0,0,0,울산,북구,차량단독,공작물충돌,공작물충돌,안전운전 의무 불이행,단일로,기타단일로
29918,2018-08-16 06,주간,목,1,1,0,0,0,강원,춘천시,차대차,측면충돌,측면충돌,안전운전 의무 불이행,교차로,교차로내
29919,2018-10-27 23,야간,토,1,1,0,0,0,충남,서산시,차대사람,횡단중,횡단중,과속,교차로,교차로내
29920,2018-07-26 01,야간,목,1,1,0,0,0,경기,수원시,차대차,측면충돌,측면충돌,신호위반,교차로,교차로내
29921,2018-07-05 16,주간,목,1,1,0,0,0,경북,경주시,차대차,측면충돌,측면충돌,안전운전 의무 불이행,교차로,교차로횡단보도내
29922,2018-06-12 21,야간,화,1,1,0,0,0,경북,경산시,차대사람,횡단중,횡단중,안전운전 의무 불이행,단일로,기타단일로
29923,2018-06-14 16,주간,목,1,1,0,0,0,충남,아산시,차대사람,횡단중,횡단중,보행자 보호의무 위반,단일로,기타단일로
29924,2018-08-08 08,주간,수,1,1,0,0,0,강원,강릉시,차대사람,기타,기타,안전운전 의무 불이행,단일로,기타단일로
29925,2018-10-06 02,야간,토,1,1,0,0,0,부산,동래구,차대사람,차도통행중,차도통행중,안전운전 의무 불이행,단일로,기타단일로
29926,2018-08-08 11,주간,수,1,1,0,0,0,강원,강릉시,차량단독,도로이탈,도로이탈 추락,안전운전 의무 불이행,교차로,교차로내
29927,2018-07-31 07,주간,화,1,8,1,6,0,전북,전주시,차대차,정면충돌,정면충돌,중앙선 침범,단일로,기타단일로
29928,2018-07-21 04,야간,토,1,2,1,0,0,전남,목포시,차대차,기타,기타,기타,교차로,교차로횡단보도내
29929,2018-05-18 21,야간,금,1,5,0,4,0,경기,용인시,차대차,정면충돌,정면충돌,중앙선 침범,교차로,교차로부근
29930,2018-06-20 13,주간,수,1,1,0,0,0,경기,성남시,차대차,기타,기타,안전운전 의무 불이행,기타,기타
29931,2018-05-04 09,주간,금,1,1,0,0,0,대구,수성구,차대사람,횡단중,횡단중,안전운전 의무 불이행,단일로,기타단일로
29932,2018-10-30 06,주간,화,1,1,0,0,0,서울,강북구,차대사람,횡단중,횡단중,안전운전 의무 불이행,단일로,기타단일로
29933,2018-09-17 19,야간,월,1,1,0,0,0,경기,고양시,차대사람,횡단중,횡단중,신호위반,단일로,기타단일로
29934,2018-11-21 10,주간,수,1,1,0,0,0,경남,거제시,차대사람,차도통행중,차도통행중,신호위반,교차로,교차로부근
29935,2018-10-21 20,야간,일,1,1,0,0,0,충남,당진시,차대차,추돌,추돌,과속,단일로,기타단일로
29936,2018-12-10 11,주간,월,1,1,0,0,0,경남,창원시(통합),차대차,기타,기타,신호위반,단일로,기타단일로
29937,2018-08-04 04,야간,토,1,1,0,0,0,대구,서구,차량단독,공작물충돌,공작물충돌,안전운전 의무 불이행,단일로,기타단일로
29938,2018-08-20 03,야간,월,1,1,0,0,0,대구,북구,차대사람,횡단중,횡단중,과속,단일로,기타단일로