교통사고이력ID(사고기록 순서),발생년월일시,주야코드,요일코드,사망자수,부상자수,중상자수,경상자수,부상신고자수,발생지시도코드,발생지시도코드,사고유형대분류코드,사고유형중분류코드,사고유형코드,법규위반코드,도로형태대분류코드,도로로형태코드
29939,2018-08-12 18,야간,일,1,1,0,0,0,경남,진주시,차량단독,공작물충돌,공작물충돌,안전운전 의무 불이행,단일로,기타단일로
29940,2018-08-18 23,야간,토,1,2,1,0,0,경기,의왕시,차량단독,공작물충돌,공작물충돌,안전운전 의무 불이행,기타,기타
29941,2018-09-27 06,주간,목,1,1,0,0,0,경기,양주시,차대사람,횡단중,횡단중,안전운전 의무 불이행,단일로,기타단일로
29942,2018-11-01 06,주간,목,1,1,0,0,0,서울,강북구,차대사람,기타,기타,신호위반,교차로,교차로내
29943,2018-05-12 07,주간,토,1,2,0,1,0,경기,시흥시,차대차,정면충돌,정면충돌,중앙선 침범,단일로,기타단일로
29944,2018-07-03 22,야간,화,1,1,0,0,0,전북,군산시,차대사람,기타,기타,안전운전 의무 불이행,단일로,기타단일로
29945,2018-10-02 18,야간,화,1,1,0,0,0,경기,이천시,차대차,측면충돌,측면충돌,중앙선 침범,단일로,기타단일로
29946,2018-08-11 23,야간,토,1,1,0,0,0,강원,강릉시,차대차,추돌,추돌,안전운전 의무 불이행,단일로,기타단일로
29947,2018-05-05 11,주간,토,1,2,0,1,0,경기,남양주시,차대차,정면충돌,정면충돌,중앙선 침범,교차로,교차로부근
29948,2018-08-04 21,야간,토,1,1,0,0,0,서울,중랑구,차대사람,보도통행중,보도통행중,신호위반,단일로,기타단일로
29949,2018-08-03 15,주간,금,1,1,0,0,0,전북,전주시,차대사람,횡단중,횡단중,안전운전 의무 불이행,단일로,기타단일로
29950,2018-10-13 12,주간,토,1,1,0,0,0,부산,사상구,차대차,측면충돌,측면충돌,교차로 통행방법 위반,단일로,지하차도(도로)내
29951,2018-12-15 23,야간,토,1,1,0,0,0,경남,창원시(통합),차대사람,횡단중,횡단중,안전운전 의무 불이행,교차로,교차로내
29952,2018-10-26 12,주간,금,1,1,0,0,0,경북,안동시,차대차,추돌,추돌,안전운전 의무 불이행,단일로,기타단일로
29953,2018-05-30 20,야간,수,1,1,0,0,0,광주,북구,차대사람,횡단중,횡단중,신호위반,단일로,기타단일로
29954,2018-07-09 00,야간,월,1,1,0,0,0,경기,화성시,차대차,기타,기타,과속,기타,기타
29955,2018-08-01 04,야간,수,1,1,0,0,0,대전,서구,차대사람,횡단중,횡단중,안전운전 의무 불이행,교차로,교차로내
29956,2018-05-22 15,주간,화,1,1,0,0,0,경기,부천시,차량단독,공작물충돌,공작물충돌,안전운전 의무 불이행,단일로,기타단일로
29957,2018-06-01 22,야간,금,1,1,0,0,0,광주,서구,차대사람,횡단중,횡단중,안전운전 의무 불이행,단일로,기타단일로
29958,2018-07-30 08,주간,월,1,1,0,0,0,충남,천안시,차대차,측면충돌,측면충돌,안전운전 의무 불이행,교차로,교차로내
29959,2018-12-26 08,주간,수,1,3,2,0,0,충북,제천시,차대차,측면충돌,측면충돌,중앙선 침범,단일로,기타단일로
29960,2018-10-27 15,주간,토,1,1,0,0,0,경북,안동시,차량단독,도로이탈,도로이탈 추락,안전운전 의무 불이행,단일로,기타단일로
29961,2018-10-19 08,주간,금,1,2,0,1,0,대구,달성군,차대사람,보도통행중,보도통행중,과속,단일로,기타단일로
29962,2018-07-05 19,야간,목,1,1,0,0,0,전북,군산시,차량단독,공작물충돌,공작물충돌,안전운전 의무 불이행,단일로,터널안
29963,2018-10-06 16,주간,토,1,1,0,0,0,경기,안성시,차대사람,보도통행중,보도통행중,기타,단일로,기타단일로
29964,2018-11-29 04,야간,목,1,1,0,0,0,서울,성동구,차대사람,기타,기타,과속,단일로,기타단일로
29965,2018-12-17 06,주간,월,1,1,0,0,0,경남,창원시(통합),차대차,기타,기타,안전운전 의무 불이행,단일로,기타단일로
29966,2018-09-05 23,야간,수,1,1,0,0,0,경남,김해시,차대사람,횡단중,횡단중,안전운전 의무 불이행,교차로,교차로부근
29967,2018-08-07 04,야간,화,1,1,0,0,0,서울,노원구,차대사람,횡단중,횡단중,안전운전 의무 불이행,기타,기타
29968,2018-04-03 20,야간,화,1,1,0,0,0,경기,평택시,차대사람,횡단중,횡단중,중앙선 침범,단일로,기타단일로
29969,2018-09-07 10,주간,금,1,1,0,0,0,충북,충주시,차대사람,기타,기타,안전운전 의무 불이행,단일로,기타단일로
29970,2018-05-15 04,야간,화,1,2,0,1,0,경북,구미시,차대차,기타,기타,안전운전 의무 불이행,단일로,기타단일로
29971,2018-08-14 00,야간,화,1,1,0,0,0,서울,마포구,차량단독,공작물충돌,공작물충돌,안전운전 의무 불이행,기타,기타
29972,2018-07-08 15,주간,일,1,3,1,1,0,충북,청주시,차량단독,공작물충돌,공작물충돌,안전운전 의무 불이행,단일로,지하차도(도로)내
29973,2018-06-13 03,야간,수,1,1,0,0,0,제주,제주시,차대사람,기타,기타,안전운전 의무 불이행,교차로,교차로내
29974,2018-06-13 04,야간,수,1,1,0,0,0,제주,제주시,차량단독,공작물충돌,공작물충돌,안전운전 의무 불이행,단일로,기타단일로
29975,2018-05-24 03,야간,목,1,1,0,0,0,경기,부천시,차량단독,공작물충돌,공작물충돌,안전운전 의무 불이행,단일로,기타단일로
29976,2018-11-07 14,주간,수,1,1,0,0,0,충남,서산시,차량단독,도로이탈,도로이탈 기타,안전운전 의무 불이행,단일로,기타단일로
29977,2018-05-19 17,주간,토,1,1,0,0,0,충북,청주시,차량단독,기타,기타,안전운전 의무 불이행,단일로,기타단일로
29978,2018-09-08 19,야간,토,1,1,0,0,0,충북,충주시,차대사람,횡단중,횡단중,안전운전 의무 불이행,단일로,기타단일로
29979,2018-07-13 01,야간,금,1,1,0,0,0,전남,여수시,차대사람,차도통행중,차도통행중,안전운전 의무 불이행,단일로,기타단일로
29980,2018-07-09 21,야간,월,1,1,0,0,0,전북,군산시,차대사람,횡단중,횡단중,안전운전 의무 불이행,교차로,교차로내
29981,2018-05-28 20,야간,월,1,1,0,0,0,경기,수원시,차대차,기타,기타,보행자 보호의무 위반,단일로,기타단일로
29982,2018-07-29 03,야간,일,1,1,0,0,0,전남,목포시,차대사람,횡단중,횡단중,안전운전 의무 불이행,단일로,기타단일로
29983,2018-06-20 16,주간,수,1,1,0,0,0,경북,경산시,차대차,측면충돌,측면충돌,안전운전 의무 불이행,단일로,기타단일로
29984,2018-10-07 05,야간,일,1,2,1,0,0,경기,양주시,차량단독,공작물충돌,공작물충돌,안전운전 의무 불이행,단일로,기타단일로
29985,2018-06-21 07,주간,목,1,1,0,0,0,경기,김포시,차대사람,횡단중,횡단중,보행자 보호의무 위반,교차로,교차로내
29986,2018-07-19 03,야간,목,1,1,0,0,0,서울,강남구,차대차,추돌,추돌,안전운전 의무 불이행,단일로,기타단일로
29987,2018-09-17 15,주간,월,1,1,0,0,0,서울,구로구,차대사람,횡단중,횡단중,안전운전 의무 불이행,교차로,교차로횡단보도내
29988,2018-05-17 01,야간,목,1,1,0,0,0,경북,구미시,차대차,추돌,추돌,안전운전 의무 불이행,단일로,교량위
29989,2018-11-14 12,주간,수,1,1,0,0,0,서울,광진구,차대차,측면충돌,측면충돌,안전운전 의무 불이행,단일로,교량위
29990,2018-09-29 00,야간,토,1,2,0,1,0,서울,관악구,차대사람,기타,기타,안전운전 의무 불이행,단일로,기타단일로
29991,2018-07-30 09,주간,월,1,1,0,0,0,전남,신안군,차대사람,기타,기타,안전운전 의무 불이행,기타,기타
29992,2018-05-17 15,주간,목,1,1,0,0,0,경기,시흥시,차대차,추돌,추돌,안전운전 의무 불이행,단일로,기타단일로
29993,2018-12-25 19,야간,화,1,1,0,0,0,경남,창원시(통합),차량단독,도로이탈,도로이탈 추락,안전운전 의무 불이행,기타,기타
29994,2018-08-22 01,야간,수,1,1,0,0,0,제주,서귀포시,차량단독,기타,기타,안전운전 의무 불이행,기타,기타
29995,2018-11-15 06,주간,목,1,1,0,0,0,경기,하남시,차대차,측면충돌,측면충돌,안전거리 미확보,단일로,기타단일로
29996,2018-05-11 07,주간,금,1,4,2,0,1,대구,수성구,차대차,측면충돌,측면충돌,과속,교차로,교차로내
29997,2018-12-12 19,야간,수,1,1,0,0,0,경남,거제시,차대사람,횡단중,횡단중,안전운전 의무 불이행,단일로,기타단일로
29998,2018-08-13 15,주간,월,1,1,0,0,0,서울,중랑구,차대사람,횡단중,횡단중,중앙선 침범,단일로,기타단일로
29999,2018-10-16 15,주간,화,1,1,0,0,0,경기,안성시,차대사람,차도통행중,차도통행중,안전운전 의무 불이행,교차로,교차로부근
30000,2018-06-28 16,주간,목,1,1,0,0,0,경기,성남시,차대사람,기타,기타,안전운전 의무 불이행,단일로,기타단일로
30001,2018-07-28 04,야간,토,1,1,0,0,0,부산,부산진구,차량단독,기타,기타,안전운전 의무 불이행,단일로,기타단일로
30002,2018-10-15 04,야간,월,1,1,0,0,0,경기,성남시,차량단독,공작물충돌,공작물충돌,안전운전 의무 불이행,단일로,터널안
30003,2018-07-04 16,주간,수,1,1,0,0,0,전북,전주시,차대차,측면충돌,측면충돌,신호위반,교차로,교차로내
30004,2018-10-27 02,야간,토,1,1,0,0,0,경남,창원시(통합),차대사람,횡단중,횡단중,과속,교차로,교차로내
30005,2018-10-04 14,주간,목,1,1,0,0,0,대구,남구,차대차,측면충돌,측면충돌,안전운전 의무 불이행,교차로,교차로횡단보도내
30006,2018-05-24 14,주간,목,1,1,0,0,0,충북,청주시,차량단독,공작물충돌,공작물충돌,안전운전 의무 불이행,단일로,기타단일로
30007,2018-08-22 19,야간,수,1,1,0,0,0,경북,포항시,차대사람,횡단중,횡단중,안전운전 의무 불이행,교차로,교차로횡단보도내
30008,2018-08-08 03,야간,수,1,1,0,0,0,충남,천안시,차대차,추돌,추돌,안전운전 의무 불이행,단일로,기타단일로
30009,2018-04-07 15,주간,토,1,1,0,0,0,경기,평택시,차대사람,횡단중,횡단중,안전운전 의무 불이행,단일로,기타단일로
30010,2018-04-07 18,야간,토,1,1,0,0,0,경기,평택시,차대사람,횡단중,횡단중,보행자 보호의무 위반,교차로,교차로내
30011,2018-07-18 20,야간,수,1,3,2,0,0,경북,경주시,차대차,정면충돌,정면충돌,중앙선 침범,단일로,기타단일로
30012,2018-05-19 23,야간,토,2,4,0,2,0,경북,구미시,차대사람,횡단중,횡단중,안전운전 의무 불이행,단일로,기타단일로
30013,2018-06-16 14,주간,토,1,1,0,0,0,광주,광산구,차량단독,기타,기타,안전운전 의무 불이행,교차로,교차로내
30014,2018-10-17 03,야간,수,1,1,0,0,0,경기,성남시,차량단독,전복,전복,안전운전 의무 불이행,단일로,기타단일로
30015,2018-09-18 19,야간,화,1,1,0,0,0,서울,강서구,차대사람,횡단중,횡단중,신호위반,교차로,교차로내
30016,2018-07-19 11,주간,목,1,1,0,0,0,전남,여수시,차대사람,횡단중,횡단중,신호위반,단일로,기타단일로
30017,2018-07-19 07,주간,목,1,1,0,0,0,경기,화성시,차대차,측면충돌,측면충돌,안전운전 의무 불이행,기타,기타
30018,2018-11-23 10,주간,금,1,5,1,3,0,인천,중구,차대사람,기타,기타,기타,기타,기타
30019,2018-07-03 12,주간,화,1,1,0,0,0,경기,광주시,차량단독,공작물충돌,공작물충돌,안전운전 의무 불이행,단일로,기타단일로
30020,2018-08-16 12,주간,목,1,1,0,0,0,전북,익산시,차량단독,전복,전복,안전운전 의무 불이행,단일로,기타단일로
30021,2018-07-08 01,야간,일,1,1,0,0,0,전북,전주시,차대차,기타,기타,과속,교차로,교차로횡단보도내
30022,2018-11-24 04,야간,토,1,1,0,0,0,충남,서산시,차대사람,횡단중,횡단중,안전운전 의무 불이행,단일로,기타단일로
30023,2018-10-13 19,야간,토,1,1,0,0,0,경기,고양시,차량단독,기타,기타,안전운전 의무 불이행,기타,기타
30024,2018-05-28 17,주간,월,1,1,0,0,0,충남,천안시,차대차,측면충돌,측면충돌,안전운전 의무 불이행,단일로,기타단일로
30025,2018-11-27 06,주간,화,1,2,1,0,0,인천,중구,차대차,추돌,추돌,안전운전 의무 불이행,단일로,기타단일로
30026,2018-07-04 21,야간,수,1,1,0,0,0,충북,청주시,차대사람,횡단중,횡단중,안전운전 의무 불이행,교차로,교차로부근
30027,2018-06-07 06,주간,목,1,1,0,0,0,강원,원주시,차대차,정면충돌,정면충돌,중앙선 침범,단일로,기타단일로
30028,2018-11-16 18,야간,금,1,1,0,0,0,충남,당진시,차대사람,차도통행중,차도통행중,안전운전 의무 불이행,단일로,기타단일로
30029,2018-10-24 15,주간,수,1,2,0,1,0,경기,안성시,차대차,추돌,추돌,안전운전 의무 불이행,단일로,기타단일로
30030,2018-05-29 12,주간,화,1,1,0,0,0,충남,천안시,차량단독,공작물충돌,공작물충돌,안전운전 의무 불이행,단일로,교량위
30031,2018-05-28 17,주간,월,1,1,0,0,0,경기,안산시,차대사람,횡단중,횡단중,안전운전 의무 불이행,단일로,기타단일로
30032,2018-06-16 02,야간,토,1,1,0,0,0,경기,안산시,차대사람,기타,기타,안전운전 의무 불이행,단일로,기타단일로
30033,2018-09-02 19,야간,일,1,2,0,1,0,제주,서귀포시,차대차,측면충돌,측면충돌,과속,교차로,교차로내
30034,2018-08-27 03,야간,월,1,1,0,0,0,서울,마포구,차량단독,공작물충돌,공작물충돌,안전운전 의무 불이행,단일로,기타단일로
30035,2018-07-17 21,야간,화,1,1,0,0,0,제주,제주시,차대사람,횡단중,횡단중,보행자 보호의무 위반,교차로,교차로횡단보도내
30036,2018-07-04 19,야간,수,1,1,0,0,0,인천,서구,차대사람,기타,기타,안전운전 의무 불이행,교차로,교차로부근
30037,2018-07-07 05,야간,토,1,1,0,0,0,충북,청주시,차대차,기타,기타,안전운전 의무 불이행,교차로,교차로부근
30038,2018-08-09 00,야간,목,1,1,0,0,0,경북,포항시,차량단독,공작물충돌,공작물충돌,안전운전 의무 불이행,단일로,고가도로위
30039,2018-12-01 17,주간,토,1,1,0,0,0,서울,광진구,차대차,측면충돌,측면충돌,안전운전 의무 불이행,단일로,기타단일로
30040,2018-09-02 09,주간,일,1,1,0,0,0,경남,진주시,차대차,측면충돌,측면충돌,안전운전 의무 불이행,단일로,기타단일로
30041,2018-10-18 12,주간,목,1,5,4,0,0,경기,성남시,차량단독,전도,전도,안전운전 의무 불이행,단일로,기타단일로
30042,2018-07-11 14,주간,수,1,1,0,0,0,제주,제주시,차량단독,기타,기타,안전운전 의무 불이행,단일로,기타단일로
30043,2018-12-28 23,야간,금,1,1,0,0,0,경남,거제시,차량단독,공작물충돌,공작물충돌,안전운전 의무 불이행,단일로,기타단일로
30044,2018-09-11 11,주간,화,1,1,0,0,0,대구,북구,차대차,추돌,추돌,안전운전 의무 불이행,단일로,기타단일로
30045,2018-05-30 00,야간,수,1,1,0,0,0,충북,청주시,차대사람,차도통행중,차도통행중,과속,단일로,기타단일로
30046,2018-12-01 15,주간,토,1,1,0,0,0,충남,서산시,차량단독,도로이탈,도로이탈 추락,안전운전 의무 불이행,단일로,기타단일로
30047,2018-08-09 06,주간,목,1,2,0,1,0,서울,서초구,차대차,추돌,추돌,안전운전 의무 불이행,단일로,기타단일로
30048,2018-05-16 17,주간,수,1,1,0,0,0,대구,수성구,차대사람,횡단중,횡단중,안전운전 의무 불이행,단일로,기타단일로
30049,2018-11-07 13,주간,수,1,1,0,0,0,부산,사상구,차대차,측면충돌,측면충돌,안전운전 의무 불이행,교차로,교차로내
30050,2018-05-24 04,야간,목,1,1,0,0,0,경기,시흥시,차대사람,기타,기타,안전운전 의무 불이행,단일로,기타단일로
30051,2018-06-23 22,야간,토,1,1,0,0,0,광주,광산구,차대사람,횡단중,횡단중,안전운전 의무 불이행,단일로,기타단일로
30052,2018-12-06 12,주간,목,1,1,0,0,0,서울,광진구,차대사람,횡단중,횡단중,안전운전 의무 불이행,교차로,교차로횡단보도내
30053,2018-06-05 13,주간,화,1,1,0,0,0,경기,용인시,차량단독,공작물충돌,공작물충돌,안전운전 의무 불이행,단일로,기타단일로
30054,2018-06-08 06,주간,금,1,5,1,2,1,경기,수원시,차대차,기타,기타,안전운전 의무 불이행,단일로,기타단일로
30055,2018-07-02 09,주간,월,1,1,0,0,0,경기,고양시,차대사람,횡단중,횡단중,보행자 보호의무 위반,교차로,교차로내
30056,2018-05-18 03,야간,금,1,1,0,0,0,서울,송파구,차대차,추돌,추돌,안전운전 의무 불이행,단일로,기타단일로
30057,2018-12-08 07,주간,토,1,2,1,0,0,서울,광진구,차대차,정면충돌,정면충돌,중앙선 침범,단일로,교량위
30058,2018-07-13 07,주간,금,1,1,0,0,0,서울,영등포구,차대차,기타,기타,안전운전 의무 불이행,단일로,기타단일로
30059,2018-08-05 16,주간,일,1,1,0,0,0,경남,양산시,차대사람,횡단중,횡단중,안전운전 의무 불이행,교차로,교차로부근
30060,2018-11-02 21,야간,금,1,1,0,0,0,경기,용인시,차대차,기타,기타,신호위반,교차로,교차로내
30061,2018-08-24 00,야간,금,1,1,0,0,0,전북,익산시,차대사람,횡단중,횡단중,안전운전 의무 불이행,교차로,교차로부근
30062,2018-08-19 06,주간,일,1,1,0,0,0,충남,천안시,차량단독,기타,기타,안전운전 의무 불이행,단일로,기타단일로
30063,2018-07-24 06,주간,화,1,1,0,0,0,전북,군산시,차대차,측면충돌,측면충돌,신호위반,교차로,교차로횡단보도내
30064,2018-10-30 07,주간,화,1,2,0,0,1,경기,양주시,차대차,측면충돌,측면충돌,신호위반,교차로,교차로내
30065,2018-12-01 06,주간,토,1,1,0,0,0,충남,당진시,차대차,측면충돌,측면충돌,안전운전 의무 불이행,단일로,기타단일로
30066,2018-10-26 22,야간,금,1,1,0,0,0,경기,고양시,차량단독,공작물충돌,공작물충돌,안전운전 의무 불이행,단일로,기타단일로
30067,2018-10-24 15,주간,수,1,1,0,0,0,서울,용산구,차대차,기타,기타,신호위반,교차로,교차로횡단보도내
30068,2018-08-25 02,야간,토,1,1,0,0,0,경기,고양시,차대사람,기타,기타,안전운전 의무 불이행,교차로,교차로내
30069,2018-05-27 13,주간,일,1,12,2,5,4,경기,시흥시,차대차,추돌,추돌,안전운전 의무 불이행,단일로,기타단일로
30070,2018-12-12 08,주간,수,1,1,0,0,0,충남,서산시,차대사람,기타,기타,안전운전 의무 불이행,교차로,교차로부근
30071,2018-11-16 13,주간,금,1,1,0,0,0,부산,사상구,차대사람,기타,기타,보행자 보호의무 위반,단일로,기타단일로
30072,2018-06-17 21,야간,일,1,1,0,0,0,울산,남구,차대사람,횡단중,횡단중,안전운전 의무 불이행,단일로,기타단일로
30073,2018-08-29 01,야간,수,1,1,0,0,0,경기,수원시,차대사람,횡단중,횡단중,안전운전 의무 불이행,단일로,기타단일로
30074,2018-07-25 03,야간,수,1,1,0,0,0,제주,제주시,차량단독,공작물충돌,공작물충돌,안전운전 의무 불이행,단일로,기타단일로
30075,2018-12-05 10,주간,수,1,1,0,0,0,충남,당진시,차대사람,횡단중,횡단중,안전운전 의무 불이행,단일로,기타단일로
30076,2018-11-27 01,야간,화,1,1,0,0,0,경남,창원시(통합),차대사람,기타,기타,안전운전 의무 불이행,교차로,교차로부근
30077,2018-12-18 19,야간,화,1,1,0,0,0,인천,중구,차대사람,횡단중,횡단중,신호위반,교차로,교차로횡단보도내
30078,2018-08-01 18,야간,수,1,1,0,0,0,경북,경주시,차대차,측면충돌,측면충돌,중앙선 침범,단일로,기타단일로
30079,2018-06-04 04,야간,월,1,4,2,0,1,충북,청주시,차대차,측면충돌,측면충돌,신호위반,교차로,교차로내
30080,2018-08-15 19,야간,수,1,3,0,2,0,전남,목포시,차대사람,기타,기타,안전운전 의무 불이행,교차로,교차로내
30081,2018-07-15 10,주간,일,1,1,0,0,0,충북,청주시,차량단독,도로이탈,도로이탈 추락,중앙선 침범,단일로,기타단일로
30082,2018-08-09 11,주간,목,1,1,0,0,0,전남,순천시,차대차,측면충돌,측면충돌,신호위반,교차로,교차로내
30083,2018-05-29 23,야간,화,1,1,0,0,0,경기,시흥시,차대사람,기타,기타,안전운전 의무 불이행,단일로,기타단일로
30084,2018-07-19 14,주간,목,1,1,0,0,0,전북,전주시,차대차,추돌,추돌,안전운전 의무 불이행,단일로,기타단일로
30085,2018-09-20 23,야간,목,1,1,0,0,0,서울,강남구,차대사람,기타,기타,안전운전 의무 불이행,단일로,기타단일로
30086,2018-12-25 01,야간,화,1,1,0,0,0,인천,계양구,차대차,측면충돌,측면충돌,안전운전 의무 불이행,단일로,기타단일로
30087,2018-09-12 02,야간,수,1,1,0,0,0,경북,포항시,차대사람,기타,기타,과속,단일로,기타단일로
30088,2018-07-07 16,주간,토,1,1,0,0,0,경기,고양시,차대차,측면충돌,측면충돌,중앙선 침범,단일로,기타단일로
30089,2018-07-16 08,주간,월,1,1,0,0,0,충북,청주시,차대사람,횡단중,횡단중,안전운전 의무 불이행,단일로,기타단일로
30090,2018-05-30 23,야간,수,1,1,0,0,0,경북,구미시,차량단독,기타,기타,안전운전 의무 불이행,단일로,기타단일로
30091,2018-08-03 06,주간,금,1,1,0,0,0,경북,경주시,차대차,측면충돌,측면충돌,안전운전 의무 불이행,교차로,교차로내
30092,2018-07-30 08,주간,월,1,2,0,1,0,전북,군산시,차대차,측면충돌,측면충돌,신호위반,교차로,교차로내
30093,2018-08-10 05,야간,금,1,1,0,0,0,전남,순천시,차대사람,횡단중,횡단중,안전운전 의무 불이행,교차로,교차로횡단보도내
30094,2018-06-20 20,야간,수,1,1,0,0,0,경기,의정부시,차대사람,차도통행중,차도통행중,안전운전 의무 불이행,단일로,기타단일로
30095,2018-11-30 18,야간,금,1,1,0,0,0,경남,창원시(통합),차대사람,횡단중,횡단중,안전운전 의무 불이행,단일로,기타단일로
30096,2018-07-03 06,주간,화,1,1,0,0,0,대구,동구,차량단독,공작물충돌,공작물충돌,안전운전 의무 불이행,단일로,기타단일로
30097,2018-12-11 02,야간,화,1,1,0,0,0,경북,안동시,차량단독,도로이탈,도로이탈 기타,안전운전 의무 불이행,단일로,기타단일로
30098,2018-06-29 10,주간,금,1,1,0,0,0,경북,경산시,차량단독,기타,기타,안전운전 의무 불이행,단일로,기타단일로
30099,2018-08-20 20,야간,월,1,2,1,0,0,경북,포항시,차대차,정면충돌,정면충돌,중앙선 침범,단일로,기타단일로
30100,2018-08-31 19,야간,금,1,1,0,0,0,전북,익산시,차량단독,공작물충돌,공작물충돌,안전운전 의무 불이행,단일로,기타단일로
30101,2018-09-12 00,야간,수,1,1,0,0,0,서울,양천구,차량단독,기타,기타,안전운전 의무 불이행,단일로,기타단일로
30102,2018-08-26 12,주간,일,1,1,0,0,0,충남,천안시,차대사람,보도통행중,보도통행중,신호위반,교차로,교차로횡단보도내
30103,2018-07-20 11,주간,금,1,1,0,0,0,서울,영등포구,차대차,측면충돌,측면충돌,안전운전 의무 불이행,단일로,기타단일로
30104,2018-09-21 08,주간,금,1,2,0,1,0,인천,연수구,차대차,추돌,추돌,안전운전 의무 불이행,단일로,기타단일로
30105,2018-07-31 05,야간,화,1,1,0,0,0,전북,군산시,차대차,기타,기타,과속,단일로,기타단일로
30106,2018-08-18 08,주간,토,1,1,0,0,0,전남,신안군,차대사람,기타,기타,안전운전 의무 불이행,단일로,기타단일로
30107,2018-09-21 19,야간,금,1,1,0,0,0,인천,연수구,차대사람,차도통행중,차도통행중,안전운전 의무 불이행,단일로,기타단일로
30108,2018-10-30 22,야간,화,1,1,0,0,0,경기,광명시,차대차,추돌,추돌,안전운전 의무 불이행,단일로,기타단일로
30109,2018-07-11 14,주간,수,1,1,0,0,0,충남,아산시,차대차,측면충돌,측면충돌,기타,단일로,기타단일로
30110,2018-08-07 02,야간,화,1,2,1,0,0,경북,경주시,차량단독,공작물충돌,공작물충돌,안전운전 의무 불이행,단일로,지하차도(도로)내
30111,2018-08-03 22,야간,금,1,1,0,0,0,경기,화성시,차대사람,횡단중,횡단중,신호위반,교차로,교차로부근
30112,2018-08-13 03,야간,월,1,1,0,0,0,경남,양산시,차대차,추돌,추돌,안전운전 의무 불이행,단일로,기타단일로
30113,2018-08-23 05,야간,목,1,1,0,0,0,경북,포항시,차대사람,기타,기타,안전운전 의무 불이행,교차로,교차로내
30114,2018-06-23 05,야간,토,1,4,3,0,0,경기,의정부시,차대차,정면충돌,정면충돌,중앙선 침범,단일로,기타단일로
30115,2018-08-07 21,야간,화,1,1,0,0,0,경북,경주시,차대사람,횡단중,횡단중,과속,단일로,기타단일로
30116,2018-09-21 10,주간,금,1,2,0,1,0,경기,성남시,차대차,정면충돌,정면충돌,안전운전 의무 불이행,단일로,기타단일로
30117,2018-09-25 20,야간,화,1,2,0,1,0,강원,춘천시,차대사람,횡단중,횡단중,안전운전 의무 불이행,단일로,기타단일로
30118,2018-04-18 14,주간,수,1,3,0,2,0,경기,평택시,차대차,추돌,추돌,안전운전 의무 불이행,단일로,기타단일로
30119,2018-12-30 04,야간,일,1,1,0,0,0,서울,강북구,차대사람,횡단중,횡단중,안전운전 의무 불이행,단일로,기타단일로
30120,2018-12-21 06,주간,금,1,1,0,0,0,부산,연제구,차대사람,길가장자리구역통행중,길가장자리구역통행중,안전운전 의무 불이행,단일로,기타단일로
30121,2018-05-26 06,주간,토,1,3,2,0,0,경기,남양주시,차량단독,도로이탈,도로이탈 추락,안전운전 의무 불이행,교차로,교차로부근
30122,2018-10-08 18,야간,월,1,1,0,0,0,부산,해운대구,차대사람,횡단중,횡단중,안전운전 의무 불이행,단일로,기타단일로
30123,2018-08-25 18,야간,토,1,2,1,0,0,경북,포항시,차대차,정면충돌,정면충돌,신호위반,교차로,교차로내
30124,2018-11-13 19,야간,화,1,1,0,0,0,경기,성남시,차대차,측면충돌,측면충돌,신호위반,교차로,교차로내
30125,2018-09-03 21,야간,월,1,1,0,0,0,대전,서구,차대사람,횡단중,횡단중,안전운전 의무 불이행,단일로,기타단일로
30126,2018-09-21 19,야간,금,1,1,0,0,0,경남,진주시,차대사람,횡단중,횡단중,보행자 보호의무 위반,교차로,교차로횡단보도내
30127,2018-08-06 09,주간,월,1,2,1,0,0,전남,여수시,차대차,측면충돌,측면충돌,안전운전 의무 불이행,단일로,기타단일로
30128,2018-11-20 05,야간,화,1,1,0,0,0,경기,이천시,차대차,측면충돌,측면충돌,신호위반,교차로,교차로부근
30129,2018-11-14 19,야간,수,1,1,0,0,0,대구,남구,차대사람,횡단중,횡단중,안전운전 의무 불이행,교차로,교차로횡단보도내
30130,2018-12-24 03,야간,월,1,1,0,0,0,부산,연제구,차대사람,차도통행중,차도통행중,과속,단일로,기타단일로
30131,2018-09-07 00,야간,금,1,1,0,0,0,대전,서구,차대사람,차도통행중,차도통행중,안전운전 의무 불이행,단일로,기타단일로
30132,2018-09-26 06,주간,수,1,3,0,2,0,경기,화성시,차대차,기타,기타,안전거리 미확보,단일로,기타단일로
30133,2018-09-18 00,야간,화,1,1,0,0,0,경남,창원시(통합),차대사람,횡단중,횡단중,안전운전 의무 불이행,교차로,교차로횡단보도내
30134,2018-07-05 16,주간,목,1,2,1,0,0,제주,제주시,차대차,기타,기타,과속,교차로,교차로내
30135,2018-11-16 18,야간,금,1,1,0,0,0,경기,양주시,차대차,추돌,추돌,과속,단일로,기타단일로
30136,2018-09-18 16,주간,화,1,1,0,0,0,경남,창원시(통합),차대차,추돌,추돌,안전운전 의무 불이행,단일로,기타단일로
30137,2018-06-10 22,야간,일,1,1,0,0,0,충북,청주시,차대사람,횡단중,횡단중,안전운전 의무 불이행,단일로,기타단일로
30138,2018-08-06 11,주간,월,1,1,0,0,0,전북,군산시,차량단독,공작물충돌,공작물충돌,안전운전 의무 불이행,단일로,기타단일로