교통사고이력ID(사고기록 순서),발생년월일시,주야코드,요일코드,사망자수,부상자수,중상자수,경상자수,부상신고자수,발생지시도코드,발생지시도코드,사고유형대분류코드,사고유형중분류코드,사고유형코드,법규위반코드,도로형태대분류코드,도로로형태코드
30139,2018-08-10 02,야간,금,1,1,0,0,0,경기,화성시,차대사람,차도통행중,차도통행중,안전운전 의무 불이행,기타,기타
30140,2018-07-26 20,야간,목,1,1,0,0,0,전북,전주시,차대사람,차도통행중,차도통행중,중앙선 침범,단일로,기타단일로
30141,2018-09-16 00,야간,일,1,1,0,0,0,인천,남동구,차대사람,차도통행중,차도통행중,안전운전 의무 불이행,기타,기타
30142,2018-08-25 05,야간,토,1,1,0,0,0,부산,남구,차대사람,횡단중,횡단중,보행자 보호의무 위반,단일로,기타단일로
30143,2018-06-06 12,주간,수,1,1,0,0,0,경기,시흥시,차대차,추돌,추돌,안전운전 의무 불이행,단일로,기타단일로
30144,2018-11-11 21,야간,일,1,2,1,0,0,경기,광명시,차대차,정면충돌,정면충돌,중앙선 침범,단일로,기타단일로
30145,2018-07-21 17,주간,토,1,1,0,0,0,인천,서구,차대사람,보도통행중,보도통행중,과속,교차로,교차로횡단보도내
30146,2018-07-15 21,야간,일,1,1,0,0,0,충남,아산시,차대사람,길가장자리구역통행중,길가장자리구역통행중,안전운전 의무 불이행,단일로,기타단일로
30147,2018-10-18 19,야간,목,1,2,0,0,1,경남,김해시,차대차,추돌,추돌,과속,교차로,교차로내
30148,2018-07-18 21,야간,수,1,1,0,0,0,충남,아산시,차대차,추돌,추돌,안전운전 의무 불이행,단일로,기타단일로
30149,2018-09-29 15,주간,토,1,1,0,0,0,경남,진주시,차대사람,횡단중,횡단중,안전운전 의무 불이행,단일로,기타단일로
30150,2018-08-12 13,주간,일,1,1,0,0,0,경기,화성시,차대차,측면충돌,측면충돌,안전운전 의무 불이행,교차로,교차로내
30151,2018-05-30 12,주간,수,1,1,0,0,0,경기,남양주시,차대차,기타,기타,기타,교차로,교차로내
30152,2018-11-26 18,야간,월,1,1,0,0,0,경기,이천시,차대사람,횡단중,횡단중,안전운전 의무 불이행,교차로,교차로내
30153,2018-09-22 00,야간,토,1,1,0,0,0,대구,서구,차대사람,차도통행중,차도통행중,안전운전 의무 불이행,단일로,기타단일로
30154,2018-06-22 11,주간,금,1,1,0,0,0,경기,수원시,차대사람,기타,기타,안전운전 의무 불이행,단일로,기타단일로
30155,2018-09-07 13,주간,금,1,1,0,0,0,충남,천안시,차대사람,기타,기타,안전운전 의무 불이행,교차로,교차로부근
30156,2018-08-08 23,야간,수,1,3,1,1,0,전북,군산시,차대차,측면충돌,측면충돌,중앙선 침범,교차로,교차로부근
30157,2018-06-28 02,야간,목,1,1,0,0,0,광주,북구,차대사람,차도통행중,차도통행중,안전운전 의무 불이행,단일로,기타단일로
30158,2018-12-24 20,야간,월,1,1,0,0,0,경남,창원시(통합),차대사람,차도통행중,차도통행중,안전운전 의무 불이행,단일로,기타단일로
30159,2018-11-27 10,주간,화,1,8,3,4,0,경기,성남시,차대차,추돌,추돌,과속,단일로,기타단일로
30160,2018-08-29 04,야간,수,1,1,0,0,0,전남,목포시,차대사람,기타,기타,안전운전 의무 불이행,단일로,기타단일로
30161,2018-10-03 17,주간,수,1,1,0,0,0,경기,성남시,차대차,기타,기타,안전운전 의무 불이행,단일로,기타단일로
30162,2018-06-09 01,야간,토,1,1,0,0,0,경기,시흥시,차대사람,기타,기타,안전운전 의무 불이행,단일로,기타단일로
30163,2018-11-29 23,야간,목,1,1,0,0,0,경기,이천시,차량단독,도로이탈,도로이탈 추락,안전운전 의무 불이행,교차로,교차로부근
30164,2018-08-24 07,주간,금,1,1,0,0,0,전남,순천시,차대차,측면충돌,측면충돌,기타,교차로,교차로내
30165,2018-08-30 05,야간,목,1,1,0,0,0,대전,동구,차대사람,횡단중,횡단중,안전운전 의무 불이행,교차로,교차로내
30166,2018-09-11 17,주간,화,1,1,0,0,0,충남,천안시,차량단독,기타,기타,안전운전 의무 불이행,단일로,기타단일로
30167,2018-09-01 15,주간,토,1,1,0,0,0,부산,부산진구,차대차,측면충돌,측면충돌,안전거리 미확보,단일로,기타단일로
30168,2018-07-08 20,야간,일,1,1,0,0,0,경기,안산시,차대사람,횡단중,횡단중,안전운전 의무 불이행,단일로,기타단일로
30169,2018-05-30 11,주간,수,1,1,0,0,0,서울,송파구,차대차,측면충돌,측면충돌,안전거리 미확보,단일로,기타단일로
30170,2018-09-06 04,야간,목,1,1,0,0,0,경북,포항시,차대사람,횡단중,횡단중,안전운전 의무 불이행,단일로,기타단일로
30171,2018-08-30 00,야간,목,1,1,0,0,0,대전,대덕구,차량단독,기타,기타,안전운전 의무 불이행,단일로,고가도로위
30172,2018-06-20 17,주간,수,1,1,0,0,0,경기,안산시,차대차,추돌,추돌,안전운전 의무 불이행,교차로,교차로내
30173,2018-09-29 06,주간,토,1,1,0,0,0,강원,강릉시,차대차,정면충돌,정면충돌,안전운전 의무 불이행,단일로,기타단일로
30174,2018-09-07 04,야간,금,1,2,1,0,0,경북,포항시,차량단독,공작물충돌,공작물충돌,안전운전 의무 불이행,단일로,기타단일로
30175,2018-11-05 06,주간,월,1,1,0,0,0,경기,안양시,차대사람,횡단중,횡단중,안전운전 의무 불이행,교차로,교차로횡단보도내
30176,2018-09-29 19,야간,토,1,1,0,0,0,강원,강릉시,차대사람,횡단중,횡단중,안전운전 의무 불이행,단일로,기타단일로
30177,2018-09-22 00,야간,토,1,1,0,0,0,전북,전주시,차대사람,차도통행중,차도통행중,안전운전 의무 불이행,단일로,기타단일로
30178,2018-11-23 08,주간,금,1,1,0,0,0,경기,광명시,차대차,측면충돌,측면충돌,신호위반,교차로,교차로내
30179,2018-09-02 07,주간,일,1,5,0,4,0,대전,동구,차대차,추돌,추돌,안전운전 의무 불이행,단일로,지하차도(도로)내
30180,2018-11-14 18,야간,수,1,1,0,0,0,서울,강동구,차대사람,길가장자리구역통행중,길가장자리구역통행중,안전운전 의무 불이행,단일로,지하차도(도로)내
30181,2018-06-01 02,야간,금,1,1,0,0,0,서울,송파구,차대차,추돌,추돌,안전거리 미확보,단일로,기타단일로
30182,2018-08-28 06,주간,화,1,1,0,0,0,경남,양산시,차대사람,차도통행중,차도통행중,안전운전 의무 불이행,단일로,기타단일로
30183,2018-09-26 02,야간,수,1,1,0,0,0,인천,남동구,차대사람,횡단중,횡단중,신호위반,단일로,기타단일로
30184,2018-12-01 02,야간,토,1,3,2,0,0,경기,양주시,차대차,정면충돌,정면충돌,중앙선 침범,단일로,기타단일로
30185,2018-06-23 23,야간,토,2,2,0,0,0,경기,용인시,차대차,기타,기타,과속,교차로,교차로내
30186,2018-07-19 00,야간,목,1,1,0,0,0,대구,동구,차대사람,횡단중,횡단중,안전운전 의무 불이행,교차로,교차로횡단보도내
30187,2018-08-12 02,야간,일,1,1,0,0,0,제주,제주시,차대사람,횡단중,횡단중,안전운전 의무 불이행,교차로,교차로부근
30188,2018-10-19 13,주간,금,2,3,0,1,0,인천,연수구,차대차,추돌,추돌,안전운전 의무 불이행,교차로,교차로부근
30189,2018-10-07 22,야간,일,1,1,0,0,0,경북,포항시,차대사람,횡단중,횡단중,안전운전 의무 불이행,단일로,기타단일로
30190,2018-08-01 09,주간,수,1,3,0,2,0,충북,청주시,차대차,정면충돌,정면충돌,중앙선 침범,교차로,교차로내
30191,2018-06-30 01,야간,토,1,1,0,0,0,경기,수원시,차대사람,차도통행중,차도통행중,안전운전 의무 불이행,단일로,기타단일로
30192,2018-08-13 11,주간,월,1,1,0,0,0,제주,제주시,차대사람,횡단중,횡단중,안전운전 의무 불이행,교차로,교차로횡단보도내
30193,2018-07-28 20,야간,토,1,1,0,0,0,충남,아산시,차대차,추돌,추돌,안전운전 의무 불이행,단일로,기타단일로
30194,2018-07-26 09,주간,목,1,2,0,1,0,경기,김포시,차대차,기타,기타,안전운전 의무 불이행,기타,기타
30195,2018-06-22 16,주간,금,1,1,0,0,0,충남,천안시,차대차,측면충돌,측면충돌,안전거리 미확보,교차로,교차로부근
30196,2018-10-09 22,야간,화,1,1,0,0,0,서울,양천구,차량단독,전도,전도,안전운전 의무 불이행,단일로,교량위
30197,2018-09-05 07,주간,수,1,1,0,0,0,대전,동구,차량단독,공작물충돌,공작물충돌,안전운전 의무 불이행,단일로,기타단일로
30198,2018-10-31 18,야간,수,1,1,0,0,0,경남,김해시,차대사람,기타,기타,안전운전 의무 불이행,단일로,기타단일로
30199,2018-11-02 11,주간,금,1,1,0,0,0,부산,해운대구,차대사람,차도통행중,차도통행중,기타,단일로,기타단일로
30200,2018-11-19 06,주간,월,1,1,0,0,0,서울,강동구,차대사람,기타,기타,안전운전 의무 불이행,단일로,기타단일로
30201,2018-07-06 00,야간,금,1,1,0,0,0,울산,남구,차대사람,횡단중,횡단중,안전운전 의무 불이행,단일로,기타단일로
30202,2018-07-12 19,야간,목,1,4,0,3,0,광주,서구,차대차,기타,기타,신호위반,교차로,교차로내
30203,2018-10-17 16,주간,수,1,1,0,0,0,강원,춘천시,차대사람,기타,기타,안전운전 의무 불이행,단일로,기타단일로
30204,2018-10-17 23,야간,수,1,2,1,0,0,강원,춘천시,차량단독,도로이탈,도로이탈 기타,안전운전 의무 불이행,단일로,기타단일로
30205,2018-12-14 14,주간,금,1,3,0,2,0,대구,남구,차대차,추돌,추돌,안전운전 의무 불이행,단일로,고가도로위
30206,2018-08-31 22,야간,금,1,1,0,0,0,경남,양산시,차대차,측면충돌,측면충돌,안전운전 의무 불이행,단일로,기타단일로
30207,2018-08-30 01,야간,목,1,1,0,0,0,서울,강남구,차대사람,차도통행중,차도통행중,과속,교차로,교차로부근
30208,2018-12-20 18,야간,목,1,1,0,0,0,부산,사하구,차대사람,횡단중,횡단중,보행자 보호의무 위반,교차로,교차로횡단보도내
30209,2018-10-15 19,야간,월,1,1,0,0,0,제주,서귀포시,차대사람,횡단중,횡단중,과속,단일로,기타단일로
30210,2018-10-12 00,야간,금,1,1,0,0,0,경북,포항시,차대차,측면충돌,측면충돌,안전운전 의무 불이행,교차로,교차로부근
30211,2018-08-09 04,야간,목,1,1,0,0,0,서울,영등포구,차대사람,기타,기타,안전운전 의무 불이행,교차로,교차로내
30212,2018-09-02 04,야간,일,3,3,0,0,0,전남,순천시,차대차,추돌,추돌,과속,단일로,기타단일로
30213,2018-10-29 09,주간,월,1,1,0,0,0,서울,강남구,차대차,기타,기타,안전거리 미확보,단일로,기타단일로
30214,2018-08-09 23,야간,목,1,1,0,0,0,서울,영등포구,차대차,측면충돌,측면충돌,안전운전 의무 불이행,교차로,교차로부근
30215,2018-08-15 23,야간,수,1,1,0,0,0,제주,제주시,차량단독,전도,전도,안전운전 의무 불이행,단일로,기타단일로
30216,2018-11-15 20,야간,목,1,4,0,3,0,서울,구로구,차량단독,공작물충돌,공작물충돌,안전운전 의무 불이행,교차로,교차로부근
30217,2018-07-08 01,야간,일,1,1,0,0,0,울산,남구,차대사람,횡단중,횡단중,안전운전 의무 불이행,교차로,교차로횡단보도내
30218,2018-07-28 04,야간,토,1,1,0,0,0,경기,고양시,차대차,추돌,추돌,안전운전 의무 불이행,단일로,터널안
30219,2018-07-18 23,야간,수,1,1,0,0,0,대구,달서구,차량단독,기타,기타,안전운전 의무 불이행,단일로,기타단일로
30220,2018-10-14 08,주간,일,1,2,0,1,0,경북,포항시,차대사람,횡단중,횡단중,신호위반,교차로,교차로내
30221,2018-09-03 22,야간,월,1,1,0,0,0,전남,순천시,차대사람,횡단중,횡단중,안전운전 의무 불이행,단일로,기타단일로
30222,2018-08-27 15,주간,월,1,1,0,0,0,경북,경주시,차대사람,길가장자리구역통행중,길가장자리구역통행중,안전운전 의무 불이행,교차로,교차로내
30223,2018-11-24 04,야간,토,1,2,1,0,0,서울,강동구,차대차,기타,기타,기타,단일로,기타단일로
30224,2018-12-01 22,야간,토,1,1,0,0,0,서울,관악구,차대사람,기타,기타,안전운전 의무 불이행,교차로,교차로부근
30225,2018-12-20 07,주간,목,1,1,0,0,0,경기,이천시,차대차,정면충돌,정면충돌,안전운전 의무 불이행,단일로,기타단일로
30226,2018-12-17 21,야간,월,1,1,0,0,0,경기,성남시,차대사람,기타,기타,안전운전 의무 불이행,교차로,교차로내
30227,2018-08-23 10,주간,목,1,3,0,2,0,전남,여수시,차대차,추돌,추돌,안전운전 의무 불이행,교차로,교차로내
30228,2018-10-09 10,주간,화,1,1,0,0,0,서울,마포구,차대사람,횡단중,횡단중,신호위반,단일로,기타단일로
30229,2018-10-29 19,야간,월,1,1,0,0,0,인천,연수구,차대사람,횡단중,횡단중,안전운전 의무 불이행,교차로,교차로부근
30230,2018-10-12 15,주간,금,1,1,0,0,0,강원,강릉시,차량단독,기타,기타,안전운전 의무 불이행,교차로,교차로부근
30231,2018-09-27 19,야간,목,1,1,0,0,0,대구,북구,차대차,기타,기타,안전운전 의무 불이행,교차로,교차로내
30232,2018-08-02 12,주간,목,1,8,7,0,0,충남,아산시,차대차,정면충돌,정면충돌,중앙선 침범,단일로,기타단일로
30233,2018-06-27 18,야간,수,1,1,0,0,0,대전,유성구,차량단독,기타,기타,안전운전 의무 불이행,기타,기타
30234,2018-10-03 21,야간,수,1,1,0,0,0,경기,수원시,차대사람,차도통행중,차도통행중,안전운전 의무 불이행,단일로,기타단일로
30235,2018-06-09 07,주간,토,1,2,0,1,0,경기,남양주시,차대차,추돌,추돌,안전운전 의무 불이행,단일로,기타단일로
30236,2018-10-22 11,주간,월,1,1,0,0,0,제주,서귀포시,차량단독,도로이탈,도로이탈 기타,안전운전 의무 불이행,단일로,기타단일로
30237,2018-07-30 09,주간,월,1,1,0,0,0,인천,남구,차대사람,횡단중,횡단중,안전운전 의무 불이행,교차로,교차로부근
30238,2018-06-20 06,주간,수,1,1,0,0,0,경기,시흥시,차대차,기타,기타,안전운전 의무 불이행,단일로,기타단일로
30239,2018-11-09 05,야간,금,1,1,0,0,0,경남,김해시,차대사람,기타,기타,안전운전 의무 불이행,단일로,기타단일로
30240,2018-12-28 00,야간,금,1,1,0,0,0,경기,용인시,차대사람,횡단중,횡단중,안전운전 의무 불이행,단일로,기타단일로
30241,2018-08-08 10,주간,수,1,1,0,0,0,충북,청주시,차대사람,기타,기타,안전운전 의무 불이행,단일로,기타단일로
30242,2018-08-20 21,야간,월,1,1,0,0,0,대구,달서구,차대사람,횡단중,횡단중,과속,단일로,기타단일로
30243,2018-10-23 14,주간,화,1,1,0,0,0,제주,서귀포시,차대사람,기타,기타,안전운전 의무 불이행,교차로,교차로내
30244,2018-10-20 04,야간,토,1,1,0,0,0,경북,포항시,차대차,기타,기타,신호위반,교차로,교차로횡단보도내
30245,2018-08-30 17,주간,목,1,1,0,0,0,경북,경주시,차량단독,전도,전도,안전운전 의무 불이행,단일로,기타단일로
30246,2018-06-20 20,야간,수,1,1,0,0,0,경기,시흥시,차대사람,기타,기타,안전운전 의무 불이행,단일로,기타단일로
30247,2018-09-03 02,야간,월,1,1,0,0,0,서울,동대문구,차대사람,기타,기타,안전운전 의무 불이행,교차로,교차로부근
30248,2018-08-08 20,야간,수,1,1,0,0,0,경기,광주시,차대사람,횡단중,횡단중,안전운전 의무 불이행,기타,기타
30249,2018-12-18 08,주간,화,1,2,1,0,0,경기,고양시,차대차,추돌,추돌,안전운전 의무 불이행,단일로,기타단일로
30250,2018-09-21 05,야간,금,1,1,0,0,0,경북,포항시,차대사람,보도통행중,보도통행중,과속,교차로,교차로횡단보도내
30251,2018-10-15 18,야간,월,1,1,0,0,0,제주,서귀포시,차량단독,기타,기타,안전운전 의무 불이행,단일로,기타단일로
30252,2018-10-03 04,야간,수,1,1,0,0,0,경기,고양시,차대차,측면충돌,측면충돌,안전운전 의무 불이행,교차로,교차로내
30253,2018-10-19 15,주간,금,1,1,0,0,0,경남,진주시,차대차,기타,기타,신호위반,교차로,교차로부근
30254,2018-08-01 09,주간,수,1,1,0,0,0,인천,남구,차대사람,보도통행중,보도통행중,보행자 보호의무 위반,교차로,교차로횡단보도내
30255,2018-10-13 10,주간,토,1,1,0,0,0,대구,서구,차대사람,기타,기타,안전운전 의무 불이행,교차로,교차로내
30256,2018-10-24 14,주간,수,1,1,0,0,0,제주,서귀포시,차량단독,도로이탈,도로이탈 기타,안전운전 의무 불이행,단일로,기타단일로
30257,2018-08-05 22,야간,일,1,2,1,0,0,경북,경산시,차대사람,횡단중,횡단중,보행자 보호의무 위반,단일로,기타단일로
30258,2018-09-21 19,야간,금,1,2,1,0,0,경북,포항시,차대사람,차도통행중,차도통행중,과속,단일로,기타단일로
30259,2018-07-03 04,야간,화,1,1,0,0,0,경기,용인시,차대사람,횡단중,횡단중,안전운전 의무 불이행,단일로,교량위
30260,2018-07-25 16,주간,수,1,1,0,0,0,광주,광산구,차대차,기타,기타,중앙선 침범,단일로,기타단일로
30261,2018-09-21 21,야간,금,1,1,0,0,0,경북,포항시,차대사람,횡단중,횡단중,안전운전 의무 불이행,단일로,기타단일로
30262,2018-11-22 22,야간,목,1,1,0,0,0,서울,구로구,차대사람,기타,기타,안전운전 의무 불이행,단일로,기타단일로
30263,2018-12-18 03,야간,화,1,1,0,0,0,경기,양주시,차량단독,전복,전복,안전운전 의무 불이행,단일로,기타단일로
30264,2018-10-03 06,주간,수,1,1,0,0,0,대전,서구,차량단독,전복,전복,안전운전 의무 불이행,단일로,기타단일로
30265,2018-07-04 09,주간,수,1,1,0,0,0,경기,용인시,차대사람,기타,기타,안전운전 의무 불이행,단일로,기타단일로
30266,2018-08-14 16,주간,화,1,4,3,0,0,전북,전주시,차대차,추돌,추돌,안전운전 의무 불이행,단일로,기타단일로
30267,2018-11-05 13,주간,월,1,1,0,0,0,인천,연수구,차대사람,기타,기타,안전운전 의무 불이행,교차로,교차로내
30268,2018-09-13 08,주간,목,1,1,0,0,0,대전,대덕구,차대사람,횡단중,횡단중,신호위반,교차로,교차로횡단보도내
30269,2018-10-27 10,주간,토,1,1,0,0,0,제주,서귀포시,차대차,측면충돌,측면충돌,기타,교차로,교차로내
30270,2018-08-28 16,주간,화,1,1,0,0,0,전남,여수시,차대사람,횡단중,횡단중,안전운전 의무 불이행,교차로,교차로내
30271,2018-09-03 17,주간,월,1,3,0,2,0,경기,화성시,차량단독,공작물충돌,공작물충돌,안전운전 의무 불이행,단일로,기타단일로
30272,2018-11-05 23,야간,월,1,1,0,0,0,인천,연수구,차대차,측면충돌,측면충돌,안전운전 의무 불이행,교차로,교차로부근
30273,2018-12-27 13,주간,목,1,1,0,0,0,경기,성남시,차대사람,횡단중,횡단중,안전운전 의무 불이행,교차로,교차로내
30274,2018-08-08 05,야간,수,1,1,0,0,0,인천,서구,차대차,측면충돌,측면충돌,과속,단일로,기타단일로
30275,2018-10-20 19,야간,토,1,1,0,0,0,강원,강릉시,차대사람,횡단중,횡단중,안전운전 의무 불이행,단일로,기타단일로
30276,2018-08-08 17,주간,수,1,2,0,1,0,경북,경산시,차대차,측면충돌,측면충돌,신호위반,교차로,교차로내
30277,2018-12-21 23,야간,금,1,1,0,0,0,경기,양주시,차량단독,공작물충돌,공작물충돌,안전운전 의무 불이행,교차로,교차로내
30278,2018-10-06 02,야간,토,1,1,0,0,0,전북,익산시,차량단독,공작물충돌,공작물충돌,안전운전 의무 불이행,단일로,기타단일로
30279,2018-08-25 15,주간,토,1,1,0,0,0,충북,청주시,차대사람,차도통행중,차도통행중,안전운전 의무 불이행,단일로,지하차도(도로)내
30280,2018-09-12 15,주간,수,1,1,0,0,0,전남,순천시,차량단독,전도,전도,안전운전 의무 불이행,단일로,기타단일로
30281,2018-07-04 07,주간,수,1,1,0,0,0,경기,안산시,차대사람,차도통행중,차도통행중,과속,교차로,교차로내
30282,2018-08-10 19,야간,금,1,1,0,0,0,충남,아산시,차대사람,기타,기타,안전운전 의무 불이행,단일로,교량위
30283,2018-11-14 05,야간,수,1,1,0,0,0,서울,강남구,차대차,기타,기타,신호위반,교차로,교차로내
30284,2018-08-07 10,주간,화,1,1,0,0,0,경기,김포시,차대차,기타,기타,안전운전 의무 불이행,단일로,기타단일로
30285,2018-09-21 04,야간,금,1,1,0,0,0,서울,서초구,차대사람,횡단중,횡단중,과속,단일로,기타단일로
30286,2018-10-01 14,주간,월,1,1,0,0,0,충남,천안시,차대차,측면충돌,측면충돌,신호위반,교차로,교차로내
30287,2018-11-04 11,주간,일,1,1,0,0,0,제주,서귀포시,차대차,기타,기타,안전운전 의무 불이행,단일로,기타단일로
30288,2018-05-04 20,야간,금,1,2,0,1,0,경기,평택시,차대차,기타,기타,신호위반,교차로,교차로내
30289,2018-09-14 13,주간,금,1,1,0,0,0,전남,목포시,차량단독,기타,기타,기타,단일로,기타단일로
30290,2018-06-25 21,야간,월,1,3,1,1,0,경기,시흥시,차대사람,횡단중,횡단중,신호위반,교차로,교차로내
30291,2018-08-13 12,주간,월,1,1,0,0,0,충남,아산시,차대사람,기타,기타,안전운전 의무 불이행,단일로,기타단일로
30292,2018-11-05 20,야간,월,1,3,2,0,0,제주,서귀포시,차대차,기타,기타,과속,단일로,기타단일로
30293,2018-09-24 05,야간,월,1,2,0,1,0,서울,서초구,차대차,측면충돌,측면충돌,중앙선 침범,단일로,기타단일로
30294,2018-10-15 12,주간,월,1,1,0,0,0,서울,노원구,차대사람,보도통행중,보도통행중,기타,단일로,기타단일로
30295,2018-10-29 22,야간,월,1,2,0,1,0,경북,포항시,차대차,기타,기타,신호위반,교차로,교차로내
30296,2018-10-04 15,주간,목,1,1,0,0,0,충남,천안시,차대차,측면충돌,측면충돌,중앙선 침범,단일로,기타단일로
30297,2018-07-25 13,주간,수,1,1,0,0,0,광주,서구,차대사람,횡단중,횡단중,안전운전 의무 불이행,단일로,기타단일로
30298,2018-12-04 07,주간,화,1,1,0,0,0,서울,강서구,차대사람,횡단중,횡단중,안전운전 의무 불이행,교차로,교차로내
30299,2018-07-17 10,주간,화,1,1,0,0,0,광주,북구,차량단독,기타,기타,안전운전 의무 불이행,단일로,기타단일로
30300,2018-10-29 11,주간,월,1,2,1,0,0,경남,진주시,차대차,추돌,추돌,안전운전 의무 불이행,단일로,기타단일로
30301,2018-06-28 06,주간,목,1,2,1,0,0,경기,용인시,차량단독,공작물충돌,공작물충돌,안전운전 의무 불이행,기타,기타
30302,2018-09-19 20,야간,수,1,1,0,0,0,경남,양산시,차대사람,기타,기타,안전운전 의무 불이행,교차로,교차로내
30303,2018-11-08 20,야간,목,1,1,0,0,0,제주,서귀포시,차대사람,횡단중,횡단중,안전운전 의무 불이행,교차로,교차로내
30304,2018-12-06 06,주간,목,1,1,0,0,0,서울,구로구,차대사람,기타,기타,신호위반,교차로,교차로횡단보도내
30305,2018-09-26 19,야간,수,1,1,0,0,0,부산,부산진구,차대사람,횡단중,횡단중,보행자 보호의무 위반,교차로,교차로횡단보도내
30306,2018-07-28 00,야간,토,1,3,0,2,0,경기,파주시,차대차,추돌,추돌,안전운전 의무 불이행,단일로,기타단일로
30307,2018-07-10 17,주간,화,1,1,0,0,0,경기,용인시,차량단독,도로이탈,도로이탈 추락,안전운전 의무 불이행,단일로,기타단일로
30308,2018-11-16 18,야간,금,1,1,0,0,0,인천,연수구,차대차,기타,기타,기타,교차로,교차로내
30309,2018-06-28 06,주간,목,1,1,0,0,0,경북,구미시,차량단독,공작물충돌,공작물충돌,안전운전 의무 불이행,단일로,기타단일로
30310,2018-07-06 21,야간,금,1,1,0,0,0,충남,천안시,차대사람,횡단중,횡단중,과속,단일로,기타단일로
30311,2018-10-26 02,야간,금,1,1,0,0,0,서울,마포구,차량단독,공작물충돌,공작물충돌,안전운전 의무 불이행,단일로,기타단일로
30312,2018-06-19 11,주간,화,1,1,0,0,0,경기,남양주시,차대차,측면충돌,측면충돌,안전운전 의무 불이행,교차로,교차로내
30313,2018-10-02 15,주간,화,1,2,0,0,1,부산,남구,차대차,추돌,추돌,안전운전 의무 불이행,단일로,기타단일로
30314,2018-07-28 16,주간,토,1,1,0,0,0,경기,광주시,차량단독,공작물충돌,공작물충돌,안전운전 의무 불이행,단일로,기타단일로
30315,2018-08-10 20,야간,금,1,1,0,0,0,경기,고양시,차대사람,차도통행중,차도통행중,안전운전 의무 불이행,단일로,기타단일로
30316,2018-07-27 21,야간,금,1,2,0,1,0,대전,서구,차대차,기타,기타,신호위반,교차로,교차로내
30317,2018-10-17 12,주간,수,1,1,0,0,0,대전,서구,차대차,기타,기타,안전운전 의무 불이행,단일로,기타단일로
30318,2018-08-20 19,야간,월,1,1,0,0,0,경북,경산시,차대사람,횡단중,횡단중,보행자 보호의무 위반,교차로,교차로횡단보도내
30319,2018-08-12 11,주간,일,1,1,0,0,0,인천,남구,차대사람,횡단중,횡단중,보행자 보호의무 위반,교차로,교차로횡단보도내
30320,2018-09-14 08,주간,금,1,1,0,0,0,경기,화성시,차대차,측면충돌,측면충돌,안전운전 의무 불이행,교차로,교차로내
30321,2018-07-01 05,야간,일,1,1,0,0,0,경북,구미시,차대사람,횡단중,횡단중,안전운전 의무 불이행,단일로,기타단일로
30322,2018-07-21 05,야간,토,1,1,0,0,0,강원,원주시,차량단독,공작물충돌,공작물충돌,안전운전 의무 불이행,단일로,기타단일로
30323,2018-09-27 06,주간,목,1,1,0,0,0,전남,목포시,차대사람,횡단중,횡단중,안전운전 의무 불이행,교차로,교차로횡단보도내
30324,2018-08-29 09,주간,수,1,1,0,0,0,서울,영등포구,차대사람,횡단중,횡단중,신호위반,교차로,교차로부근
30325,2018-11-15 07,주간,목,1,1,0,0,0,제주,서귀포시,차대차,기타,기타,신호위반,교차로,교차로내
30326,2018-10-09 05,야간,화,1,1,0,0,0,경북,포항시,차대차,추돌,추돌,안전운전 의무 불이행,단일로,기타단일로
30327,2018-12-15 05,야간,토,1,1,0,0,0,서울,강서구,차대차,측면충돌,측면충돌,안전운전 의무 불이행,단일로,기타단일로
30328,2018-10-02 19,야간,화,1,1,0,0,0,대전,동구,차대사람,차도통행중,차도통행중,과속,단일로,기타단일로
30329,2018-10-10 13,주간,수,1,1,0,0,0,경북,포항시,차대사람,횡단중,횡단중,안전운전 의무 불이행,단일로,기타단일로
30330,2018-07-14 15,주간,토,1,1,0,0,0,경기,용인시,차량단독,도로이탈,도로이탈 추락,안전운전 의무 불이행,단일로,기타단일로
30331,2018-07-07 07,주간,토,1,1,0,0,0,경기,오산시,차대사람,보도통행중,보도통행중,안전운전 의무 불이행,교차로,교차로부근
30332,2018-08-25 14,주간,토,1,1,0,0,0,경기,광주시,차대차,측면충돌,측면충돌,중앙선 침범,기타,기타
30333,2018-08-03 04,야간,금,1,2,1,0,0,경기,파주시,차대차,추돌,추돌,안전운전 의무 불이행,단일로,기타단일로
30334,2018-10-06 02,야간,토,1,1,0,0,0,부산,부산진구,차대사람,횡단중,횡단중,안전운전 의무 불이행,단일로,기타단일로
30335,2018-08-05 04,야간,일,1,1,0,0,0,경기,안산시,차대사람,차도통행중,차도통행중,안전운전 의무 불이행,단일로,기타단일로
30336,2018-08-19 06,주간,일,1,1,0,0,0,인천,서구,차대사람,횡단중,횡단중,안전운전 의무 불이행,단일로,기타단일로
30337,2018-10-27 06,주간,토,1,1,0,0,0,대구,북구,차대사람,횡단중,횡단중,신호위반,교차로,교차로횡단보도내
30338,2018-10-12 16,주간,금,1,1,0,0,0,경북,포항시,차량단독,공작물충돌,공작물충돌,안전운전 의무 불이행,단일로,기타단일로
30339,2018-11-04 14,주간,일,1,1,0,0,0,강원,춘천시,차량단독,공작물충돌,공작물충돌,안전운전 의무 불이행,단일로,기타단일로
30340,2018-11-21 10,주간,수,1,1,0,0,0,제주,서귀포시,차대차,추돌,추돌,안전운전 의무 불이행,단일로,기타단일로