교통사고이력ID(사고기록 순서),발생년월일시,주야코드,요일코드,사망자수,부상자수,중상자수,경상자수,부상신고자수,발생지시도코드,발생지시도코드,사고유형대분류코드,사고유형중분류코드,사고유형코드,법규위반코드,도로형태대분류코드,도로로형태코드
30341,2018-09-03 06,주간,월,1,3,2,0,0,서울,영등포구,차대사람,보도통행중,보도통행중,기타,단일로,기타단일로
30342,2018-09-30 12,주간,일,1,1,0,0,0,서울,강남구,차대차,측면충돌,측면충돌,안전운전 의무 불이행,단일로,기타단일로
30343,2018-12-08 05,야간,토,1,1,0,0,0,서울,강남구,차대차,기타,기타,안전운전 의무 불이행,단일로,기타단일로
30344,2018-11-21 15,주간,수,1,1,0,0,0,제주,서귀포시,차대차,측면충돌,측면충돌,안전운전 의무 불이행,단일로,기타단일로
30345,2018-08-27 03,야간,월,1,1,0,0,0,경기,성남시,차대사람,차도통행중,차도통행중,안전운전 의무 불이행,단일로,기타단일로
30346,2018-12-18 22,야간,화,1,1,0,0,0,서울,구로구,차대사람,보도통행중,보도통행중,보행자 보호의무 위반,교차로,교차로횡단보도내
30347,2018-10-11 21,야간,목,1,2,1,0,0,부산,남구,차대차,추돌,추돌,안전운전 의무 불이행,교차로,교차로내
30348,2018-09-29 04,야간,토,1,1,0,0,0,전남,순천시,차대사람,기타,기타,안전운전 의무 불이행,단일로,기타단일로
30349,2018-11-23 06,주간,금,1,3,2,0,0,제주,서귀포시,차대차,기타,기타,안전운전 의무 불이행,단일로,기타단일로
30350,2018-12-18 17,주간,화,1,1,0,0,0,충북,충주시,차대사람,횡단중,횡단중,신호위반,단일로,기타단일로
30351,2018-09-29 17,주간,토,1,1,0,0,0,전남,순천시,차량단독,기타,기타,안전운전 의무 불이행,단일로,기타단일로
30352,2018-12-20 15,주간,목,1,1,0,0,0,서울,구로구,차대사람,기타,기타,안전운전 의무 불이행,교차로,교차로내
30353,2018-09-21 14,주간,금,2,3,1,0,0,경북,경주시,차대차,측면충돌,측면충돌,안전운전 의무 불이행,교차로,교차로내
30354,2018-11-05 17,주간,월,1,2,1,0,0,서울,마포구,차대차,정면충돌,정면충돌,신호위반,교차로,교차로부근
30355,2018-11-08 04,야간,목,1,1,0,0,0,울산,중구,차대사람,횡단중,횡단중,안전운전 의무 불이행,단일로,기타단일로
30356,2018-10-11 00,야간,목,1,1,0,0,0,부산,부산진구,차대사람,기타,기타,안전운전 의무 불이행,단일로,기타단일로
30357,2018-12-12 06,주간,수,1,1,0,0,0,경남,김해시,차대사람,횡단중,횡단중,안전운전 의무 불이행,교차로,교차로부근
30358,2018-10-30 11,주간,화,1,1,0,0,0,전북,전주시,차대차,측면충돌,측면충돌,중앙선 침범,교차로,교차로내
30359,2018-09-16 06,주간,일,1,1,0,0,0,전북,군산시,차대차,기타,기타,안전운전 의무 불이행,단일로,기타단일로
30360,2018-11-17 18,야간,토,1,1,0,0,0,경북,포항시,차대차,기타,기타,안전운전 의무 불이행,단일로,기타단일로
30361,2018-07-17 23,야간,화,1,1,0,0,0,경기,안산시,차대사람,횡단중,횡단중,안전운전 의무 불이행,단일로,기타단일로
30362,2018-10-05 06,주간,금,1,1,0,0,0,대전,대덕구,차대사람,횡단중,횡단중,안전운전 의무 불이행,단일로,기타단일로
30363,2018-08-20 04,야간,월,1,1,0,0,0,인천,남구,차대사람,기타,기타,안전운전 의무 불이행,기타,기타
30364,2018-10-02 12,주간,화,1,3,0,1,1,전남,순천시,차대차,측면충돌,측면충돌,신호위반,교차로,교차로부근
30365,2018-11-20 15,주간,화,1,1,0,0,0,서울,양천구,차대사람,횡단중,횡단중,보행자 보호의무 위반,교차로,교차로횡단보도내
30366,2018-08-29 14,주간,수,2,2,0,0,0,경북,경산시,차량단독,기타,기타,안전운전 의무 불이행,단일로,기타단일로
30367,2018-08-29 20,야간,수,1,1,0,0,0,경북,경산시,차대사람,차도통행중,차도통행중,안전운전 의무 불이행,단일로,기타단일로
30368,2018-09-30 04,야간,일,1,1,0,0,0,서울,동대문구,차대사람,기타,기타,안전운전 의무 불이행,기타,기타
30369,2018-11-21 04,야간,수,1,1,0,0,0,서울,양천구,차대사람,횡단중,횡단중,신호위반,교차로,교차로횡단보도내
30370,2018-11-12 18,야간,월,1,1,0,0,0,대구,서구,차대사람,기타,기타,안전운전 의무 불이행,기타,기타
30371,2018-07-19 20,야간,목,1,1,0,0,0,경기,용인시,차대사람,횡단중,횡단중,안전운전 의무 불이행,교차로,교차로내
30372,2018-08-25 13,주간,토,1,1,0,0,0,인천,서구,차량단독,공작물충돌,공작물충돌,안전운전 의무 불이행,단일로,기타단일로
30373,2018-11-29 16,주간,목,1,2,1,0,0,제주,서귀포시,차대차,추돌,추돌,안전운전 의무 불이행,단일로,기타단일로
30374,2018-08-20 10,주간,월,1,1,0,0,0,경기,고양시,차대차,측면충돌,측면충돌,교차로 통행방법 위반,교차로,교차로내
30375,2018-11-03 17,주간,토,1,1,0,0,0,경기,고양시,차대사람,횡단중,횡단중,신호위반,교차로,교차로부근
30376,2018-09-02 17,주간,일,1,1,0,0,0,경기,광주시,차대차,측면충돌,측면충돌,교차로 통행방법 위반,교차로,교차로내
30377,2018-12-26 16,주간,수,1,1,0,0,0,경기,안양시,차대차,측면충돌,측면충돌,기타,교차로,교차로부근
30378,2018-10-06 15,주간,토,1,1,0,0,0,전남,신안군,차대차,측면충돌,측면충돌,안전운전 의무 불이행,단일로,기타단일로
30379,2018-09-22 19,야간,토,1,1,0,0,0,전남,여수시,차대사람,차도통행중,차도통행중,안전운전 의무 불이행,기타,기타
30380,2018-11-26 01,야간,월,1,3,0,1,1,서울,양천구,차대사람,기타,기타,안전운전 의무 불이행,단일로,기타단일로
30381,2018-09-26 18,야간,수,1,1,0,0,0,경북,경주시,차량단독,공작물충돌,공작물충돌,안전운전 의무 불이행,단일로,기타단일로
30382,2018-09-28 17,주간,금,1,1,0,0,0,경기,화성시,차량단독,공작물충돌,공작물충돌,안전운전 의무 불이행,단일로,기타단일로
30383,2018-10-14 22,야간,일,1,1,0,0,0,대전,동구,차대사람,횡단중,횡단중,안전운전 의무 불이행,단일로,기타단일로
30384,2018-06-29 23,야간,금,1,1,0,0,0,경기,남양주시,차량단독,공작물충돌,공작물충돌,안전운전 의무 불이행,단일로,기타단일로
30385,2018-10-29 20,야간,월,1,1,0,0,0,전북,익산시,차대사람,기타,기타,안전운전 의무 불이행,단일로,기타단일로
30386,2018-10-09 12,주간,화,1,1,0,0,0,전남,신안군,차대사람,기타,기타,안전운전 의무 불이행,기타,기타
30387,2018-08-10 22,야간,금,1,1,0,0,0,경기,파주시,차량단독,공작물충돌,공작물충돌,안전운전 의무 불이행,단일로,기타단일로
30388,2018-11-22 06,주간,목,1,1,0,0,0,강원,강릉시,차대사람,횡단중,횡단중,안전운전 의무 불이행,단일로,기타단일로
30389,2018-08-22 06,주간,수,1,1,0,0,0,대구,동구,차대차,기타,기타,신호위반,단일로,기타단일로
30390,2018-06-30 11,주간,토,1,1,0,0,0,경기,남양주시,차량단독,기타,기타,안전운전 의무 불이행,단일로,기타단일로
30391,2018-11-11 03,야간,일,1,1,0,0,0,경기,수원시,차대차,추돌,추돌,안전운전 의무 불이행,단일로,기타단일로
30392,2018-07-10 19,야간,화,1,1,0,0,0,경북,구미시,차대차,측면충돌,측면충돌,안전운전 의무 불이행,교차로,교차로부근
30393,2018-08-25 15,주간,토,1,2,1,0,0,경기,김포시,차대사람,보도통행중,보도통행중,기타,교차로,교차로부근
30394,2018-10-02 05,야간,화,1,2,0,1,0,경기,화성시,차대차,추돌,추돌,안전운전 의무 불이행,단일로,기타단일로
30395,2018-08-05 06,주간,일,1,1,0,0,0,울산,남구,차대차,추돌,추돌,안전운전 의무 불이행,단일로,기타단일로
30396,2018-06-25 11,주간,월,1,2,0,1,0,서울,송파구,차대사람,길가장자리구역통행중,길가장자리구역통행중,기타,교차로,교차로부근
30397,2018-08-16 03,야간,목,1,1,0,0,0,제주,제주시,차대사람,기타,기타,과속,단일로,기타단일로
30398,2018-10-31 18,야간,수,1,1,0,0,0,전북,익산시,차대차,추돌,추돌,안전운전 의무 불이행,단일로,기타단일로
30399,2018-12-05 17,주간,수,1,1,0,0,0,제주,서귀포시,차대차,측면충돌,측면충돌,안전운전 의무 불이행,교차로,교차로내
30400,2018-12-22 20,야간,토,1,1,0,0,0,경남,김해시,차대사람,횡단중,횡단중,보행자 보호의무 위반,단일로,기타단일로
30401,2018-09-30 11,주간,일,1,4,1,2,0,경북,경주시,차대차,추돌,추돌,안전운전 의무 불이행,단일로,기타단일로
30402,2018-11-16 23,야간,금,1,1,0,0,0,인천,남동구,차대사람,기타,기타,안전운전 의무 불이행,단일로,기타단일로
30403,2018-08-27 05,야간,월,1,4,1,2,0,인천,남구,차대차,기타,기타,과속,교차로,교차로부근
30404,2018-08-01 08,주간,수,1,1,0,0,0,광주,북구,차대사람,횡단중,횡단중,안전운전 의무 불이행,단일로,기타단일로
30405,2018-09-28 05,야간,금,1,1,0,0,0,전남,여수시,차대사람,횡단중,횡단중,안전운전 의무 불이행,교차로,교차로내
30406,2018-07-20 12,주간,금,1,1,0,0,0,충남,천안시,차대사람,횡단중,횡단중,안전운전 의무 불이행,교차로,교차로횡단보도내
30407,2018-10-09 12,주간,화,1,1,0,0,0,서울,동대문구,차대차,기타,기타,안전거리 미확보,교차로,교차로횡단보도내
30408,2018-12-06 23,야간,목,1,1,0,0,0,강원,춘천시,차대사람,횡단중,횡단중,안전운전 의무 불이행,단일로,기타단일로
30409,2018-11-25 06,주간,일,1,4,0,0,3,경기,남양주시,차대차,기타,기타,안전운전 의무 불이행,단일로,기타단일로
30410,2018-07-13 23,야간,금,1,3,0,0,2,경기,시흥시,차대사람,횡단중,횡단중,안전운전 의무 불이행,단일로,기타단일로
30411,2018-09-07 08,주간,금,1,1,0,0,0,충북,청주시,차대사람,횡단중,횡단중,안전운전 의무 불이행,교차로,교차로내
30412,2018-11-14 14,주간,수,1,1,0,0,0,서울,노원구,차대차,측면충돌,측면충돌,기타,교차로,교차로내
30413,2018-10-06 06,주간,토,1,1,0,0,0,경기,화성시,차량단독,공작물충돌,공작물충돌,안전운전 의무 불이행,단일로,기타단일로
30414,2018-09-09 20,야간,일,1,1,0,0,0,경북,경산시,차대차,측면충돌,측면충돌,신호위반,교차로,교차로내
30415,2018-05-19 20,야간,토,1,1,0,0,0,경기,평택시,차대사람,기타,기타,안전운전 의무 불이행,단일로,기타단일로
30416,2018-12-12 04,야간,수,1,1,0,0,0,대구,북구,차량단독,기타,기타,안전운전 의무 불이행,단일로,기타단일로
30417,2018-11-27 16,주간,화,1,1,0,0,0,대구,서구,차대사람,기타,기타,안전운전 의무 불이행,교차로,교차로내
30418,2018-10-23 16,주간,화,1,1,0,0,0,대전,동구,차량단독,도로이탈,도로이탈 추락,안전운전 의무 불이행,단일로,기타단일로
30419,2018-11-07 17,주간,수,1,1,0,0,0,전북,익산시,차대사람,횡단중,횡단중,안전운전 의무 불이행,교차로,교차로내
30420,2018-11-30 05,야간,금,1,5,0,0,4,경기,평택시,차대차,추돌,추돌,안전거리 미확보,단일로,기타단일로
30421,2018-09-01 15,주간,토,1,1,0,0,0,경기,김포시,차대차,기타,기타,신호위반,교차로,교차로내
30422,2018-07-28 12,주간,토,1,7,2,4,0,경기,용인시,차대차,정면충돌,정면충돌,중앙선 침범,교차로,교차로부근
30423,2018-11-23 12,주간,금,1,1,0,0,0,울산,중구,차대사람,기타,기타,안전운전 의무 불이행,단일로,기타단일로
30424,2018-10-09 20,야간,화,2,2,0,0,0,경기,화성시,차대차,기타,기타,중앙선 침범,단일로,기타단일로
30425,2018-05-21 17,주간,월,1,1,0,0,0,경기,평택시,차량단독,전도,전도,안전운전 의무 불이행,단일로,기타단일로
30426,2018-08-31 05,야간,금,1,1,0,0,0,대구,동구,차대사람,기타,기타,안전운전 의무 불이행,교차로,교차로횡단보도내
30427,2018-11-09 06,주간,금,1,1,0,0,0,전북,익산시,차대사람,횡단중,횡단중,과속,단일로,기타단일로
30428,2018-09-16 00,야간,일,1,3,1,0,1,경기,성남시,차대사람,기타,기타,안전운전 의무 불이행,단일로,기타단일로
30429,2018-11-23 12,주간,금,1,2,0,1,0,서울,중랑구,차대차,측면충돌,측면충돌,신호위반,교차로,교차로내
30430,2018-10-01 16,주간,월,1,1,0,0,0,전북,군산시,차대차,기타,기타,안전운전 의무 불이행,교차로,교차로내
30431,2018-12-02 04,야간,일,1,1,0,0,0,대구,서구,차량단독,공작물충돌,공작물충돌,안전운전 의무 불이행,단일로,기타단일로
30432,2018-12-09 13,주간,일,1,1,0,0,0,강원,강릉시,차대차,기타,기타,안전운전 의무 불이행,단일로,기타단일로
30433,2018-08-23 15,주간,목,1,1,0,0,0,광주,광산구,차대사람,횡단중,횡단중,안전운전 의무 불이행,교차로,교차로부근
30434,2018-09-15 01,야간,토,1,2,0,1,0,경북,경산시,차대차,측면충돌,측면충돌,안전운전 의무 불이행,단일로,기타단일로
30435,2018-12-08 17,주간,토,1,1,0,0,0,경남,진주시,차대사람,횡단중,횡단중,보행자 보호의무 위반,단일로,기타단일로
30436,2018-12-20 19,야간,목,1,1,0,0,0,제주,서귀포시,차대사람,횡단중,횡단중,안전운전 의무 불이행,교차로,교차로내
30437,2018-12-20 18,야간,목,1,1,0,0,0,제주,서귀포시,차대사람,기타,기타,안전운전 의무 불이행,단일로,기타단일로
30438,2018-08-20 01,야간,월,1,1,0,0,0,경기,파주시,차량단독,공작물충돌,공작물충돌,안전운전 의무 불이행,단일로,기타단일로
30439,2018-08-10 00,야간,금,1,1,0,0,0,대전,유성구,차대차,측면충돌,측면충돌,과속,교차로,교차로내
30440,2018-09-10 15,주간,월,1,1,0,0,0,충남,아산시,차대차,추돌,추돌,안전운전 의무 불이행,단일로,기타단일로
30441,2018-09-14 21,야간,금,1,2,0,1,0,충북,청주시,차대차,기타,기타,안전운전 의무 불이행,교차로,교차로내
30442,2018-12-10 19,야간,월,1,1,0,0,0,경북,포항시,차대사람,횡단중,횡단중,과속,교차로,교차로횡단보도내
30443,2018-09-21 06,주간,금,1,1,0,0,0,전북,전주시,차대사람,횡단중,횡단중,과속,교차로,교차로부근
30444,2018-09-10 23,야간,월,1,1,0,0,0,충남,아산시,차대사람,횡단중,횡단중,안전운전 의무 불이행,기타,기타
30445,2018-08-09 09,주간,목,1,1,0,0,0,경기,수원시,차대사람,횡단중,횡단중,안전운전 의무 불이행,교차로,교차로내
30446,2018-09-05 18,야간,수,1,1,0,0,0,경기,김포시,차대차,기타,기타,안전운전 의무 불이행,교차로,교차로내
30447,2018-12-22 21,야간,토,1,1,0,0,0,제주,서귀포시,차대사람,기타,기타,안전운전 의무 불이행,단일로,기타단일로
30448,2018-07-19 20,야간,목,1,1,0,0,0,경북,구미시,차대사람,기타,기타,안전운전 의무 불이행,단일로,기타단일로
30449,2018-09-16 04,야간,일,1,1,0,0,0,경기,광주시,차대사람,횡단중,횡단중,신호위반,단일로,기타단일로
30450,2018-10-15 01,야간,월,1,1,0,0,0,경기,화성시,차량단독,기타,기타,안전운전 의무 불이행,단일로,기타단일로
30451,2018-11-14 03,야간,수,1,1,0,0,0,충남,천안시,차대차,측면충돌,측면충돌,안전운전 의무 불이행,교차로,교차로내
30452,2018-11-29 11,주간,목,1,4,1,2,0,서울,중랑구,차대차,정면충돌,정면충돌,중앙선 침범,불명,불명
30453,2018-08-18 23,야간,토,1,1,0,0,0,대전,서구,차대사람,기타,기타,안전운전 의무 불이행,단일로,기타단일로
30454,2018-07-28 00,야간,토,2,3,1,0,0,충남,천안시,차대차,정면충돌,정면충돌,중앙선 침범,단일로,기타단일로
30455,2018-12-13 18,야간,목,1,3,1,1,0,경남,진주시,차대차,측면충돌,측면충돌,신호위반,교차로,교차로내
30456,2018-12-23 04,야간,일,1,1,0,0,0,대구,북구,차대차,기타,기타,안전운전 의무 불이행,단일로,기타단일로
30457,2018-10-07 13,주간,일,1,1,0,0,0,전북,군산시,차대차,측면충돌,측면충돌,신호위반,교차로,교차로내
30458,2018-08-12 21,야간,일,1,1,0,0,0,대전,유성구,차대사람,횡단중,횡단중,과속,단일로,기타단일로
30459,2018-10-29 05,야간,월,1,1,0,0,0,서울,강남구,차대사람,보도통행중,보도통행중,안전운전 의무 불이행,단일로,기타단일로
30460,2018-12-05 06,주간,수,1,1,0,0,0,인천,남동구,차대사람,횡단중,횡단중,과속,단일로,기타단일로
30461,2018-10-10 14,주간,수,1,1,0,0,0,전남,여수시,차대사람,횡단중,횡단중,신호위반,교차로,교차로부근
30462,2018-07-25 07,주간,수,1,1,0,0,0,충북,청주시,차대차,측면충돌,측면충돌,안전운전 의무 불이행,교차로,교차로내
30463,2018-12-17 01,야간,월,1,2,1,0,0,경북,포항시,차량단독,도로이탈,도로이탈 추락,안전운전 의무 불이행,교차로,교차로부근
30464,2018-09-08 19,야간,토,1,1,0,0,0,경기,김포시,차대차,측면충돌,측면충돌,중앙선 침범,단일로,기타단일로
30465,2018-12-17 14,주간,월,1,1,0,0,0,경북,포항시,차대차,기타,기타,안전운전 의무 불이행,교차로,교차로부근
30466,2018-10-11 17,주간,목,1,1,0,0,0,전남,여수시,차대사람,횡단중,횡단중,과속,교차로,교차로내
30467,2018-11-18 06,주간,일,1,1,0,0,0,충남,천안시,차대차,측면충돌,측면충돌,신호위반,교차로,교차로내
30468,2018-08-03 21,야간,금,1,1,0,0,0,경기,용인시,차대사람,횡단중,횡단중,보행자 보호의무 위반,교차로,교차로횡단보도내
30469,2018-12-25 05,야간,화,1,1,0,0,0,서울,양천구,차대사람,차도통행중,차도통행중,안전운전 의무 불이행,단일로,기타단일로
30470,2018-07-30 18,야간,월,1,1,0,0,0,경기,의정부시,차량단독,기타,기타,안전운전 의무 불이행,단일로,기타단일로
30471,2018-08-12 21,야간,일,1,1,0,0,0,경기,수원시,차대사람,차도통행중,차도통행중,안전운전 의무 불이행,단일로,기타단일로
30472,2018-12-26 10,주간,수,1,1,0,0,0,강원,춘천시,차대차,정면충돌,정면충돌,신호위반,교차로,교차로내
30473,2018-12-19 06,주간,수,1,1,0,0,0,경남,진주시,차량단독,전도,전도,안전운전 의무 불이행,교차로,교차로부근
30474,2018-10-10 04,야간,수,1,1,0,0,0,전북,군산시,차량단독,공작물충돌,공작물충돌,안전운전 의무 불이행,단일로,기타단일로
30475,2018-09-12 09,주간,수,1,1,0,0,0,인천,서구,차량단독,공작물충돌,공작물충돌,안전운전 의무 불이행,단일로,기타단일로
30476,2018-10-29 13,주간,월,1,1,0,0,0,전남,순천시,차대사람,기타,기타,안전운전 의무 불이행,단일로,교량위
30477,2018-12-20 06,주간,목,1,2,0,1,0,경남,진주시,차대차,추돌,추돌,안전운전 의무 불이행,단일로,기타단일로
30478,2018-09-09 01,야간,일,1,1,0,0,0,경기,고양시,차대사람,횡단중,횡단중,안전운전 의무 불이행,단일로,기타단일로
30479,2018-10-08 14,주간,월,1,1,0,0,0,전남,신안군,차대사람,기타,기타,안전운전 의무 불이행,단일로,기타단일로
30480,2018-09-15 23,야간,토,1,1,0,0,0,충남,아산시,차대차,추돌,추돌,과속,단일로,기타단일로
30481,2018-10-20 10,주간,토,1,1,0,0,0,경기,화성시,차대차,측면충돌,측면충돌,신호위반,교차로,교차로내
30482,2018-12-04 04,야간,화,1,1,0,0,0,대구,북구,차대사람,횡단중,횡단중,안전거리 미확보,교차로,교차로내
30483,2018-11-17 05,야간,토,1,2,1,0,0,경북,포항시,차대차,측면충돌,측면충돌,중앙선 침범,단일로,기타단일로
30484,2018-07-15 20,야간,일,1,1,0,0,0,대구,수성구,차대사람,횡단중,횡단중,보행자 보호의무 위반,교차로,교차로횡단보도내
30485,2018-08-21 11,주간,화,1,1,0,0,0,울산,남구,차량단독,전도,전도,안전운전 의무 불이행,단일로,기타단일로
30486,2018-11-24 09,주간,토,1,1,0,0,0,전북,전주시,차대차,기타,기타,신호위반,교차로,교차로내
30487,2018-07-24 13,주간,화,1,1,0,0,0,경북,구미시,차대차,측면충돌,측면충돌,안전운전 의무 불이행,교차로,교차로부근
30488,2018-10-21 13,주간,일,1,2,1,0,0,경기,화성시,차량단독,공작물충돌,공작물충돌,안전운전 의무 불이행,단일로,기타단일로
30489,2018-10-31 08,주간,수,1,2,0,1,0,전남,순천시,차대차,기타,기타,과속,단일로,기타단일로
30490,2018-10-15 06,주간,월,1,2,0,1,0,전남,여수시,차대차,정면충돌,정면충돌,중앙선 침범,단일로,기타단일로
30491,2018-11-02 18,야간,금,1,1,0,0,0,대전,대덕구,차대사람,보도통행중,보도통행중,보행자 보호의무 위반,단일로,기타단일로
30492,2018-11-01 22,야간,목,1,1,0,0,0,전남,목포시,차대차,기타,기타,과속,단일로,기타단일로
30493,2018-12-23 12,주간,일,1,1,0,0,0,강원,강릉시,차대차,후진중충돌,후진중충돌,안전운전 의무 불이행,단일로,기타단일로
30494,2018-12-14 17,주간,금,1,3,0,2,0,경기,남양주시,차대차,추돌,추돌,안전운전 의무 불이행,단일로,기타단일로
30495,2018-09-22 23,야간,토,1,1,0,0,0,경기,광주시,차대사람,기타,기타,안전운전 의무 불이행,교차로,교차로부근
30496,2018-09-17 14,주간,월,1,1,0,0,0,충남,아산시,차대차,기타,기타,안전운전 의무 불이행,교차로,교차로내
30497,2018-07-17 08,주간,화,1,1,0,0,0,광주,북구,차대차,측면충돌,측면충돌,기타,단일로,기타단일로
30498,2018-11-21 09,주간,수,1,1,0,0,0,전북,익산시,차량단독,기타,기타,안전운전 의무 불이행,교차로,교차로부근
30499,2018-09-10 09,주간,월,1,1,0,0,0,대구,동구,차대차,기타,기타,기타,단일로,기타단일로
30500,2018-12-06 22,야간,목,1,1,0,0,0,대구,북구,차대사람,횡단중,횡단중,과속,단일로,기타단일로
30501,2018-09-15 03,야간,토,1,1,0,0,0,인천,서구,차대사람,횡단중,횡단중,안전운전 의무 불이행,단일로,기타단일로
30502,2018-07-15 08,주간,일,1,1,0,0,0,경기,남양주시,차대사람,횡단중,횡단중,보행자 보호의무 위반,교차로,교차로내
30503,2018-12-21 17,주간,금,1,1,0,0,0,경북,포항시,차대사람,횡단중,횡단중,안전운전 의무 불이행,단일로,기타단일로
30504,2018-11-05 07,주간,월,1,4,2,1,0,서울,강남구,차대차,정면충돌,정면충돌,신호위반,교차로,교차로내
30505,2018-10-28 06,주간,일,1,1,0,0,0,서울,동대문구,차대사람,횡단중,횡단중,보행자 보호의무 위반,교차로,교차로횡단보도내
30506,2018-10-03 09,주간,수,1,2,0,1,0,서울,영등포구,차대차,기타,기타,안전운전 의무 불이행,교차로,교차로부근
30507,2018-09-25 03,야간,화,1,1,0,0,0,충북,청주시,차량단독,기타,기타,안전운전 의무 불이행,단일로,기타단일로
30508,2018-10-23 20,야간,화,1,1,0,0,0,경기,화성시,차량단독,전복,전복,안전운전 의무 불이행,단일로,기타단일로
30509,2018-10-01 05,야간,월,1,1,0,0,0,전북,전주시,차대사람,횡단중,횡단중,과속,교차로,교차로내
30510,2018-10-01 06,주간,월,1,1,0,0,0,전북,전주시,차대차,측면충돌,측면충돌,안전운전 의무 불이행,교차로,교차로부근
30511,2018-09-09 17,주간,일,1,1,0,0,0,경기,고양시,차량단독,공작물충돌,공작물충돌,안전운전 의무 불이행,단일로,기타단일로
30512,2018-09-14 22,야간,금,1,1,0,0,0,경기,김포시,차대차,측면충돌,측면충돌,교차로 통행방법 위반,교차로,교차로내
30513,2018-11-07 06,주간,수,1,1,0,0,0,전남,목포시,차대사람,기타,기타,안전운전 의무 불이행,단일로,기타단일로
30514,2018-10-23 15,주간,화,1,1,0,0,0,경북,경주시,차대차,측면충돌,측면충돌,안전운전 의무 불이행,단일로,기타단일로
30515,2018-10-12 20,야간,금,1,1,0,0,0,제주,제주시,차대차,기타,기타,중앙선 침범,단일로,기타단일로
30516,2018-10-24 07,주간,수,1,1,0,0,0,경북,경주시,차대사람,차도통행중,차도통행중,안전운전 의무 불이행,단일로,기타단일로
30517,2018-09-17 08,주간,월,1,1,0,0,0,경기,김포시,차대사람,기타,기타,안전운전 의무 불이행,교차로,교차로내
30518,2018-12-30 00,야간,일,1,1,0,0,0,강원,강릉시,차량단독,공작물충돌,공작물충돌,안전운전 의무 불이행,단일로,기타단일로
30519,2018-09-21 09,주간,금,1,3,1,1,0,충남,아산시,차대차,추돌,추돌,안전운전 의무 불이행,단일로,기타단일로
30520,2018-11-12 13,주간,월,1,1,0,0,0,대전,동구,차대차,측면충돌,측면충돌,안전운전 의무 불이행,교차로,교차로횡단보도내
30521,2018-11-11 11,주간,일,1,1,0,0,0,경남,양산시,차량단독,공작물충돌,공작물충돌,안전운전 의무 불이행,단일로,기타단일로
30522,2018-10-05 05,야간,금,1,1,0,0,0,전북,전주시,차대사람,횡단중,횡단중,안전운전 의무 불이행,단일로,기타단일로
30523,2018-12-24 05,야간,월,1,1,0,0,0,대구,서구,차대사람,차도통행중,차도통행중,안전운전 의무 불이행,단일로,기타단일로
30524,2018-11-12 00,야간,월,1,2,1,0,0,경남,양산시,차량단독,공작물충돌,공작물충돌,안전운전 의무 불이행,교차로,교차로내
30525,2018-10-15 14,주간,월,1,2,0,0,1,충북,청주시,차대차,측면충돌,측면충돌,안전운전 의무 불이행,단일로,지하차도(도로)내
30526,2018-07-29 13,주간,일,1,1,0,0,0,경기,오산시,차대차,기타,기타,안전운전 의무 불이행,단일로,기타단일로
30527,2018-09-19 07,주간,수,1,2,0,1,0,인천,서구,차대차,기타,기타,안전운전 의무 불이행,교차로,교차로부근
30528,2018-10-07 18,야간,일,1,3,2,0,0,서울,영등포구,차대차,측면충돌,측면충돌,중앙선 침범,단일로,기타단일로
30529,2018-09-29 04,야간,토,1,1,0,0,0,경북,경산시,차대사람,기타,기타,신호위반,교차로,교차로횡단보도내
30530,2018-12-17 07,주간,월,1,2,0,1,0,경남,창원시(통합),차대차,정면충돌,정면충돌,안전운전 의무 불이행,단일로,교량위
30531,2018-12-15 18,야간,토,1,1,0,0,0,경기,고양시,차대사람,차도통행중,차도통행중,안전운전 의무 불이행,교차로,교차로부근
30532,2018-12-24 19,야간,월,1,1,0,0,0,경기,성남시,차대사람,차도통행중,차도통행중,안전운전 의무 불이행,단일로,기타단일로
30533,2018-10-23 06,주간,화,1,1,0,0,0,전남,여수시,차대사람,횡단중,횡단중,과속,단일로,기타단일로
30534,2018-11-12 08,주간,월,1,1,0,0,0,전남,신안군,차량단독,공작물충돌,공작물충돌,안전운전 의무 불이행,교차로,교차로부근
30535,2018-12-27 14,주간,목,1,1,0,0,0,경기,여주시,차량단독,기타,기타,안전운전 의무 불이행,단일로,기타단일로
30536,2018-11-21 10,주간,수,1,1,0,0,0,서울,서초구,차대사람,기타,기타,안전운전 의무 불이행,교차로,교차로횡단보도내
30537,2018-10-10 10,주간,수,1,2,0,1,0,경기,성남시,차대차,기타,기타,안전거리 미확보,단일로,기타단일로
30538,2018-09-19 08,주간,수,1,1,0,0,0,경기,고양시,차대차,측면충돌,측면충돌,중앙선 침범,교차로,교차로부근
30539,2018-08-21 22,야간,화,1,1,0,0,0,광주,북구,차대사람,횡단중,횡단중,안전운전 의무 불이행,단일로,기타단일로
30540,2018-11-14 16,주간,수,1,2,1,0,0,전남,신안군,차대차,정면충돌,정면충돌,중앙선 침범,단일로,기타단일로
30541,2018-06-01 23,야간,금,1,1,0,0,0,경기,평택시,차량단독,기타,기타,안전운전 의무 불이행,단일로,기타단일로
30542,2018-10-12 04,야간,금,1,1,0,0,0,전남,여수시,차량단독,공작물충돌,공작물충돌,안전운전 의무 불이행,단일로,기타단일로