교통사고이력ID(사고기록 순서),발생년월일시,주야코드,요일코드,사망자수,부상자수,중상자수,경상자수,부상신고자수,발생지시도코드,발생지시도코드,사고유형대분류코드,사고유형중분류코드,사고유형코드,법규위반코드,도로형태대분류코드,도로로형태코드
30543,2018-10-03 21,야간,수,1,1,0,0,0,경북,경산시,차대사람,횡단중,횡단중,안전운전 의무 불이행,교차로,교차로내
30544,2018-09-29 02,야간,토,1,1,0,0,0,충남,아산시,차대차,기타,기타,안전운전 의무 불이행,단일로,기타단일로
30545,2018-08-02 20,야간,목,1,1,0,0,0,경기,화성시,차대사람,기타,기타,과속,교차로,교차로횡단보도내
30546,2018-10-13 01,야간,토,1,1,0,0,0,전북,전주시,차량단독,기타,기타,안전운전 의무 불이행,단일로,기타단일로
30547,2018-08-12 21,야간,일,1,1,0,0,0,충남,천안시,차대차,기타,기타,안전운전 의무 불이행,단일로,기타단일로
30548,2018-07-31 21,야간,화,1,1,0,0,0,경기,시흥시,차대사람,차도통행중,차도통행중,안전운전 의무 불이행,단일로,기타단일로
30549,2018-10-07 06,주간,일,1,1,0,0,0,충북,청주시,차대사람,횡단중,횡단중,중앙선 침범,교차로,교차로부근
30550,2018-11-03 22,야간,토,1,1,0,0,0,경북,경주시,차대사람,차도통행중,차도통행중,안전운전 의무 불이행,교차로,교차로내
30551,2018-08-08 02,야간,수,1,1,0,0,0,충북,청주시,차량단독,공작물충돌,공작물충돌,안전운전 의무 불이행,단일로,기타단일로
30552,2018-10-24 17,주간,수,1,1,0,0,0,제주,제주시,차대차,측면충돌,측면충돌,안전운전 의무 불이행,교차로,교차로내
30553,2018-10-29 05,야간,월,1,1,0,0,0,전북,군산시,차량단독,공작물충돌,공작물충돌,안전운전 의무 불이행,단일로,기타단일로
30554,2018-10-26 06,주간,금,1,1,0,0,0,대구,달서구,차대사람,횡단중,횡단중,안전운전 의무 불이행,교차로,교차로횡단보도내
30555,2018-12-01 15,주간,토,1,1,0,0,0,부산,부산진구,차대사람,횡단중,횡단중,과속,교차로,교차로내
30556,2018-11-20 09,주간,화,1,1,0,0,0,전남,순천시,차대차,기타,기타,안전운전 의무 불이행,단일로,기타단일로
30557,2018-08-20 10,주간,월,1,1,0,0,0,경기,안산시,차대사람,횡단중,횡단중,과속,단일로,기타단일로
30558,2018-11-06 11,주간,화,1,1,0,0,0,경북,경주시,차량단독,도로이탈,도로이탈 기타,안전운전 의무 불이행,단일로,기타단일로
30559,2018-09-30 04,야간,일,1,1,0,0,0,경기,김포시,차대사람,기타,기타,안전운전 의무 불이행,교차로,교차로내
30560,2018-07-26 06,주간,목,1,1,0,0,0,경기,남양주시,차량단독,기타,기타,안전운전 의무 불이행,단일로,기타단일로
30561,2018-07-26 07,주간,목,2,3,0,1,0,경기,남양주시,차대차,기타,기타,중앙선 침범,단일로,기타단일로
30562,2018-09-07 05,야간,금,1,1,0,0,0,울산,남구,차대사람,횡단중,횡단중,안전운전 의무 불이행,단일로,기타단일로
30563,2018-11-29 23,야간,목,1,5,1,3,0,서울,서초구,차대차,측면충돌,측면충돌,신호위반,교차로,교차로내
30564,2018-11-03 04,야간,토,1,1,0,0,0,전남,여수시,차대사람,횡단중,횡단중,안전운전 의무 불이행,단일로,기타단일로
30565,2018-08-20 18,야간,월,1,1,0,0,0,경기,안산시,차대사람,횡단중,횡단중,안전운전 의무 불이행,교차로,교차로횡단보도내
30566,2018-12-10 08,주간,월,1,1,0,0,0,경북,포항시,차대차,측면충돌,측면충돌,안전운전 의무 불이행,교차로,교차로내
30567,2018-10-28 07,주간,일,1,1,0,0,0,제주,제주시,차량단독,전도,전도,안전운전 의무 불이행,단일로,기타단일로
30568,2018-11-17 20,야간,토,1,1,0,0,0,서울,동대문구,차대사람,기타,기타,안전운전 의무 불이행,단일로,기타단일로
30569,2018-10-01 21,야간,월,1,1,0,0,0,인천,서구,차대사람,차도통행중,차도통행중,안전운전 의무 불이행,단일로,기타단일로
30570,2018-07-18 01,야간,수,1,2,0,1,0,서울,송파구,차대사람,차도통행중,차도통행중,안전운전 의무 불이행,교차로,교차로부근
30571,2018-10-24 22,야간,수,1,1,0,0,0,경북,포항시,차량단독,공작물충돌,공작물충돌,안전운전 의무 불이행,단일로,기타단일로
30572,2018-11-01 18,야간,목,1,1,0,0,0,전북,군산시,차대사람,횡단중,횡단중,보행자 보호의무 위반,교차로,교차로내
30573,2018-11-19 06,주간,월,1,1,0,0,0,서울,동대문구,차대차,기타,기타,안전운전 의무 불이행,교차로,교차로내
30574,2018-08-07 14,주간,화,1,3,2,0,0,경북,구미시,차대차,추돌,추돌,안전운전 의무 불이행,단일로,기타단일로
30575,2018-09-18 02,야간,화,1,1,0,0,0,제주,제주시,차대사람,기타,기타,안전운전 의무 불이행,교차로,교차로내
30576,2018-10-07 03,야간,일,1,2,1,0,0,충남,아산시,차량단독,공작물충돌,공작물충돌,안전운전 의무 불이행,기타,기타
30577,2018-09-11 11,주간,화,1,2,0,1,0,울산,남구,차대차,추돌,추돌,안전운전 의무 불이행,교차로,교차로부근
30578,2018-12-17 07,주간,월,1,2,1,0,0,전북,익산시,차대사람,기타,기타,안전운전 의무 불이행,단일로,교량위
30579,2018-12-11 07,주간,화,1,1,0,0,0,부산,수영구,차대사람,횡단중,횡단중,보행자 보호의무 위반,단일로,기타단일로
30580,2018-08-31 13,주간,금,1,1,0,0,0,경기,수원시,차대사람,기타,기타,과속,단일로,기타단일로
30581,2018-10-13 06,주간,토,1,1,0,0,0,경북,경산시,차대사람,횡단중,횡단중,과속,교차로,교차로횡단보도내
30582,2018-08-08 17,주간,수,1,1,0,0,0,경북,구미시,차대차,기타,기타,기타,교차로,교차로내
30583,2018-08-13 13,주간,월,1,3,0,2,0,충북,청주시,차대차,측면충돌,측면충돌,신호위반,교차로,교차로내
30584,2018-10-04 23,야간,목,1,2,0,1,0,경기,김포시,차대차,측면충돌,측면충돌,신호위반,교차로,교차로내
30585,2018-11-27 10,주간,화,1,1,0,0,0,대전,동구,차량단독,기타,기타,안전운전 의무 불이행,교차로,교차로부근
30586,2018-12-10 00,야간,월,1,1,0,0,0,부산,부산진구,차대차,측면충돌,측면충돌,신호위반,교차로,교차로내
30587,2018-07-20 16,주간,금,1,1,0,0,0,서울,송파구,차대사람,횡단중,횡단중,안전운전 의무 불이행,단일로,기타단일로
30588,2018-11-15 08,주간,목,1,1,0,0,0,경기,화성시,차량단독,공작물충돌,공작물충돌,안전운전 의무 불이행,단일로,기타단일로
30589,2018-11-08 01,야간,목,1,1,0,0,0,전남,여수시,차대사람,횡단중,횡단중,안전운전 의무 불이행,교차로,교차로내
30590,2018-08-11 19,야간,토,1,2,0,1,0,경기,화성시,차대차,추돌,추돌,안전운전 의무 불이행,단일로,기타단일로
30591,2018-08-15 07,주간,수,1,1,0,0,0,충북,청주시,차대차,기타,기타,안전운전 의무 불이행,단일로,기타단일로
30592,2018-11-14 20,야간,수,1,1,0,0,0,경북,경주시,차대사람,길가장자리구역통행중,길가장자리구역통행중,안전운전 의무 불이행,단일로,기타단일로
30593,2018-07-21 09,주간,토,1,3,0,2,0,서울,송파구,차대차,측면충돌,측면충돌,신호위반,교차로,교차로부근
30594,2018-10-02 15,주간,화,1,1,0,0,0,대구,동구,차대사람,기타,기타,안전운전 의무 불이행,교차로,교차로횡단보도내
30595,2018-08-10 21,야간,금,1,1,0,0,0,경북,구미시,차대사람,횡단중,횡단중,신호위반,교차로,교차로내
30596,2018-08-09 15,주간,목,1,2,0,1,0,경기,시흥시,차대차,추돌,추돌,안전운전 의무 불이행,단일로,기타단일로
30597,2018-10-18 23,야간,목,1,4,0,3,0,충북,청주시,차대차,추돌,추돌,안전운전 의무 불이행,단일로,기타단일로
30598,2018-12-21 18,야간,금,1,1,0,0,0,전북,익산시,차대사람,길가장자리구역통행중,길가장자리구역통행중,안전운전 의무 불이행,단일로,기타단일로
30599,2018-10-05 11,주간,금,1,1,0,0,0,인천,남구,차대차,기타,기타,중앙선 침범,단일로,기타단일로
30600,2018-09-07 04,야간,금,1,2,0,1,0,대전,유성구,차대차,추돌,추돌,안전운전 의무 불이행,단일로,기타단일로
30601,2018-12-22 19,야간,토,1,1,0,0,0,경북,포항시,차대사람,차도통행중,차도통행중,안전운전 의무 불이행,단일로,기타단일로
30602,2018-10-16 18,야간,화,1,1,0,0,0,경기,광주시,차대사람,횡단중,횡단중,안전운전 의무 불이행,단일로,기타단일로
30603,2018-12-24 07,주간,월,1,1,0,0,0,전북,익산시,차대차,측면충돌,측면충돌,기타,교차로,교차로내
30604,2018-10-29 09,주간,월,1,2,0,1,0,서울,영등포구,차대차,정면충돌,정면충돌,신호위반,교차로,교차로내
30605,2018-10-07 05,야간,일,1,1,0,0,0,대구,동구,차대사람,횡단중,횡단중,안전운전 의무 불이행,기타,기타
30606,2018-10-07 08,주간,일,1,1,0,0,0,경기,고양시,차대사람,기타,기타,안전운전 의무 불이행,단일로,기타단일로
30607,2018-12-26 05,야간,수,1,1,0,0,0,전북,익산시,차대사람,횡단중,횡단중,안전운전 의무 불이행,교차로,교차로횡단보도내
30608,2018-09-19 03,야간,수,1,1,0,0,0,울산,남구,차량단독,공작물충돌,공작물충돌,안전운전 의무 불이행,단일로,기타단일로
30609,2018-08-22 22,야간,수,1,1,0,0,0,경기,부천시,차대차,추돌,추돌,안전운전 의무 불이행,단일로,기타단일로
30610,2018-10-30 16,주간,화,1,1,0,0,0,전북,전주시,차대사람,횡단중,횡단중,안전운전 의무 불이행,단일로,기타단일로
30611,2018-11-23 01,야간,금,1,1,0,0,0,경기,화성시,차대차,측면충돌,측면충돌,안전운전 의무 불이행,단일로,기타단일로
30612,2018-10-10 10,주간,수,1,10,2,7,0,인천,남구,차대차,추돌,추돌,안전운전 의무 불이행,교차로,교차로내
30613,2018-11-10 14,주간,토,1,1,0,0,0,제주,제주시,차대차,기타,기타,신호위반,교차로,교차로내
30614,2018-11-01 15,주간,목,1,1,0,0,0,서울,영등포구,차대사람,횡단중,횡단중,안전운전 의무 불이행,단일로,기타단일로
30615,2018-12-12 06,주간,수,1,1,0,0,0,경남,양산시,차대차,정면충돌,정면충돌,중앙선 침범,단일로,기타단일로
30616,2018-11-23 20,야간,금,1,1,0,0,0,경기,화성시,차대사람,기타,기타,안전운전 의무 불이행,기타,기타
30617,2018-10-23 06,주간,화,1,1,0,0,0,경북,경산시,차대사람,횡단중,횡단중,안전운전 의무 불이행,교차로,교차로내
30618,2018-08-31 16,주간,금,1,1,0,0,0,경기,용인시,차대사람,횡단중,횡단중,안전운전 의무 불이행,교차로,교차로내
30619,2018-11-08 04,야간,목,1,1,0,0,0,경기,성남시,차량단독,공작물충돌,공작물충돌,안전운전 의무 불이행,단일로,기타단일로
30620,2018-10-27 07,주간,토,1,1,0,0,0,충북,청주시,차대차,정면충돌,정면충돌,신호위반,교차로,교차로내
30621,2018-08-17 06,주간,금,1,1,0,0,0,경북,구미시,차대차,기타,기타,안전운전 의무 불이행,단일로,기타단일로
30622,2018-12-14 20,야간,금,1,1,0,0,0,전남,목포시,차대사람,기타,기타,안전운전 의무 불이행,단일로,기타단일로
30623,2018-10-30 07,주간,화,1,1,0,0,0,충북,청주시,차대차,측면충돌,측면충돌,신호위반,교차로,교차로내
30624,2018-11-28 20,야간,수,1,2,1,0,0,경기,화성시,차대차,추돌,추돌,안전운전 의무 불이행,단일로,기타단일로
30625,2018-12-21 06,주간,금,1,1,0,0,0,서울,강남구,차대사람,횡단중,횡단중,안전운전 의무 불이행,단일로,기타단일로
30626,2018-12-19 03,야간,수,1,1,0,0,0,경남,양산시,차량단독,공작물충돌,공작물충돌,안전운전 의무 불이행,단일로,기타단일로
30627,2018-10-03 03,야간,수,1,1,0,0,0,제주,제주시,차대사람,횡단중,횡단중,안전운전 의무 불이행,단일로,기타단일로
30628,2018-12-24 05,야간,월,1,1,0,0,0,서울,서초구,차대차,기타,기타,안전운전 의무 불이행,단일로,기타단일로
30629,2018-08-18 14,주간,토,1,1,0,0,0,경기,시흥시,차량단독,공작물충돌,공작물충돌,안전운전 의무 불이행,단일로,기타단일로
30630,2018-12-23 22,야간,일,1,1,0,0,0,서울,강남구,차대사람,횡단중,횡단중,신호위반,단일로,기타단일로
30631,2018-10-18 15,주간,목,1,1,0,0,0,경기,김포시,차대차,기타,기타,신호위반,교차로,교차로내
30632,2018-09-01 16,주간,토,1,1,0,0,0,충남,천안시,차대차,측면충돌,측면충돌,안전운전 의무 불이행,교차로,교차로내
30633,2018-11-27 04,야간,화,1,1,0,0,0,전남,여수시,차량단독,공작물충돌,공작물충돌,안전운전 의무 불이행,단일로,기타단일로
30634,2018-09-16 07,주간,일,1,3,1,1,0,대전,유성구,차대차,정면충돌,정면충돌,중앙선 침범,교차로,교차로부근
30635,2018-08-09 13,주간,목,1,5,0,4,0,대구,수성구,차대차,측면충돌,측면충돌,신호위반,교차로,교차로내
30636,2018-12-11 17,주간,화,1,1,0,0,0,서울,동대문구,차대사람,기타,기타,보행자 보호의무 위반,교차로,교차로부근
30637,2018-09-03 04,야간,월,1,1,0,0,0,충남,천안시,차대사람,횡단중,횡단중,과속,교차로,교차로내
30638,2018-07-30 04,야간,월,1,2,1,0,0,서울,송파구,차대차,측면충돌,측면충돌,신호위반,교차로,교차로내
30639,2018-12-24 08,주간,월,1,1,0,0,0,경남,양산시,차대차,측면충돌,측면충돌,안전운전 의무 불이행,교차로,교차로내
30640,2018-08-31 23,야간,금,1,2,1,0,0,경기,부천시,차대사람,기타,기타,안전운전 의무 불이행,교차로,교차로부근
30641,2018-08-24 22,야간,금,1,1,0,0,0,경기,오산시,차대차,측면충돌,측면충돌,신호위반,교차로,교차로내
30642,2018-09-07 00,야간,금,1,1,0,0,0,경기,안산시,차대차,추돌,추돌,안전운전 의무 불이행,단일로,기타단일로
30643,2018-10-18 22,야간,목,1,1,0,0,0,경기,고양시,차대차,기타,기타,안전운전 의무 불이행,교차로,교차로내
30644,2018-10-08 20,야간,월,1,1,0,0,0,광주,광산구,차대사람,횡단중,횡단중,과속,단일로,기타단일로
30645,2018-11-23 18,야간,금,1,1,0,0,0,제주,제주시,차대차,기타,기타,신호위반,교차로,교차로내
30646,2018-10-02 19,야간,화,1,1,0,0,0,경기,파주시,차대사람,횡단중,횡단중,안전운전 의무 불이행,단일로,기타단일로
30647,2018-12-23 04,야간,일,1,1,0,0,0,전남,순천시,차대사람,기타,기타,과속,단일로,기타단일로
30648,2018-11-15 06,주간,목,1,1,0,0,0,전북,전주시,차대사람,횡단중,횡단중,안전운전 의무 불이행,단일로,기타단일로
30649,2018-12-27 04,야간,목,1,1,0,0,0,대전,동구,차대차,추돌,추돌,안전운전 의무 불이행,단일로,기타단일로
30650,2018-10-30 05,야간,화,1,1,0,0,0,대전,중구,차대사람,차도통행중,차도통행중,안전운전 의무 불이행,단일로,기타단일로
30651,2018-09-09 04,야간,일,1,1,0,0,0,경기,용인시,차대사람,차도통행중,차도통행중,안전운전 의무 불이행,단일로,기타단일로
30652,2018-08-13 07,주간,월,1,1,0,0,0,경기,남양주시,차대사람,횡단중,횡단중,안전운전 의무 불이행,교차로,교차로내
30653,2018-09-16 18,야간,일,1,1,0,0,0,광주,북구,차량단독,공작물충돌,공작물충돌,안전운전 의무 불이행,단일로,기타단일로
30654,2018-11-28 13,주간,수,1,1,0,0,0,충북,청주시,차대차,측면충돌,측면충돌,신호위반,단일로,기타단일로
30655,2018-09-21 21,야간,금,1,1,0,0,0,대전,유성구,차대사람,보도통행중,보도통행중,보행자 보호의무 위반,교차로,교차로횡단보도내
30656,2018-12-28 20,야간,금,1,1,0,0,0,대전,동구,차대사람,횡단중,횡단중,안전운전 의무 불이행,교차로,교차로부근
30657,2018-10-12 19,야간,금,1,1,0,0,0,경기,안산시,차대사람,횡단중,횡단중,안전운전 의무 불이행,교차로,교차로횡단보도내
30658,2018-12-26 20,야간,수,1,2,1,0,0,전남,목포시,차대사람,횡단중,횡단중,안전운전 의무 불이행,단일로,기타단일로
30659,2018-10-13 13,주간,토,1,1,0,0,0,광주,광산구,차대차,측면충돌,측면충돌,안전운전 의무 불이행,교차로,교차로내
30660,2018-11-29 10,주간,목,1,1,0,0,0,제주,제주시,차대사람,기타,기타,안전운전 의무 불이행,단일로,기타단일로
30661,2018-11-17 19,야간,토,1,1,0,0,0,서울,영등포구,차대사람,기타,기타,보행자 보호의무 위반,교차로,교차로내
30662,2018-09-28 08,주간,금,1,1,0,0,0,경기,의정부시,차량단독,전도,전도,안전운전 의무 불이행,기타,기타
30663,2018-12-14 12,주간,금,2,2,0,0,0,경북,경주시,차량단독,공작물충돌,공작물충돌,안전운전 의무 불이행,교차로,교차로부근
30664,2018-09-09 11,주간,일,1,1,0,0,0,충남,천안시,차량단독,기타,기타,안전운전 의무 불이행,단일로,기타단일로
30665,2018-12-31 18,야간,월,1,2,1,0,0,경남,양산시,차량단독,공작물충돌,공작물충돌,안전운전 의무 불이행,교차로,교차로내
30666,2018-10-24 22,야간,수,1,1,0,0,0,경기,고양시,차대사람,횡단중,횡단중,안전운전 의무 불이행,단일로,기타단일로
30667,2018-10-27 12,주간,토,1,1,0,0,0,인천,남구,차대차,정면충돌,정면충돌,안전운전 의무 불이행,교차로,교차로부근
30668,2018-09-10 04,야간,월,1,1,0,0,0,충남,천안시,차대사람,횡단중,횡단중,안전운전 의무 불이행,단일로,기타단일로
30669,2018-10-10 10,주간,수,1,1,0,0,0,경기,파주시,차대사람,차도통행중,차도통행중,안전운전 의무 불이행,단일로,기타단일로
30670,2018-10-31 00,야간,수,1,1,0,0,0,경기,김포시,차량단독,기타,기타,안전운전 의무 불이행,단일로,기타단일로
30671,2018-09-20 09,주간,목,1,1,0,0,0,광주,북구,차대사람,횡단중,횡단중,안전운전 의무 불이행,교차로,교차로내
30672,2018-11-14 23,야간,수,1,1,0,0,0,충북,청주시,차량단독,공작물충돌,공작물충돌,안전운전 의무 불이행,교차로,교차로내
30673,2018-12-11 17,주간,화,1,1,0,0,0,전남,여수시,차대사람,횡단중,횡단중,안전운전 의무 불이행,교차로,교차로부근
30674,2018-12-18 02,야간,화,1,1,0,0,0,경북,경주시,차량단독,전도,전도,안전운전 의무 불이행,단일로,지하차도(도로)내
30675,2018-12-05 11,주간,수,1,1,0,0,0,제주,제주시,차대차,기타,기타,안전운전 의무 불이행,교차로,교차로내
30676,2018-08-30 17,주간,목,1,3,2,0,0,경북,구미시,차대차,정면충돌,정면충돌,교차로 통행방법 위반,교차로,교차로내
30677,2018-12-19 13,주간,수,1,1,0,0,0,경북,경주시,차대사람,횡단중,횡단중,안전운전 의무 불이행,단일로,기타단일로
30678,2018-12-19 18,야간,수,1,1,0,0,0,경북,경주시,차대사람,차도통행중,차도통행중,안전운전 의무 불이행,단일로,기타단일로
30679,2018-12-13 17,주간,목,1,1,0,0,0,전남,여수시,차대사람,횡단중,횡단중,안전운전 의무 불이행,단일로,기타단일로
30680,2018-08-06 06,주간,월,1,1,0,0,0,서울,송파구,차대사람,기타,기타,안전운전 의무 불이행,교차로,교차로부근
30681,2018-10-12 02,야간,금,1,4,2,1,0,광주,서구,차대차,측면충돌,측면충돌,신호위반,교차로,교차로내
30682,2018-11-07 18,야간,수,1,1,0,0,0,충남,아산시,차대사람,횡단중,횡단중,안전운전 의무 불이행,단일로,기타단일로
30683,2018-10-14 02,야간,일,1,1,0,0,0,경기,파주시,차량단독,공작물충돌,공작물충돌,안전운전 의무 불이행,단일로,기타단일로
30684,2018-11-03 13,주간,토,1,1,0,0,0,인천,서구,차대사람,횡단중,횡단중,안전운전 의무 불이행,교차로,교차로내
30685,2018-10-21 19,야간,일,1,1,0,0,0,광주,광산구,차대사람,차도통행중,차도통행중,안전운전 의무 불이행,단일로,기타단일로
30686,2018-11-03 00,야간,토,1,1,0,0,0,인천,남구,차대차,추돌,추돌,보행자 보호의무 위반,단일로,기타단일로
30687,2018-06-27 06,주간,수,1,1,0,0,0,경기,평택시,차대차,정면충돌,정면충돌,중앙선 침범,단일로,기타단일로
30688,2018-12-09 19,야간,일,1,1,0,0,0,전북,군산시,차대사람,횡단중,횡단중,과속,교차로,교차로횡단보도내
30689,2018-12-12 21,야간,수,1,1,0,0,0,충북,청주시,차량단독,공작물충돌,공작물충돌,안전운전 의무 불이행,교차로,교차로부근
30690,2018-12-24 20,야간,월,1,1,0,0,0,경북,경주시,차대사람,차도통행중,차도통행중,안전운전 의무 불이행,단일로,기타단일로
30691,2018-12-10 19,야간,월,1,1,0,0,0,전북,군산시,차대차,기타,기타,안전운전 의무 불이행,단일로,기타단일로
30692,2018-11-10 11,주간,토,1,2,0,1,0,충남,아산시,차대차,추돌,추돌,안전운전 의무 불이행,단일로,기타단일로
30693,2018-12-26 15,주간,수,1,4,3,0,0,경북,경주시,차대차,정면충돌,정면충돌,중앙선 침범,단일로,터널안
30694,2018-10-24 13,주간,수,1,1,0,0,0,광주,광산구,차대사람,횡단중,횡단중,안전운전 의무 불이행,단일로,기타단일로
30695,2018-11-12 04,야간,월,1,1,0,0,0,충남,아산시,차량단독,공작물충돌,공작물충돌,안전운전 의무 불이행,기타,기타
30696,2018-10-16 20,야간,화,1,1,0,0,0,광주,서구,차대사람,차도통행중,차도통행중,안전운전 의무 불이행,단일로,기타단일로
30697,2018-09-14 22,야간,금,1,1,0,0,0,경기,부천시,차대사람,횡단중,횡단중,안전운전 의무 불이행,교차로,교차로횡단보도내
30698,2018-09-09 23,야간,일,1,1,0,0,0,충북,청주시,차량단독,전도,전도,안전운전 의무 불이행,단일로,기타단일로
30699,2018-12-03 16,주간,월,1,1,0,0,0,전북,전주시,차대차,측면충돌,측면충돌,안전운전 의무 불이행,교차로,교차로내
30700,2018-11-13 04,야간,화,1,1,0,0,0,충남,아산시,차대차,기타,기타,안전운전 의무 불이행,교차로,교차로내
30701,2018-11-23 13,주간,금,1,1,0,0,0,충북,청주시,차대차,기타,기타,신호위반,교차로,교차로내
30702,2018-12-28 20,야간,금,1,1,0,0,0,경북,경주시,차대사람,횡단중,횡단중,안전운전 의무 불이행,단일로,지하차도(도로)내
30703,2018-11-17 11,주간,토,1,1,0,0,0,경기,광주시,차량단독,공작물충돌,공작물충돌,안전운전 의무 불이행,교차로,교차로내
30704,2018-12-23 05,야간,일,1,1,0,0,0,전남,여수시,차대사람,횡단중,횡단중,신호위반,교차로,교차로부근
30705,2018-11-23 20,야간,금,1,2,1,0,0,충북,청주시,차대차,측면충돌,측면충돌,신호위반,교차로,교차로내
30706,2018-10-07 07,주간,일,1,1,0,0,0,대전,유성구,차량단독,기타,기타,안전운전 의무 불이행,단일로,기타단일로
30707,2018-10-12 12,주간,금,1,1,0,0,0,경기,의정부시,차대차,측면충돌,측면충돌,신호위반,교차로,교차로내
30708,2018-12-20 06,주간,목,1,2,0,1,0,충북,청주시,차대사람,횡단중,횡단중,안전운전 의무 불이행,교차로,교차로횡단보도내
30709,2018-09-04 18,야간,화,1,2,0,1,0,경기,시흥시,차대차,추돌,추돌,안전운전 의무 불이행,단일로,기타단일로
30710,2018-10-05 15,주간,금,1,1,0,0,0,경기,수원시,차대사람,횡단중,횡단중,안전운전 의무 불이행,단일로,기타단일로
30711,2018-09-21 09,주간,금,1,1,0,0,0,충남,천안시,차대사람,횡단중,횡단중,과속,단일로,기타단일로
30712,2018-09-25 03,야간,화,1,1,0,0,0,경기,안산시,차대사람,횡단중,횡단중,안전운전 의무 불이행,교차로,교차로내
30713,2018-11-14 17,주간,수,1,1,0,0,0,인천,서구,차대사람,횡단중,횡단중,안전운전 의무 불이행,교차로,교차로내
30714,2018-11-15 07,주간,목,1,2,1,0,0,인천,서구,차대차,정면충돌,정면충돌,안전운전 의무 불이행,교차로,교차로내
30715,2018-10-07 19,야간,일,1,1,0,0,0,강원,원주시,차대사람,차도통행중,차도통행중,안전운전 의무 불이행,단일로,기타단일로
30716,2018-12-19 19,야간,수,1,1,0,0,0,제주,제주시,차대사람,횡단중,횡단중,안전운전 의무 불이행,단일로,기타단일로
30717,2018-11-17 13,주간,토,1,1,0,0,0,충남,아산시,차량단독,공작물충돌,공작물충돌,안전운전 의무 불이행,단일로,기타단일로
30718,2018-12-19 05,야간,수,1,1,0,0,0,전북,군산시,차대사람,횡단중,횡단중,안전운전 의무 불이행,단일로,기타단일로
30719,2018-09-10 19,야간,월,1,1,0,0,0,경기,화성시,차대사람,횡단중,횡단중,안전운전 의무 불이행,교차로,교차로내
30720,2018-09-19 19,야간,수,1,1,0,0,0,경기,부천시,차대사람,기타,기타,안전운전 의무 불이행,단일로,기타단일로
30721,2018-11-13 10,주간,화,1,1,0,0,0,경기,김포시,차대사람,차도통행중,차도통행중,과속,단일로,교량위
30722,2018-06-21 20,야간,목,1,1,0,0,0,경기,평택시,차대사람,기타,기타,안전운전 의무 불이행,교차로,교차로내
30723,2018-10-24 10,주간,수,1,5,0,3,1,대전,서구,차대차,기타,기타,안전거리 미확보,단일로,기타단일로
30724,2018-09-16 13,주간,일,1,1,0,0,0,충북,청주시,차대차,기타,기타,안전운전 의무 불이행,단일로,기타단일로
30725,2018-09-16 19,야간,일,1,5,3,1,0,충북,청주시,차대차,측면충돌,측면충돌,신호위반,교차로,교차로내
30726,2018-09-11 20,야간,화,1,1,0,0,0,경기,수원시,차대사람,횡단중,횡단중,과속,교차로,교차로내
30727,2018-12-27 18,야간,목,1,5,4,0,0,충북,청주시,차대차,측면충돌,측면충돌,신호위반,교차로,교차로내
30728,2018-11-02 15,주간,금,1,1,0,0,0,광주,광산구,차대차,기타,기타,안전거리 미확보,단일로,기타단일로
30729,2018-11-27 14,주간,화,1,1,0,0,0,경북,경산시,차대차,정면충돌,정면충돌,중앙선 침범,단일로,교량위
30730,2018-11-28 13,주간,수,1,1,0,0,0,경북,경산시,차대사람,차도통행중,차도통행중,안전운전 의무 불이행,단일로,기타단일로
30731,2018-10-14 18,야간,일,1,2,0,1,0,대전,유성구,차대차,측면충돌,측면충돌,신호위반,교차로,교차로내
30732,2018-11-24 17,주간,토,1,1,0,0,0,인천,서구,차대사람,기타,기타,안전운전 의무 불이행,교차로,교차로내
30733,2018-11-11 01,야간,일,1,1,0,0,0,대구,달서구,차대사람,기타,기타,과속,단일로,기타단일로
30734,2018-10-10 05,야간,수,1,1,0,0,0,광주,북구,차대사람,횡단중,횡단중,안전운전 의무 불이행,단일로,기타단일로
30735,2018-10-10 17,주간,수,1,1,0,0,0,광주,북구,차대사람,횡단중,횡단중,보행자 보호의무 위반,단일로,기타단일로
30736,2018-11-02 17,주간,금,1,2,0,1,0,울산,남구,차대사람,기타,기타,안전운전 의무 불이행,단일로,기타단일로
30737,2018-11-09 03,야간,금,1,1,0,0,0,광주,광산구,차대사람,차도통행중,차도통행중,안전운전 의무 불이행,단일로,지하차도(도로)내
30738,2018-12-12 06,주간,수,1,1,0,0,0,충북,청주시,차대사람,기타,기타,안전운전 의무 불이행,단일로,기타단일로
30739,2018-09-18 14,주간,화,1,1,0,0,0,경기,수원시,차대차,측면충돌,측면충돌,안전운전 의무 불이행,교차로,교차로횡단보도내
30740,2018-09-18 20,야간,화,1,1,0,0,0,경기,수원시,차대차,측면충돌,측면충돌,안전운전 의무 불이행,교차로,교차로횡단보도내
30741,2018-08-22 03,야간,수,1,1,0,0,0,서울,송파구,차량단독,공작물충돌,공작물충돌,안전운전 의무 불이행,단일로,기타단일로
30742,2018-07-10 00,야간,화,1,1,0,0,0,경기,평택시,차대사람,기타,기타,안전운전 의무 불이행,교차로,교차로내