교통사고이력ID(사고기록 순서),발생년월일시,주야코드,요일코드,사망자수,부상자수,중상자수,경상자수,부상신고자수,발생지시도코드,발생지시도코드,사고유형대분류코드,사고유형중분류코드,사고유형코드,법규위반코드,도로형태대분류코드,도로로형태코드
30743,2018-09-05 21,야간,수,1,1,0,0,0,대구,동구,차대차,추돌,추돌,안전운전 의무 불이행,단일로,고가도로위
30744,2018-11-11 02,야간,일,1,1,0,0,0,제주,제주시,차량단독,공작물충돌,공작물충돌,안전운전 의무 불이행,단일로,기타단일로
30745,2018-11-11 03,야간,일,1,1,0,0,0,제주,제주시,차대사람,횡단중,횡단중,안전운전 의무 불이행,단일로,기타단일로
30746,2018-10-15 05,야간,월,1,1,0,0,0,광주,북구,차대사람,횡단중,횡단중,안전운전 의무 불이행,단일로,기타단일로
30747,2018-12-29 20,야간,토,1,1,0,0,0,전북,전주시,차대사람,횡단중,횡단중,과속,교차로,교차로횡단보도내
30748,2018-10-22 18,야간,월,1,3,0,2,0,대전,유성구,차대차,측면충돌,측면충돌,신호위반,교차로,교차로내
30749,2018-09-21 21,야간,금,1,1,0,0,0,경기,수원시,차대사람,차도통행중,차도통행중,안전운전 의무 불이행,단일로,기타단일로
30750,2018-11-08 21,야간,목,2,2,0,0,0,경기,파주시,차량단독,공작물충돌,공작물충돌,안전운전 의무 불이행,단일로,기타단일로
30751,2018-11-15 18,야간,목,1,1,0,0,0,광주,광산구,차대사람,횡단중,횡단중,안전운전 의무 불이행,교차로,교차로부근
30752,2018-12-04 17,주간,화,1,1,0,0,0,인천,서구,차대차,기타,기타,신호위반,교차로,교차로내
30753,2018-09-09 15,주간,일,1,1,0,0,0,대구,수성구,차대사람,횡단중,횡단중,안전운전 의무 불이행,단일로,기타단일로
30754,2018-10-23 17,주간,화,1,1,0,0,0,강원,원주시,차대사람,길가장자리구역통행중,길가장자리구역통행중,안전운전 의무 불이행,주차장,주차장
30755,2018-12-12 04,야간,수,1,1,0,0,0,경북,경산시,차대차,추돌,추돌,안전운전 의무 불이행,단일로,교량위
30756,2018-11-30 04,야간,금,1,1,0,0,0,경기,고양시,차대차,추돌,추돌,과속,단일로,기타단일로
30757,2018-09-09 12,주간,일,1,1,0,0,0,경기,남양주시,차대차,측면충돌,측면충돌,교차로 통행방법 위반,교차로,교차로내
30758,2018-12-03 17,주간,월,1,1,0,0,0,경기,고양시,차대사람,기타,기타,중앙선 침범,교차로,교차로횡단보도내
30759,2018-12-07 05,야간,금,1,1,0,0,0,인천,남구,차대사람,횡단중,횡단중,안전운전 의무 불이행,단일로,기타단일로
30760,2018-10-14 16,주간,일,1,1,0,0,0,충남,천안시,차량단독,공작물충돌,공작물충돌,안전운전 의무 불이행,단일로,기타단일로
30761,2018-10-27 04,야간,토,1,2,0,0,1,강원,원주시,차대차,추돌,추돌,안전운전 의무 불이행,단일로,기타단일로
30762,2018-10-12 22,야간,금,1,1,0,0,0,경기,용인시,차대차,측면충돌,측면충돌,안전운전 의무 불이행,단일로,교량위
30763,2018-12-04 21,야간,화,1,1,0,0,0,대구,동구,차량단독,도로이탈,도로이탈 추락,안전운전 의무 불이행,단일로,교량위
30764,2018-09-27 23,야간,목,1,1,0,0,0,경기,화성시,차량단독,공작물충돌,공작물충돌,안전운전 의무 불이행,단일로,기타단일로
30765,2018-10-21 16,주간,일,1,1,0,0,0,경기,안산시,차대사람,기타,기타,안전운전 의무 불이행,교차로,교차로내
30766,2018-12-18 06,주간,화,1,1,0,0,0,충남,아산시,차대차,추돌,추돌,안전거리 미확보,단일로,기타단일로
30767,2018-10-17 22,야간,수,1,1,0,0,0,충남,천안시,차량단독,기타,기타,안전운전 의무 불이행,단일로,기타단일로
30768,2018-10-31 06,주간,수,1,1,0,0,0,경기,수원시,차대사람,횡단중,횡단중,안전운전 의무 불이행,교차로,교차로내
30769,2018-11-16 23,야간,금,1,1,0,0,0,대전,서구,차대사람,횡단중,횡단중,안전운전 의무 불이행,단일로,기타단일로
30770,2018-12-19 19,야간,수,1,1,0,0,0,충남,아산시,차대사람,횡단중,횡단중,안전운전 의무 불이행,단일로,기타단일로
30771,2018-12-20 20,야간,목,1,1,0,0,0,충남,아산시,차대사람,기타,기타,안전운전 의무 불이행,단일로,기타단일로
30772,2018-10-20 19,야간,토,1,1,0,0,0,충남,천안시,차대사람,횡단중,횡단중,안전운전 의무 불이행,단일로,기타단일로
30773,2018-12-14 12,주간,금,1,3,1,0,1,경기,김포시,차대차,기타,기타,신호위반,교차로,교차로내
30774,2018-12-23 12,주간,일,1,3,1,1,0,경북,경산시,차대차,추돌,추돌,안전운전 의무 불이행,단일로,기타단일로
30775,2018-12-23 15,주간,일,1,1,0,0,0,경북,경산시,차대차,측면충돌,측면충돌,중앙선 침범,단일로,기타단일로
30776,2018-10-21 18,야간,일,1,1,0,0,0,충남,천안시,차대차,추돌,추돌,안전운전 의무 불이행,단일로,기타단일로
30777,2018-12-25 18,야간,화,1,1,0,0,0,경북,경산시,차대차,측면충돌,측면충돌,안전운전 의무 불이행,교차로,교차로부근
30778,2018-12-24 09,주간,월,1,1,0,0,0,대전,중구,차대사람,횡단중,횡단중,보행자 보호의무 위반,교차로,교차로내
30779,2018-11-01 09,주간,목,1,1,0,0,0,광주,북구,차대차,측면충돌,측면충돌,교차로 통행방법 위반,교차로,교차로내
30780,2018-12-14 13,주간,금,1,1,0,0,0,대구,동구,차대사람,횡단중,횡단중,보행자 보호의무 위반,단일로,기타단일로
30781,2018-09-19 01,야간,수,1,1,0,0,0,경기,남양주시,차대차,기타,기타,안전운전 의무 불이행,기타,기타
30782,2018-10-08 03,야간,월,1,3,1,1,0,경기,수원시,차대차,기타,기타,신호위반,교차로,교차로내
30783,2018-11-17 11,주간,토,1,1,0,0,0,경기,의정부시,차대차,측면충돌,측면충돌,안전운전 의무 불이행,단일로,기타단일로
30784,2018-12-20 07,주간,목,1,1,0,0,0,경기,김포시,차대차,기타,기타,기타,단일로,기타단일로
30785,2018-11-03 00,야간,토,1,2,1,0,0,광주,북구,차량단독,공작물충돌,공작물충돌,안전운전 의무 불이행,교차로,교차로내
30786,2018-12-20 13,주간,목,1,1,0,0,0,경기,김포시,차대차,기타,기타,안전운전 의무 불이행,단일로,기타단일로
30787,2018-12-28 16,주간,금,1,1,0,0,0,대전,중구,차대사람,기타,기타,신호위반,교차로,교차로횡단보도내
30788,2018-10-09 05,야간,화,1,1,0,0,0,경기,수원시,차대사람,횡단중,횡단중,안전운전 의무 불이행,교차로,교차로횡단보도내
30789,2018-10-20 00,야간,토,1,2,1,0,0,경기,부천시,차대사람,횡단중,횡단중,신호위반,교차로,교차로횡단보도내
30790,2018-11-08 00,야간,목,1,1,0,0,0,경기,수원시,차대사람,횡단중,횡단중,과속,교차로,교차로내
30791,2018-10-30 18,야간,화,1,1,0,0,0,경기,안산시,차대사람,횡단중,횡단중,보행자 보호의무 위반,교차로,교차로내
30792,2018-11-08 21,야간,목,1,4,0,2,1,강원,원주시,차대차,추돌,추돌,안전운전 의무 불이행,교차로,교차로부근
30793,2018-11-29 17,주간,목,1,1,0,0,0,경기,파주시,차대사람,횡단중,횡단중,신호위반,교차로,교차로횡단보도내
30794,2018-12-01 21,야간,토,1,1,0,0,0,울산,남구,차대사람,횡단중,횡단중,안전운전 의무 불이행,교차로,교차로부근
30795,2018-12-20 18,야간,목,1,1,0,0,0,대구,동구,차대사람,차도통행중,차도통행중,안전운전 의무 불이행,기타,기타
30796,2018-10-19 15,주간,금,1,1,0,0,0,충북,청주시,차대차,측면충돌,측면충돌,신호위반,교차로,교차로내
30797,2018-12-24 04,야간,월,1,1,0,0,0,인천,남구,차대사람,기타,기타,보행자 보호의무 위반,교차로,교차로횡단보도내
30798,2018-10-08 23,야간,월,1,1,0,0,0,경북,구미시,차대사람,횡단중,횡단중,과속,단일로,기타단일로
30799,2018-12-03 07,주간,월,1,1,0,0,0,경기,파주시,차대사람,횡단중,횡단중,보행자 보호의무 위반,교차로,교차로횡단보도내
30800,2018-12-27 19,야간,목,1,1,0,0,0,경기,김포시,차대사람,차도통행중,차도통행중,안전거리 미확보,교차로,교차로부근
30801,2018-11-15 01,야간,목,1,1,0,0,0,강원,원주시,차대차,추돌,추돌,안전운전 의무 불이행,단일로,기타단일로
30802,2018-11-02 06,주간,금,1,2,1,0,0,충남,천안시,차대차,측면충돌,측면충돌,신호위반,교차로,교차로내
30803,2018-11-02 07,주간,금,1,1,0,0,0,충남,천안시,차대차,측면충돌,측면충돌,중앙선 침범,교차로,교차로부근
30804,2018-11-10 23,야간,토,1,1,0,0,0,광주,북구,차대사람,기타,기타,안전운전 의무 불이행,단일로,기타단일로
30805,2018-11-06 05,야간,화,1,1,0,0,0,경기,안산시,차량단독,공작물충돌,공작물충돌,안전운전 의무 불이행,단일로,기타단일로
30806,2018-10-17 14,주간,수,1,1,0,0,0,경기,수원시,차대사람,기타,기타,안전운전 의무 불이행,단일로,기타단일로
30807,2018-10-30 15,주간,화,1,1,0,0,0,경기,용인시,차대차,추돌,추돌,안전운전 의무 불이행,교차로,교차로내
30808,2018-12-30 06,주간,일,1,1,0,0,0,대구,동구,차대사람,횡단중,횡단중,안전운전 의무 불이행,교차로,교차로내
30809,2018-11-19 19,야간,월,1,1,0,0,0,대전,유성구,차대사람,횡단중,횡단중,안전운전 의무 불이행,단일로,기타단일로
30810,2018-07-29 04,야간,일,1,1,0,0,0,경기,평택시,차대사람,횡단중,횡단중,과속,단일로,기타단일로
30811,2018-11-17 21,야간,토,1,1,0,0,0,경기,수원시,차대차,추돌,추돌,안전운전 의무 불이행,단일로,기타단일로
30812,2018-11-18 03,야간,일,1,1,0,0,0,경기,수원시,차대차,기타,기타,안전거리 미확보,교차로,교차로부근
30813,2018-10-16 17,주간,화,1,1,0,0,0,경기,화성시,차량단독,공작물충돌,공작물충돌,안전운전 의무 불이행,교차로,교차로부근
30814,2018-12-08 03,야간,토,1,4,0,3,0,대전,서구,차대차,추돌,추돌,안전운전 의무 불이행,교차로,교차로부근
30815,2018-10-15 17,주간,월,1,2,0,1,0,경기,시흥시,차대차,측면충돌,측면충돌,중앙선 침범,교차로,교차로부근
30816,2018-12-15 02,야간,토,1,1,0,0,0,경기,파주시,차량단독,공작물충돌,공작물충돌,안전운전 의무 불이행,단일로,기타단일로
30817,2018-12-23 11,주간,일,1,1,0,0,0,제주,제주시,차대차,기타,기타,신호위반,교차로,교차로부근
30818,2018-12-24 05,야간,월,1,1,0,0,0,경기,안산시,차대사람,횡단중,횡단중,안전운전 의무 불이행,단일로,기타단일로
30819,2018-12-10 05,야간,월,1,1,0,0,0,경기,의정부시,차대차,기타,기타,안전운전 의무 불이행,단일로,기타단일로
30820,2018-11-20 08,주간,화,1,1,0,0,0,광주,북구,차대사람,기타,기타,안전운전 의무 불이행,단일로,기타단일로
30821,2018-12-31 14,주간,월,1,5,2,2,0,대구,달서구,차대차,정면충돌,정면충돌,중앙선 침범,교차로,교차로부근
30822,2018-12-14 21,야간,금,1,1,0,0,0,경기,의정부시,차대사람,횡단중,횡단중,안전운전 의무 불이행,교차로,교차로부근
30823,2018-10-27 01,야간,토,1,3,0,2,0,경북,구미시,차대차,측면충돌,측면충돌,신호위반,교차로,교차로내
30824,2018-10-11 16,주간,목,1,1,0,0,0,경기,남양주시,차대사람,기타,기타,안전운전 의무 불이행,단일로,기타단일로
30825,2018-10-30 08,주간,화,1,1,0,0,0,경북,구미시,차대차,기타,기타,기타,단일로,기타단일로
30826,2018-12-29 06,주간,토,1,3,0,2,0,광주,광산구,차대차,추돌,추돌,안전거리 미확보,단일로,교량위
30827,2018-11-14 00,야간,수,1,1,0,0,0,경기,용인시,차대차,측면충돌,측면충돌,안전운전 의무 불이행,단일로,기타단일로
30828,2018-11-19 10,주간,월,1,1,0,0,0,경기,수원시,차대사람,기타,기타,안전운전 의무 불이행,단일로,기타단일로
30829,2018-11-09 06,주간,금,1,1,0,0,0,충북,청주시,차대사람,횡단중,횡단중,안전운전 의무 불이행,교차로,교차로횡단보도내
30830,2018-12-28 00,야간,금,1,3,1,1,0,경기,파주시,차대차,정면충돌,정면충돌,신호위반,교차로,교차로내
30831,2018-12-27 00,야간,목,1,1,0,0,0,광주,서구,차대사람,횡단중,횡단중,안전운전 의무 불이행,단일로,기타단일로
30832,2018-12-20 20,야간,목,1,1,0,0,0,경기,의정부시,차대사람,횡단중,횡단중,보행자 보호의무 위반,교차로,교차로부근
30833,2018-12-21 05,야간,금,1,1,0,0,0,경기,의정부시,차대사람,기타,기타,안전운전 의무 불이행,단일로,기타단일로
30834,2018-11-26 23,야간,월,1,1,0,0,0,충남,천안시,차량단독,공작물충돌,공작물충돌,안전운전 의무 불이행,단일로,기타단일로
30835,2018-11-02 01,야간,금,1,1,0,0,0,경기,화성시,차대사람,횡단중,횡단중,안전운전 의무 불이행,단일로,기타단일로
30836,2018-12-09 18,야간,일,1,2,0,1,0,경기,수원시,차대사람,횡단중,횡단중,안전운전 의무 불이행,단일로,기타단일로
30837,2018-11-30 14,주간,금,1,1,0,0,0,충남,천안시,차대차,기타,기타,기타,교차로,교차로내
30838,2018-11-17 05,야간,토,1,1,0,0,0,경기,수원시,차대사람,차도통행중,차도통행중,안전운전 의무 불이행,단일로,기타단일로
30839,2018-12-18 18,야간,화,1,2,1,0,0,대전,유성구,차대차,기타,기타,중앙선 침범,단일로,기타단일로
30840,2018-12-20 21,야간,목,1,2,1,0,0,강원,원주시,차량단독,공작물충돌,공작물충돌,안전운전 의무 불이행,단일로,기타단일로
30841,2018-12-08 07,주간,토,1,1,0,0,0,경기,안산시,차대차,추돌,추돌,안전운전 의무 불이행,단일로,기타단일로
30842,2018-11-23 12,주간,금,1,1,0,0,0,충북,청주시,차대차,기타,기타,안전운전 의무 불이행,교차로,교차로내
30843,2018-08-16 20,야간,목,1,1,0,0,0,경기,평택시,차대사람,횡단중,횡단중,안전운전 의무 불이행,교차로,교차로횡단보도내
30844,2018-11-22 04,야간,목,1,1,0,0,0,경기,수원시,차대사람,횡단중,횡단중,과속,단일로,기타단일로
30845,2018-11-29 23,야간,목,1,1,0,0,0,경기,용인시,차량단독,기타,기타,안전운전 의무 불이행,단일로,기타단일로
30846,2018-10-30 17,주간,화,1,1,0,0,0,대구,수성구,차량단독,공작물충돌,공작물충돌,안전운전 의무 불이행,단일로,고가도로위
30847,2018-10-13 21,야간,토,1,1,0,0,0,서울,송파구,차대사람,횡단중,횡단중,신호위반,단일로,기타단일로
30848,2018-08-18 09,주간,토,3,3,0,0,0,경기,평택시,차대차,측면충돌,측면충돌,과속,교차로,교차로내
30849,2018-12-01 18,야간,토,1,2,0,1,0,강원,원주시,차대차,추돌,추돌,안전거리 미확보,단일로,기타단일로
30850,2018-11-02 10,주간,금,1,1,0,0,0,경기,남양주시,차대사람,보도통행중,보도통행중,보행자 보호의무 위반,교차로,교차로횡단보도내
30851,2018-12-18 11,주간,화,1,1,0,0,0,충남,천안시,차대사람,기타,기타,안전운전 의무 불이행,교차로,교차로부근
30852,2018-11-21 07,주간,수,1,2,1,0,0,경북,구미시,차대차,측면충돌,측면충돌,안전운전 의무 불이행,교차로,교차로내
30853,2018-11-17 09,주간,토,1,1,0,0,0,경기,시흥시,차대차,측면충돌,측면충돌,안전운전 의무 불이행,단일로,기타단일로
30854,2018-12-24 06,주간,월,1,1,0,0,0,광주,북구,차대사람,횡단중,횡단중,안전운전 의무 불이행,단일로,기타단일로
30855,2018-12-21 07,주간,금,1,1,0,0,0,충남,천안시,차대사람,기타,기타,안전운전 의무 불이행,단일로,기타단일로
30856,2018-12-04 10,주간,화,1,1,0,0,0,충북,청주시,차량단독,전도,전도,안전운전 의무 불이행,단일로,기타단일로
30857,2018-12-11 07,주간,화,1,1,0,0,0,경기,부천시,차대사람,횡단중,횡단중,과속,단일로,기타단일로
30858,2018-12-27 01,야간,목,1,1,0,0,0,경기,안산시,차량단독,기타,기타,안전운전 의무 불이행,교차로,교차로내
30859,2018-08-26 20,야간,일,1,1,0,0,0,경기,평택시,차대사람,기타,기타,안전운전 의무 불이행,단일로,기타단일로
30860,2018-12-09 23,야간,일,1,1,0,0,0,충북,청주시,차대사람,횡단중,횡단중,안전운전 의무 불이행,교차로,교차로부근
30861,2018-12-15 13,주간,토,1,4,1,2,0,경기,용인시,차대차,기타,기타,안전운전 의무 불이행,단일로,기타단일로
30862,2018-11-13 17,주간,화,1,1,0,0,0,경기,남양주시,차대차,측면충돌,측면충돌,신호위반,교차로,교차로내
30863,2018-08-30 02,야간,목,1,1,0,0,0,경기,평택시,차대사람,기타,기타,안전운전 의무 불이행,단일로,기타단일로
30864,2018-08-30 10,주간,목,1,1,0,0,0,경기,평택시,차대차,측면충돌,측면충돌,안전운전 의무 불이행,교차로,교차로부근
30865,2018-12-31 12,주간,월,1,3,0,2,0,충남,천안시,차대차,추돌,추돌,안전운전 의무 불이행,단일로,기타단일로
30866,2018-11-16 18,야간,금,1,3,1,1,0,경기,남양주시,차대차,측면충돌,측면충돌,신호위반,교차로,교차로내
30867,2018-12-06 06,주간,목,1,3,2,0,0,경북,구미시,차대차,기타,기타,안전운전 의무 불이행,단일로,기타단일로
30868,2018-12-21 16,주간,금,1,1,0,0,0,경기,부천시,차대사람,보도통행중,보도통행중,보행자 보호의무 위반,교차로,교차로횡단보도내
30869,2018-09-02 13,주간,일,1,1,0,0,0,경기,평택시,차량단독,공작물충돌,공작물충돌,안전운전 의무 불이행,교차로,교차로내
30870,2018-12-20 04,야간,목,1,1,0,0,0,충북,청주시,차대차,측면충돌,측면충돌,안전운전 의무 불이행,교차로,교차로횡단보도내
30871,2018-12-24 09,주간,월,1,1,0,0,0,경기,용인시,차대사람,횡단중,횡단중,안전운전 의무 불이행,교차로,교차로횡단보도내
30872,2018-11-04 17,주간,일,1,1,0,0,0,서울,송파구,차대사람,횡단중,횡단중,안전운전 의무 불이행,단일로,기타단일로
30873,2018-12-13 13,주간,목,1,1,0,0,0,경북,구미시,차대사람,횡단중,횡단중,보행자 보호의무 위반,교차로,교차로내
30874,2018-12-29 22,야간,토,1,1,0,0,0,경기,부천시,차대차,후진중충돌,후진중충돌,안전운전 의무 불이행,교차로,교차로내
30875,2018-12-11 01,야간,화,1,1,0,0,0,경기,오산시,차대사람,횡단중,횡단중,안전운전 의무 불이행,교차로,교차로횡단보도내
30876,2018-12-15 23,야간,토,1,1,0,0,0,경북,구미시,차대사람,횡단중,횡단중,안전운전 의무 불이행,교차로,교차로내
30877,2018-12-12 11,주간,수,1,1,0,0,0,경기,오산시,차대사람,기타,기타,교차로 통행방법 위반,교차로,교차로내
30878,2018-09-09 05,야간,일,1,5,0,4,0,경기,평택시,차대차,기타,기타,과속,교차로,교차로내
30879,2018-12-28 06,주간,금,1,1,0,0,0,경기,수원시,차대사람,횡단중,횡단중,과속,교차로,교차로부근
30880,2018-12-19 12,주간,수,1,1,0,0,0,경북,구미시,차대차,측면충돌,측면충돌,안전운전 의무 불이행,단일로,기타단일로
30881,2018-11-11 07,주간,일,2,10,4,4,0,서울,송파구,차대차,기타,기타,안전운전 의무 불이행,단일로,기타단일로
30882,2018-12-03 05,야간,월,1,1,0,0,0,경기,남양주시,차대사람,기타,기타,안전운전 의무 불이행,교차로,교차로내
30883,2018-09-12 13,주간,수,1,1,0,0,0,경기,평택시,차량단독,전도,전도,안전운전 의무 불이행,교차로,교차로내
30884,2018-12-05 08,주간,수,1,1,0,0,0,경기,남양주시,차량단독,공작물충돌,공작물충돌,안전운전 의무 불이행,단일로,기타단일로
30885,2018-12-06 11,주간,목,1,1,0,0,0,경기,남양주시,차대사람,횡단중,횡단중,보행자 보호의무 위반,단일로,기타단일로
30886,2018-12-12 18,야간,수,1,1,0,0,0,경기,남양주시,차대사람,횡단중,횡단중,안전운전 의무 불이행,단일로,기타단일로
30887,2018-12-27 00,야간,목,1,1,0,0,0,경기,오산시,차대사람,횡단중,횡단중,과속,단일로,기타단일로
30888,2018-12-29 19,야간,토,1,2,0,1,0,경기,오산시,차대차,측면충돌,측면충돌,신호위반,교차로,교차로내
30889,2018-12-24 08,주간,월,1,1,0,0,0,경기,시흥시,차대사람,횡단중,횡단중,보행자 보호의무 위반,교차로,교차로횡단보도내
30890,2018-12-14 16,주간,금,1,1,0,0,0,경기,남양주시,차대사람,횡단중,횡단중,중앙선 침범,교차로,교차로횡단보도내
30891,2018-12-18 06,주간,화,1,1,0,0,0,경기,남양주시,차대사람,횡단중,횡단중,안전운전 의무 불이행,교차로,교차로내
30892,2018-12-20 04,야간,목,1,1,0,0,0,경기,남양주시,차대사람,횡단중,횡단중,안전운전 의무 불이행,교차로,교차로내
30893,2018-12-21 01,야간,금,1,1,0,0,0,경기,남양주시,차대사람,기타,기타,안전운전 의무 불이행,단일로,기타단일로
30894,2018-12-21 09,주간,금,1,1,0,0,0,경기,남양주시,차대사람,횡단중,횡단중,안전운전 의무 불이행,단일로,기타단일로
30895,2018-12-21 17,주간,금,1,2,0,0,1,경기,남양주시,차대차,측면충돌,측면충돌,신호위반,교차로,교차로내
30896,2018-12-22 17,주간,토,1,2,0,1,0,경기,남양주시,차대사람,횡단중,횡단중,안전운전 의무 불이행,교차로,교차로부근
30897,2018-09-28 15,주간,금,1,1,0,0,0,경기,평택시,차대사람,길가장자리구역통행중,길가장자리구역통행중,안전운전 의무 불이행,단일로,기타단일로
30898,2018-10-02 18,야간,화,1,1,0,0,0,경기,평택시,차대차,기타,기타,기타,단일로,기타단일로
30899,2018-10-08 22,야간,월,1,2,0,1,0,경기,평택시,차대차,측면충돌,측면충돌,신호위반,교차로,교차로내
30900,2018-10-14 01,야간,일,1,1,0,0,0,경기,평택시,차량단독,공작물충돌,공작물충돌,안전운전 의무 불이행,교차로,교차로내
30901,2018-10-24 16,주간,수,1,1,0,0,0,경기,평택시,차대사람,차도통행중,차도통행중,안전운전 의무 불이행,교차로,교차로부근
30902,2018-11-09 06,주간,금,1,1,0,0,0,경기,평택시,차대차,기타,기타,안전운전 의무 불이행,단일로,기타단일로
30903,2018-11-26 05,야간,월,1,1,0,0,0,경기,평택시,차량단독,공작물충돌,공작물충돌,안전운전 의무 불이행,단일로,기타단일로
30904,2018-12-04 00,야간,화,1,1,0,0,0,경기,평택시,차대사람,기타,기타,안전운전 의무 불이행,단일로,기타단일로
30905,2018-12-05 10,주간,수,1,1,0,0,0,경기,평택시,차대차,기타,기타,기타,단일로,기타단일로
30906,2018-12-19 06,주간,수,1,1,0,0,0,경기,평택시,차대사람,횡단중,횡단중,안전운전 의무 불이행,교차로,교차로내
30907,2018-12-19 20,야간,수,1,1,0,0,0,경기,평택시,차대차,측면충돌,측면충돌,신호위반,교차로,교차로내
30908,2018-12-20 05,야간,목,1,1,0,0,0,경기,평택시,차대사람,횡단중,횡단중,과속,교차로,교차로내
30909,2018-12-30 15,주간,일,1,2,0,1,0,경기,평택시,차대차,측면충돌,측면충돌,신호위반,교차로,교차로내
30910,2018-12-31 20,야간,월,1,1,0,0,0,서울,용산구,차대사람,기타,기타,안전운전 의무 불이행,단일로,기타단일로
30911,2018-12-27 10,주간,목,1,1,0,0,0,경북,안동시,차량단독,도로이탈,도로이탈 추락,기타,단일로,기타단일로
30912,2018-12-18 00,야간,화,1,1,0,0,0,서울,은평구,차대사람,차도통행중,차도통행중,안전운전 의무 불이행,단일로,기타단일로
30913,2019-01-01 21,야간,화,1,1,0,0,0,경북,영천시,차대사람,기타,기타,안전운전 의무 불이행,단일로,기타단일로
30914,2019-01-01 00,야간,화,1,1,0,0,0,부산,해운대구,차대사람,기타,기타,중앙선 침범,교차로,교차로내
30915,2019-01-01 03,야간,화,1,1,0,0,0,경기,안산시,차대차,정면충돌,정면충돌,중앙선 침범,단일로,기타단일로
30916,2019-01-02 10,주간,수,1,1,0,0,0,서울,중구,차대사람,횡단중,횡단중,안전운전 의무 불이행,단일로,기타단일로
30917,2019-01-06 14,주간,일,1,4,2,1,0,강원,횡성군,차대차,정면충돌,정면충돌,중앙선 침범,단일로,기타단일로
30918,2019-01-02 15,주간,수,1,1,0,0,0,충남,서천군,차량단독,전도,전도,안전운전 의무 불이행,단일로,기타단일로
30919,2019-01-02 03,야간,수,1,2,1,0,0,충북,충주시,차대차,추돌,추돌,안전운전 의무 불이행,단일로,기타단일로
30920,2019-01-02 18,야간,수,1,1,0,0,0,전북,정읍시,차대차,추돌,추돌,안전운전 의무 불이행,단일로,기타단일로
30921,2019-01-01 16,주간,화,1,1,0,0,0,경북,청도군,차대차,측면충돌,측면충돌,안전운전 의무 불이행,교차로,교차로부근
30922,2019-01-13 07,주간,일,1,1,0,0,0,충남,금산군,차대사람,차도통행중,차도통행중,안전운전 의무 불이행,단일로,기타단일로
30923,2019-01-01 19,야간,화,1,1,0,0,0,대전,서구,차대사람,횡단중,횡단중,안전운전 의무 불이행,교차로,교차로부근
30924,2019-01-20 23,야간,일,1,8,1,6,0,경남,함양군,차대차,기타,기타,안전운전 의무 불이행,단일로,기타단일로
30925,2019-01-03 03,야간,목,1,1,0,0,0,전남,영암군,차량단독,공작물충돌,공작물충돌,중앙선 침범,단일로,기타단일로
30926,2019-01-06 15,주간,일,1,1,0,0,0,충북,보은군,차량단독,전도,전도,안전운전 의무 불이행,단일로,교량위
30927,2019-01-03 17,주간,목,1,1,0,0,0,서울,중구,차대사람,횡단중,횡단중,안전운전 의무 불이행,단일로,기타단일로
30928,2019-01-02 18,야간,수,1,1,0,0,0,경남,김해시,차대차,추돌,추돌,안전운전 의무 불이행,단일로,기타단일로
30929,2019-02-06 19,야간,수,1,1,0,0,0,전북,장수군,차대사람,길가장자리구역통행중,길가장자리구역통행중,과속,단일로,기타단일로
30930,2019-01-02 06,주간,수,1,1,0,0,0,인천,계양구,차대차,기타,기타,안전운전 의무 불이행,단일로,기타단일로
30931,2019-01-26 11,주간,토,1,1,0,0,0,경북,영양군,차량단독,전복,전복,안전운전 의무 불이행,단일로,기타단일로
30932,2019-01-04 15,주간,금,1,1,0,0,0,경기,여주시,차대사람,횡단중,횡단중,안전운전 의무 불이행,교차로,교차로부근
30933,2019-01-05 02,야간,토,1,1,0,0,0,강원,평창군,차대사람,차도통행중,차도통행중,안전운전 의무 불이행,단일로,기타단일로
30934,2019-01-03 07,주간,목,1,1,0,0,0,울산,울주군,차량단독,도로이탈,도로이탈 기타,안전운전 의무 불이행,단일로,기타단일로
30935,2019-01-21 18,야간,월,1,1,0,0,0,충남,금산군,차대사람,기타,기타,안전운전 의무 불이행,단일로,기타단일로
30936,2019-01-10 14,주간,목,1,1,0,0,0,경북,예천군,차대차,추돌,추돌,안전운전 의무 불이행,단일로,기타단일로
30937,2019-01-25 07,주간,금,1,2,1,0,0,강원,인제군,차대차,추돌,추돌,안전운전 의무 불이행,단일로,기타단일로
30938,2019-01-14 11,주간,월,1,1,0,0,0,전남,순천시,차량단독,전도,전도,안전운전 의무 불이행,단일로,기타단일로
30939,2019-01-22 16,주간,화,1,1,0,0,0,강원,영월군,차량단독,공작물충돌,공작물충돌,안전운전 의무 불이행,단일로,기타단일로
30940,2019-02-21 09,주간,목,1,1,0,0,0,경북,군위군,차대사람,횡단중,횡단중,안전운전 의무 불이행,단일로,기타단일로
30941,2019-01-02 23,야간,수,1,1,0,0,0,경남,거제시,차대사람,기타,기타,안전운전 의무 불이행,교차로,교차로내
30942,2019-01-06 04,야간,일,1,1,0,0,0,전북,완주군,차량단독,도로이탈,도로이탈 추락,안전운전 의무 불이행,단일로,기타단일로
30943,2019-01-10 15,주간,목,1,1,0,0,0,전남,장흥군,차대차,측면충돌,측면충돌,기타,교차로,교차로내
30944,2019-01-03 20,야간,목,1,1,0,0,0,충남,공주시,차대차,정면충돌,정면충돌,신호위반,단일로,기타단일로