교통사고이력ID(사고기록 순서),발생년월일시,주야코드,요일코드,사망자수,부상자수,중상자수,경상자수,부상신고자수,발생지시도코드,발생지시도코드,사고유형대분류코드,사고유형중분류코드,사고유형코드,법규위반코드,도로형태대분류코드,도로로형태코드
31144,2019-08-14 19,야간,수,1,1,0,0,0,전북,장수군,차대사람,길가장자리구역통행중,길가장자리구역통행중,안전운전 의무 불이행,단일로,기타단일로
31145,2019-02-01 22,야간,금,1,1,0,0,0,전북,완주군,차대사람,차도통행중,차도통행중,과속,단일로,기타단일로
31146,2019-06-18 13,주간,화,1,2,0,1,0,전북,진안군,차대차,추돌,추돌,안전운전 의무 불이행,단일로,터널안
31147,2019-01-24 09,주간,목,1,1,0,0,0,경북,상주시,차대차,측면충돌,측면충돌,안전운전 의무 불이행,교차로,교차로내
31148,2019-01-07 05,야간,월,1,1,0,0,0,대구,수성구,차대사람,횡단중,횡단중,안전운전 의무 불이행,단일로,기타단일로
31149,2019-05-19 15,주간,일,1,1,0,0,0,강원,철원군,차량단독,전도,전도,안전운전 의무 불이행,단일로,기타단일로
31150,2019-03-02 12,주간,토,1,1,0,0,0,전남,담양군,차량단독,기타,기타,안전운전 의무 불이행,단일로,기타단일로
31151,2019-01-31 20,야간,목,1,1,0,0,0,전북,정읍시,차대사람,기타,기타,안전운전 의무 불이행,단일로,기타단일로
31152,2019-05-03 07,주간,금,1,2,1,0,0,경북,청송군,차대차,측면충돌,측면충돌,기타,단일로,기타단일로
31153,2019-01-18 10,주간,금,1,3,0,2,0,서울,도봉구,차량단독,기타,기타,안전운전 의무 불이행,단일로,기타단일로
31154,2019-01-13 05,야간,일,1,1,0,0,0,충북,충주시,차대사람,기타,기타,안전운전 의무 불이행,단일로,기타단일로
31155,2019-03-08 17,주간,금,1,3,2,0,0,전남,장흥군,차량단독,전도,전도,안전운전 의무 불이행,단일로,기타단일로
31156,2019-03-22 11,주간,금,1,1,0,0,0,경북,의성군,차대차,추돌,추돌,안전거리 미확보,단일로,기타단일로
31157,2019-04-15 08,주간,월,1,1,0,0,0,경남,남해군,차대차,측면충돌,측면충돌,안전운전 의무 불이행,단일로,기타단일로
31158,2019-02-26 05,야간,화,1,1,0,0,0,경기,가평군,차량단독,공작물충돌,공작물충돌,안전운전 의무 불이행,단일로,기타단일로
31159,2019-03-17 12,주간,일,1,3,2,0,0,강원,정선군,차대차,정면충돌,정면충돌,중앙선 침범,단일로,기타단일로
31160,2019-09-09 14,주간,월,2,2,0,0,0,전북,장수군,차량단독,공작물충돌,공작물충돌,안전운전 의무 불이행,단일로,기타단일로
31161,2019-01-21 12,주간,월,1,1,0,0,0,서울,금천구,차대사람,횡단중,횡단중,보행자 보호의무 위반,기타,기타
31162,2019-01-20 02,야간,일,1,1,0,0,0,강원,속초시,차대사람,길가장자리구역통행중,길가장자리구역통행중,안전운전 의무 불이행,교차로,교차로부근
31163,2019-03-14 18,야간,목,1,1,0,0,0,전남,영광군,차량단독,공작물충돌,공작물충돌,안전운전 의무 불이행,교차로,교차로부근
31164,2019-01-08 16,주간,화,1,1,0,0,0,경기,김포시,차대사람,횡단중,횡단중,안전운전 의무 불이행,단일로,기타단일로
31165,2019-01-17 11,주간,목,1,5,2,2,0,서울,동작구,차대차,추돌,추돌,과속,교차로,교차로내
31166,2019-01-29 08,주간,화,1,2,1,0,0,전북,김제시,차대사람,기타,기타,안전운전 의무 불이행,단일로,기타단일로
31167,2019-04-30 15,주간,화,1,1,0,0,0,충북,보은군,차대차,정면충돌,정면충돌,중앙선 침범,교차로,교차로내
31168,2019-03-14 21,야간,목,1,1,0,0,0,전남,장흥군,차량단독,공작물충돌,공작물충돌,안전운전 의무 불이행,교차로,교차로부근
31169,2019-03-07 18,야간,목,1,2,0,1,0,경북,성주군,차량단독,도로이탈,도로이탈 추락,안전운전 의무 불이행,기타,기타
31170,2019-01-19 19,야간,토,1,1,0,0,0,충북,제천시,차대사람,횡단중,횡단중,안전운전 의무 불이행,교차로,교차로부근
31171,2019-04-11 17,주간,목,1,3,1,1,0,전북,무주군,차대차,측면충돌,측면충돌,신호위반,교차로,교차로내
31172,2019-01-11 23,야간,금,1,1,0,0,0,충남,천안시,차대사람,기타,기타,안전운전 의무 불이행,단일로,기타단일로
31173,2019-01-16 14,주간,수,1,1,0,0,0,인천,중구,차대사람,횡단중,횡단중,안전운전 의무 불이행,교차로,교차로부근
31174,2019-06-05 19,야간,수,1,2,1,0,0,강원,화천군,차대차,정면충돌,정면충돌,중앙선 침범,단일로,기타단일로
31175,2019-05-14 10,주간,화,1,1,0,0,0,경남,하동군,차대사람,횡단중,횡단중,안전운전 의무 불이행,단일로,기타단일로
31176,2019-03-05 19,야간,화,1,4,0,3,0,전북,부안군,차대차,추돌,추돌,과속,단일로,기타단일로
31177,2019-06-06 02,야간,목,1,1,0,0,0,강원,화천군,차대사람,기타,기타,안전운전 의무 불이행,단일로,기타단일로
31178,2019-01-20 17,주간,일,1,2,0,1,0,충남,당진시,차대차,추돌,추돌,안전운전 의무 불이행,단일로,기타단일로
31179,2019-01-22 21,야간,화,1,1,0,0,0,서울,금천구,차대사람,기타,기타,안전운전 의무 불이행,교차로,교차로내
31180,2019-05-29 11,주간,수,1,2,1,0,0,경북,청송군,차대차,정면충돌,정면충돌,중앙선 침범,단일로,기타단일로
31181,2019-01-30 15,주간,수,1,1,0,0,0,전북,김제시,차량단독,공작물충돌,공작물충돌,안전운전 의무 불이행,단일로,기타단일로
31182,2019-01-17 05,야간,목,1,1,0,0,0,서울,강동구,차대사람,횡단중,횡단중,과속,교차로,교차로횡단보도내
31183,2019-01-11 17,주간,금,2,2,0,0,0,제주,서귀포시,차대사람,기타,기타,안전운전 의무 불이행,단일로,기타단일로
31184,2019-05-29 14,주간,수,1,4,1,2,0,경남,함안군,차대차,추돌,추돌,안전거리 미확보,단일로,터널안
31185,2019-01-10 01,야간,목,1,4,2,1,0,경기,용인시,차대사람,기타,기타,안전운전 의무 불이행,단일로,기타단일로
31186,2019-05-15 22,야간,수,1,2,0,1,0,전남,곡성군,차량단독,전복,전복,안전운전 의무 불이행,단일로,기타단일로
31187,2019-07-12 08,주간,금,1,1,0,0,0,강원,인제군,차대사람,보도통행중,보도통행중,중앙선 침범,교차로,교차로부근
31188,2019-01-12 20,야간,토,1,1,0,0,0,경기,화성시,차대사람,기타,기타,안전운전 의무 불이행,단일로,기타단일로
31189,2019-02-08 03,야간,금,1,1,0,0,0,경기,여주시,차대사람,차도통행중,차도통행중,안전운전 의무 불이행,단일로,기타단일로
31190,2019-03-16 19,야간,토,1,1,0,0,0,경남,거창군,차대차,정면충돌,정면충돌,중앙선 침범,단일로,기타단일로
31191,2019-01-10 05,야간,목,1,1,0,0,0,경북,경산시,차대사람,횡단중,횡단중,안전운전 의무 불이행,단일로,교량위
31192,2019-01-12 20,야간,토,1,4,0,3,0,경기,화성시,차대차,정면충돌,정면충돌,중앙선 침범,단일로,기타단일로
31193,2019-01-24 00,야간,목,1,1,0,0,0,서울,성동구,차대사람,횡단중,횡단중,안전운전 의무 불이행,단일로,기타단일로
31194,2019-04-06 19,야간,토,1,2,0,1,0,전남,장성군,차대차,측면충돌,측면충돌,안전운전 의무 불이행,단일로,기타단일로
31195,2019-04-29 10,주간,월,1,1,0,0,0,강원,횡성군,차량단독,도로이탈,도로이탈 추락,안전운전 의무 불이행,단일로,기타단일로
31196,2019-04-22 11,주간,월,1,2,0,1,0,충남,당진시,차대차,추돌,추돌,안전운전 의무 불이행,단일로,기타단일로
31197,2019-04-27 09,주간,토,1,2,1,0,0,전북,무주군,차대차,측면충돌,측면충돌,안전운전 의무 불이행,단일로,기타단일로
31198,2019-01-15 07,주간,화,1,1,0,0,0,경기,광명시,차대차,추돌,추돌,안전운전 의무 불이행,단일로,기타단일로
31199,2019-01-28 19,야간,월,1,1,0,0,0,경북,영주시,차대사람,횡단중,횡단중,안전운전 의무 불이행,교차로,교차로내
31200,2019-01-28 10,주간,월,1,1,0,0,0,전남,광양시,차대차,측면충돌,측면충돌,교차로 통행방법 위반,교차로,교차로내
31201,2019-05-13 10,주간,월,1,2,0,1,0,충북,보은군,차대차,측면충돌,측면충돌,신호위반,교차로,교차로내
31202,2019-01-30 11,주간,수,1,1,0,0,0,서울,은평구,차대사람,횡단중,횡단중,보행자 보호의무 위반,교차로,교차로횡단보도내
31203,2019-05-13 19,야간,월,1,2,0,1,0,전남,구례군,차대차,추돌,추돌,안전운전 의무 불이행,단일로,기타단일로
31204,2019-03-09 08,주간,토,1,1,0,0,0,전남,고흥군,차량단독,전도,전도,안전운전 의무 불이행,단일로,기타단일로
31205,2019-05-21 11,주간,화,1,7,4,2,0,전남,곡성군,차량단독,공작물충돌,공작물충돌,과속,단일로,기타단일로
31206,2019-04-28 02,야간,일,1,5,0,4,0,전남,진도군,차대차,정면충돌,정면충돌,중앙선 침범,단일로,기타단일로
31207,2019-03-13 21,야간,수,1,1,0,0,0,전북,부안군,차대차,측면충돌,측면충돌,안전운전 의무 불이행,단일로,기타단일로
31208,2019-01-30 09,주간,수,1,1,0,0,0,충남,보령시,차대차,측면충돌,측면충돌,안전운전 의무 불이행,교차로,교차로내
31209,2019-01-10 18,야간,목,1,1,0,0,0,경기,고양시,차대사람,횡단중,횡단중,보행자 보호의무 위반,교차로,교차로내
31210,2019-01-18 07,주간,금,1,1,0,0,0,경기,이천시,차대차,기타,기타,중앙선 침범,단일로,기타단일로
31211,2019-01-28 08,주간,월,1,1,0,0,0,충남,논산시,차량단독,공작물충돌,공작물충돌,안전운전 의무 불이행,단일로,기타단일로
31212,2019-04-13 10,주간,토,1,3,2,0,0,경남,합천군,차대차,정면충돌,정면충돌,중앙선 침범,단일로,기타단일로
31213,2019-10-31 14,주간,목,1,1,0,0,0,전북,남원시,차량단독,전복,전복,안전운전 의무 불이행,단일로,기타단일로
31214,2019-01-22 00,야간,화,1,1,0,0,0,경기,하남시,차량단독,공작물충돌,공작물충돌,과속,단일로,기타단일로
31215,2019-03-15 19,야간,금,1,1,0,0,0,강원,홍천군,차대사람,기타,기타,안전운전 의무 불이행,단일로,기타단일로
31216,2019-08-07 19,야간,수,1,1,0,0,0,경북,군위군,차대사람,횡단중,횡단중,안전운전 의무 불이행,단일로,기타단일로
31217,2019-01-10 08,주간,목,1,1,0,0,0,충남,아산시,차량단독,도로이탈,도로이탈 추락,안전운전 의무 불이행,단일로,기타단일로
31218,2019-05-10 20,야간,금,1,1,0,0,0,충남,청양군,차대사람,횡단중,횡단중,과속,단일로,기타단일로
31219,2019-04-10 15,주간,수,1,1,0,0,0,전남,완도군,차대차,측면충돌,측면충돌,중앙선 침범,단일로,기타단일로
31220,2019-05-06 00,야간,월,3,5,2,0,0,전남,진도군,차대차,정면충돌,정면충돌,중앙선 침범,단일로,기타단일로
31221,2019-03-07 09,주간,목,1,1,0,0,0,경남,함안군,차대차,기타,기타,안전운전 의무 불이행,단일로,기타단일로
31222,2019-08-21 13,주간,수,1,1,0,0,0,전북,진안군,차대차,기타,기타,기타,단일로,기타단일로
31223,2019-05-29 09,주간,수,1,2,1,0,0,충북,보은군,차대차,측면충돌,측면충돌,안전운전 의무 불이행,교차로,교차로내
31224,2019-05-10 15,주간,금,1,1,0,0,0,전북,무주군,차대차,정면충돌,정면충돌,중앙선 침범,단일로,기타단일로
31225,2019-01-11 08,주간,금,1,1,0,0,0,경기,고양시,차대사람,차도통행중,차도통행중,안전운전 의무 불이행,기타,기타
31226,2019-01-18 05,야간,금,1,1,0,0,0,부산,금정구,차대사람,횡단중,횡단중,과속,교차로,교차로내
31227,2019-01-20 08,주간,일,1,6,1,4,0,인천,중구,차대차,추돌,추돌,안전운전 의무 불이행,단일로,기타단일로
31228,2019-04-09 10,주간,화,1,1,0,0,0,경북,의성군,차량단독,전도,전도,안전운전 의무 불이행,단일로,기타단일로
31229,2019-01-30 10,주간,수,1,1,0,0,0,충남,논산시,차대차,측면충돌,측면충돌,안전운전 의무 불이행,교차로,교차로부근
31230,2019-05-11 16,주간,토,1,1,0,0,0,충남,청양군,차대차,측면충돌,측면충돌,안전운전 의무 불이행,단일로,기타단일로
31231,2019-04-03 08,주간,수,1,1,0,0,0,충북,옥천군,차량단독,기타,기타,안전운전 의무 불이행,단일로,기타단일로
31232,2019-01-14 07,주간,월,1,1,0,0,0,대전,대덕구,차대차,기타,기타,신호위반,교차로,교차로부근
31233,2019-02-11 19,야간,월,1,1,0,0,0,서울,종로구,차대사람,차도통행중,차도통행중,안전운전 의무 불이행,단일로,기타단일로
31234,2019-01-14 17,주간,월,1,1,0,0,0,서울,구로구,차대사람,횡단중,횡단중,안전운전 의무 불이행,교차로,교차로내
31235,2019-03-14 18,야간,목,1,1,0,0,0,전남,고흥군,차량단독,도로이탈,도로이탈 추락,안전운전 의무 불이행,단일로,기타단일로
31236,2019-06-21 18,야간,금,1,2,0,0,1,전북,순창군,차대차,기타,기타,기타,교차로,교차로내
31237,2019-03-22 19,야간,금,1,1,0,0,0,경북,성주군,차대차,기타,기타,안전운전 의무 불이행,단일로,기타단일로
31238,2019-04-04 18,야간,목,1,2,0,1,0,전남,영광군,차량단독,도로이탈,도로이탈 추락,안전운전 의무 불이행,단일로,기타단일로
31239,2019-01-18 05,야간,금,1,1,0,0,0,부산,사하구,차대사람,횡단중,횡단중,과속,단일로,기타단일로
31240,2019-01-16 09,주간,수,1,1,0,0,0,경기,고양시,차량단독,기타,기타,안전운전 의무 불이행,단일로,기타단일로
31241,2019-11-16 16,주간,토,1,2,0,1,0,전북,장수군,차대차,정면충돌,정면충돌,중앙선 침범,단일로,기타단일로
31242,2019-04-11 16,주간,목,1,1,0,0,0,강원,정선군,차량단독,공작물충돌,공작물충돌,안전운전 의무 불이행,교차로,교차로부근
31243,2019-01-24 07,주간,목,1,1,0,0,0,부산,북구,차대사람,횡단중,횡단중,안전운전 의무 불이행,단일로,기타단일로
31244,2019-01-18 10,주간,금,1,1,0,0,0,충북,충주시,차대차,기타,기타,신호위반,교차로,교차로내
31245,2019-04-17 19,야간,수,1,1,0,0,0,강원,정선군,차대차,추돌,추돌,과속,단일로,기타단일로
31246,2019-01-15 02,야간,화,2,2,0,0,0,경기,평택시,차량단독,공작물충돌,공작물충돌,안전운전 의무 불이행,단일로,기타단일로
31247,2019-01-25 04,야간,금,1,2,1,0,0,서울,도봉구,차량단독,기타,기타,안전운전 의무 불이행,단일로,기타단일로
31248,2019-01-26 00,야간,토,1,1,0,0,0,경기,군포시,차대사람,기타,기타,안전운전 의무 불이행,단일로,기타단일로
31249,2019-02-27 16,주간,수,1,1,0,0,0,충북,괴산군,차대사람,횡단중,횡단중,중앙선 침범,단일로,기타단일로
31250,2019-08-27 13,주간,화,1,2,1,0,0,경북,군위군,차대차,측면충돌,측면충돌,안전운전 의무 불이행,교차로,교차로내
31251,2019-08-18 10,주간,일,1,1,0,0,0,강원,인제군,차량단독,공작물충돌,공작물충돌,안전운전 의무 불이행,단일로,기타단일로
31252,2019-03-22 22,야간,금,1,2,1,0,0,전북,부안군,차량단독,공작물충돌,공작물충돌,안전운전 의무 불이행,단일로,기타단일로
31253,2019-06-08 16,주간,토,1,1,0,0,0,충북,보은군,차대사람,기타,기타,안전운전 의무 불이행,교차로,교차로내
31254,2019-03-18 19,야간,월,1,1,0,0,0,충남,서천군,차대사람,길가장자리구역통행중,길가장자리구역통행중,안전운전 의무 불이행,단일로,기타단일로
31255,2019-01-12 09,주간,토,1,1,0,0,0,경기,고양시,차대차,측면충돌,측면충돌,안전운전 의무 불이행,단일로,기타단일로
31256,2019-05-04 11,주간,토,1,1,0,0,0,경남,함양군,차량단독,전도,전도,안전운전 의무 불이행,단일로,기타단일로
31257,2019-04-01 14,주간,월,1,1,0,0,0,강원,원주시,차량단독,도로이탈,도로이탈 추락,안전운전 의무 불이행,단일로,교량위
31258,2019-01-25 23,야간,금,1,1,0,0,0,서울,도봉구,차대사람,기타,기타,안전운전 의무 불이행,단일로,기타단일로
31259,2019-04-08 11,주간,월,1,5,0,4,0,경북,영덕군,차대차,정면충돌,정면충돌,중앙선 침범,단일로,기타단일로
31260,2019-01-29 15,주간,화,1,2,1,0,0,경남,김해시,차대차,측면충돌,측면충돌,신호위반,교차로,교차로내
31261,2019-12-05 18,야간,목,1,1,0,0,0,전북,장수군,차대사람,횡단중,횡단중,과속,교차로,교차로내
31262,2019-01-25 05,야간,금,1,1,0,0,0,인천,남동구,차대사람,횡단중,횡단중,안전운전 의무 불이행,단일로,기타단일로
31263,2019-07-30 13,주간,화,1,1,0,0,0,강원,화천군,차량단독,도로이탈,도로이탈 추락,안전운전 의무 불이행,교차로,교차로내
31264,2019-05-27 17,주간,월,1,1,0,0,0,경북,봉화군,차량단독,도로이탈,도로이탈 추락,안전운전 의무 불이행,기타,기타
31265,2019-01-17 05,야간,목,1,1,0,0,0,인천,남동구,차대사람,차도통행중,차도통행중,안전운전 의무 불이행,단일로,기타단일로
31266,2019-02-14 19,야간,목,1,1,0,0,0,경기,양평군,차대사람,기타,기타,과속,단일로,기타단일로
31267,2019-04-03 09,주간,수,1,2,0,1,0,강원,춘천시,차대차,추돌,추돌,안전운전 의무 불이행,단일로,교량위
31268,2019-07-15 21,야간,월,1,1,0,0,0,전북,순창군,차대차,추돌,추돌,안전운전 의무 불이행,교차로,교차로부근
31269,2019-03-07 09,주간,목,1,2,1,0,0,전남,화순군,차대사람,횡단중,횡단중,안전운전 의무 불이행,단일로,기타단일로
31270,2019-05-09 03,야간,목,1,1,0,0,0,전남,순천시,차대차,기타,기타,안전운전 의무 불이행,단일로,기타단일로
31271,2019-01-16 22,야간,수,1,1,0,0,0,서울,강남구,차대사람,횡단중,횡단중,안전운전 의무 불이행,단일로,기타단일로
31272,2019-01-23 07,주간,수,1,1,0,0,0,경기,성남시,차대사람,횡단중,횡단중,신호위반,단일로,기타단일로
31273,2019-02-18 17,주간,월,1,1,0,0,0,경기,여주시,차량단독,전도,전도,안전운전 의무 불이행,단일로,기타단일로
31274,2019-06-14 20,야간,금,1,1,0,0,0,전북,임실군,차대차,추돌,추돌,안전운전 의무 불이행,단일로,기타단일로
31275,2019-02-19 11,주간,화,1,1,0,0,0,충남,홍성군,차량단독,공작물충돌,공작물충돌,안전운전 의무 불이행,단일로,기타단일로
31276,2019-05-18 18,야간,토,1,3,1,1,0,강원,횡성군,차량단독,공작물충돌,공작물충돌,안전운전 의무 불이행,단일로,기타단일로
31277,2019-12-11 15,주간,수,1,1,0,0,0,경북,영양군,차대사람,길가장자리구역통행중,길가장자리구역통행중,안전운전 의무 불이행,단일로,기타단일로
31278,2019-01-20 11,주간,일,1,1,0,0,0,충북,충주시,차대사람,기타,기타,안전운전 의무 불이행,교차로,교차로내
31279,2019-01-30 11,주간,수,1,1,0,0,0,경남,김해시,차량단독,공작물충돌,공작물충돌,안전운전 의무 불이행,단일로,기타단일로
31280,2019-01-11 07,주간,금,1,1,0,0,0,경기,광주시,차대사람,차도통행중,차도통행중,보행자 보호의무 위반,교차로,교차로부근
31281,2019-08-03 00,야간,토,2,3,1,0,0,강원,철원군,차량단독,공작물충돌,공작물충돌,안전운전 의무 불이행,교차로,교차로내
31282,2019-06-26 12,주간,수,1,1,0,0,0,충북,보은군,차대사람,기타,기타,안전운전 의무 불이행,단일로,지하차도(도로)내
31283,2019-02-23 06,주간,토,1,2,0,1,0,전북,완주군,차대차,추돌,추돌,안전운전 의무 불이행,단일로,기타단일로
31284,2019-01-13 21,야간,일,1,1,0,0,0,인천,중구,차량단독,공작물충돌,공작물충돌,안전운전 의무 불이행,교차로,교차로내
31285,2019-08-05 21,야간,월,1,1,0,0,0,강원,화천군,차대사람,횡단중,횡단중,안전운전 의무 불이행,단일로,기타단일로
31286,2019-05-02 09,주간,목,1,1,0,0,0,경북,청도군,차량단독,전도,전도,안전운전 의무 불이행,단일로,지하차도(도로)내
31287,2019-05-25 14,주간,토,1,1,0,0,0,전남,진도군,차대차,측면충돌,측면충돌,중앙선 침범,기타,기타
31288,2019-01-30 11,주간,수,1,1,0,0,0,울산,울주군,차대사람,횡단중,횡단중,안전운전 의무 불이행,단일로,기타단일로
31289,2019-07-19 09,주간,금,1,1,0,0,0,경북,청송군,차량단독,공작물충돌,공작물충돌,안전운전 의무 불이행,단일로,지하차도(도로)내
31290,2019-10-04 10,주간,금,1,1,0,0,0,전북,진안군,차량단독,도로이탈,도로이탈 기타,안전운전 의무 불이행,교차로,교차로내
31291,2019-01-12 21,야간,토,1,1,0,0,0,경기,김포시,차대사람,차도통행중,차도통행중,안전운전 의무 불이행,단일로,기타단일로
31292,2019-06-06 10,주간,목,1,1,0,0,0,전북,무주군,차대차,측면충돌,측면충돌,안전운전 의무 불이행,교차로,교차로내
31293,2019-04-09 21,야간,화,1,5,2,2,0,충북,단양군,차대차,추돌,추돌,안전운전 의무 불이행,단일로,기타단일로
31294,2019-02-27 01,야간,수,1,1,0,0,0,대구,동구,차대차,기타,기타,안전운전 의무 불이행,단일로,기타단일로
31295,2019-01-24 04,야간,목,1,1,0,0,0,경기,성남시,차대사람,횡단중,횡단중,안전운전 의무 불이행,교차로,교차로내
31296,2019-09-14 22,야간,토,1,5,2,2,0,강원,양구군,차량단독,기타,기타,과속,단일로,기타단일로
31297,2019-01-12 07,주간,토,1,3,2,0,0,강원,원주시,차대차,정면충돌,정면충돌,중앙선 침범,단일로,기타단일로
31298,2019-01-31 21,야간,목,1,1,0,0,0,충북,제천시,차량단독,공작물충돌,공작물충돌,안전운전 의무 불이행,교차로,교차로부근
31299,2019-02-03 16,주간,일,1,5,0,4,0,경기,안양시,차대차,정면충돌,정면충돌,중앙선 침범,단일로,기타단일로
31300,2019-03-26 05,야간,화,1,1,0,0,0,강원,홍천군,차대차,추돌,추돌,안전운전 의무 불이행,단일로,기타단일로
31301,2019-01-23 23,야간,수,1,1,0,0,0,경북,안동시,차대차,측면충돌,측면충돌,중앙선 침범,단일로,기타단일로
31302,2019-04-16 15,주간,화,1,3,1,1,0,전남,장흥군,차대차,정면충돌,정면충돌,중앙선 침범,단일로,기타단일로
31303,2019-01-13 08,주간,일,1,1,0,0,0,경기,김포시,차대차,추돌,추돌,안전운전 의무 불이행,기타,기타
31304,2019-07-08 11,주간,월,2,3,1,0,0,충북,보은군,차량단독,기타,기타,안전운전 의무 불이행,단일로,지하차도(도로)내
31305,2019-07-18 19,야간,목,1,1,0,0,0,전남,구례군,차량단독,공작물충돌,공작물충돌,안전운전 의무 불이행,단일로,기타단일로
31306,2019-01-31 23,야간,목,1,1,0,0,0,경북,김천시,차대사람,차도통행중,차도통행중,안전운전 의무 불이행,단일로,기타단일로
31307,2019-04-21 06,주간,일,1,2,1,0,0,전남,영광군,차대차,추돌,추돌,안전운전 의무 불이행,단일로,기타단일로
31308,2019-08-22 01,야간,목,1,1,0,0,0,강원,화천군,차량단독,공작물충돌,공작물충돌,안전운전 의무 불이행,단일로,기타단일로
31309,2019-04-11 17,주간,목,1,1,0,0,0,경북,성주군,차대차,측면충돌,측면충돌,안전운전 의무 불이행,교차로,교차로내
31310,2019-03-12 13,주간,화,1,1,0,0,0,경기,광주시,차량단독,공작물충돌,공작물충돌,안전운전 의무 불이행,단일로,기타단일로
31311,2019-01-15 21,야간,화,1,3,0,2,0,경기,화성시,차대차,측면충돌,측면충돌,중앙선 침범,단일로,기타단일로
31312,2019-05-23 14,주간,목,1,2,1,0,0,강원,고성군,차대차,정면충돌,정면충돌,신호위반,교차로,교차로내
31313,2019-01-24 14,주간,목,1,1,0,0,0,부산,사상구,차대차,측면충돌,측면충돌,신호위반,교차로,교차로부근
31314,2019-04-20 08,주간,토,1,1,0,0,0,경북,영덕군,차량단독,전도,전도,안전운전 의무 불이행,단일로,기타단일로
31315,2019-03-06 10,주간,수,1,1,0,0,0,충남,예산군,차대차,측면충돌,측면충돌,안전운전 의무 불이행,교차로,교차로부근
31316,2019-01-21 06,주간,월,1,1,0,0,0,경기,광명시,차대사람,횡단중,횡단중,안전운전 의무 불이행,단일로,기타단일로
31317,2019-02-13 21,야간,수,1,1,0,0,0,광주,동구,차대사람,차도통행중,차도통행중,안전운전 의무 불이행,단일로,기타단일로
31318,2019-04-16 07,주간,화,1,1,0,0,0,충남,부여군,차대차,측면충돌,측면충돌,안전운전 의무 불이행,단일로,기타단일로
31319,2019-05-11 12,주간,토,1,1,0,0,0,충북,영동군,차량단독,전도,전도,안전운전 의무 불이행,단일로,기타단일로
31320,2019-04-04 17,주간,목,1,1,0,0,0,경북,울진군,차량단독,도로이탈,도로이탈 추락,안전운전 의무 불이행,단일로,기타단일로
31321,2019-06-18 14,주간,화,1,1,0,0,0,전북,무주군,차대차,추돌,추돌,안전운전 의무 불이행,단일로,지하차도(도로)내
31322,2019-10-26 11,주간,토,1,2,1,0,0,전북,진안군,차량단독,공작물충돌,공작물충돌,중앙선 침범,단일로,기타단일로
31323,2019-01-31 18,야간,목,1,1,0,0,0,경기,군포시,차대사람,횡단중,횡단중,안전운전 의무 불이행,단일로,기타단일로
31324,2019-01-18 00,야간,금,1,1,0,0,0,서울,구로구,차대사람,기타,기타,안전운전 의무 불이행,교차로,교차로내
31325,2019-09-29 12,주간,일,1,1,0,0,0,강원,인제군,차대사람,기타,기타,안전운전 의무 불이행,단일로,기타단일로
31326,2019-07-25 13,주간,목,1,1,0,0,0,경남,진주시,차대차,추돌,추돌,안전운전 의무 불이행,단일로,기타단일로
31327,2019-03-10 15,주간,일,1,3,0,2,0,전남,영암군,차대차,측면충돌,측면충돌,중앙선 침범,단일로,기타단일로
31328,2019-02-01 14,주간,금,1,1,0,0,0,경북,김천시,차량단독,전도,전도,안전운전 의무 불이행,교차로,교차로부근
31329,2019-01-28 17,주간,월,1,1,0,0,0,경남,창원시(통합),차대사람,보도통행중,보도통행중,기타,단일로,기타단일로
31330,2019-01-14 07,주간,월,1,1,0,0,0,경기,김포시,차대차,추돌,추돌,안전운전 의무 불이행,기타,기타
31331,2019-02-24 01,야간,일,1,1,0,0,0,부산,영도구,차대사람,횡단중,횡단중,안전운전 의무 불이행,단일로,기타단일로
31332,2019-06-14 16,주간,금,1,1,0,0,0,충북,단양군,차대차,정면충돌,정면충돌,중앙선 침범,단일로,기타단일로
31333,2019-03-14 19,야간,목,1,1,0,0,0,전남,무안군,차대차,측면충돌,측면충돌,신호위반,교차로,교차로부근
31334,2019-01-12 12,주간,토,1,5,3,1,0,경기,광주시,차대차,추돌,추돌,안전운전 의무 불이행,단일로,터널안
31335,2019-09-02 13,주간,월,1,2,1,0,0,강원,화천군,차량단독,공작물충돌,공작물충돌,안전운전 의무 불이행,단일로,기타단일로
31336,2019-05-23 19,야간,목,1,1,0,0,0,경남,함양군,차량단독,도로이탈,도로이탈 기타,안전운전 의무 불이행,교차로,교차로부근
31337,2019-01-25 18,야간,금,1,1,0,0,0,경북,안동시,차대사람,차도통행중,차도통행중,과속,단일로,기타단일로
31338,2019-07-22 10,주간,월,1,1,0,0,0,충북,보은군,차대차,측면충돌,측면충돌,교차로 통행방법 위반,교차로,교차로내
31339,2019-04-29 14,주간,월,1,2,0,1,0,전남,영광군,차대차,측면충돌,측면충돌,과속,교차로,교차로내
31340,2019-07-22 10,주간,월,1,1,0,0,0,충북,보은군,차량단독,전도,전도,안전운전 의무 불이행,단일로,지하차도(도로)내
31341,2019-10-27 09,주간,일,1,1,0,0,0,경북,군위군,차대차,측면충돌,측면충돌,안전운전 의무 불이행,단일로,기타단일로
31342,2019-02-26 00,야간,화,1,2,1,0,0,부산,영도구,차대사람,차도통행중,차도통행중,신호위반,교차로,교차로내
31343,2019-01-17 13,주간,목,1,1,0,0,0,경기,화성시,차대사람,횡단중,횡단중,보행자 보호의무 위반,교차로,교차로횡단보도내