교통사고이력ID(사고기록 순서),발생년월일시,주야코드,요일코드,사망자수,부상자수,중상자수,경상자수,부상신고자수,발생지시도코드,발생지시도코드,사고유형대분류코드,사고유형중분류코드,사고유형코드,법규위반코드,도로형태대분류코드,도로로형태코드
31544,2019-01-25 23,야간,금,1,3,2,0,0,전북,익산시,차대차,정면충돌,정면충돌,과속,단일로,기타단일로
31545,2019-10-12 18,야간,토,1,1,0,0,0,충북,보은군,차대사람,차도통행중,차도통행중,안전운전 의무 불이행,단일로,기타단일로
31546,2019-02-27 01,야간,수,1,2,1,0,0,경북,칠곡군,차대차,추돌,추돌,안전운전 의무 불이행,교차로,교차로부근
31547,2019-01-30 18,야간,수,1,1,0,0,0,서울,양천구,차대사람,차도통행중,차도통행중,안전운전 의무 불이행,단일로,기타단일로
31548,2019-04-04 12,주간,목,1,1,0,0,0,경북,청도군,차량단독,공작물충돌,공작물충돌,안전운전 의무 불이행,단일로,기타단일로
31549,2019-12-07 06,주간,토,1,1,0,0,0,전남,곡성군,차대사람,횡단중,횡단중,안전운전 의무 불이행,단일로,기타단일로
31550,2019-11-19 18,야간,화,1,1,0,0,0,전북,순창군,차량단독,도로이탈,도로이탈 추락,안전운전 의무 불이행,단일로,기타단일로
31551,2019-03-26 19,야간,화,1,2,0,1,0,서울,종로구,차대사람,횡단중,횡단중,안전운전 의무 불이행,단일로,기타단일로
31552,2019-01-24 21,야간,목,1,1,0,0,0,대전,대덕구,차대사람,횡단중,횡단중,안전운전 의무 불이행,단일로,기타단일로
31553,2019-03-23 17,주간,토,1,1,0,0,0,경기,여주시,차대차,기타,기타,안전운전 의무 불이행,교차로,교차로부근
31554,2019-12-06 07,주간,금,1,1,0,0,0,강원,철원군,차대사람,횡단중,횡단중,안전운전 의무 불이행,교차로,교차로내
31555,2019-02-23 08,주간,토,1,1,0,0,0,충북,제천시,차대사람,횡단중,횡단중,보행자 보호의무 위반,단일로,지하차도(도로)내
31556,2019-02-07 20,야간,목,1,1,0,0,0,경기,양주시,차량단독,공작물충돌,공작물충돌,안전운전 의무 불이행,단일로,기타단일로
31557,2019-03-08 19,야간,금,1,1,0,0,0,경북,영주시,차대사람,횡단중,횡단중,안전운전 의무 불이행,단일로,기타단일로
31558,2019-11-25 22,야간,월,1,2,1,0,0,경북,청송군,차대차,정면충돌,정면충돌,중앙선 침범,단일로,지하차도(도로)내
31559,2019-07-25 11,주간,목,1,2,1,0,0,전남,보성군,차량단독,공작물충돌,공작물충돌,안전운전 의무 불이행,단일로,기타단일로
31560,2019-06-09 15,주간,일,1,1,0,0,0,전남,담양군,차량단독,도로이탈,도로이탈 추락,안전운전 의무 불이행,단일로,기타단일로
31561,2019-06-23 18,야간,일,1,1,0,0,0,경북,의성군,차량단독,도로이탈,도로이탈 추락,안전거리 미확보,단일로,기타단일로
31562,2019-08-12 19,야간,월,1,1,0,0,0,강원,영월군,차대사람,횡단중,횡단중,보행자 보호의무 위반,단일로,기타단일로
31563,2019-03-25 09,주간,월,1,1,0,0,0,충남,홍성군,차대사람,기타,기타,안전운전 의무 불이행,기타,기타
31564,2019-11-28 17,주간,목,1,1,0,0,0,경북,청송군,차대차,추돌,추돌,안전운전 의무 불이행,단일로,지하차도(도로)내
31565,2019-05-13 21,야간,월,1,1,0,0,0,전남,강진군,차량단독,전도,전도,안전운전 의무 불이행,교차로,교차로내
31566,2019-01-30 11,주간,수,1,1,0,0,0,대구,북구,차대사람,횡단중,횡단중,안전운전 의무 불이행,교차로,교차로횡단보도내
31567,2019-05-03 10,주간,금,1,1,0,0,0,충남,태안군,차량단독,기타,기타,안전운전 의무 불이행,단일로,기타단일로
31568,2019-09-29 13,주간,일,1,1,0,0,0,충북,단양군,차량단독,공작물충돌,공작물충돌,안전운전 의무 불이행,기타,기타
31569,2019-01-27 05,야간,일,1,1,0,0,0,경기,화성시,차대사람,차도통행중,차도통행중,안전운전 의무 불이행,단일로,기타단일로
31570,2019-02-21 19,야간,목,1,3,0,0,2,경기,포천시,차대차,추돌,추돌,안전운전 의무 불이행,단일로,기타단일로
31571,2019-03-26 20,야간,화,1,1,0,0,0,경기,여주시,차량단독,전도,전도,안전운전 의무 불이행,단일로,기타단일로
31572,2019-04-01 13,주간,월,1,3,1,1,0,서울,중구,차대차,정면충돌,정면충돌,신호위반,교차로,교차로내
31573,2019-06-26 16,주간,수,1,2,1,0,0,강원,강릉시,차대차,기타,기타,안전운전 의무 불이행,단일로,기타단일로
31574,2019-01-28 10,주간,월,1,2,0,1,0,전북,익산시,차량단독,공작물충돌,공작물충돌,안전운전 의무 불이행,단일로,기타단일로
31575,2019-02-25 18,야간,월,1,1,0,0,0,강원,양양군,차대사람,횡단중,횡단중,안전운전 의무 불이행,교차로,교차로부근
31576,2019-04-27 06,주간,토,1,1,0,0,0,충북,청주시,차량단독,공작물충돌,공작물충돌,안전운전 의무 불이행,단일로,기타단일로
31577,2019-01-31 06,주간,목,1,1,0,0,0,제주,서귀포시,차대사람,횡단중,횡단중,안전운전 의무 불이행,단일로,기타단일로
31578,2019-02-25 21,야간,월,1,2,0,1,0,강원,양양군,차대차,추돌,추돌,안전운전 의무 불이행,단일로,지하차도(도로)내
31579,2019-10-04 14,주간,금,1,1,0,0,0,충북,단양군,차대사람,횡단중,횡단중,안전운전 의무 불이행,기타,기타
31580,2019-03-06 16,주간,수,1,2,1,0,0,울산,울주군,차대차,추돌,추돌,안전거리 미확보,단일로,기타단일로
31581,2019-04-21 16,주간,일,1,1,0,0,0,전남,무안군,차대사람,기타,기타,안전운전 의무 불이행,교차로,교차로부근
31582,2019-05-28 19,야간,화,1,1,0,0,0,전남,고흥군,차량단독,전도,전도,안전운전 의무 불이행,단일로,기타단일로
31583,2019-04-30 00,야간,화,1,2,1,0,0,충북,청주시,차대차,추돌,추돌,안전운전 의무 불이행,단일로,기타단일로
31584,2019-01-31 00,야간,목,1,3,1,1,0,서울,구로구,차대사람,횡단중,횡단중,안전운전 의무 불이행,교차로,교차로횡단보도내
31585,2019-10-14 19,야간,월,1,1,0,0,0,전북,임실군,차대사람,기타,기타,안전운전 의무 불이행,단일로,기타단일로
31586,2019-06-17 10,주간,월,1,2,1,0,0,충남,부여군,차대차,정면충돌,정면충돌,중앙선 침범,단일로,기타단일로
31587,2019-10-16 14,주간,수,1,1,0,0,0,전북,임실군,차대차,측면충돌,측면충돌,안전운전 의무 불이행,단일로,기타단일로
31588,2019-08-14 18,야간,수,1,1,0,0,0,경북,고령군,차대차,측면충돌,측면충돌,교차로 통행방법 위반,교차로,교차로내
31589,2019-07-03 07,주간,수,1,1,0,0,0,강원,춘천시,차량단독,공작물충돌,공작물충돌,안전운전 의무 불이행,단일로,기타단일로
31590,2019-06-12 16,주간,수,1,2,1,0,0,경북,성주군,차량단독,공작물충돌,공작물충돌,안전운전 의무 불이행,단일로,기타단일로
31591,2019-09-15 19,야간,일,1,1,0,0,0,전남,함평군,차대사람,횡단중,횡단중,안전운전 의무 불이행,단일로,기타단일로
31592,2019-10-25 18,야간,금,1,1,0,0,0,전남,진도군,차대사람,횡단중,횡단중,안전운전 의무 불이행,단일로,기타단일로
31593,2019-11-28 12,주간,목,1,1,0,0,0,경남,의령군,차대차,측면충돌,측면충돌,신호위반,교차로,교차로내
31594,2019-05-31 23,야간,금,1,1,0,0,0,전북,부안군,차대차,추돌,추돌,안전운전 의무 불이행,단일로,기타단일로
31595,2019-06-01 13,주간,토,1,4,3,0,0,인천,강화군,차대차,추돌,추돌,안전운전 의무 불이행,단일로,기타단일로
31596,2019-04-25 06,주간,목,1,1,0,0,0,전남,무안군,차량단독,도로이탈,도로이탈 추락,안전운전 의무 불이행,단일로,기타단일로
31597,2019-05-29 16,주간,수,1,1,0,0,0,강원,홍천군,차량단독,공작물충돌,공작물충돌,안전운전 의무 불이행,단일로,기타단일로
31598,2019-04-18 13,주간,목,1,1,0,0,0,전남,해남군,차대차,측면충돌,측면충돌,교차로 통행방법 위반,교차로,교차로내
31599,2019-04-30 13,주간,화,1,1,0,0,0,충북,괴산군,차대사람,기타,기타,안전운전 의무 불이행,교차로,교차로부근
31600,2019-03-06 19,야간,수,1,1,0,0,0,경북,칠곡군,차대사람,기타,기타,안전운전 의무 불이행,단일로,기타단일로
31601,2019-03-12 21,야간,화,1,2,0,0,1,서울,은평구,차대차,측면충돌,측면충돌,신호위반,교차로,교차로내
31602,2019-04-26 12,주간,금,1,1,0,0,0,전남,영암군,차대사람,횡단중,횡단중,안전운전 의무 불이행,교차로,교차로내
31603,2019-10-19 16,주간,토,1,2,1,0,0,전북,무주군,차대차,측면충돌,측면충돌,과속,교차로,교차로내
31604,2019-01-28 18,야간,월,1,1,0,0,0,경남,양산시,차대사람,횡단중,횡단중,안전운전 의무 불이행,단일로,기타단일로
31605,2019-02-02 00,야간,토,1,3,1,1,0,경기,고양시,차대사람,기타,기타,신호위반,교차로,교차로내
31606,2019-09-30 19,야간,월,2,4,0,1,1,전남,함평군,차대차,추돌,추돌,안전운전 의무 불이행,단일로,기타단일로
31607,2019-03-27 18,야간,수,1,1,0,0,0,충남,공주시,차대차,측면충돌,측면충돌,과속,교차로,교차로내
31608,2019-07-18 16,주간,목,1,1,0,0,0,경북,의성군,차대차,기타,기타,신호위반,교차로,교차로내
31609,2019-02-06 03,야간,수,1,1,0,0,0,부산,사하구,차량단독,전도,전도,안전운전 의무 불이행,단일로,기타단일로
31610,2019-03-13 18,야간,수,1,1,0,0,0,충남,보령시,차대차,측면충돌,측면충돌,신호위반,교차로,교차로내
31611,2019-06-27 16,주간,목,1,1,0,0,0,전남,담양군,차대차,기타,기타,과속,단일로,기타단일로
31612,2019-01-24 23,야간,목,1,1,0,0,0,인천,남구,차대사람,횡단중,횡단중,안전운전 의무 불이행,기타,기타
31613,2019-04-03 00,야간,수,1,1,0,0,0,충남,홍성군,차량단독,도로이탈,도로이탈 추락,안전운전 의무 불이행,단일로,기타단일로
31614,2019-02-14 00,야간,목,1,1,0,0,0,경기,오산시,차대사람,기타,기타,과속,단일로,기타단일로
31615,2019-03-09 09,주간,토,1,2,0,0,1,경북,영천시,차대차,추돌,추돌,안전운전 의무 불이행,단일로,기타단일로
31616,2019-01-29 23,야간,화,1,1,0,0,0,전북,익산시,차량단독,공작물충돌,공작물충돌,안전운전 의무 불이행,단일로,기타단일로
31617,2019-03-03 11,주간,일,1,1,0,0,0,울산,울주군,차대차,측면충돌,측면충돌,교차로 통행방법 위반,교차로,교차로내
31618,2019-05-11 18,야간,토,1,1,0,0,0,충남,태안군,차량단독,도로이탈,도로이탈 추락,안전운전 의무 불이행,단일로,기타단일로
31619,2019-06-06 19,야간,목,1,1,0,0,0,전남,고흥군,차량단독,전도,전도,안전운전 의무 불이행,단일로,기타단일로
31620,2019-03-09 13,주간,토,1,1,0,0,0,경기,안양시,차량단독,전도,전도,안전운전 의무 불이행,기타,기타
31621,2019-10-04 18,야간,금,1,1,0,0,0,전남,함평군,차대사람,횡단중,횡단중,안전운전 의무 불이행,교차로,교차로부근
31622,2019-05-08 05,야간,수,1,2,0,1,0,충남,천안시,차대차,추돌,추돌,안전운전 의무 불이행,단일로,기타단일로
31623,2019-02-26 22,야간,화,1,1,0,0,0,경기,부천시,차대차,측면충돌,측면충돌,안전운전 의무 불이행,교차로,교차로내
31624,2019-01-26 14,주간,토,1,2,1,0,0,경기,고양시,차대차,측면충돌,측면충돌,신호위반,교차로,교차로내
31625,2019-03-23 07,주간,토,1,3,1,1,0,전남,나주시,차대차,정면충돌,정면충돌,중앙선 침범,교차로,교차로부근
31626,2019-05-08 23,야간,수,1,3,0,2,0,대전,동구,차대차,추돌,추돌,안전거리 미확보,단일로,기타단일로
31627,2019-06-07 00,야간,금,1,2,0,1,0,강원,홍천군,차대차,추돌,추돌,안전운전 의무 불이행,교차로,교차로내
31628,2019-06-27 05,야간,목,1,1,0,0,0,경북,성주군,차대사람,기타,기타,안전운전 의무 불이행,단일로,기타단일로
31629,2019-11-11 18,야간,월,1,1,0,0,0,전남,진도군,차대사람,횡단중,횡단중,안전운전 의무 불이행,교차로,교차로횡단보도내
31630,2019-05-11 17,주간,토,1,1,0,0,0,충남,예산군,차량단독,도로이탈,도로이탈 추락,안전운전 의무 불이행,단일로,기타단일로
31631,2019-06-09 02,야간,일,1,1,0,0,0,강원,홍천군,차대사람,기타,기타,과속,기타,기타
31632,2019-03-12 19,야간,화,1,1,0,0,0,경북,영천시,차대사람,횡단중,횡단중,안전운전 의무 불이행,단일로,기타단일로
31633,2019-12-18 16,주간,수,1,2,1,0,0,경남,하동군,차대차,측면충돌,측면충돌,중앙선 침범,교차로,교차로부근
31634,2019-07-07 17,주간,일,1,2,1,0,0,경남,거창군,차대차,측면충돌,측면충돌,안전운전 의무 불이행,단일로,기타단일로
31635,2019-10-19 06,주간,토,1,1,0,0,0,충북,단양군,차대차,추돌,추돌,안전운전 의무 불이행,단일로,기타단일로
31636,2019-06-25 05,야간,화,1,1,0,0,0,경북,울진군,차량단독,기타,기타,안전운전 의무 불이행,단일로,기타단일로
31637,2019-04-13 09,주간,토,1,4,1,2,0,전북,완주군,차대차,측면충돌,측면충돌,교차로 통행방법 위반,교차로,교차로내
31638,2019-07-24 13,주간,수,1,1,0,0,0,전남,영광군,차대차,측면충돌,측면충돌,안전운전 의무 불이행,단일로,기타단일로
31639,2019-03-04 23,야간,월,1,1,0,0,0,서울,광진구,차대사람,횡단중,횡단중,보행자 보호의무 위반,교차로,교차로횡단보도내
31640,2019-05-05 11,주간,일,1,1,0,0,0,전남,영암군,차량단독,도로이탈,도로이탈 추락,안전운전 의무 불이행,교차로,교차로부근
31641,2019-01-29 06,주간,화,1,1,0,0,0,제주,제주시,차대사람,횡단중,횡단중,안전운전 의무 불이행,교차로,교차로횡단보도내
31642,2019-08-31 08,주간,토,1,1,0,0,0,전남,보성군,차대차,정면충돌,정면충돌,중앙선 침범,단일로,기타단일로
31643,2019-10-28 15,주간,월,1,1,0,0,0,충북,단양군,차량단독,공작물충돌,공작물충돌,안전운전 의무 불이행,단일로,기타단일로
31644,2019-01-19 20,야간,토,1,2,1,0,0,경기,시흥시,차대사람,기타,기타,신호위반,교차로,교차로내
31645,2019-06-14 11,주간,금,1,2,0,1,0,전북,부안군,차대차,정면충돌,정면충돌,중앙선 침범,단일로,기타단일로
31646,2019-05-05 18,야간,일,1,4,2,1,0,전남,영암군,차대차,기타,기타,안전운전 의무 불이행,기타,기타
31647,2019-01-23 16,주간,수,1,1,0,0,0,강원,원주시,차대차,측면충돌,측면충돌,교차로 통행방법 위반,단일로,기타단일로
31648,2019-06-18 04,야간,화,1,1,0,0,0,경남,함안군,차대차,기타,기타,과속,단일로,기타단일로
31649,2019-06-21 10,주간,금,1,1,0,0,0,경남,고성군,차대사람,기타,기타,보행자 보호의무 위반,기타,기타
31650,2019-01-30 21,야간,수,1,1,0,0,0,경북,경주시,차대사람,기타,기타,안전운전 의무 불이행,단일로,기타단일로
31651,2019-05-09 23,야간,목,1,3,1,1,0,충북,청주시,차대차,기타,기타,안전운전 의무 불이행,단일로,기타단일로
31652,2019-02-27 14,주간,수,1,1,0,0,0,대구,중구,차대차,측면충돌,측면충돌,안전운전 의무 불이행,단일로,기타단일로
31653,2019-03-26 19,야간,화,1,1,0,0,0,경북,영주시,차대차,측면충돌,측면충돌,신호위반,교차로,교차로내
31654,2019-01-28 20,야간,월,1,1,0,0,0,전남,신안군,차대차,기타,기타,안전운전 의무 불이행,교차로,교차로부근
31655,2019-02-06 15,주간,수,1,1,0,0,0,경기,고양시,차대사람,횡단중,횡단중,신호위반,교차로,교차로횡단보도내
31656,2019-04-09 18,야간,화,1,1,0,0,0,강원,동해시,차대사람,횡단중,횡단중,보행자 보호의무 위반,교차로,교차로부근
31657,2019-10-17 06,주간,목,1,1,0,0,0,충남,청양군,차대차,측면충돌,측면충돌,중앙선 침범,단일로,기타단일로
31658,2019-03-09 01,야간,토,1,2,0,1,0,경남,김해시,차대사람,횡단중,횡단중,안전운전 의무 불이행,단일로,기타단일로
31659,2019-03-07 23,야간,목,1,2,1,0,0,충북,제천시,차대사람,차도통행중,차도통행중,안전운전 의무 불이행,교차로,교차로부근
31660,2019-06-25 09,주간,화,1,1,0,0,0,인천,강화군,차대사람,횡단중,횡단중,과속,단일로,기타단일로
31661,2019-11-01 19,야간,금,1,1,0,0,0,경남,남해군,차량단독,공작물충돌,공작물충돌,안전운전 의무 불이행,단일로,기타단일로
31662,2019-09-15 07,주간,일,1,1,0,0,0,경북,예천군,차대차,정면충돌,정면충돌,중앙선 침범,단일로,기타단일로
31663,2019-10-20 14,주간,일,1,1,0,0,0,충남,청양군,차량단독,도로이탈,도로이탈 기타,안전운전 의무 불이행,교차로,교차로부근
31664,2019-06-20 19,야간,목,1,1,0,0,0,경남,함안군,차량단독,기타,기타,안전운전 의무 불이행,교차로,교차로부근
31665,2019-02-08 06,주간,금,1,1,0,0,0,서울,마포구,차대사람,횡단중,횡단중,안전운전 의무 불이행,교차로,교차로내
31666,2019-09-06 22,야간,금,1,1,0,0,0,경북,청도군,차량단독,기타,기타,안전운전 의무 불이행,단일로,기타단일로
31667,2019-08-14 20,야간,수,1,1,0,0,0,강원,정선군,차대사람,차도통행중,차도통행중,안전운전 의무 불이행,단일로,기타단일로
31668,2019-02-15 10,주간,금,1,2,0,1,0,경기,양주시,차대사람,기타,기타,안전운전 의무 불이행,단일로,기타단일로
31669,2019-10-04 20,야간,금,1,1,0,0,0,강원,횡성군,차대사람,횡단중,횡단중,안전운전 의무 불이행,단일로,기타단일로
31670,2019-02-25 14,주간,월,1,1,0,0,0,경남,창원시(통합),차대사람,횡단중,횡단중,과속,단일로,기타단일로
31671,2019-09-18 08,주간,수,1,1,0,0,0,경북,예천군,차대차,측면충돌,측면충돌,안전운전 의무 불이행,교차로,교차로횡단보도내
31672,2019-02-07 03,야간,목,1,1,0,0,0,서울,구로구,차대사람,횡단중,횡단중,과속,단일로,기타단일로
31673,2019-09-27 18,야간,금,1,1,0,0,0,전남,함평군,차대차,추돌,추돌,안전운전 의무 불이행,단일로,기타단일로
31674,2019-02-12 00,야간,화,1,1,0,0,0,서울,강남구,차대차,기타,기타,안전운전 의무 불이행,단일로,기타단일로
31675,2019-02-22 21,야간,금,1,1,0,0,0,경기,하남시,차대차,정면충돌,정면충돌,신호위반,교차로,교차로내
31676,2019-09-23 13,주간,월,1,1,0,0,0,경남,함양군,차대사람,차도통행중,차도통행중,안전운전 의무 불이행,단일로,기타단일로
31677,2019-05-18 05,야간,토,1,3,1,0,1,충북,충주시,차대차,추돌,추돌,과속,단일로,기타단일로
31678,2019-07-23 01,야간,화,1,3,1,1,0,충북,단양군,차대차,추돌,추돌,안전거리 미확보,단일로,기타단일로
31679,2019-02-14 18,야간,목,1,1,0,0,0,경기,이천시,차대사람,횡단중,횡단중,신호위반,교차로,교차로부근
31680,2019-09-28 21,야간,토,1,2,1,0,0,충남,보령시,차대차,측면충돌,측면충돌,안전운전 의무 불이행,단일로,기타단일로
31681,2019-01-22 06,주간,화,1,1,0,0,0,경기,의정부시,차대사람,횡단중,횡단중,안전운전 의무 불이행,교차로,교차로부근
31682,2019-05-10 14,주간,금,1,1,0,0,0,전남,영암군,차대차,측면충돌,측면충돌,신호위반,교차로,교차로부근
31683,2019-11-17 09,주간,일,1,1,0,0,0,강원,평창군,차대차,측면충돌,측면충돌,안전운전 의무 불이행,단일로,기타단일로
31684,2019-03-01 21,야간,금,1,1,0,0,0,충남,당진시,차대사람,기타,기타,안전운전 의무 불이행,단일로,기타단일로
31685,2019-04-16 15,주간,화,1,1,0,0,0,전남,해남군,차량단독,도로이탈,도로이탈 추락,안전운전 의무 불이행,단일로,기타단일로
31686,2019-02-20 22,야간,수,1,1,0,0,0,경기,오산시,차대사람,기타,기타,안전운전 의무 불이행,단일로,기타단일로
31687,2019-09-16 17,주간,월,1,3,1,1,0,경북,청도군,차대차,정면충돌,정면충돌,중앙선 침범,단일로,지하차도(도로)내
31688,2019-08-09 10,주간,금,1,1,0,0,0,전남,영광군,차대차,측면충돌,측면충돌,기타,교차로,교차로내
31689,2019-12-13 06,주간,금,1,1,0,0,0,전남,진도군,차대차,추돌,추돌,안전운전 의무 불이행,기타,기타
31690,2019-05-15 13,주간,수,1,2,0,1,0,전남,무안군,차대차,정면충돌,정면충돌,중앙선 침범,교차로,교차로부근
31691,2019-07-16 05,야간,화,1,1,0,0,0,경북,울진군,차대사람,횡단중,횡단중,안전운전 의무 불이행,교차로,교차로내
31692,2019-01-28 12,주간,월,1,1,0,0,0,인천,남구,차량단독,기타,기타,안전운전 의무 불이행,단일로,기타단일로
31693,2019-07-29 20,야간,월,1,1,0,0,0,경남,거창군,차량단독,전도,전도,안전운전 의무 불이행,단일로,기타단일로
31694,2019-11-22 19,야간,금,1,1,0,0,0,강원,평창군,차대사람,횡단중,횡단중,안전운전 의무 불이행,단일로,기타단일로
31695,2019-02-28 05,야간,목,1,1,0,0,0,충남,서산시,차대사람,길가장자리구역통행중,길가장자리구역통행중,안전운전 의무 불이행,단일로,기타단일로
31696,2019-04-10 06,주간,수,1,1,0,0,0,충남,공주시,차량단독,공작물충돌,공작물충돌,안전운전 의무 불이행,교차로,교차로부근
31697,2019-05-21 12,주간,화,1,2,0,1,0,충북,괴산군,차량단독,도로이탈,도로이탈 추락,안전운전 의무 불이행,단일로,기타단일로
31698,2019-08-15 18,야간,목,1,2,0,1,0,경북,의성군,차대차,추돌,추돌,안전거리 미확보,단일로,기타단일로
31699,2019-05-27 05,야간,월,1,1,0,0,0,충남,예산군,차량단독,도로이탈,도로이탈 기타,안전운전 의무 불이행,단일로,기타단일로
31700,2019-09-27 09,주간,금,1,1,0,0,0,경북,청도군,차량단독,도로이탈,도로이탈 기타,안전운전 의무 불이행,단일로,기타단일로
31701,2019-03-16 06,주간,토,1,2,0,1,0,경기,화성시,차대차,추돌,추돌,안전운전 의무 불이행,단일로,교량위
31702,2019-01-27 03,야간,일,1,1,0,0,0,경기,안산시,차대차,추돌,추돌,안전운전 의무 불이행,단일로,기타단일로
31703,2019-03-14 05,야간,목,1,1,0,0,0,울산,울주군,차대사람,횡단중,횡단중,안전운전 의무 불이행,교차로,교차로부근
31704,2019-09-20 09,주간,금,1,1,0,0,0,전남,보성군,차량단독,전도,전도,안전운전 의무 불이행,단일로,기타단일로
31705,2019-06-22 13,주간,토,1,2,1,0,0,전북,부안군,차량단독,공작물충돌,공작물충돌,안전운전 의무 불이행,단일로,기타단일로
31706,2019-01-26 02,야간,토,2,3,1,0,0,강원,원주시,차대차,기타,기타,안전운전 의무 불이행,단일로,기타단일로
31707,2019-03-14 15,주간,목,1,1,0,0,0,경북,김천시,차대차,측면충돌,측면충돌,교차로 통행방법 위반,교차로,교차로내
31708,2019-02-06 03,야간,수,1,1,0,0,0,충남,천안시,차대차,측면충돌,측면충돌,신호위반,교차로,교차로내
31709,2019-02-09 13,주간,토,1,1,0,0,0,경남,김해시,차대차,기타,기타,신호위반,교차로,교차로내
31710,2019-03-07 19,야간,목,1,1,0,0,0,경기,포천시,차대사람,차도통행중,차도통행중,안전운전 의무 불이행,단일로,기타단일로
31711,2019-02-22 00,야간,금,1,1,0,0,0,경기,성남시,차대사람,횡단중,횡단중,안전운전 의무 불이행,단일로,기타단일로
31712,2019-02-17 19,야간,일,1,1,0,0,0,경기,양주시,차량단독,공작물충돌,공작물충돌,신호위반,교차로,교차로부근
31713,2019-03-08 20,야간,금,1,1,0,0,0,광주,남구,차대차,측면충돌,측면충돌,중앙선 침범,단일로,기타단일로
31714,2019-08-24 19,야간,토,1,1,0,0,0,충북,옥천군,차대사람,길가장자리구역통행중,길가장자리구역통행중,안전운전 의무 불이행,단일로,기타단일로
31715,2019-07-22 09,주간,월,1,1,0,0,0,충남,서천군,차대사람,횡단중,횡단중,안전운전 의무 불이행,교차로,교차로횡단보도내
31716,2019-10-15 11,주간,화,1,1,0,0,0,충남,보령시,차량단독,전복,전복,안전운전 의무 불이행,단일로,기타단일로
31717,2019-04-09 05,야간,화,1,3,0,2,0,경북,상주시,차대차,정면충돌,정면충돌,신호위반,교차로,교차로내
31718,2019-10-08 12,주간,화,1,1,0,0,0,전남,장성군,차대차,측면충돌,측면충돌,안전운전 의무 불이행,교차로,교차로부근
31719,2019-02-12 18,야간,화,1,1,0,0,0,서울,강남구,차대차,측면충돌,측면충돌,기타,단일로,기타단일로
31720,2019-05-18 21,야간,토,1,1,0,0,0,전남,해남군,차대사람,횡단중,횡단중,과속,교차로,교차로부근
31721,2019-11-09 11,주간,토,1,1,0,0,0,충남,청양군,차량단독,전도,전도,안전운전 의무 불이행,기타,기타
31722,2019-05-28 10,주간,화,1,7,3,3,0,충북,보은군,차대차,추돌,추돌,안전운전 의무 불이행,단일로,기타단일로
31723,2019-01-27 06,주간,일,1,1,0,0,0,대전,서구,차대사람,횡단중,횡단중,안전운전 의무 불이행,단일로,기타단일로
31724,2019-04-13 02,야간,토,1,1,0,0,0,충북,진천군,차대차,추돌,추돌,안전운전 의무 불이행,단일로,기타단일로
31725,2019-06-04 07,주간,화,3,4,1,0,0,충남,공주시,차대차,정면충돌,정면충돌,중앙선 침범,기타,기타
31726,2019-02-13 04,야간,수,1,1,0,0,0,서울,강남구,차대사람,차도통행중,차도통행중,과속,단일로,기타단일로
31727,2019-11-11 06,주간,월,1,1,0,0,0,충남,청양군,차대사람,횡단중,횡단중,안전운전 의무 불이행,교차로,교차로내
31728,2019-07-17 14,주간,수,1,1,0,0,0,인천,강화군,차량단독,공작물충돌,공작물충돌,안전운전 의무 불이행,기타,기타
31729,2019-01-30 13,주간,수,1,1,0,0,0,경북,경산시,차대사람,기타,기타,안전운전 의무 불이행,교차로,교차로내
31730,2019-03-17 03,야간,일,2,2,0,0,0,경남,김해시,차량단독,공작물충돌,공작물충돌,안전운전 의무 불이행,단일로,기타단일로
31731,2019-08-31 19,야간,토,1,1,0,0,0,충북,옥천군,차량단독,도로이탈,도로이탈 추락,안전운전 의무 불이행,단일로,기타단일로
31732,2019-07-02 20,야간,화,1,1,0,0,0,전북,부안군,차대차,기타,기타,안전운전 의무 불이행,단일로,기타단일로
31733,2019-09-02 20,야간,월,1,1,0,0,0,전남,영광군,차대사람,차도통행중,차도통행중,과속,단일로,기타단일로
31734,2019-05-05 16,주간,일,1,1,0,0,0,전북,남원시,차대차,측면충돌,측면충돌,과속,교차로,교차로내
31735,2019-03-21 04,야간,목,1,3,1,0,1,경기,안양시,차대차,추돌,추돌,과속,단일로,교량위
31736,2019-09-23 11,주간,월,1,1,0,0,0,전남,광양시,차대차,측면충돌,측면충돌,안전운전 의무 불이행,단일로,기타단일로
31737,2019-04-10 10,주간,수,1,1,0,0,0,전남,나주시,차대차,측면충돌,측면충돌,기타,교차로,교차로부근
31738,2019-07-17 06,주간,수,1,1,0,0,0,경남,창녕군,차대차,측면충돌,측면충돌,안전운전 의무 불이행,단일로,기타단일로
31739,2019-06-03 22,야간,월,1,1,0,0,0,충남,태안군,차량단독,전도,전도,안전운전 의무 불이행,단일로,기타단일로
31740,2019-09-12 01,야간,목,1,1,0,0,0,경북,영덕군,차대사람,보도통행중,보도통행중,안전운전 의무 불이행,교차로,교차로부근
31741,2019-03-14 05,야간,목,1,1,0,0,0,인천,부평구,차대사람,횡단중,횡단중,안전운전 의무 불이행,단일로,기타단일로
31742,2019-07-22 17,주간,월,1,1,0,0,0,충남,부여군,차량단독,도로이탈,도로이탈 추락,안전운전 의무 불이행,교차로,교차로부근
31743,2019-03-18 20,야간,월,1,1,0,0,0,울산,울주군,차대차,측면충돌,측면충돌,신호위반,교차로,교차로내