교통사고이력ID(사고기록 순서),발생년월일시,주야코드,요일코드,사망자수,부상자수,중상자수,경상자수,부상신고자수,발생지시도코드,발생지시도코드,사고유형대분류코드,사고유형중분류코드,사고유형코드,법규위반코드,도로형태대분류코드,도로로형태코드
31744,2019-06-22 20,야간,토,1,1,0,0,0,경기,가평군,차량단독,도로이탈,도로이탈 추락,안전운전 의무 불이행,단일로,기타단일로
31745,2019-03-18 18,야간,월,1,1,0,0,0,경남,김해시,차량단독,도로이탈,도로이탈 추락,안전운전 의무 불이행,단일로,기타단일로
31746,2019-02-17 01,야간,일,1,3,1,1,0,부산,해운대구,차대차,기타,기타,중앙선 침범,교차로,교차로부근
31747,2019-06-04 12,주간,화,1,3,1,1,0,충북,증평군,차량단독,공작물충돌,공작물충돌,안전운전 의무 불이행,교차로,교차로부근
31748,2019-02-12 23,야간,화,1,1,0,0,0,경기,화성시,차량단독,공작물충돌,공작물충돌,안전운전 의무 불이행,단일로,기타단일로
31749,2019-07-24 05,야간,수,1,2,0,1,0,충남,부여군,차대차,정면충돌,정면충돌,중앙선 침범,단일로,기타단일로
31750,2019-02-02 00,야간,토,1,2,1,0,0,경기,성남시,차대차,정면충돌,정면충돌,교차로 통행방법 위반,교차로,교차로내
31751,2019-08-19 17,주간,월,1,2,1,0,0,전남,담양군,차대차,정면충돌,정면충돌,중앙선 침범,단일로,기타단일로
31752,2019-03-25 21,야간,월,1,2,1,0,0,전남,광양시,차대사람,횡단중,횡단중,과속,단일로,기타단일로
31753,2019-04-12 11,주간,금,1,5,3,1,0,전남,나주시,차대차,측면충돌,측면충돌,안전거리 미확보,단일로,기타단일로
31754,2019-03-20 07,주간,수,1,1,0,0,0,울산,울주군,차량단독,전도,전도,안전운전 의무 불이행,단일로,기타단일로
31755,2019-02-26 17,주간,화,1,6,4,1,0,경북,안동시,차대차,기타,기타,안전운전 의무 불이행,교차로,교차로내
31756,2019-05-09 16,주간,목,1,1,0,0,0,전북,남원시,차대차,기타,기타,안전운전 의무 불이행,단일로,기타단일로
31757,2019-03-20 05,야간,수,1,2,1,0,0,경북,김천시,차대차,추돌,추돌,안전운전 의무 불이행,교차로,교차로내
31758,2019-04-18 08,주간,목,1,1,0,0,0,충북,진천군,차량단독,전도,전도,안전운전 의무 불이행,단일로,기타단일로
31759,2019-11-08 14,주간,금,1,1,0,0,0,경북,고령군,차대차,측면충돌,측면충돌,교차로 통행방법 위반,교차로,교차로내
31760,2019-11-09 10,주간,토,1,4,1,2,0,충남,보령시,차대사람,기타,기타,과속,기타,기타
31761,2019-05-27 19,야간,월,1,2,0,1,0,전남,해남군,차대차,추돌,추돌,안전운전 의무 불이행,단일로,기타단일로
31762,2019-07-25 13,주간,목,1,1,0,0,0,경남,함안군,차량단독,기타,기타,안전운전 의무 불이행,교차로,교차로부근
31763,2019-02-04 13,주간,월,1,1,0,0,0,대전,동구,차대사람,기타,기타,안전운전 의무 불이행,교차로,교차로부근
31764,2019-03-29 10,주간,금,1,2,0,1,0,경북,포항시,차대차,추돌,추돌,안전운전 의무 불이행,단일로,터널안
31765,2019-09-14 11,주간,토,1,1,0,0,0,경북,의성군,차대사람,횡단중,횡단중,안전운전 의무 불이행,단일로,기타단일로
31766,2019-04-08 06,주간,월,1,1,0,0,0,경남,사천시,차대차,측면충돌,측면충돌,신호위반,교차로,교차로내
31767,2019-07-31 16,주간,수,1,1,0,0,0,충남,부여군,차량단독,도로이탈,도로이탈 추락,안전운전 의무 불이행,단일로,기타단일로
31768,2019-02-04 16,주간,월,1,1,0,0,0,대전,동구,차대차,기타,기타,안전운전 의무 불이행,교차로,교차로부근
31769,2019-02-23 12,주간,토,1,2,1,0,0,경기,양주시,차대사람,기타,기타,안전운전 의무 불이행,교차로,교차로부근
31770,2019-11-11 17,주간,월,1,1,0,0,0,경북,고령군,차대차,추돌,추돌,안전운전 의무 불이행,단일로,기타단일로
31771,2019-08-23 17,주간,금,1,1,0,0,0,전남,담양군,차대차,측면충돌,측면충돌,안전운전 의무 불이행,단일로,기타단일로
31772,2019-07-30 19,야간,화,1,1,0,0,0,인천,강화군,차량단독,전도,전도,안전운전 의무 불이행,단일로,기타단일로
31773,2019-05-09 15,주간,목,1,1,0,0,0,서울,은평구,차대사람,기타,기타,안전운전 의무 불이행,단일로,기타단일로
31774,2019-11-15 19,야간,금,2,6,1,3,0,전북,김제시,차대차,기타,기타,안전운전 의무 불이행,단일로,기타단일로
31775,2019-11-22 13,주간,금,1,1,0,0,0,강원,횡성군,차대차,기타,기타,중앙선 침범,단일로,기타단일로
31776,2019-04-02 22,야간,화,1,1,0,0,0,경북,영천시,차량단독,공작물충돌,공작물충돌,안전운전 의무 불이행,단일로,기타단일로
31777,2019-04-25 19,야간,목,1,1,0,0,0,충남,공주시,차대사람,기타,기타,안전운전 의무 불이행,교차로,교차로부근
31778,2019-07-31 16,주간,수,1,1,0,0,0,경남,함안군,차대차,추돌,추돌,안전운전 의무 불이행,교차로,교차로부근
31779,2019-06-17 04,야간,월,1,1,0,0,0,전북,고창군,차대사람,횡단중,횡단중,과속,교차로,교차로부근
31780,2019-04-29 14,주간,월,1,1,0,0,0,충남,홍성군,차량단독,전복,전복,안전운전 의무 불이행,단일로,기타단일로
31781,2019-08-12 11,주간,월,1,1,0,0,0,경북,울진군,차대사람,횡단중,횡단중,안전운전 의무 불이행,단일로,기타단일로
31782,2019-01-30 06,주간,수,1,1,0,0,0,광주,광산구,차대사람,횡단중,횡단중,안전운전 의무 불이행,교차로,교차로횡단보도내
31783,2019-02-09 02,야간,토,1,1,0,0,0,경북,포항시,차량단독,도로이탈,도로이탈 추락,안전운전 의무 불이행,단일로,기타단일로
31784,2019-06-14 15,주간,금,2,5,2,1,0,충북,음성군,차대차,추돌,추돌,안전운전 의무 불이행,단일로,기타단일로
31785,2019-02-04 23,야간,월,1,1,0,0,0,전남,목포시,차대사람,기타,기타,안전운전 의무 불이행,단일로,기타단일로
31786,2019-04-12 10,주간,금,1,1,0,0,0,경남,사천시,차량단독,도로이탈,도로이탈 추락,안전운전 의무 불이행,교차로,교차로부근
31787,2019-04-19 05,야간,금,1,3,1,1,0,경북,상주시,차대차,정면충돌,정면충돌,중앙선 침범,단일로,기타단일로
31788,2019-02-21 17,주간,목,1,3,2,0,0,강원,춘천시,차대차,정면충돌,정면충돌,중앙선 침범,단일로,기타단일로
31789,2019-03-13 19,야간,수,1,1,0,0,0,서울,성동구,차대사람,기타,기타,안전운전 의무 불이행,단일로,기타단일로
31790,2019-04-18 10,주간,목,1,3,2,0,0,경남,밀양시,차대차,측면충돌,측면충돌,과속,교차로,교차로내
31791,2019-11-29 14,주간,금,1,2,1,0,0,충남,당진시,차대차,기타,기타,기타,기타,기타
31792,2019-04-08 13,주간,월,1,1,0,0,0,부산,동구,차대사람,기타,기타,교차로 통행방법 위반,교차로,교차로내
31793,2019-09-21 18,야간,토,1,1,0,0,0,충북,옥천군,차대사람,차도통행중,차도통행중,안전운전 의무 불이행,단일로,기타단일로
31794,2019-10-04 10,주간,금,1,2,1,0,0,충북,영동군,차대차,정면충돌,정면충돌,중앙선 침범,단일로,기타단일로
31795,2019-06-07 07,주간,금,1,5,4,0,0,전남,영암군,차량단독,공작물충돌,공작물충돌,과속,단일로,기타단일로
31796,2019-05-07 16,주간,화,1,1,0,0,0,경기,동두천시,차대차,측면충돌,측면충돌,신호위반,교차로,교차로내
31797,2019-02-27 00,야간,수,1,1,0,0,0,경기,양주시,차량단독,전도,전도,안전운전 의무 불이행,단일로,기타단일로
31798,2019-02-06 15,주간,수,1,1,0,0,0,제주,제주시,차대차,기타,기타,중앙선 침범,단일로,기타단일로
31799,2019-02-07 17,주간,목,1,1,0,0,0,충북,청주시,차대사람,기타,기타,보행자 보호의무 위반,교차로,교차로횡단보도내
31800,2019-04-26 16,주간,금,1,1,0,0,0,충북,진천군,차대차,측면충돌,측면충돌,교차로 통행방법 위반,교차로,교차로내
31801,2019-03-21 15,주간,목,1,1,0,0,0,전남,나주시,차량단독,도로이탈,도로이탈 추락,안전운전 의무 불이행,단일로,기타단일로
31802,2019-06-18 01,야간,화,1,1,0,0,0,경기,이천시,차대사람,기타,기타,안전운전 의무 불이행,단일로,기타단일로
31803,2019-04-07 05,야간,일,1,3,1,1,0,경남,밀양시,차대차,추돌,추돌,안전운전 의무 불이행,단일로,기타단일로
31804,2019-01-19 19,야간,토,1,1,0,0,0,경기,평택시,차대차,정면충돌,정면충돌,기타,교차로,교차로내
31805,2019-03-15 03,야간,금,1,1,0,0,0,경남,거제시,차대사람,차도통행중,차도통행중,안전운전 의무 불이행,단일로,기타단일로
31806,2019-11-26 18,야간,화,1,1,0,0,0,강원,영월군,차대사람,기타,기타,안전운전 의무 불이행,단일로,기타단일로
31807,2019-03-04 15,주간,월,1,1,0,0,0,대구,달성군,차량단독,전도,전도,안전운전 의무 불이행,단일로,기타단일로
31808,2019-04-04 23,야간,목,1,1,0,0,0,전남,광양시,차대차,추돌,추돌,안전거리 미확보,교차로,교차로부근
31809,2019-03-06 00,야간,수,1,1,0,0,0,인천,옹진군,차대사람,횡단중,횡단중,과속,기타,기타
31810,2019-02-03 08,주간,일,1,3,2,0,0,서울,영등포구,차대차,기타,기타,신호위반,단일로,기타단일로
31811,2019-03-13 11,주간,수,1,1,0,0,0,인천,부평구,차대사람,횡단중,횡단중,보행자 보호의무 위반,교차로,교차로횡단보도내
31812,2019-04-07 02,야간,일,1,1,0,0,0,서울,성북구,차량단독,전도,전도,안전운전 의무 불이행,단일로,기타단일로
31813,2019-10-28 17,주간,월,1,4,0,3,0,전남,곡성군,차대차,추돌,추돌,안전운전 의무 불이행,기타,기타
31814,2019-02-17 00,야간,일,1,1,0,0,0,대구,북구,차대사람,횡단중,횡단중,안전운전 의무 불이행,단일로,기타단일로
31815,2019-02-23 19,야간,토,1,1,0,0,0,강원,춘천시,차대사람,횡단중,횡단중,안전운전 의무 불이행,단일로,교량위
31816,2019-04-22 15,주간,월,2,3,0,1,0,경남,밀양시,차대차,측면충돌,측면충돌,교차로 통행방법 위반,교차로,교차로내
31817,2019-03-05 11,주간,화,1,1,0,0,0,경북,안동시,차량단독,도로이탈,도로이탈 추락,안전운전 의무 불이행,단일로,기타단일로
31818,2019-08-17 19,야간,토,1,1,0,0,0,경남,함안군,차대차,추돌,추돌,안전운전 의무 불이행,교차로,교차로내
31819,2019-11-06 14,주간,수,2,2,0,0,0,전남,보성군,차대차,측면충돌,측면충돌,기타,교차로,교차로내
31820,2019-12-23 04,야간,월,1,2,1,0,0,충남,보령시,차대차,추돌,추돌,안전운전 의무 불이행,단일로,기타단일로
31821,2019-06-15 11,주간,토,1,2,0,1,0,전남,해남군,차대차,측면충돌,측면충돌,중앙선 침범,단일로,기타단일로
31822,2019-05-07 12,주간,화,1,1,0,0,0,서울,종로구,차대차,기타,기타,안전운전 의무 불이행,단일로,기타단일로
31823,2019-11-06 16,주간,수,1,1,0,0,0,전남,보성군,차대차,측면충돌,측면충돌,안전운전 의무 불이행,교차로,교차로부근
31824,2019-04-09 01,야간,화,1,1,0,0,0,경기,안양시,차대차,추돌,추돌,과속,단일로,기타단일로
31825,2019-08-29 23,야간,목,1,1,0,0,0,충남,서천군,차대사람,차도통행중,차도통행중,안전운전 의무 불이행,단일로,기타단일로
31826,2019-11-15 10,주간,금,1,1,0,0,0,전남,장성군,차대사람,횡단중,횡단중,안전운전 의무 불이행,단일로,기타단일로
31827,2019-01-30 09,주간,수,1,1,0,0,0,광주,북구,차대사람,횡단중,횡단중,보행자 보호의무 위반,교차로,교차로횡단보도내
31828,2019-12-27 20,야간,금,1,1,0,0,0,전북,고창군,차대사람,횡단중,횡단중,안전운전 의무 불이행,단일로,기타단일로
31829,2019-01-28 19,야간,월,1,1,0,0,0,경기,의정부시,차대사람,횡단중,횡단중,안전운전 의무 불이행,단일로,기타단일로
31830,2019-02-15 02,야간,금,1,1,0,0,0,대구,서구,차대사람,횡단중,횡단중,안전운전 의무 불이행,단일로,기타단일로
31831,2019-08-30 16,주간,금,1,1,0,0,0,충남,서천군,차대사람,보도통행중,보도통행중,보행자 보호의무 위반,교차로,교차로내
31832,2019-11-11 07,주간,월,1,1,0,0,0,전남,보성군,차량단독,도로이탈,도로이탈 기타,안전운전 의무 불이행,단일로,기타단일로
31833,2019-04-30 14,주간,화,1,1,0,0,0,전북,김제시,차대차,측면충돌,측면충돌,교차로 통행방법 위반,교차로,교차로내
31834,2019-04-29 14,주간,월,1,1,0,0,0,충북,음성군,차량단독,공작물충돌,공작물충돌,안전운전 의무 불이행,단일로,기타단일로
31835,2019-12-23 12,주간,월,1,1,0,0,0,강원,횡성군,차대차,기타,기타,안전운전 의무 불이행,교차로,교차로내
31836,2019-04-14 14,주간,일,1,1,0,0,0,충남,논산시,차량단독,공작물충돌,공작물충돌,안전운전 의무 불이행,교차로,교차로부근
31837,2019-02-15 12,주간,금,1,1,0,0,0,대구,서구,차대사람,기타,기타,안전운전 의무 불이행,단일로,기타단일로
31838,2019-07-06 03,야간,토,1,1,0,0,0,충남,천안시,차대차,추돌,추돌,안전운전 의무 불이행,단일로,기타단일로
31839,2019-11-28 17,주간,목,1,1,0,0,0,경남,합천군,차대차,추돌,추돌,과속,단일로,기타단일로
31840,2019-05-30 14,주간,목,1,1,0,0,0,대구,북구,차대차,기타,기타,안전운전 의무 불이행,단일로,기타단일로
31841,2019-04-14 15,주간,일,1,1,0,0,0,충남,논산시,차량단독,공작물충돌,공작물충돌,안전운전 의무 불이행,단일로,기타단일로
31842,2019-11-28 18,야간,목,1,1,0,0,0,경남,합천군,차대차,기타,기타,안전운전 의무 불이행,단일로,기타단일로
31843,2019-11-06 10,주간,수,1,7,1,5,0,전북,전주시,차대차,추돌,추돌,안전운전 의무 불이행,기타,기타
31844,2019-03-09 06,주간,토,1,1,0,0,0,서울,용산구,차대사람,횡단중,횡단중,과속,단일로,지하차도(도로)내
31845,2019-08-25 10,주간,일,1,1,0,0,0,충남,부여군,차량단독,기타,기타,안전운전 의무 불이행,기타,기타
31846,2019-03-05 01,야간,화,1,1,0,0,0,부산,사상구,차대사람,횡단중,횡단중,안전운전 의무 불이행,단일로,기타단일로
31847,2019-08-22 00,야간,목,1,2,0,1,0,경남,창녕군,차량단독,공작물충돌,공작물충돌,과속,단일로,기타단일로
31848,2019-07-28 14,주간,일,1,4,1,2,0,전북,부안군,차대차,추돌,추돌,안전운전 의무 불이행,교차로,교차로내
31849,2019-07-07 07,주간,일,1,1,0,0,0,충남,천안시,차대차,기타,기타,안전운전 의무 불이행,단일로,기타단일로
31850,2019-03-18 12,주간,월,1,1,0,0,0,충남,당진시,차대차,측면충돌,측면충돌,교차로 통행방법 위반,교차로,교차로내
31851,2019-10-12 13,주간,토,1,1,0,0,0,전남,완도군,차량단독,공작물충돌,공작물충돌,안전운전 의무 불이행,단일로,기타단일로
31852,2019-09-05 12,주간,목,1,1,0,0,0,경북,울진군,차대사람,기타,기타,안전운전 의무 불이행,교차로,교차로부근
31853,2019-12-01 02,야간,일,1,1,0,0,0,경남,합천군,차량단독,공작물충돌,공작물충돌,안전운전 의무 불이행,기타,기타
31854,2019-03-23 10,주간,토,1,1,0,0,0,대구,중구,차대사람,횡단중,횡단중,안전운전 의무 불이행,교차로,교차로내
31855,2019-05-24 11,주간,금,1,2,0,1,0,전북,완주군,차대차,추돌,추돌,안전운전 의무 불이행,단일로,교량위
31856,2019-03-14 05,야간,목,1,1,0,0,0,서울,서대문구,차대차,측면충돌,측면충돌,안전운전 의무 불이행,단일로,기타단일로
31857,2019-02-24 06,주간,일,1,1,0,0,0,서울,구로구,차량단독,공작물충돌,공작물충돌,기타,단일로,기타단일로
31858,2019-05-02 19,야간,목,2,2,0,0,0,전북,김제시,차대차,추돌,추돌,안전운전 의무 불이행,단일로,기타단일로
31859,2019-02-13 21,야간,수,1,1,0,0,0,경북,포항시,차대사람,횡단중,횡단중,안전운전 의무 불이행,단일로,기타단일로
31860,2019-06-24 08,주간,월,2,2,0,0,0,전남,해남군,차대차,측면충돌,측면충돌,교차로 통행방법 위반,교차로,교차로내
31861,2019-02-15 07,주간,금,1,5,1,3,0,경기,화성시,차량단독,전도,전도,과속,단일로,기타단일로
31862,2019-12-04 11,주간,수,1,1,0,0,0,경남,합천군,차량단독,전도,전도,안전운전 의무 불이행,기타,기타
31863,2019-05-14 16,주간,화,1,1,0,0,0,경기,여주시,차대사람,기타,기타,안전운전 의무 불이행,단일로,기타단일로
31864,2019-06-28 13,주간,금,1,1,0,0,0,전남,무안군,차량단독,공작물충돌,공작물충돌,안전운전 의무 불이행,단일로,기타단일로
31865,2019-02-14 20,야간,목,1,1,0,0,0,부산,부산진구,차대사람,기타,기타,안전운전 의무 불이행,단일로,기타단일로
31866,2019-05-12 13,주간,일,1,2,1,0,0,전북,정읍시,차대차,정면충돌,정면충돌,중앙선 침범,단일로,기타단일로
31867,2019-02-16 02,야간,토,1,1,0,0,0,경남,진주시,차대차,기타,기타,안전운전 의무 불이행,단일로,기타단일로
31868,2019-04-01 18,야간,월,1,1,0,0,0,경북,김천시,차량단독,공작물충돌,공작물충돌,안전운전 의무 불이행,교차로,교차로부근
31869,2019-06-04 20,야간,화,1,1,0,0,0,대구,달성군,차대차,기타,기타,안전운전 의무 불이행,단일로,기타단일로
31870,2019-03-10 00,야간,일,1,1,0,0,0,서울,동작구,차대사람,횡단중,횡단중,안전운전 의무 불이행,단일로,기타단일로
31871,2019-10-26 12,주간,토,2,3,0,1,0,경북,의성군,차대차,정면충돌,정면충돌,중앙선 침범,단일로,기타단일로
31872,2019-04-25 05,야간,목,1,1,0,0,0,경남,사천시,차대사람,횡단중,횡단중,안전운전 의무 불이행,단일로,기타단일로
31873,2019-05-14 19,야간,화,1,1,0,0,0,충남,홍성군,차대사람,횡단중,횡단중,안전운전 의무 불이행,단일로,기타단일로
31874,2019-05-13 07,주간,월,1,1,0,0,0,충북,진천군,차량단독,공작물충돌,공작물충돌,안전운전 의무 불이행,교차로,교차로내
31875,2019-11-20 09,주간,수,1,1,0,0,0,전남,담양군,차대차,기타,기타,안전운전 의무 불이행,단일로,기타단일로
31876,2019-06-28 10,주간,금,1,1,0,0,0,전남,해남군,차량단독,기타,기타,안전운전 의무 불이행,단일로,기타단일로
31877,2019-07-06 09,주간,토,1,1,0,0,0,충남,예산군,차대차,측면충돌,측면충돌,신호위반,교차로,교차로내
31878,2019-07-07 15,주간,일,1,6,2,3,0,충북,청주시,차대차,추돌,추돌,안전운전 의무 불이행,단일로,기타단일로
31879,2019-05-18 03,야간,토,1,2,1,0,0,경기,여주시,차대차,정면충돌,정면충돌,중앙선 침범,단일로,기타단일로
31880,2019-02-22 01,야간,금,1,1,0,0,0,대전,서구,차대사람,횡단중,횡단중,보행자 보호의무 위반,교차로,교차로내
31881,2019-10-21 20,야간,월,4,6,2,0,0,경기,연천군,차대차,측면충돌,측면충돌,과속,교차로,교차로내
31882,2019-07-17 00,야간,수,2,4,1,1,0,충남,공주시,차대차,추돌,추돌,안전운전 의무 불이행,기타,기타
31883,2019-05-06 22,야간,월,1,2,0,1,0,전남,나주시,차량단독,공작물충돌,공작물충돌,안전운전 의무 불이행,단일로,기타단일로
31884,2019-01-31 19,야간,목,1,1,0,0,0,경기,부천시,차대차,측면충돌,측면충돌,신호위반,교차로,교차로내
31885,2019-02-16 19,야간,토,1,1,0,0,0,전북,익산시,차량단독,기타,기타,안전운전 의무 불이행,단일로,기타단일로
31886,2019-04-11 02,야간,목,1,1,0,0,0,경북,칠곡군,차대차,기타,기타,안전운전 의무 불이행,단일로,기타단일로
31887,2019-02-02 23,야간,토,1,1,0,0,0,대전,유성구,차량단독,전도,전도,안전운전 의무 불이행,단일로,기타단일로
31888,2019-11-04 12,주간,월,1,1,0,0,0,경북,의성군,차대차,추돌,추돌,안전운전 의무 불이행,단일로,기타단일로
31889,2019-12-22 17,주간,일,1,1,0,0,0,경북,청도군,차대차,추돌,추돌,안전운전 의무 불이행,단일로,기타단일로
31890,2019-07-10 13,주간,수,1,1,0,0,0,충북,음성군,차량단독,공작물충돌,공작물충돌,안전운전 의무 불이행,단일로,기타단일로
31891,2019-04-17 05,야간,수,1,1,0,0,0,경남,통영시,차대사람,횡단중,횡단중,과속,교차로,교차로횡단보도내
31892,2019-02-12 11,주간,화,1,1,0,0,0,제주,제주시,차대사람,기타,기타,안전운전 의무 불이행,주차장,주차장
31893,2019-09-06 00,야간,금,1,1,0,0,0,경남,고성군,차대사람,차도통행중,차도통행중,안전운전 의무 불이행,단일로,기타단일로
31894,2019-07-17 18,야간,수,1,2,0,1,0,충남,당진시,차량단독,전복,전복,안전운전 의무 불이행,단일로,기타단일로
31895,2019-02-05 22,야간,화,1,1,0,0,0,강원,원주시,차대사람,횡단중,횡단중,안전운전 의무 불이행,단일로,기타단일로
31896,2019-05-21 20,야간,화,1,1,0,0,0,강원,동해시,차대차,기타,기타,보행자 보호의무 위반,교차로,교차로내
31897,2019-12-10 16,주간,화,1,1,0,0,0,전남,보성군,차대사람,보도통행중,보도통행중,중앙선 침범,단일로,기타단일로
31898,2019-05-20 11,주간,월,1,1,0,0,0,경기,여주시,차대차,기타,기타,과속,교차로,교차로내
31899,2019-12-24 22,야간,화,1,1,0,0,0,경북,청도군,차량단독,도로이탈,도로이탈 추락,안전운전 의무 불이행,교차로,교차로부근
31900,2019-05-11 15,주간,토,1,2,1,0,0,전북,김제시,차대차,정면충돌,정면충돌,중앙선 침범,교차로,교차로내
31901,2019-03-29 16,주간,금,1,1,0,0,0,대구,중구,차대사람,기타,기타,안전운전 의무 불이행,단일로,기타단일로
31902,2019-02-14 22,야간,목,1,1,0,0,0,경기,성남시,차대사람,기타,기타,안전운전 의무 불이행,교차로,교차로내
31903,2019-02-08 15,주간,금,1,1,0,0,0,인천,남구,차대차,측면충돌,측면충돌,안전운전 의무 불이행,단일로,기타단일로
31904,2019-07-14 21,야간,일,1,1,0,0,0,충북,증평군,차대차,정면충돌,정면충돌,신호위반,교차로,교차로내
31905,2019-02-18 01,야간,월,1,1,0,0,0,경북,경주시,차량단독,공작물충돌,공작물충돌,안전운전 의무 불이행,단일로,기타단일로
31906,2019-05-13 10,주간,월,1,1,0,0,0,충북,진천군,차대차,추돌,추돌,안전운전 의무 불이행,단일로,기타단일로
31907,2019-10-04 12,주간,금,1,2,1,0,0,경남,거창군,차대차,정면충돌,정면충돌,안전운전 의무 불이행,단일로,기타단일로
31908,2019-11-10 03,야간,일,1,3,2,0,0,경북,의성군,차대차,정면충돌,정면충돌,중앙선 침범,단일로,기타단일로
31909,2019-09-17 10,주간,화,1,1,0,0,0,충남,부여군,차대사람,기타,기타,안전운전 의무 불이행,단일로,기타단일로
31910,2019-06-03 20,야간,월,1,1,0,0,0,전북,완주군,차대차,측면충돌,측면충돌,신호위반,교차로,교차로내
31911,2019-03-13 09,주간,수,1,1,0,0,0,대구,달성군,차대사람,보도통행중,보도통행중,신호위반,단일로,기타단일로
31912,2019-10-05 10,주간,토,1,1,0,0,0,경남,거창군,차량단독,도로이탈,도로이탈 추락,안전운전 의무 불이행,기타,기타
31913,2019-02-01 09,주간,금,1,1,0,0,0,경북,구미시,차대차,측면충돌,측면충돌,안전운전 의무 불이행,단일로,기타단일로
31914,2019-03-16 02,야간,토,1,1,0,0,0,부산,금정구,차량단독,공작물충돌,공작물충돌,안전운전 의무 불이행,교차로,교차로횡단보도내
31915,2019-04-13 21,야간,토,1,2,1,0,0,강원,속초시,차대사람,횡단중,횡단중,신호위반,교차로,교차로횡단보도내
31916,2019-02-16 00,야간,토,1,1,0,0,0,경기,성남시,차대사람,횡단중,횡단중,안전운전 의무 불이행,기타,기타
31917,2019-03-07 17,주간,목,1,1,0,0,0,경기,양주시,차대차,측면충돌,측면충돌,신호위반,교차로,교차로내
31918,2019-04-13 14,주간,토,1,4,2,0,1,경북,칠곡군,차대차,추돌,추돌,안전운전 의무 불이행,단일로,기타단일로
31919,2019-09-21 16,주간,토,1,1,0,0,0,충남,서천군,차량단독,공작물충돌,공작물충돌,안전운전 의무 불이행,단일로,기타단일로
31920,2019-02-15 20,야간,금,1,1,0,0,0,전북,군산시,차대사람,횡단중,횡단중,안전운전 의무 불이행,단일로,기타단일로
31921,2019-06-14 21,야간,금,2,2,0,0,0,경북,김천시,차대차,추돌,추돌,안전운전 의무 불이행,단일로,기타단일로
31922,2019-05-23 19,야간,목,1,1,0,0,0,경기,여주시,차대사람,기타,기타,안전운전 의무 불이행,단일로,기타단일로
31923,2019-02-07 00,야간,목,1,1,0,0,0,경기,안산시,차대차,기타,기타,안전운전 의무 불이행,단일로,기타단일로
31924,2019-05-06 19,야간,월,1,1,0,0,0,경남,밀양시,차대사람,차도통행중,차도통행중,안전운전 의무 불이행,단일로,기타단일로
31925,2019-04-01 10,주간,월,1,3,2,0,0,부산,강서구,차대차,측면충돌,측면충돌,신호위반,교차로,교차로내
31926,2019-04-10 17,주간,수,1,3,0,2,0,경기,시흥시,차대차,기타,기타,안전운전 의무 불이행,단일로,기타단일로
31927,2019-03-09 04,야간,토,1,3,0,1,1,경기,성남시,차대차,추돌,추돌,안전운전 의무 불이행,교차로,교차로부근
31928,2019-02-10 14,주간,일,1,3,2,0,0,대전,중구,차대사람,보도통행중,보도통행중,중앙선 침범,단일로,기타단일로
31929,2019-12-24 18,야간,화,1,1,0,0,0,경북,예천군,차대차,정면충돌,정면충돌,중앙선 침범,단일로,기타단일로
31930,2019-07-14 01,야간,일,1,1,0,0,0,전남,무안군,차량단독,공작물충돌,공작물충돌,안전운전 의무 불이행,단일로,기타단일로
31931,2019-04-11 19,야간,목,1,1,0,0,0,경기,시흥시,차대차,정면충돌,정면충돌,안전운전 의무 불이행,단일로,기타단일로
31932,2019-12-26 17,주간,목,1,1,0,0,0,전남,장성군,차대사람,차도통행중,차도통행중,안전운전 의무 불이행,단일로,기타단일로
31933,2019-03-04 02,야간,월,1,2,1,0,0,강원,춘천시,차량단독,공작물충돌,공작물충돌,안전운전 의무 불이행,교차로,교차로내
31934,2019-04-04 08,주간,목,1,1,0,0,0,인천,부평구,차대차,기타,기타,신호위반,교차로,교차로내
31935,2019-03-29 06,주간,금,1,1,0,0,0,경기,포천시,차대차,측면충돌,측면충돌,안전운전 의무 불이행,교차로,교차로내
31936,2019-02-26 19,야간,화,1,1,0,0,0,인천,연수구,차대사람,차도통행중,차도통행중,안전운전 의무 불이행,교차로,교차로내
31937,2019-09-23 14,주간,월,1,2,1,0,0,전남,고흥군,차대차,추돌,추돌,안전운전 의무 불이행,단일로,기타단일로
31938,2019-09-02 13,주간,월,1,1,0,0,0,강원,동해시,차량단독,기타,기타,안전운전 의무 불이행,단일로,기타단일로
31939,2019-05-22 02,야간,수,1,2,1,0,0,충남,공주시,차대차,기타,기타,신호위반,교차로,교차로내
31940,2019-02-15 15,주간,금,1,1,0,0,0,전북,전주시,차대사람,기타,기타,안전운전 의무 불이행,단일로,기타단일로
31941,2019-02-02 07,주간,토,1,1,0,0,0,경기,의정부시,차대사람,횡단중,횡단중,안전운전 의무 불이행,단일로,기타단일로
31942,2019-10-12 19,야간,토,1,2,0,1,0,경북,성주군,차대차,추돌,추돌,안전운전 의무 불이행,단일로,기타단일로
31943,2019-02-18 05,야간,월,1,1,0,0,0,경남,양산시,차대차,기타,기타,기타,단일로,기타단일로
31944,2019-02-20 16,주간,수,1,1,0,0,0,전북,익산시,차대차,측면충돌,측면충돌,과속,교차로,교차로내
31945,2019-10-16 13,주간,수,2,2,0,0,0,경남,거창군,차대차,정면충돌,정면충돌,중앙선 침범,단일로,기타단일로
31946,2019-07-25 07,주간,목,1,1,0,0,0,경기,이천시,차대차,기타,기타,안전운전 의무 불이행,단일로,기타단일로