교통사고이력ID(사고기록 순서),발생년월일시,주야코드,요일코드,사망자수,부상자수,중상자수,경상자수,부상신고자수,발생지시도코드,발생지시도코드,사고유형대분류코드,사고유형중분류코드,사고유형코드,법규위반코드,도로형태대분류코드,도로로형태코드
32347,2019-04-28 18,야간,일,1,1,0,0,0,경북,안동시,차량단독,도로이탈,도로이탈 추락,안전운전 의무 불이행,단일로,기타단일로
32348,2019-06-26 15,주간,수,1,1,0,0,0,충남,계룡시,차대사람,횡단중,횡단중,과속,교차로,교차로횡단보도내
32349,2019-06-21 12,주간,금,1,1,0,0,0,경북,영천시,차대사람,횡단중,횡단중,안전운전 의무 불이행,단일로,기타단일로
32350,2019-04-20 21,야간,토,1,1,0,0,0,세종,세종,차대차,추돌,추돌,안전운전 의무 불이행,단일로,기타단일로
32351,2019-10-29 18,야간,화,1,3,2,0,0,충남,태안군,차대차,추돌,추돌,안전운전 의무 불이행,단일로,기타단일로
32352,2019-04-01 06,주간,월,1,1,0,0,0,인천,연수구,차대차,측면충돌,측면충돌,신호위반,교차로,교차로부근
32353,2019-06-27 14,주간,목,1,1,0,0,0,충남,논산시,차대차,측면충돌,측면충돌,교차로 통행방법 위반,교차로,교차로내
32354,2019-10-29 08,주간,화,1,15,3,11,0,전남,해남군,차대차,기타,기타,기타,단일로,기타단일로
32355,2019-08-13 07,주간,화,1,1,0,0,0,전북,정읍시,차대사람,기타,기타,안전운전 의무 불이행,단일로,기타단일로
32356,2019-03-05 14,주간,화,1,1,0,0,0,강원,원주시,차대사람,차도통행중,차도통행중,안전운전 의무 불이행,교차로,교차로내
32357,2019-06-28 06,주간,금,1,1,0,0,0,충남,논산시,차량단독,공작물충돌,공작물충돌,안전운전 의무 불이행,단일로,기타단일로
32358,2019-03-30 15,주간,토,1,6,0,5,0,경기,안성시,차대차,기타,기타,안전운전 의무 불이행,단일로,기타단일로
32359,2019-10-29 21,야간,화,1,1,0,0,0,전남,해남군,차량단독,기타,기타,안전운전 의무 불이행,단일로,기타단일로
32360,2019-07-04 07,주간,목,1,14,2,10,1,경남,양산시,차대차,추돌,추돌,안전운전 의무 불이행,단일로,기타단일로
32361,2019-05-05 01,야간,일,1,1,0,0,0,경남,창원시(통합),차량단독,전복,전복,안전운전 의무 불이행,단일로,기타단일로
32362,2019-03-06 04,야간,수,1,2,0,1,0,강원,원주시,차량단독,공작물충돌,공작물충돌,안전운전 의무 불이행,단일로,기타단일로
32363,2019-03-15 06,주간,금,1,1,0,0,0,전남,목포시,차대사람,기타,기타,과속,단일로,기타단일로
32364,2019-09-24 18,야간,화,1,1,0,0,0,강원,삼척시,차량단독,전도,전도,안전운전 의무 불이행,단일로,기타단일로
32365,2019-09-25 14,주간,수,1,1,0,0,0,강원,삼척시,차량단독,전도,전도,안전운전 의무 불이행,교차로,교차로내
32366,2019-07-24 08,주간,수,1,1,0,0,0,경북,상주시,차량단독,전도,전도,안전운전 의무 불이행,단일로,기타단일로
32367,2019-09-27 05,야간,금,1,1,0,0,0,서울,서초구,차대사람,횡단중,횡단중,안전운전 의무 불이행,단일로,기타단일로
32368,2019-11-04 07,주간,월,1,1,0,0,0,충남,태안군,차대사람,길가장자리구역통행중,길가장자리구역통행중,안전운전 의무 불이행,단일로,기타단일로
32369,2019-05-20 06,주간,월,1,1,0,0,0,경남,창원시(통합),차대차,측면충돌,측면충돌,기타,교차로,교차로내
32370,2019-07-24 15,주간,수,1,1,0,0,0,전남,나주시,차량단독,전도,전도,안전운전 의무 불이행,단일로,기타단일로
32371,2019-03-25 22,야간,월,1,1,0,0,0,서울,동대문구,차대사람,횡단중,횡단중,안전운전 의무 불이행,단일로,기타단일로
32372,2019-08-17 14,주간,토,1,1,0,0,0,전북,김제시,차대차,정면충돌,정면충돌,안전운전 의무 불이행,기타,기타
32373,2019-03-27 15,주간,수,1,1,0,0,0,서울,강남구,차대사람,기타,기타,안전운전 의무 불이행,단일로,기타단일로
32374,2019-07-01 20,야간,월,1,1,0,0,0,충남,논산시,차대차,측면충돌,측면충돌,중앙선 침범,교차로,교차로부근
32375,2019-06-27 00,야간,목,1,1,0,0,0,강원,속초시,차대사람,횡단중,횡단중,안전운전 의무 불이행,단일로,지하차도(도로)내
32376,2019-06-02 12,주간,일,1,2,1,0,0,충북,제천시,차대차,정면충돌,정면충돌,중앙선 침범,단일로,지하차도(도로)내
32377,2019-03-07 05,야간,목,1,1,0,0,0,경기,안산시,차대사람,횡단중,횡단중,안전운전 의무 불이행,단일로,기타단일로
32378,2019-04-21 03,야간,일,1,1,0,0,0,충북,충주시,차량단독,공작물충돌,공작물충돌,안전운전 의무 불이행,교차로,교차로부근
32379,2019-03-08 07,주간,금,1,1,0,0,0,충남,아산시,차량단독,기타,기타,안전운전 의무 불이행,단일로,기타단일로
32380,2019-04-02 22,야간,화,1,1,0,0,0,울산,북구,차대차,측면충돌,측면충돌,신호위반,교차로,교차로내
32381,2019-02-25 19,야간,월,1,1,0,0,0,경북,구미시,차대사람,횡단중,횡단중,안전운전 의무 불이행,교차로,교차로부근
32382,2019-02-09 13,주간,토,1,3,0,0,2,경기,평택시,차량단독,공작물충돌,공작물충돌,안전운전 의무 불이행,단일로,기타단일로
32383,2019-03-08 19,야간,금,1,1,0,0,0,경북,경산시,차대사람,횡단중,횡단중,보행자 보호의무 위반,교차로,교차로횡단보도내
32384,2019-04-04 06,주간,목,1,1,0,0,0,대구,북구,차대차,기타,기타,안전운전 의무 불이행,단일로,기타단일로
32385,2019-04-10 00,야간,수,1,1,0,0,0,경기,광명시,차량단독,공작물충돌,공작물충돌,안전운전 의무 불이행,교차로,교차로내
32386,2019-11-24 19,야간,일,1,1,0,0,0,충남,당진시,차대차,기타,기타,안전운전 의무 불이행,단일로,기타단일로
32387,2019-11-11 22,야간,월,1,1,0,0,0,충남,예산군,차대차,추돌,추돌,안전운전 의무 불이행,단일로,기타단일로
32388,2019-06-05 09,주간,수,1,1,0,0,0,경북,김천시,차대사람,길가장자리구역통행중,길가장자리구역통행중,안전운전 의무 불이행,단일로,기타단일로
32389,2019-03-18 17,주간,월,1,1,0,0,0,전남,목포시,차대사람,횡단중,횡단중,안전운전 의무 불이행,단일로,기타단일로
32390,2019-11-25 04,야간,월,1,1,0,0,0,부산,중구,차대사람,횡단중,횡단중,안전운전 의무 불이행,교차로,교차로부근
32391,2019-04-07 04,야간,일,1,1,0,0,0,서울,양천구,차량단독,공작물충돌,공작물충돌,안전운전 의무 불이행,단일로,기타단일로
32392,2019-05-10 22,야간,금,1,1,0,0,0,경남,거제시,차대사람,기타,기타,안전운전 의무 불이행,단일로,기타단일로
32393,2019-09-15 02,야간,일,1,2,1,0,0,부산,서구,차대차,측면충돌,측면충돌,신호위반,교차로,교차로내
32394,2019-04-22 14,주간,월,1,1,0,0,0,충북,충주시,차량단독,도로이탈,도로이탈 추락,안전운전 의무 불이행,기타,기타
32395,2019-05-07 08,주간,화,1,2,0,1,0,인천,계양구,차대차,측면충돌,측면충돌,안전운전 의무 불이행,교차로,교차로내
32396,2019-02-25 12,주간,월,1,3,2,0,0,경기,남양주시,차대차,측면충돌,측면충돌,안전운전 의무 불이행,단일로,기타단일로
32397,2019-09-22 15,주간,일,1,18,2,15,0,대구,동구,차량단독,공작물충돌,공작물충돌,과속,단일로,기타단일로
32398,2019-06-02 20,야간,일,1,2,0,1,0,울산,울주군,차대차,추돌,추돌,안전운전 의무 불이행,단일로,지하차도(도로)내
32399,2019-07-01 17,주간,월,1,1,0,0,0,경북,영천시,차대사람,횡단중,횡단중,보행자 보호의무 위반,교차로,교차로내
32400,2019-04-09 12,주간,화,1,1,0,0,0,서울,관악구,차대차,측면충돌,측면충돌,안전운전 의무 불이행,교차로,교차로내
32401,2019-04-07 20,야간,일,1,1,0,0,0,서울,양천구,차대차,측면충돌,측면충돌,신호위반,단일로,기타단일로
32402,2019-08-24 11,주간,토,1,1,0,0,0,전북,김제시,차량단독,도로이탈,도로이탈 추락,안전운전 의무 불이행,교차로,교차로내
32403,2019-03-28 19,야간,목,1,1,0,0,0,전북,익산시,차량단독,공작물충돌,공작물충돌,안전운전 의무 불이행,단일로,기타단일로
32404,2019-03-21 21,야간,목,1,1,0,0,0,부산,수영구,차량단독,공작물충돌,공작물충돌,안전운전 의무 불이행,단일로,교량위
32405,2019-07-30 13,주간,화,1,1,0,0,0,경북,상주시,차량단독,공작물충돌,공작물충돌,안전운전 의무 불이행,단일로,기타단일로
32406,2019-04-07 00,야간,일,1,1,0,0,0,경남,김해시,차대사람,횡단중,횡단중,안전운전 의무 불이행,교차로,교차로내
32407,2019-05-05 12,주간,일,1,1,0,0,0,경북,안동시,차대사람,기타,기타,보행자 보호의무 위반,단일로,기타단일로
32408,2019-11-30 09,주간,토,1,1,0,0,0,경기,가평군,차대차,측면충돌,측면충돌,안전운전 의무 불이행,교차로,교차로부근
32409,2019-04-05 14,주간,금,1,17,0,1,15,경기,용인시,차대차,기타,기타,안전거리 미확보,단일로,기타단일로
32410,2019-04-06 02,야간,토,1,1,0,0,0,경기,고양시,차량단독,공작물충돌,공작물충돌,안전운전 의무 불이행,단일로,기타단일로
32411,2019-06-07 00,야간,금,1,3,2,0,0,충북,제천시,차량단독,공작물충돌,공작물충돌,과속,기타,기타
32412,2019-08-08 07,주간,목,1,1,0,0,0,충북,음성군,차량단독,도로이탈,도로이탈 추락,안전운전 의무 불이행,단일로,기타단일로
32413,2019-05-23 10,주간,목,1,1,0,0,0,경기,포천시,차대사람,횡단중,횡단중,보행자 보호의무 위반,교차로,교차로내
32414,2019-06-20 14,주간,목,1,2,0,1,0,경북,칠곡군,차대차,측면충돌,측면충돌,기타,단일로,기타단일로
32415,2019-07-10 21,야간,수,1,1,0,0,0,경남,통영시,차량단독,공작물충돌,공작물충돌,안전운전 의무 불이행,단일로,기타단일로
32416,2019-05-23 08,주간,목,1,2,1,0,0,부산,북구,차대차,측면충돌,측면충돌,신호위반,교차로,교차로내
32417,2019-08-02 18,야간,금,1,1,0,0,0,전남,나주시,차대차,측면충돌,측면충돌,안전운전 의무 불이행,단일로,기타단일로
32418,2019-09-21 08,주간,토,1,1,0,0,0,경기,동두천시,차대사람,차도통행중,차도통행중,과속,단일로,기타단일로
32419,2019-04-26 21,야간,금,1,1,0,0,0,부산,사상구,차대사람,횡단중,횡단중,안전운전 의무 불이행,교차로,교차로횡단보도내
32420,2019-09-03 05,야간,화,1,1,0,0,0,충남,홍성군,차대사람,길가장자리구역통행중,길가장자리구역통행중,안전운전 의무 불이행,단일로,기타단일로
32421,2019-12-05 04,야간,목,1,5,4,0,0,전남,화순군,차대차,정면충돌,정면충돌,중앙선 침범,단일로,기타단일로
32422,2019-12-05 10,주간,목,1,1,0,0,0,전남,화순군,차량단독,기타,기타,안전운전 의무 불이행,단일로,교량위
32423,2019-03-27 17,주간,수,1,1,0,0,0,경남,창원시(통합),차대차,측면충돌,측면충돌,안전운전 의무 불이행,교차로,교차로내
32424,2019-04-05 13,주간,금,1,2,0,1,0,경기,수원시,차량단독,전도,전도,안전운전 의무 불이행,단일로,기타단일로
32425,2019-03-10 20,야간,일,1,2,0,1,0,경기,파주시,차대사람,횡단중,횡단중,안전운전 의무 불이행,단일로,기타단일로
32426,2019-04-09 23,야간,화,1,1,0,0,0,경남,김해시,차대사람,횡단중,횡단중,안전운전 의무 불이행,교차로,교차로부근
32427,2019-04-05 23,야간,금,1,1,0,0,0,경기,수원시,차대사람,횡단중,횡단중,신호위반,교차로,교차로횡단보도내
32428,2019-10-01 16,주간,화,1,1,0,0,0,서울,은평구,차대차,측면충돌,측면충돌,기타,교차로,교차로내
32429,2019-04-06 21,야간,토,1,4,2,1,0,울산,북구,차대차,기타,기타,기타,교차로,교차로내
32430,2019-08-07 01,야간,수,1,1,0,0,0,전남,나주시,차량단독,기타,기타,안전운전 의무 불이행,단일로,기타단일로
32431,2019-11-24 18,야간,일,1,2,1,0,0,충남,태안군,차량단독,공작물충돌,공작물충돌,안전운전 의무 불이행,교차로,교차로부근
32432,2019-11-22 16,주간,금,1,1,0,0,0,충남,예산군,차대사람,기타,기타,중앙선 침범,단일로,기타단일로
32433,2019-03-21 07,주간,목,1,2,1,0,0,전남,신안군,차대사람,횡단중,횡단중,안전운전 의무 불이행,단일로,기타단일로
32434,2019-04-02 16,주간,화,1,1,0,0,0,충남,천안시,차대차,측면충돌,측면충돌,기타,교차로,교차로내
32435,2019-05-01 20,야간,수,1,1,0,0,0,경기,하남시,차대차,정면충돌,정면충돌,교차로 통행방법 위반,교차로,교차로내
32436,2019-11-27 17,주간,수,1,1,0,0,0,경북,문경시,차대사람,차도통행중,차도통행중,안전운전 의무 불이행,단일로,기타단일로
32437,2019-05-17 15,주간,금,1,2,1,0,0,충남,당진시,차대차,정면충돌,정면충돌,중앙선 침범,단일로,기타단일로
32438,2019-06-09 00,야간,일,1,3,2,0,0,울산,울주군,차대차,측면충돌,측면충돌,신호위반,교차로,교차로내
32439,2019-04-26 09,주간,금,1,1,0,0,0,경기,이천시,차대차,기타,기타,기타,교차로,교차로내
32440,2019-12-10 14,주간,화,1,2,0,1,0,대전,동구,차대차,측면충돌,측면충돌,안전운전 의무 불이행,단일로,기타단일로
32441,2019-06-11 05,야간,화,1,1,0,0,0,대구,중구,차대차,측면충돌,측면충돌,안전운전 의무 불이행,교차로,교차로횡단보도내
32442,2019-09-30 07,주간,월,1,1,0,0,0,경기,동두천시,차대사람,횡단중,횡단중,안전운전 의무 불이행,단일로,기타단일로
32443,2019-03-12 23,야간,화,2,7,5,0,0,경북,경산시,차대차,정면충돌,정면충돌,중앙선 침범,단일로,기타단일로
32444,2019-11-26 05,야간,화,1,1,0,0,0,충남,예산군,차대사람,횡단중,횡단중,보행자 보호의무 위반,교차로,교차로부근
32445,2019-03-13 09,주간,수,1,2,1,0,0,대전,중구,차대차,측면충돌,측면충돌,중앙선 침범,교차로,교차로부근
32446,2019-03-28 19,야간,목,1,1,0,0,0,충북,청주시,차대차,측면충돌,측면충돌,신호위반,교차로,교차로내
32447,2019-11-21 06,주간,목,1,1,0,0,0,충북,괴산군,차대사람,기타,기타,안전운전 의무 불이행,단일로,기타단일로
32448,2019-05-24 01,야간,금,1,1,0,0,0,경남,창원시(통합),차대사람,횡단중,횡단중,안전운전 의무 불이행,단일로,지하차도(도로)내
32449,2019-03-19 10,주간,화,1,1,0,0,0,충북,청주시,차대차,기타,기타,기타,교차로,교차로내
32450,2019-12-13 05,야간,금,1,1,0,0,0,충북,청주시,차대차,추돌,추돌,안전거리 미확보,단일로,기타단일로
32451,2019-04-02 19,야간,화,1,2,1,0,0,대구,북구,차대차,정면충돌,정면충돌,중앙선 침범,단일로,기타단일로
32452,2019-08-16 23,야간,금,1,5,1,3,0,충북,음성군,차대사람,차도통행중,차도통행중,안전운전 의무 불이행,교차로,교차로부근
32453,2019-03-30 11,주간,토,1,2,1,0,0,전남,여수시,차량단독,공작물충돌,공작물충돌,안전운전 의무 불이행,단일로,기타단일로
32454,2019-07-15 09,주간,월,1,1,0,0,0,충남,보령시,차대차,측면충돌,측면충돌,기타,단일로,기타단일로
32455,2019-04-27 21,야간,토,1,4,3,0,0,충북,충주시,차대차,정면충돌,정면충돌,중앙선 침범,단일로,기타단일로
32456,2019-08-02 08,주간,금,1,1,0,0,0,경남,밀양시,차대사람,차도통행중,차도통행중,안전운전 의무 불이행,단일로,기타단일로
32457,2019-04-28 02,야간,일,1,1,0,0,0,충북,충주시,차대사람,횡단중,횡단중,안전운전 의무 불이행,단일로,기타단일로
32458,2019-08-09 17,주간,금,1,1,0,0,0,경북,상주시,차대차,측면충돌,측면충돌,과속,교차로,교차로내
32459,2019-11-24 12,주간,일,1,2,1,0,0,충북,괴산군,차대차,정면충돌,정면충돌,중앙선 침범,단일로,기타단일로
32460,2019-03-08 06,주간,금,1,2,0,1,0,대전,유성구,차대차,측면충돌,측면충돌,신호위반,교차로,교차로내
32461,2019-09-05 12,주간,목,1,1,0,0,0,전북,김제시,차대사람,기타,기타,안전운전 의무 불이행,단일로,기타단일로
32462,2019-09-27 08,주간,금,1,1,0,0,0,전북,완주군,차대차,측면충돌,측면충돌,안전운전 의무 불이행,단일로,기타단일로
32463,2019-08-04 14,주간,일,1,2,0,0,1,부산,기장군,차량단독,공작물충돌,공작물충돌,안전운전 의무 불이행,교차로,교차로내
32464,2019-03-01 03,야간,금,1,1,0,0,0,경기,시흥시,차대사람,차도통행중,차도통행중,안전운전 의무 불이행,교차로,교차로내
32465,2019-08-03 04,야간,토,1,1,0,0,0,경남,밀양시,차대사람,기타,기타,안전운전 의무 불이행,단일로,기타단일로
32466,2019-04-07 03,야간,일,1,1,0,0,0,서울,강서구,차대사람,기타,기타,안전운전 의무 불이행,단일로,기타단일로
32467,2019-08-04 19,야간,일,1,4,2,1,0,부산,기장군,차대사람,횡단중,횡단중,중앙선 침범,기타,기타
32468,2019-04-29 00,야간,월,1,1,0,0,0,충북,충주시,차량단독,주정차차량 충돌,주정차차량 충돌,안전운전 의무 불이행,기타,기타
32469,2019-08-15 09,주간,목,1,1,0,0,0,전남,나주시,차량단독,전도,전도,안전운전 의무 불이행,교차로,교차로부근
32470,2019-11-19 06,주간,화,1,1,0,0,0,전남,영암군,차량단독,공작물충돌,공작물충돌,안전운전 의무 불이행,단일로,기타단일로
32471,2019-09-28 16,주간,토,1,1,0,0,0,전북,완주군,차대사람,기타,기타,안전운전 의무 불이행,단일로,기타단일로
32472,2019-04-17 08,주간,수,1,1,0,0,0,부산,해운대구,차대차,측면충돌,측면충돌,안전운전 의무 불이행,단일로,기타단일로
32473,2019-12-05 04,야간,목,1,1,0,0,0,전남,무안군,차대사람,기타,기타,안전운전 의무 불이행,교차로,교차로횡단보도내
32474,2019-12-18 14,주간,수,1,3,0,0,2,경기,이천시,차대차,추돌,추돌,안전운전 의무 불이행,단일로,기타단일로
32475,2019-05-03 17,주간,금,1,1,0,0,0,부산,사상구,차대사람,횡단중,횡단중,안전운전 의무 불이행,단일로,기타단일로
32476,2019-06-01 02,야간,토,1,1,0,0,0,경남,창원시(통합),차량단독,공작물충돌,공작물충돌,안전운전 의무 불이행,단일로,기타단일로
32477,2019-04-16 15,주간,화,2,5,2,1,0,경북,포항시,차대차,측면충돌,측면충돌,신호위반,교차로,교차로내
32478,2019-03-26 13,주간,화,1,2,0,1,0,전북,군산시,차대차,기타,기타,중앙선 침범,단일로,기타단일로
32479,2019-04-16 19,야간,화,1,1,0,0,0,경북,포항시,차대사람,횡단중,횡단중,안전운전 의무 불이행,단일로,기타단일로
32480,2019-08-12 05,야간,월,1,2,0,1,0,경북,영주시,차대차,측면충돌,측면충돌,안전운전 의무 불이행,단일로,기타단일로
32481,2019-03-08 06,주간,금,1,4,3,0,0,충남,천안시,차대차,기타,기타,과속,교차로,교차로부근
32482,2019-07-03 21,야간,수,1,1,0,0,0,경북,칠곡군,차대사람,횡단중,횡단중,안전운전 의무 불이행,단일로,기타단일로
32483,2019-06-16 17,주간,일,2,2,0,0,0,충북,제천시,차대사람,기타,기타,안전운전 의무 불이행,기타,기타
32484,2019-04-07 00,야간,일,1,1,0,0,0,경남,진주시,차대사람,길가장자리구역통행중,길가장자리구역통행중,안전운전 의무 불이행,단일로,기타단일로
32485,2019-08-04 08,주간,일,1,1,0,0,0,경기,양평군,차량단독,공작물충돌,공작물충돌,안전운전 의무 불이행,단일로,기타단일로
32486,2019-09-18 16,주간,수,1,1,0,0,0,전북,정읍시,차량단독,공작물충돌,공작물충돌,안전운전 의무 불이행,단일로,기타단일로
32487,2019-12-08 11,주간,일,1,1,0,0,0,충남,예산군,차량단독,공작물충돌,공작물충돌,안전운전 의무 불이행,단일로,교량위
32488,2019-03-14 15,주간,목,1,1,0,0,0,인천,남동구,차대사람,횡단중,횡단중,안전운전 의무 불이행,교차로,교차로내
32489,2019-08-24 06,주간,토,1,1,0,0,0,충북,음성군,차대차,측면충돌,측면충돌,중앙선 침범,단일로,기타단일로
32490,2019-09-17 08,주간,화,1,3,1,1,0,충남,공주시,차대사람,횡단중,횡단중,보행자 보호의무 위반,교차로,교차로횡단보도내
32491,2019-12-28 14,주간,토,1,2,1,0,0,경기,가평군,차대사람,기타,기타,안전운전 의무 불이행,단일로,기타단일로
32492,2019-10-02 21,야간,수,1,1,0,0,0,전북,완주군,차대사람,차도통행중,차도통행중,보행자 보호의무 위반,교차로,교차로부근
32493,2019-07-13 19,야간,토,1,1,0,0,0,강원,양양군,차대차,추돌,추돌,안전운전 의무 불이행,기타,기타
32494,2019-03-29 06,주간,금,1,6,0,0,5,경기,성남시,차대차,측면충돌,측면충돌,신호위반,교차로,교차로내
32495,2019-12-10 14,주간,화,1,2,1,0,0,충남,예산군,차대차,측면충돌,측면충돌,기타,교차로,교차로내
32496,2019-03-04 16,주간,월,1,1,0,0,0,경기,부천시,차대사람,횡단중,횡단중,신호위반,교차로,교차로횡단보도내
32497,2019-03-30 10,주간,토,1,5,3,1,0,경북,경주시,차대차,정면충돌,정면충돌,중앙선 침범,단일로,기타단일로
32498,2019-05-23 09,주간,목,1,4,2,1,0,충남,서산시,차대차,측면충돌,측면충돌,중앙선 침범,단일로,기타단일로
32499,2019-12-12 13,주간,목,1,1,0,0,0,전남,무안군,차량단독,전도,전도,안전운전 의무 불이행,단일로,기타단일로
32500,2019-12-20 06,주간,금,1,1,0,0,0,전남,해남군,차대사람,횡단중,횡단중,안전운전 의무 불이행,교차로,교차로내
32501,2019-10-21 11,주간,월,3,3,0,0,0,경북,상주시,차대사람,기타,기타,안전운전 의무 불이행,단일로,기타단일로
32502,2019-12-21 18,야간,토,1,1,0,0,0,충남,태안군,차대사람,횡단중,횡단중,안전운전 의무 불이행,교차로,교차로내
32503,2019-02-14 20,야간,목,1,1,0,0,0,경기,평택시,차량단독,공작물충돌,공작물충돌,안전운전 의무 불이행,단일로,기타단일로
32504,2019-10-21 15,주간,월,1,1,0,0,0,경북,상주시,차량단독,전도,전도,안전운전 의무 불이행,단일로,기타단일로
32505,2019-05-07 13,주간,화,1,1,0,0,0,경기,하남시,차대사람,횡단중,횡단중,보행자 보호의무 위반,교차로,교차로횡단보도내
32506,2019-05-24 00,야간,금,1,1,0,0,0,충남,서산시,차량단독,공작물충돌,공작물충돌,안전운전 의무 불이행,교차로,교차로부근
32507,2019-06-20 07,주간,목,1,1,0,0,0,울산,울주군,차량단독,기타,기타,안전운전 의무 불이행,교차로,교차로부근
32508,2019-04-06 21,야간,토,1,1,0,0,0,전북,익산시,차대사람,보도통행중,보도통행중,보행자 보호의무 위반,교차로,교차로횡단보도내
32509,2019-07-26 08,주간,금,1,1,0,0,0,충남,논산시,차대사람,횡단중,횡단중,신호위반,교차로,교차로내
32510,2019-04-08 03,야간,월,1,1,0,0,0,대구,서구,차대사람,횡단중,횡단중,안전운전 의무 불이행,교차로,교차로횡단보도내
32511,2019-07-20 11,주간,토,1,1,0,0,0,전남,광양시,차대차,추돌,추돌,안전운전 의무 불이행,단일로,기타단일로
32512,2019-03-12 13,주간,화,1,1,0,0,0,제주,제주시,차대사람,기타,기타,기타,단일로,기타단일로
32513,2019-05-02 20,야간,목,1,1,0,0,0,충북,충주시,차대사람,횡단중,횡단중,안전운전 의무 불이행,교차로,교차로부근
32514,2019-10-25 00,야간,금,1,4,0,3,0,경북,영천시,차대차,추돌,추돌,안전운전 의무 불이행,단일로,기타단일로
32515,2019-04-19 11,주간,금,1,4,1,0,2,경북,포항시,차대차,측면충돌,측면충돌,신호위반,교차로,교차로내
32516,2019-03-24 13,주간,일,1,1,0,0,0,대구,달서구,차대차,측면충돌,측면충돌,안전운전 의무 불이행,단일로,고가도로위
32517,2019-07-19 15,주간,금,1,1,0,0,0,경북,영천시,차대사람,보도통행중,보도통행중,기타,단일로,기타단일로
32518,2019-12-07 18,야간,토,1,1,0,0,0,충북,증평군,차대사람,길가장자리구역통행중,길가장자리구역통행중,안전운전 의무 불이행,단일로,기타단일로
32519,2019-04-06 17,주간,토,1,2,1,0,0,경북,포항시,차대차,측면충돌,측면충돌,안전운전 의무 불이행,단일로,기타단일로
32520,2019-04-15 07,주간,월,1,3,1,1,0,울산,중구,차대차,추돌,추돌,안전운전 의무 불이행,단일로,기타단일로
32521,2019-06-22 22,야간,토,1,1,0,0,0,충북,제천시,차대사람,횡단중,횡단중,안전운전 의무 불이행,기타,기타
32522,2019-10-20 18,야간,일,1,1,0,0,0,전북,남원시,차대사람,횡단중,횡단중,과속,교차로,교차로내
32523,2019-04-20 03,야간,토,1,1,0,0,0,강원,강릉시,차대사람,횡단중,횡단중,안전운전 의무 불이행,교차로,교차로내
32524,2019-05-09 13,주간,목,1,1,0,0,0,경기,오산시,차대사람,횡단중,횡단중,보행자 보호의무 위반,교차로,교차로횡단보도내
32525,2019-10-09 19,야간,수,1,3,0,2,0,전북,완주군,차대차,추돌,추돌,안전운전 의무 불이행,교차로,교차로부근
32526,2019-06-05 17,주간,수,1,1,0,0,0,부산,북구,차량단독,기타,기타,안전운전 의무 불이행,단일로,기타단일로
32527,2019-03-04 22,야간,월,1,1,0,0,0,경기,시흥시,차대차,측면충돌,측면충돌,과속,단일로,기타단일로
32528,2019-06-10 02,야간,월,1,1,0,0,0,인천,남동구,차대사람,기타,기타,안전운전 의무 불이행,단일로,터널안
32529,2019-09-28 20,야간,토,1,1,0,0,0,충남,홍성군,차대사람,횡단중,횡단중,안전운전 의무 불이행,단일로,기타단일로
32530,2019-03-28 17,주간,목,1,1,0,0,0,경남,양산시,차대사람,횡단중,횡단중,안전운전 의무 불이행,교차로,교차로내
32531,2019-06-13 08,주간,목,1,1,0,0,0,광주,남구,차대차,추돌,추돌,안전운전 의무 불이행,단일로,기타단일로
32532,2019-03-06 01,야간,수,1,1,0,0,0,경북,구미시,차량단독,공작물충돌,공작물충돌,안전운전 의무 불이행,단일로,기타단일로
32533,2019-04-08 06,주간,월,1,1,0,0,0,경북,포항시,차대사람,횡단중,횡단중,안전운전 의무 불이행,단일로,기타단일로
32534,2019-04-16 22,야간,화,1,1,0,0,0,경기,안성시,차대사람,기타,기타,안전운전 의무 불이행,단일로,기타단일로
32535,2019-11-20 11,주간,수,1,1,0,0,0,부산,영도구,차대사람,기타,기타,안전운전 의무 불이행,기타,기타
32536,2019-04-12 18,야간,금,1,1,0,0,0,서울,강서구,차대차,측면충돌,측면충돌,안전거리 미확보,단일로,기타단일로
32537,2019-07-29 21,야간,월,1,1,0,0,0,충남,논산시,차량단독,공작물충돌,공작물충돌,안전운전 의무 불이행,단일로,기타단일로
32538,2019-07-22 19,야간,월,1,1,0,0,0,경북,영천시,차대사람,횡단중,횡단중,과속,교차로,교차로내
32539,2019-10-28 09,주간,월,1,2,0,1,0,경북,경산시,차대차,추돌,추돌,과속,단일로,기타단일로
32540,2019-04-24 01,야간,수,1,1,0,0,0,서울,중랑구,차대사람,횡단중,횡단중,안전운전 의무 불이행,단일로,기타단일로
32541,2019-08-12 12,주간,월,1,3,2,0,0,부산,동구,차대사람,기타,기타,안전운전 의무 불이행,단일로,기타단일로
32542,2019-03-19 00,야간,화,1,1,0,0,0,경기,파주시,차량단독,공작물충돌,공작물충돌,안전운전 의무 불이행,단일로,기타단일로
32543,2019-09-14 14,주간,토,1,1,0,0,0,경기,여주시,차대사람,길가장자리구역통행중,길가장자리구역통행중,안전운전 의무 불이행,단일로,기타단일로
32544,2019-03-25 05,야간,월,1,1,0,0,0,충북,청주시,차대사람,횡단중,횡단중,안전운전 의무 불이행,단일로,기타단일로
32545,2019-12-30 16,주간,월,1,1,0,0,0,충남,예산군,차량단독,공작물충돌,공작물충돌,안전운전 의무 불이행,교차로,교차로내
32546,2019-07-24 15,주간,수,1,1,0,0,0,경북,영천시,차대사람,횡단중,횡단중,안전운전 의무 불이행,교차로,교차로부근