교통사고이력ID(사고기록 순서),발생년월일시,주야코드,요일코드,사망자수,부상자수,중상자수,경상자수,부상신고자수,발생지시도코드,발생지시도코드,사고유형대분류코드,사고유형중분류코드,사고유형코드,법규위반코드,도로형태대분류코드,도로로형태코드
32547,2019-03-19 21,야간,화,1,2,0,1,0,충남,아산시,차대차,기타,기타,안전운전 의무 불이행,단일로,기타단일로
32548,2019-04-12 21,야간,금,1,1,0,0,0,경남,진주시,차대차,측면충돌,측면충돌,안전운전 의무 불이행,교차로,교차로내
32549,2019-06-20 13,주간,목,1,2,0,1,0,부산,강서구,차대차,추돌,추돌,안전운전 의무 불이행,교차로,교차로부근
32550,2019-04-18 17,주간,목,1,1,0,0,0,경기,고양시,차대차,추돌,추돌,안전운전 의무 불이행,교차로,교차로부근
32551,2019-08-19 19,야간,월,1,1,0,0,0,경남,밀양시,차대사람,횡단중,횡단중,안전운전 의무 불이행,단일로,기타단일로
32552,2019-03-25 20,야간,월,1,1,0,0,0,제주,제주시,차대차,추돌,추돌,안전운전 의무 불이행,단일로,기타단일로
32553,2019-11-15 02,야간,금,1,2,1,0,0,서울,서초구,차대사람,기타,기타,안전운전 의무 불이행,단일로,지하차도(도로)내
32554,2019-05-05 15,주간,일,1,1,0,0,0,서울,강동구,차대차,추돌,추돌,기타,교차로,교차로내
32555,2019-09-12 07,주간,목,2,2,0,0,0,강원,동해시,철길건널목,철길건널목,철길건널목,기타,철길건널목,철길건널목
32556,2019-04-28 03,야간,일,1,2,1,0,0,부산,사하구,차대차,측면충돌,측면충돌,신호위반,교차로,교차로내
32557,2019-08-20 19,야간,화,1,1,0,0,0,경남,밀양시,차대차,기타,기타,안전운전 의무 불이행,단일로,기타단일로
32558,2019-04-07 10,주간,일,1,3,1,1,0,경남,창원시(통합),차대차,측면충돌,측면충돌,안전운전 의무 불이행,교차로,교차로부근
32559,2019-05-06 05,야간,월,1,1,0,0,0,경기,성남시,차량단독,기타,기타,안전운전 의무 불이행,단일로,기타단일로
32560,2019-06-28 22,야간,금,1,1,0,0,0,울산,울주군,차량단독,공작물충돌,공작물충돌,안전운전 의무 불이행,교차로,교차로부근
32561,2019-04-24 19,야간,수,1,1,0,0,0,강원,강릉시,차대사람,횡단중,횡단중,안전운전 의무 불이행,단일로,기타단일로
32562,2019-07-30 14,주간,화,1,2,1,0,0,전남,광양시,차량단독,기타,기타,안전운전 의무 불이행,단일로,기타단일로
32563,2019-04-14 20,야간,일,1,3,1,1,0,경남,진주시,차대차,측면충돌,측면충돌,신호위반,교차로,교차로내
32564,2019-08-30 12,주간,금,1,1,0,0,0,경북,상주시,차량단독,공작물충돌,공작물충돌,안전운전 의무 불이행,단일로,기타단일로
32565,2019-11-01 13,주간,금,1,2,1,0,0,대구,달성군,차대차,추돌,추돌,안전운전 의무 불이행,단일로,기타단일로
32566,2019-05-01 01,야간,수,1,1,0,0,0,인천,부평구,차대사람,횡단중,횡단중,안전운전 의무 불이행,단일로,기타단일로
32567,2019-05-12 04,야간,일,1,1,0,0,0,부산,수영구,차량단독,기타,기타,안전운전 의무 불이행,단일로,기타단일로
32568,2019-06-30 07,주간,일,1,1,0,0,0,대구,중구,차대사람,횡단중,횡단중,안전운전 의무 불이행,단일로,기타단일로
32569,2019-06-04 10,주간,화,1,1,0,0,0,경남,창원시(통합),차대차,기타,기타,교차로 통행방법 위반,교차로,교차로내
32570,2019-11-05 01,야간,화,1,4,1,2,0,대구,동구,차대차,추돌,추돌,안전운전 의무 불이행,단일로,기타단일로
32571,2019-03-22 09,주간,금,1,1,0,0,0,경기,파주시,차대차,측면충돌,측면충돌,교차로 통행방법 위반,교차로,교차로부근
32572,2019-03-27 03,야간,수,1,2,0,1,0,충북,청주시,차대차,추돌,추돌,안전운전 의무 불이행,교차로,교차로부근
32573,2019-03-16 23,야간,토,1,1,0,0,0,제주,제주시,차대차,기타,기타,안전운전 의무 불이행,단일로,기타단일로
32574,2019-06-14 10,주간,금,1,1,0,0,0,서울,성동구,차대사람,보도통행중,보도통행중,신호위반,교차로,교차로횡단보도내
32575,2019-10-07 18,야간,월,1,1,0,0,0,충남,공주시,차대사람,기타,기타,안전운전 의무 불이행,기타,기타
32576,2019-02-27 15,주간,수,1,3,0,2,0,서울,송파구,차대차,측면충돌,측면충돌,중앙선 침범,단일로,기타단일로
32577,2019-03-15 06,주간,금,1,1,0,0,0,제주,제주시,차량단독,공작물충돌,공작물충돌,안전운전 의무 불이행,교차로,교차로부근
32578,2019-08-07 21,야간,수,1,1,0,0,0,경북,경주시,차량단독,기타,기타,안전운전 의무 불이행,단일로,터널안
32579,2019-06-04 11,주간,화,1,2,0,1,0,충남,서산시,차대차,측면충돌,측면충돌,기타,교차로,교차로내
32580,2019-05-29 15,주간,수,1,1,0,0,0,인천,동구,차대차,측면충돌,측면충돌,안전운전 의무 불이행,교차로,교차로내
32581,2019-03-22 03,야간,금,1,1,0,0,0,인천,남구,차대사람,횡단중,횡단중,과속,교차로,교차로횡단보도내
32582,2019-03-08 07,주간,금,1,1,0,0,0,경기,남양주시,차대차,추돌,추돌,안전운전 의무 불이행,교차로,교차로내
32583,2019-04-20 21,야간,토,1,1,0,0,0,제주,서귀포시,차량단독,공작물충돌,공작물충돌,안전운전 의무 불이행,단일로,기타단일로
32584,2019-04-08 05,야간,월,1,1,0,0,0,경기,화성시,차대사람,횡단중,횡단중,안전운전 의무 불이행,교차로,교차로내
32585,2019-10-06 14,주간,일,1,1,0,0,0,서울,중구,차대사람,횡단중,횡단중,안전운전 의무 불이행,단일로,기타단일로
32586,2019-06-21 10,주간,금,1,1,0,0,0,경남,창원시(통합),차대사람,횡단중,횡단중,안전운전 의무 불이행,단일로,기타단일로
32587,2019-07-24 16,주간,수,1,1,0,0,0,경북,칠곡군,차량단독,공작물충돌,공작물충돌,안전운전 의무 불이행,단일로,교량위
32588,2019-05-20 18,야간,월,1,1,0,0,0,경기,안성시,차량단독,전도,전도,안전운전 의무 불이행,교차로,교차로내
32589,2019-06-05 21,야간,수,1,1,0,0,0,충남,서산시,차량단독,공작물충돌,공작물충돌,안전운전 의무 불이행,단일로,기타단일로
32590,2019-05-15 05,야간,수,1,2,1,0,0,부산,동래구,차량단독,도로이탈,도로이탈 추락,안전운전 의무 불이행,단일로,기타단일로
32591,2019-06-25 10,주간,화,1,1,0,0,0,광주,남구,차대사람,횡단중,횡단중,안전운전 의무 불이행,교차로,교차로내
32592,2019-09-19 14,주간,목,1,3,1,1,0,전남,나주시,차대차,추돌,추돌,안전운전 의무 불이행,단일로,기타단일로
32593,2019-03-23 20,야간,토,1,1,0,0,0,대구,동구,차대차,측면충돌,측면충돌,신호위반,교차로,교차로내
32594,2019-06-19 09,주간,수,1,2,0,1,0,인천,남동구,차대차,측면충돌,측면충돌,교차로 통행방법 위반,교차로,교차로내
32595,2019-03-30 14,주간,토,1,4,1,2,0,제주,제주시,차대차,정면충돌,정면충돌,중앙선 침범,단일로,기타단일로
32596,2019-04-06 07,주간,토,1,2,1,0,0,전북,군산시,차대차,추돌,추돌,안전운전 의무 불이행,단일로,지하차도(도로)내
32597,2019-12-10 17,주간,화,1,1,0,0,0,강원,삼척시,차대사람,길가장자리구역통행중,길가장자리구역통행중,안전운전 의무 불이행,단일로,기타단일로
32598,2019-09-23 07,주간,월,1,1,0,0,0,충북,음성군,차대차,정면충돌,정면충돌,안전운전 의무 불이행,단일로,기타단일로
32599,2019-05-02 16,주간,목,1,1,0,0,0,강원,춘천시,차대사람,기타,기타,안전운전 의무 불이행,단일로,기타단일로
32600,2019-05-13 18,야간,월,1,1,0,0,0,경기,이천시,차대차,측면충돌,측면충돌,안전운전 의무 불이행,단일로,기타단일로
32601,2019-07-31 08,주간,수,1,1,0,0,0,강원,속초시,차대차,측면충돌,측면충돌,안전운전 의무 불이행,단일로,지하차도(도로)내
32602,2019-06-28 08,주간,금,1,1,0,0,0,광주,남구,차대사람,횡단중,횡단중,보행자 보호의무 위반,교차로,교차로횡단보도내
32603,2019-05-18 17,주간,토,1,1,0,0,0,경기,양주시,차량단독,기타,기타,안전운전 의무 불이행,단일로,기타단일로
32604,2019-04-08 20,야간,월,1,1,0,0,0,대전,대덕구,차대사람,기타,기타,안전운전 의무 불이행,교차로,교차로내
32605,2019-09-11 20,야간,수,1,1,0,0,0,경북,영주시,차대사람,차도통행중,차도통행중,과속,단일로,기타단일로
32606,2019-07-12 06,주간,금,1,1,0,0,0,울산,울주군,차대차,측면충돌,측면충돌,신호위반,교차로,교차로내
32607,2019-04-02 01,야간,화,1,1,0,0,0,제주,제주시,차대사람,기타,기타,안전운전 의무 불이행,단일로,기타단일로
32608,2019-10-25 18,야간,금,1,1,0,0,0,전북,정읍시,차대사람,횡단중,횡단중,과속,단일로,기타단일로
32609,2019-07-10 18,야간,수,1,1,0,0,0,인천,부평구,차대사람,차도통행중,차도통행중,안전운전 의무 불이행,단일로,기타단일로
32610,2019-03-26 09,주간,화,1,1,0,0,0,경북,경산시,차대차,정면충돌,정면충돌,안전운전 의무 불이행,교차로,교차로내
32611,2019-05-14 14,주간,화,1,1,0,0,0,경기,성남시,차대사람,횡단중,횡단중,안전운전 의무 불이행,교차로,교차로횡단보도내
32612,2019-04-26 21,야간,금,1,4,1,1,1,경기,성남시,차대차,추돌,추돌,안전거리 미확보,단일로,기타단일로
32613,2019-11-05 19,야간,화,1,1,0,0,0,전북,완주군,차대차,추돌,추돌,안전운전 의무 불이행,단일로,기타단일로
32614,2019-09-28 16,주간,토,1,4,0,3,0,전남,나주시,차대차,측면충돌,측면충돌,기타,교차로,교차로내
32615,2019-09-17 11,주간,화,1,1,0,0,0,광주,동구,차대차,측면충돌,측면충돌,신호위반,교차로,교차로내
32616,2019-10-16 18,야간,수,1,1,0,0,0,전북,김제시,차대사람,차도통행중,차도통행중,안전운전 의무 불이행,교차로,교차로내
32617,2019-05-28 08,주간,화,1,1,0,0,0,대구,남구,차대사람,횡단중,횡단중,안전운전 의무 불이행,단일로,기타단일로
32618,2019-05-15 10,주간,수,1,1,0,0,0,경기,이천시,차대사람,기타,기타,기타,단일로,기타단일로
32619,2019-06-23 10,주간,일,1,3,2,0,0,부산,북구,차대사람,기타,기타,안전운전 의무 불이행,교차로,교차로내
32620,2019-08-26 15,주간,월,1,1,0,0,0,서울,은평구,차대차,기타,기타,기타,교차로,교차로부근
32621,2019-06-12 08,주간,수,1,1,0,0,0,서울,서대문구,차대사람,차도통행중,차도통행중,안전운전 의무 불이행,교차로,교차로부근
32622,2019-09-20 00,야간,금,1,1,0,0,0,광주,동구,차대사람,기타,기타,과속,단일로,기타단일로
32623,2019-04-25 05,야간,목,1,1,0,0,0,경기,수원시,차량단독,기타,기타,안전운전 의무 불이행,단일로,기타단일로
32624,2019-04-26 08,주간,금,1,1,0,0,0,제주,서귀포시,차대사람,기타,기타,안전운전 의무 불이행,단일로,기타단일로
32625,2019-04-03 07,주간,수,1,1,0,0,0,대구,달서구,차량단독,공작물충돌,공작물충돌,안전운전 의무 불이행,단일로,고가도로위
32626,2019-05-06 14,주간,월,1,1,0,0,0,강원,춘천시,차대사람,횡단중,횡단중,보행자 보호의무 위반,교차로,교차로횡단보도내
32627,2019-05-23 08,주간,목,2,2,0,0,0,세종,세종,차량단독,공작물충돌,공작물충돌,과속,단일로,고가도로위
32628,2019-07-12 20,야간,금,1,1,0,0,0,경남,창원시(통합),차대차,측면충돌,측면충돌,안전운전 의무 불이행,교차로,교차로내
32629,2019-09-05 06,주간,목,1,1,0,0,0,경기,의왕시,차대사람,횡단중,횡단중,보행자 보호의무 위반,단일로,기타단일로
32630,2019-06-12 18,야간,수,1,1,0,0,0,충남,서산시,차대사람,횡단중,횡단중,안전운전 의무 불이행,교차로,교차로내
32631,2019-10-05 09,주간,토,1,1,0,0,0,경기,여주시,차대사람,횡단중,횡단중,과속,단일로,기타단일로
32632,2019-06-23 04,야간,일,1,1,0,0,0,경남,창원시(통합),차대사람,차도통행중,차도통행중,안전운전 의무 불이행,단일로,기타단일로
32633,2019-04-19 11,주간,금,2,2,0,0,0,전북,익산시,차대차,측면충돌,측면충돌,안전운전 의무 불이행,단일로,기타단일로
32634,2019-11-25 11,주간,월,1,1,0,0,0,대구,달성군,차량단독,전도,전도,안전운전 의무 불이행,단일로,기타단일로
32635,2019-10-04 08,주간,금,1,1,0,0,0,전남,나주시,차량단독,공작물충돌,공작물충돌,안전운전 의무 불이행,교차로,교차로부근
32636,2019-06-13 18,야간,목,1,1,0,0,0,충남,서산시,차대사람,기타,기타,기타,단일로,기타단일로
32637,2019-07-16 04,야간,화,1,3,0,2,0,인천,계양구,차대차,추돌,추돌,안전거리 미확보,단일로,기타단일로
32638,2019-10-06 21,야간,일,1,1,0,0,0,경기,여주시,차대사람,횡단중,횡단중,안전운전 의무 불이행,교차로,교차로부근
32639,2019-09-04 20,야간,수,1,2,0,1,0,경기,양평군,차대사람,횡단중,횡단중,과속,단일로,기타단일로
32640,2019-03-20 23,야간,수,1,1,0,0,0,광주,광산구,차대사람,차도통행중,차도통행중,안전운전 의무 불이행,단일로,기타단일로
32641,2019-04-11 23,야간,목,1,1,0,0,0,경기,성남시,차대사람,횡단중,횡단중,보행자 보호의무 위반,교차로,교차로횡단보도내
32642,2019-11-12 18,야간,화,1,1,0,0,0,전북,완주군,차대차,정면충돌,정면충돌,중앙선 침범,단일로,기타단일로
32643,2019-04-30 04,야간,화,1,1,0,0,0,경기,용인시,차대사람,차도통행중,차도통행중,안전운전 의무 불이행,단일로,기타단일로
32644,2019-04-16 10,주간,화,1,1,0,0,0,충북,청주시,차대사람,차도통행중,차도통행중,안전운전 의무 불이행,단일로,지하차도(도로)내
32645,2019-10-25 11,주간,금,1,1,0,0,0,전북,김제시,차대사람,횡단중,횡단중,안전운전 의무 불이행,교차로,교차로부근
32646,2019-11-26 01,야간,화,1,3,2,0,0,전북,남원시,차대차,측면충돌,측면충돌,중앙선 침범,단일로,기타단일로
32647,2019-08-15 15,주간,목,1,2,1,0,0,경북,영천시,차대차,측면충돌,측면충돌,중앙선 침범,단일로,기타단일로
32648,2019-03-29 11,주간,금,1,1,0,0,0,대전,중구,차대사람,기타,기타,보행자 보호의무 위반,교차로,교차로횡단보도내
32649,2019-05-12 08,주간,일,1,1,0,0,0,부산,사하구,차량단독,기타,기타,안전운전 의무 불이행,단일로,기타단일로
32650,2019-11-05 06,주간,화,1,4,2,1,0,전북,정읍시,차대차,측면충돌,측면충돌,기타,교차로,교차로내
32651,2019-11-05 08,주간,화,1,1,0,0,0,전북,정읍시,차대차,추돌,추돌,안전거리 미확보,교차로,교차로부근
32652,2019-05-04 01,야간,토,1,3,0,2,0,서울,양천구,차대차,추돌,추돌,과속,교차로,교차로부근
32653,2019-06-06 17,주간,목,1,1,0,0,0,경북,안동시,차대차,기타,기타,안전운전 의무 불이행,단일로,기타단일로
32654,2019-09-27 13,주간,금,1,1,0,0,0,경북,상주시,차대사람,횡단중,횡단중,보행자 보호의무 위반,교차로,교차로내
32655,2019-10-16 14,주간,수,1,1,0,0,0,강원,동해시,차대사람,횡단중,횡단중,안전운전 의무 불이행,기타,기타
32656,2019-11-30 19,야간,토,1,6,2,3,0,경북,영주시,차대차,기타,기타,안전운전 의무 불이행,단일로,기타단일로
32657,2019-09-19 09,주간,목,1,2,1,0,0,경남,밀양시,차대차,측면충돌,측면충돌,신호위반,교차로,교차로내
32658,2019-09-28 01,야간,토,1,1,0,0,0,경북,상주시,차량단독,공작물충돌,공작물충돌,안전운전 의무 불이행,교차로,교차로부근
32659,2019-05-28 17,주간,화,1,1,0,0,0,경기,하남시,차대사람,횡단중,횡단중,안전운전 의무 불이행,단일로,기타단일로
32660,2019-05-21 02,야간,화,1,4,3,0,0,경기,고양시,차대차,측면충돌,측면충돌,중앙선 침범,교차로,교차로부근
32661,2019-07-05 22,야간,금,1,1,0,0,0,경남,창원시(통합),차대사람,횡단중,횡단중,안전운전 의무 불이행,교차로,교차로횡단보도내
32662,2019-04-13 19,야간,토,1,1,0,0,0,부산,부산진구,차대사람,차도통행중,차도통행중,안전운전 의무 불이행,단일로,기타단일로
32663,2019-06-07 21,야간,금,1,1,0,0,0,경북,안동시,차대사람,차도통행중,차도통행중,안전운전 의무 불이행,단일로,기타단일로
32664,2019-10-31 19,야간,목,1,1,0,0,0,전북,김제시,차대사람,횡단중,횡단중,신호위반,교차로,교차로내
32665,2019-07-21 05,야간,일,1,2,0,1,0,인천,부평구,차대차,기타,기타,안전운전 의무 불이행,단일로,교량위
32666,2019-10-12 16,주간,토,1,1,0,0,0,전남,나주시,차량단독,도로이탈,도로이탈 추락,안전운전 의무 불이행,단일로,기타단일로
32667,2019-11-23 14,주간,토,1,3,1,1,0,전북,완주군,차대차,정면충돌,정면충돌,중앙선 침범,단일로,기타단일로
32668,2019-03-16 15,주간,토,1,4,0,2,1,경기,용인시,차대차,추돌,추돌,안전운전 의무 불이행,교차로,교차로내
32669,2019-12-04 18,야간,수,1,3,0,2,0,경북,영천시,차대차,기타,기타,안전운전 의무 불이행,단일로,기타단일로
32670,2019-06-17 04,야간,월,1,1,0,0,0,부산,금정구,차대사람,횡단중,횡단중,보행자 보호의무 위반,교차로,교차로내
32671,2019-06-29 12,주간,토,1,3,1,1,0,경기,포천시,차대차,기타,기타,안전운전 의무 불이행,교차로,교차로내
32672,2019-07-21 02,야간,일,1,1,0,0,0,경기,구리시,차대사람,기타,기타,과속,단일로,기타단일로
32673,2019-08-01 15,주간,목,1,1,0,0,0,서울,금천구,차대차,기타,기타,안전운전 의무 불이행,교차로,교차로내
32674,2019-12-31 01,야간,화,1,1,0,0,0,서울,서초구,차대차,측면충돌,측면충돌,안전운전 의무 불이행,단일로,기타단일로
32675,2019-07-22 20,야간,월,2,2,0,0,0,경기,시흥시,차대사람,기타,기타,안전운전 의무 불이행,단일로,기타단일로
32676,2019-04-01 17,주간,월,1,1,0,0,0,대전,중구,차대사람,기타,기타,안전운전 의무 불이행,단일로,기타단일로
32677,2019-08-13 21,야간,화,1,2,0,1,0,경북,칠곡군,차대사람,횡단중,횡단중,안전운전 의무 불이행,단일로,기타단일로
32678,2019-04-24 20,야간,수,1,1,0,0,0,전북,익산시,차대사람,차도통행중,차도통행중,안전운전 의무 불이행,단일로,기타단일로
32679,2019-04-16 11,주간,화,1,1,0,0,0,경북,경주시,차량단독,전복,전복,안전운전 의무 불이행,단일로,기타단일로
32680,2019-10-17 15,주간,목,1,1,0,0,0,경기,여주시,차대차,측면충돌,측면충돌,안전운전 의무 불이행,단일로,기타단일로
32681,2019-10-03 18,야간,목,1,1,0,0,0,경북,상주시,차대사람,길가장자리구역통행중,길가장자리구역통행중,안전운전 의무 불이행,단일로,기타단일로
32682,2019-05-25 08,주간,토,1,1,0,0,0,충북,충주시,차량단독,전도,전도,안전운전 의무 불이행,단일로,기타단일로
32683,2019-11-07 20,야간,목,1,1,0,0,0,전북,김제시,차대사람,기타,기타,기타,단일로,기타단일로
32684,2019-06-28 05,야간,금,1,1,0,0,0,경남,창원시(통합),차대사람,횡단중,횡단중,안전운전 의무 불이행,단일로,기타단일로
32685,2019-05-03 03,야간,금,1,1,0,0,0,경기,수원시,차대사람,횡단중,횡단중,과속,교차로,교차로부근
32686,2019-06-05 07,주간,수,1,1,0,0,0,부산,사상구,차대사람,기타,기타,안전운전 의무 불이행,교차로,교차로내
32687,2019-07-25 00,야간,목,2,9,2,5,0,경기,시흥시,차대차,추돌,추돌,안전운전 의무 불이행,단일로,교량위
32688,2019-07-05 21,야간,금,1,1,0,0,0,서울,광진구,차대사람,기타,기타,안전운전 의무 불이행,단일로,기타단일로
32689,2019-12-17 22,야간,화,1,1,0,0,0,부산,서구,차대사람,차도통행중,차도통행중,안전운전 의무 불이행,단일로,기타단일로
32690,2019-05-20 14,주간,월,1,1,0,0,0,인천,부평구,차대사람,기타,기타,안전운전 의무 불이행,불명,불명
32691,2019-06-17 13,주간,월,1,1,0,0,0,인천,계양구,차대사람,차도통행중,차도통행중,안전운전 의무 불이행,단일로,기타단일로
32692,2019-10-16 19,야간,수,1,1,0,0,0,충북,음성군,차대사람,횡단중,횡단중,안전운전 의무 불이행,교차로,교차로부근
32693,2019-05-27 12,주간,월,2,3,0,1,0,충북,충주시,차대차,측면충돌,측면충돌,안전운전 의무 불이행,교차로,교차로내
32694,2019-11-22 07,주간,금,1,2,0,1,0,전북,정읍시,차대차,추돌,추돌,안전운전 의무 불이행,교차로,교차로부근
32695,2019-05-18 13,주간,토,1,1,0,0,0,부산,사하구,차대사람,횡단중,횡단중,안전운전 의무 불이행,단일로,기타단일로
32696,2019-04-11 00,야간,목,1,1,0,0,0,제주,제주시,차량단독,공작물충돌,공작물충돌,안전운전 의무 불이행,교차로,교차로내
32697,2019-04-21 15,주간,일,1,1,0,0,0,충북,청주시,차대차,측면충돌,측면충돌,신호위반,교차로,교차로횡단보도내
32698,2019-04-01 22,야간,월,1,1,0,0,0,경북,경산시,차대사람,기타,기타,과속,단일로,기타단일로
32699,2019-07-29 08,주간,월,1,3,2,0,0,경남,창원시(통합),차대차,측면충돌,측면충돌,신호위반,교차로,교차로내
32700,2019-12-12 18,야간,목,1,4,1,1,1,대구,달성군,차대차,추돌,추돌,안전운전 의무 불이행,단일로,기타단일로
32701,2019-05-06 01,야간,월,1,1,0,0,0,서울,강서구,차대사람,횡단중,횡단중,과속,단일로,기타단일로
32702,2019-06-15 00,야간,토,1,1,0,0,0,경북,안동시,차량단독,공작물충돌,공작물충돌,안전운전 의무 불이행,단일로,기타단일로
32703,2019-06-02 20,야간,일,1,1,0,0,0,세종,세종,차량단독,공작물충돌,공작물충돌,안전운전 의무 불이행,단일로,기타단일로
32704,2019-05-07 09,주간,화,1,4,1,2,0,서울,마포구,차대차,정면충돌,정면충돌,중앙선 침범,단일로,기타단일로
32705,2019-05-06 02,야간,월,1,1,0,0,0,서울,강서구,차대사람,횡단중,횡단중,안전운전 의무 불이행,단일로,기타단일로
32706,2019-05-07 12,주간,화,1,1,0,0,0,서울,마포구,차대사람,횡단중,횡단중,신호위반,단일로,기타단일로
32707,2019-12-14 04,야간,토,6,31,13,12,0,경북,군위군,차대차,기타,기타,안전운전 의무 불이행,단일로,기타단일로
32708,2019-06-19 04,야간,수,1,1,0,0,0,인천,계양구,차대사람,횡단중,횡단중,안전운전 의무 불이행,단일로,기타단일로
32709,2019-12-14 04,야간,토,1,17,11,5,0,경북,군위군,차대차,추돌,추돌,안전운전 의무 불이행,단일로,교량위
32710,2019-12-16 07,주간,월,1,1,0,0,0,전북,남원시,차대사람,횡단중,횡단중,안전운전 의무 불이행,단일로,기타단일로
32711,2019-10-22 06,주간,화,1,1,0,0,0,충북,음성군,차대사람,횡단중,횡단중,안전운전 의무 불이행,단일로,지하차도(도로)내
32712,2019-04-07 14,주간,일,1,1,0,0,0,경기,광주시,차량단독,도로이탈,도로이탈 기타,안전운전 의무 불이행,단일로,기타단일로
32713,2019-11-14 12,주간,목,1,1,0,0,0,충남,공주시,차대차,측면충돌,측면충돌,안전운전 의무 불이행,단일로,기타단일로
32714,2019-11-16 04,야간,토,1,1,0,0,0,전북,김제시,차대사람,차도통행중,차도통행중,과속,단일로,기타단일로
32715,2019-04-30 20,야간,화,1,1,0,0,0,대전,서구,차대사람,횡단중,횡단중,안전운전 의무 불이행,교차로,교차로내
32716,2019-06-29 18,야간,토,1,4,2,1,0,경남,거제시,차대차,정면충돌,정면충돌,중앙선 침범,단일로,기타단일로
32717,2019-08-04 15,주간,일,1,2,0,1,0,충북,제천시,차대사람,차도통행중,차도통행중,안전운전 의무 불이행,단일로,지하차도(도로)내
32718,2019-04-19 16,주간,금,1,5,3,0,1,경북,경주시,차량단독,공작물충돌,공작물충돌,안전운전 의무 불이행,단일로,기타단일로
32719,2019-05-07 09,주간,화,1,1,0,0,0,서울,강서구,차대사람,횡단중,횡단중,안전운전 의무 불이행,단일로,기타단일로
32720,2019-07-01 08,주간,월,1,1,0,0,0,경남,거제시,차대차,측면충돌,측면충돌,안전운전 의무 불이행,단일로,기타단일로
32721,2019-05-07 17,주간,화,1,1,0,0,0,서울,강서구,차대사람,차도통행중,차도통행중,기타,단일로,기타단일로
32722,2019-09-08 04,야간,일,1,2,1,0,0,경남,양산시,차대사람,기타,기타,안전운전 의무 불이행,단일로,기타단일로
32723,2019-06-07 08,주간,금,1,1,0,0,0,경기,하남시,차대사람,횡단중,횡단중,보행자 보호의무 위반,교차로,교차로횡단보도내
32724,2019-07-10 10,주간,수,1,1,0,0,0,경남,창원시(통합),차대사람,차도통행중,차도통행중,안전운전 의무 불이행,교차로,교차로내
32725,2019-12-04 05,야간,수,1,1,0,0,0,전북,정읍시,차대사람,횡단중,횡단중,과속,단일로,기타단일로
32726,2019-04-05 12,주간,금,1,1,0,0,0,경기,파주시,차대사람,횡단중,횡단중,보행자 보호의무 위반,단일로,기타단일로
32727,2019-12-04 17,주간,수,1,1,0,0,0,전북,정읍시,차대사람,횡단중,횡단중,안전운전 의무 불이행,단일로,기타단일로
32728,2019-05-15 06,주간,수,1,1,0,0,0,경북,포항시,차대차,측면충돌,측면충돌,신호위반,교차로,교차로횡단보도내
32729,2019-05-30 21,야간,목,2,4,1,1,0,경기,이천시,차대사람,횡단중,횡단중,과속,교차로,교차로부근
32730,2019-03-16 16,주간,토,1,1,0,0,0,경기,시흥시,차량단독,전도,전도,안전운전 의무 불이행,기타,기타
32731,2019-08-28 23,야간,수,1,1,0,0,0,경북,칠곡군,차대사람,횡단중,횡단중,안전운전 의무 불이행,교차로,교차로부근
32732,2019-06-01 09,주간,토,1,4,3,0,0,충북,충주시,차대차,측면충돌,측면충돌,과속,단일로,기타단일로
32733,2019-12-23 20,야간,월,1,2,0,1,0,대구,북구,차대차,추돌,추돌,안전운전 의무 불이행,단일로,교량위
32734,2019-06-10 07,주간,월,1,1,0,0,0,대구,달성군,차대차,기타,기타,안전운전 의무 불이행,단일로,기타단일로
32735,2019-06-07 04,야간,금,1,1,0,0,0,경기,양주시,차대사람,차도통행중,차도통행중,안전운전 의무 불이행,단일로,기타단일로
32736,2019-05-01 16,주간,수,1,1,0,0,0,경북,포항시,차량단독,전도,전도,안전운전 의무 불이행,단일로,기타단일로
32737,2019-11-27 06,주간,수,1,1,0,0,0,충남,홍성군,차대사람,차도통행중,차도통행중,안전운전 의무 불이행,기타,기타
32738,2019-08-22 18,야간,목,1,1,0,0,0,강원,속초시,차대사람,차도통행중,차도통행중,안전운전 의무 불이행,기타,기타
32739,2019-03-28 04,야간,목,1,1,0,0,0,경기,의정부시,차대사람,기타,기타,신호위반,교차로,교차로횡단보도내
32740,2019-07-08 17,주간,월,1,2,1,0,0,충남,당진시,차대차,정면충돌,정면충돌,중앙선 침범,단일로,기타단일로
32741,2019-05-15 19,야간,수,2,7,3,2,0,인천,연수구,차대차,정면충돌,정면충돌,신호위반,교차로,교차로내
32742,2019-11-08 12,주간,금,1,1,0,0,0,전남,나주시,차량단독,전도,전도,안전운전 의무 불이행,단일로,기타단일로
32743,2019-12-11 17,주간,수,1,1,0,0,0,전북,정읍시,차대차,추돌,추돌,안전운전 의무 불이행,단일로,기타단일로
32744,2019-06-04 10,주간,화,1,2,1,0,0,충북,충주시,차대차,정면충돌,정면충돌,기타,교차로,교차로내
32745,2019-05-16 02,야간,목,1,2,1,0,0,경기,화성시,차량단독,공작물충돌,공작물충돌,안전운전 의무 불이행,단일로,기타단일로
32746,2019-05-13 13,주간,월,1,1,0,0,0,울산,북구,차대차,측면충돌,측면충돌,과속,단일로,기타단일로