교통사고이력ID(사고기록 순서),발생년월일시,주야코드,요일코드,사망자수,부상자수,중상자수,경상자수,부상신고자수,발생지시도코드,발생지시도코드,사고유형대분류코드,사고유형중분류코드,사고유형코드,법규위반코드,도로형태대분류코드,도로로형태코드
32747,2019-12-03 22,야간,화,1,1,0,0,0,충북,진천군,차대사람,기타,기타,안전운전 의무 불이행,단일로,교량위
32748,2019-10-19 19,야간,토,1,1,0,0,0,부산,기장군,차대차,측면충돌,측면충돌,안전운전 의무 불이행,단일로,기타단일로
32749,2019-12-03 17,주간,화,1,1,0,0,0,전북,김제시,차대사람,횡단중,횡단중,신호위반,교차로,교차로내
32750,2019-04-09 20,야간,화,1,1,0,0,0,인천,남구,차대사람,횡단중,횡단중,보행자 보호의무 위반,교차로,교차로부근
32751,2019-04-09 05,야간,화,1,1,0,0,0,충남,아산시,차대사람,횡단중,횡단중,안전운전 의무 불이행,교차로,교차로내
32752,2019-09-18 14,주간,수,1,2,0,1,0,전남,광양시,차대차,측면충돌,측면충돌,안전운전 의무 불이행,단일로,기타단일로
32753,2019-06-05 19,야간,수,1,1,0,0,0,충북,충주시,차대차,측면충돌,측면충돌,중앙선 침범,교차로,교차로내
32754,2019-05-27 04,야간,월,1,1,0,0,0,경기,광명시,차대차,기타,기타,안전운전 의무 불이행,교차로,교차로내
32755,2019-05-07 20,야간,화,2,2,0,0,0,대전,서구,차대사람,횡단중,횡단중,보행자 보호의무 위반,교차로,교차로횡단보도내
32756,2019-09-17 16,주간,화,1,1,0,0,0,충남,보령시,차대사람,기타,기타,안전운전 의무 불이행,주차장,주차장
32757,2019-05-15 07,주간,수,1,1,0,0,0,제주,서귀포시,차대차,추돌,추돌,안전운전 의무 불이행,단일로,기타단일로
32758,2019-12-08 00,야간,일,1,1,0,0,0,충남,홍성군,차량단독,공작물충돌,공작물충돌,안전운전 의무 불이행,단일로,기타단일로
32759,2019-06-25 00,야간,화,1,1,0,0,0,서울,강북구,차대차,정면충돌,정면충돌,중앙선 침범,단일로,기타단일로
32760,2019-05-14 16,주간,화,1,1,0,0,0,서울,강서구,차대차,측면충돌,측면충돌,신호위반,단일로,기타단일로
32761,2019-12-08 13,주간,일,1,1,0,0,0,충남,홍성군,차량단독,전복,전복,안전운전 의무 불이행,교차로,교차로부근
32762,2019-04-30 02,야간,화,1,1,0,0,0,충북,청주시,차대사람,횡단중,횡단중,과속,단일로,기타단일로
32763,2019-08-09 02,야간,금,1,1,0,0,0,인천,부평구,차대사람,보도통행중,보도통행중,안전운전 의무 불이행,교차로,교차로부근
32764,2019-04-20 09,주간,토,1,1,0,0,0,전북,전주시,차대사람,차도통행중,차도통행중,중앙선 침범,단일로,기타단일로
32765,2019-05-15 16,주간,수,1,1,0,0,0,제주,서귀포시,차대사람,기타,기타,안전운전 의무 불이행,교차로,교차로내
32766,2019-03-29 19,야간,금,1,2,0,1,0,광주,북구,차대사람,기타,기타,안전운전 의무 불이행,단일로,기타단일로
32767,2019-06-15 13,주간,토,1,1,0,0,0,경북,안동시,차량단독,도로이탈,도로이탈 추락,안전운전 의무 불이행,단일로,기타단일로
32768,2019-06-10 22,야간,월,1,1,0,0,0,경기,고양시,차대차,측면충돌,측면충돌,신호위반,교차로,교차로내
32769,2019-05-13 20,야간,월,1,3,0,2,0,경기,수원시,차대차,측면충돌,측면충돌,과속,교차로,교차로내
32770,2019-05-18 01,야간,토,1,2,0,1,0,경기,이천시,차대차,추돌,추돌,안전운전 의무 불이행,단일로,기타단일로
32771,2019-06-06 00,야간,목,1,1,0,0,0,서울,강동구,차대사람,기타,기타,안전운전 의무 불이행,단일로,기타단일로
32772,2019-10-27 16,주간,일,1,2,1,0,0,부산,기장군,차량단독,도로이탈,도로이탈 추락,안전운전 의무 불이행,단일로,기타단일로
32773,2019-12-25 20,야간,수,1,1,0,0,0,전북,정읍시,차대사람,기타,기타,안전운전 의무 불이행,교차로,교차로내
32774,2019-08-19 22,야간,월,1,1,0,0,0,서울,도봉구,차대사람,기타,기타,안전운전 의무 불이행,단일로,기타단일로
32775,2019-06-13 00,야간,목,1,1,0,0,0,경기,고양시,차대사람,횡단중,횡단중,과속,단일로,기타단일로
32776,2019-12-12 18,야간,목,1,1,0,0,0,충남,홍성군,차대사람,길가장자리구역통행중,길가장자리구역통행중,안전운전 의무 불이행,단일로,기타단일로
32777,2019-09-22 08,주간,일,1,3,1,1,0,경남,김해시,차대차,측면충돌,측면충돌,과속,단일로,기타단일로
32778,2019-06-17 20,야간,월,1,1,0,0,0,경기,하남시,차대차,측면충돌,측면충돌,안전운전 의무 불이행,단일로,기타단일로
32779,2019-11-05 14,주간,화,1,1,0,0,0,경북,상주시,차량단독,전도,전도,안전운전 의무 불이행,단일로,기타단일로
32780,2019-11-21 19,야간,목,1,1,0,0,0,충북,음성군,차대사람,횡단중,횡단중,과속,교차로,교차로내
32781,2019-07-27 02,야간,토,1,1,0,0,0,인천,남동구,차량단독,전도,전도,안전운전 의무 불이행,단일로,기타단일로
32782,2019-10-17 07,주간,목,1,1,0,0,0,경기,의왕시,차대차,기타,기타,안전운전 의무 불이행,교차로,교차로횡단보도내
32783,2019-07-14 05,야간,일,1,3,2,0,0,경남,거제시,차대차,기타,기타,신호위반,교차로,교차로내
32784,2019-04-21 03,야간,일,1,6,1,4,0,서울,영등포구,차량단독,공작물충돌,공작물충돌,안전운전 의무 불이행,단일로,기타단일로
32785,2019-08-03 05,야간,토,1,1,0,0,0,경기,부천시,차량단독,기타,기타,안전운전 의무 불이행,단일로,기타단일로
32786,2019-04-29 11,주간,월,1,1,0,0,0,경북,경주시,차량단독,공작물충돌,공작물충돌,안전운전 의무 불이행,단일로,기타단일로
32787,2019-07-24 13,주간,수,1,3,1,1,0,경기,포천시,차대차,정면충돌,정면충돌,중앙선 침범,단일로,기타단일로
32788,2019-12-18 18,야간,수,1,1,0,0,0,충남,홍성군,차대사람,횡단중,횡단중,과속,단일로,기타단일로
32789,2019-03-28 00,야간,목,1,1,0,0,0,경기,용인시,차대사람,보도통행중,보도통행중,안전운전 의무 불이행,단일로,기타단일로
32790,2019-08-24 05,야간,토,2,3,0,0,1,인천,남구,차대차,추돌,추돌,안전운전 의무 불이행,단일로,기타단일로
32791,2019-04-14 13,주간,일,1,1,0,0,0,경기,파주시,차대차,정면충돌,정면충돌,안전운전 의무 불이행,교차로,교차로부근
32792,2019-04-16 12,주간,화,1,1,0,0,0,경기,광주시,차대사람,횡단중,횡단중,보행자 보호의무 위반,단일로,기타단일로
32793,2019-04-22 12,주간,월,1,1,0,0,0,전북,전주시,차대사람,횡단중,횡단중,과속,단일로,기타단일로
32794,2019-07-15 21,야간,월,1,1,0,0,0,충남,서산시,차대차,추돌,추돌,과속,단일로,기타단일로
32795,2019-04-30 17,주간,화,1,1,0,0,0,전북,군산시,차대차,기타,기타,신호위반,교차로,교차로내
32796,2019-06-03 08,주간,월,1,1,0,0,0,서울,구로구,차대차,측면충돌,측면충돌,신호위반,교차로,교차로내
32797,2019-04-07 05,야간,일,1,1,0,0,0,충북,청주시,차대사람,횡단중,횡단중,안전운전 의무 불이행,단일로,지하차도(도로)내
32798,2019-10-08 18,야간,화,1,1,0,0,0,충남,논산시,차대사람,횡단중,횡단중,안전운전 의무 불이행,단일로,기타단일로
32799,2019-03-29 23,야간,금,1,1,0,0,0,경기,부천시,차대사람,횡단중,횡단중,안전운전 의무 불이행,단일로,기타단일로
32800,2019-10-22 19,야간,화,1,1,0,0,0,경기,양평군,차대차,정면충돌,정면충돌,교차로 통행방법 위반,교차로,교차로내
32801,2019-07-09 05,야간,화,1,2,0,1,0,인천,동구,차대차,정면충돌,정면충돌,신호위반,교차로,교차로내
32802,2019-09-01 19,야간,일,1,1,0,0,0,울산,동구,차대사람,횡단중,횡단중,안전운전 의무 불이행,교차로,교차로횡단보도내
32803,2019-05-23 13,주간,목,1,2,1,0,0,경남,김해시,차대사람,횡단중,횡단중,보행자 보호의무 위반,교차로,교차로내
32804,2019-06-19 09,주간,수,1,1,0,0,0,세종,세종,차대차,기타,기타,안전운전 의무 불이행,교차로,교차로내
32805,2019-06-20 03,야간,목,1,1,0,0,0,부산,연제구,차대사람,횡단중,횡단중,안전운전 의무 불이행,단일로,기타단일로
32806,2019-04-15 01,야간,월,2,2,0,0,0,대구,동구,차량단독,공작물충돌,공작물충돌,안전운전 의무 불이행,교차로,교차로내
32807,2019-08-05 20,야간,월,1,2,0,0,1,부산,북구,차대차,측면충돌,측면충돌,안전운전 의무 불이행,교차로,교차로내
32808,2019-10-09 18,야간,수,1,2,1,0,0,충남,논산시,차대차,추돌,추돌,과속,단일로,기타단일로
32809,2019-12-24 18,야간,화,1,1,0,0,0,충남,공주시,차대사람,횡단중,횡단중,신호위반,교차로,교차로횡단보도내
32810,2019-05-01 23,야간,수,1,1,0,0,0,전북,군산시,차대차,추돌,추돌,안전운전 의무 불이행,단일로,기타단일로
32811,2019-04-26 12,주간,금,1,4,0,3,0,전남,순천시,차대차,추돌,추돌,안전거리 미확보,단일로,기타단일로
32812,2019-12-04 07,주간,수,1,25,2,22,0,충북,음성군,차대차,정면충돌,정면충돌,중앙선 침범,단일로,기타단일로
32813,2019-05-05 01,야간,일,1,1,0,0,0,경기,화성시,차대사람,횡단중,횡단중,과속,교차로,교차로내
32814,2019-03-29 16,주간,금,1,6,1,2,2,경북,구미시,차대차,기타,기타,중앙선 침범,단일로,기타단일로
32815,2019-04-09 01,야간,화,1,1,0,0,0,제주,제주시,차대사람,기타,기타,안전운전 의무 불이행,단일로,기타단일로
32816,2019-05-02 16,주간,목,1,1,0,0,0,전북,군산시,차대차,측면충돌,측면충돌,신호위반,교차로,교차로횡단보도내
32817,2019-06-23 07,주간,일,1,1,0,0,0,부산,동래구,차대사람,기타,기타,안전운전 의무 불이행,교차로,교차로내
32818,2019-07-30 15,주간,화,1,1,0,0,0,경기,포천시,차대차,측면충돌,측면충돌,중앙선 침범,교차로,교차로부근
32819,2019-06-25 08,주간,화,1,1,0,0,0,대구,달성군,차대차,측면충돌,측면충돌,안전운전 의무 불이행,단일로,기타단일로
32820,2019-05-16 16,주간,목,1,2,0,1,0,대전,서구,차대사람,기타,기타,안전운전 의무 불이행,기타,기타
32821,2019-12-04 20,야간,수,1,1,0,0,0,전남,나주시,차대사람,횡단중,횡단중,안전운전 의무 불이행,교차로,교차로내
32822,2019-05-25 00,야간,토,1,1,0,0,0,경기,의왕시,차대사람,차도통행중,차도통행중,안전운전 의무 불이행,단일로,터널안
32823,2019-07-11 10,주간,목,1,1,0,0,0,경북,안동시,차대차,측면충돌,측면충돌,안전운전 의무 불이행,단일로,기타단일로
32824,2019-11-12 15,주간,화,1,1,0,0,0,경북,영주시,차대사람,기타,기타,안전운전 의무 불이행,단일로,기타단일로
32825,2019-12-07 11,주간,토,1,2,0,1,0,전남,나주시,차대사람,보도통행중,보도통행중,안전운전 의무 불이행,교차로,교차로내
32826,2019-04-09 23,야간,화,1,1,0,0,0,제주,제주시,차대사람,횡단중,횡단중,과속,교차로,교차로부근
32827,2019-09-01 19,야간,일,1,1,0,0,0,충북,제천시,차대사람,횡단중,횡단중,과속,단일로,지하차도(도로)내
32828,2019-09-05 16,주간,목,1,3,0,2,0,서울,금천구,차대차,정면충돌,정면충돌,중앙선 침범,교차로,교차로부근
32829,2019-09-02 12,주간,월,1,1,0,0,0,충북,제천시,차량단독,공작물충돌,공작물충돌,안전운전 의무 불이행,교차로,교차로부근
32830,2019-07-13 15,주간,토,1,2,1,0,0,인천,계양구,차대차,측면충돌,측면충돌,신호위반,교차로,교차로내
32831,2019-06-24 06,주간,월,1,1,0,0,0,세종,세종,차대차,측면충돌,측면충돌,안전운전 의무 불이행,교차로,교차로내
32832,2019-10-15 10,주간,화,1,1,0,0,0,충남,논산시,차량단독,전도,전도,안전운전 의무 불이행,단일로,교량위
32833,2019-03-31 05,야간,일,1,1,0,0,0,경기,용인시,차대사람,차도통행중,차도통행중,안전운전 의무 불이행,단일로,고가도로위
32834,2019-05-04 11,주간,토,1,1,0,0,0,경북,경주시,차대사람,횡단중,횡단중,안전운전 의무 불이행,단일로,지하차도(도로)내
32835,2019-10-29 11,주간,화,1,1,0,0,0,경기,안양시,차대차,추돌,추돌,안전운전 의무 불이행,기타,기타
32836,2019-12-11 04,야간,수,1,2,1,0,0,전남,나주시,차대차,추돌,추돌,안전운전 의무 불이행,단일로,기타단일로
32837,2019-08-21 10,주간,수,1,1,0,0,0,부산,강서구,차대차,기타,기타,안전운전 의무 불이행,교차로,교차로내
32838,2019-06-26 18,야간,수,1,1,0,0,0,경기,하남시,차량단독,공작물충돌,공작물충돌,안전운전 의무 불이행,단일로,기타단일로
32839,2019-05-28 02,야간,화,1,3,2,0,0,인천,연수구,차대차,정면충돌,정면충돌,중앙선 침범,단일로,기타단일로
32840,2019-07-03 10,주간,수,1,2,1,0,0,경기,안성시,차대차,추돌,추돌,안전운전 의무 불이행,기타,기타
32841,2019-10-16 12,주간,수,1,1,0,0,0,충남,논산시,차량단독,도로이탈,도로이탈 추락,안전운전 의무 불이행,단일로,기타단일로
32842,2019-10-10 12,주간,목,1,2,0,1,0,전남,광양시,차대차,측면충돌,측면충돌,안전운전 의무 불이행,교차로,교차로횡단보도내
32843,2019-04-16 21,야간,화,1,1,0,0,0,강원,원주시,차대사람,차도통행중,차도통행중,안전운전 의무 불이행,단일로,기타단일로
32844,2019-06-26 23,야간,수,1,2,0,1,0,대구,달성군,차대차,정면충돌,정면충돌,신호위반,교차로,교차로내
32845,2019-06-01 04,야간,토,1,1,0,0,0,대구,북구,차량단독,전도,전도,안전운전 의무 불이행,단일로,기타단일로
32846,2019-12-19 06,주간,목,1,1,0,0,0,강원,동해시,차대사람,횡단중,횡단중,안전운전 의무 불이행,단일로,기타단일로
32847,2019-05-28 04,야간,화,1,2,1,0,0,서울,중랑구,차대차,정면충돌,정면충돌,중앙선 침범,단일로,기타단일로
32848,2019-10-31 21,야간,목,1,1,0,0,0,경기,안양시,차대사람,기타,기타,안전운전 의무 불이행,단일로,기타단일로
32849,2019-11-17 21,야간,일,1,1,0,0,0,경북,영주시,차대사람,횡단중,횡단중,보행자 보호의무 위반,교차로,교차로내
32850,2019-03-31 21,야간,일,1,1,0,0,0,경기,용인시,차대차,측면충돌,측면충돌,안전운전 의무 불이행,단일로,기타단일로
32851,2019-09-01 02,야간,일,1,2,1,0,0,경남,창원시(통합),차량단독,공작물충돌,공작물충돌,과속,단일로,기타단일로
32852,2019-06-21 11,주간,금,1,1,0,0,0,충북,충주시,차대사람,횡단중,횡단중,안전운전 의무 불이행,교차로,교차로부근
32853,2019-10-14 05,야간,월,1,1,0,0,0,전남,광양시,차대사람,차도통행중,차도통행중,안전운전 의무 불이행,단일로,기타단일로
32854,2019-11-25 10,주간,월,2,3,1,0,0,부산,기장군,차대사람,보도통행중,보도통행중,과속,단일로,기타단일로
32855,2019-09-26 05,야간,목,1,3,0,2,0,강원,속초시,차대차,추돌,추돌,안전운전 의무 불이행,단일로,지하차도(도로)내
32856,2019-10-05 18,야간,토,1,1,0,0,0,경북,영천시,차대사람,횡단중,횡단중,안전운전 의무 불이행,교차로,교차로내
32857,2019-06-29 04,야간,토,1,2,0,1,0,경기,하남시,차량단독,공작물충돌,공작물충돌,안전운전 의무 불이행,단일로,기타단일로
32858,2019-06-11 00,야간,화,1,1,0,0,0,부산,해운대구,차량단독,공작물충돌,공작물충돌,안전운전 의무 불이행,단일로,기타단일로
32859,2019-05-11 00,야간,토,1,1,0,0,0,서울,서초구,차대사람,기타,기타,안전운전 의무 불이행,교차로,교차로부근
32860,2019-10-08 13,주간,화,1,1,0,0,0,울산,울주군,차대차,추돌,추돌,안전운전 의무 불이행,단일로,터널안
32861,2019-04-18 10,주간,목,1,1,0,0,0,강원,원주시,차대사람,횡단중,횡단중,안전운전 의무 불이행,교차로,교차로부근
32862,2019-04-02 05,야간,화,1,2,0,1,0,경기,용인시,차대차,추돌,추돌,안전운전 의무 불이행,교차로,교차로내
32863,2019-08-25 21,야간,일,1,1,0,0,0,부산,강서구,차대차,측면충돌,측면충돌,안전운전 의무 불이행,단일로,기타단일로
32864,2019-04-28 18,야간,일,1,1,0,0,0,전북,전주시,차대차,측면충돌,측면충돌,안전운전 의무 불이행,단일로,기타단일로
32865,2019-04-02 11,주간,화,1,1,0,0,0,경북,구미시,차대사람,횡단중,횡단중,신호위반,교차로,교차로내
32866,2019-09-12 21,야간,목,1,1,0,0,0,서울,금천구,차대사람,길가장자리구역통행중,길가장자리구역통행중,안전운전 의무 불이행,단일로,기타단일로
32867,2019-05-31 01,야간,금,1,1,0,0,0,인천,연수구,차대차,기타,기타,안전운전 의무 불이행,단일로,기타단일로
32868,2019-10-10 06,주간,목,1,6,1,4,0,부산,강서구,차대차,추돌,추돌,안전거리 미확보,단일로,교량위
32869,2019-04-17 22,야간,수,1,1,0,0,0,울산,남구,차대사람,횡단중,횡단중,안전운전 의무 불이행,교차로,교차로부근
32870,2019-05-07 10,주간,화,1,1,0,0,0,전북,군산시,차대차,측면충돌,측면충돌,기타,교차로,교차로부근
32871,2019-12-01 19,야간,일,1,4,0,3,0,광주,동구,차대사람,차도통행중,차도통행중,안전운전 의무 불이행,단일로,기타단일로
32872,2019-08-23 12,주간,금,1,1,0,0,0,광주,남구,차대차,측면충돌,측면충돌,안전운전 의무 불이행,교차로,교차로부근
32873,2019-07-29 13,주간,월,1,1,0,0,0,충남,서산시,차대차,추돌,추돌,안전운전 의무 불이행,교차로,교차로부근
32874,2019-11-29 14,주간,금,1,2,0,1,0,경북,상주시,차량단독,공작물충돌,공작물충돌,안전운전 의무 불이행,단일로,기타단일로
32875,2019-05-09 07,주간,목,1,1,0,0,0,부산,남구,차량단독,공작물충돌,공작물충돌,안전운전 의무 불이행,단일로,기타단일로
32876,2019-11-20 17,주간,수,1,1,0,0,0,경남,밀양시,차대사람,횡단중,횡단중,안전운전 의무 불이행,단일로,기타단일로
32877,2019-10-25 12,주간,금,1,1,0,0,0,충남,논산시,차대차,정면충돌,정면충돌,중앙선 침범,교차로,교차로횡단보도내
32878,2019-07-01 12,주간,월,1,1,0,0,0,세종,세종,차대차,추돌,추돌,안전운전 의무 불이행,단일로,기타단일로
32879,2019-08-11 05,야간,일,1,1,0,0,0,경기,포천시,차대사람,횡단중,횡단중,안전운전 의무 불이행,교차로,교차로내
32880,2019-08-04 12,주간,일,1,1,0,0,0,경남,창원시(통합),차대차,추돌,추돌,신호위반,교차로,교차로내
32881,2019-05-11 17,주간,토,1,1,0,0,0,충북,청주시,차량단독,도로이탈,도로이탈 기타,안전운전 의무 불이행,단일로,지하차도(도로)내
32882,2019-07-30 19,야간,화,1,1,0,0,0,서울,서대문구,차대차,측면충돌,측면충돌,안전운전 의무 불이행,교차로,교차로내
32883,2019-12-01 18,야간,일,1,1,0,0,0,부산,기장군,차대사람,횡단중,횡단중,안전운전 의무 불이행,단일로,기타단일로
32884,2019-04-19 18,야간,금,1,1,0,0,0,강원,원주시,차대차,측면충돌,측면충돌,안전운전 의무 불이행,교차로,교차로내
32885,2019-06-14 22,야간,금,1,1,0,0,0,서울,구로구,차대사람,횡단중,횡단중,신호위반,교차로,교차로내
32886,2019-08-01 02,야간,목,2,4,1,0,1,충남,서산시,차대차,추돌,추돌,과속,단일로,기타단일로
32887,2019-06-05 21,야간,수,1,1,0,0,0,서울,양천구,차대사람,차도통행중,차도통행중,보행자 보호의무 위반,교차로,교차로내
32888,2019-09-06 04,야간,금,1,1,0,0,0,대구,중구,차대차,측면충돌,측면충돌,중앙선 침범,단일로,기타단일로
32889,2019-05-10 06,주간,금,1,1,0,0,0,부산,부산진구,차대사람,기타,기타,기타,기타,기타
32890,2019-05-12 19,야간,일,1,1,0,0,0,충북,청주시,차대차,기타,기타,안전운전 의무 불이행,단일로,지하차도(도로)내
32891,2019-08-05 16,주간,월,1,1,0,0,0,경남,창원시(통합),차대사람,기타,기타,안전운전 의무 불이행,기타,기타
32892,2019-06-15 13,주간,토,1,1,0,0,0,경기,광명시,차대사람,기타,기타,안전운전 의무 불이행,교차로,교차로내
32893,2019-07-07 03,야간,일,1,1,0,0,0,부산,사상구,차량단독,기타,기타,안전운전 의무 불이행,단일로,기타단일로
32894,2019-04-04 09,주간,목,1,1,0,0,0,경기,용인시,차대차,기타,기타,안전운전 의무 불이행,단일로,기타단일로
32895,2019-08-28 08,주간,수,1,2,0,0,1,인천,부평구,차대사람,기타,기타,안전운전 의무 불이행,기타,기타
32896,2019-10-31 17,주간,목,1,1,0,0,0,충남,논산시,차량단독,도로이탈,도로이탈 추락,안전운전 의무 불이행,단일로,기타단일로
32897,2019-09-23 21,야간,월,1,4,0,3,0,울산,북구,차대차,정면충돌,정면충돌,중앙선 침범,단일로,기타단일로
32898,2019-05-17 23,야간,금,1,2,1,0,0,전남,여수시,차대차,측면충돌,측면충돌,중앙선 침범,교차로,교차로부근
32899,2019-11-14 00,야간,목,1,1,0,0,0,경기,양평군,차대차,추돌,추돌,안전운전 의무 불이행,단일로,고가도로위
32900,2019-05-20 14,주간,월,1,1,0,0,0,전북,익산시,차대차,추돌,추돌,안전운전 의무 불이행,단일로,기타단일로
32901,2019-08-20 20,야간,화,1,1,0,0,0,경남,창원시(통합),차대사람,횡단중,횡단중,안전운전 의무 불이행,교차로,교차로부근
32902,2019-07-05 18,야간,금,1,1,0,0,0,경기,양주시,차량단독,공작물충돌,공작물충돌,안전운전 의무 불이행,교차로,교차로부근
32903,2019-04-18 07,주간,목,1,2,1,0,0,제주,제주시,차대차,측면충돌,측면충돌,신호위반,교차로,교차로내
32904,2019-08-15 12,주간,목,1,4,3,0,0,경기,포천시,차대차,측면충돌,측면충돌,안전운전 의무 불이행,교차로,교차로내
32905,2019-10-26 19,야간,토,1,1,0,0,0,전남,광양시,차량단독,전도,전도,안전운전 의무 불이행,단일로,기타단일로
32906,2019-07-29 03,야간,월,1,1,0,0,0,서울,용산구,차량단독,공작물충돌,공작물충돌,안전운전 의무 불이행,단일로,기타단일로
32907,2019-05-10 12,주간,금,1,1,0,0,0,대전,대덕구,차량단독,기타,기타,안전운전 의무 불이행,단일로,기타단일로
32908,2019-05-18 18,야간,토,1,1,0,0,0,전남,여수시,차량단독,전복,전복,안전운전 의무 불이행,단일로,기타단일로
32909,2019-10-22 08,주간,화,1,1,0,0,0,충남,보령시,차대사람,횡단중,횡단중,보행자 보호의무 위반,교차로,교차로횡단보도내
32910,2019-10-07 12,주간,월,1,1,0,0,0,강원,양양군,차량단독,도로이탈,도로이탈 기타,안전운전 의무 불이행,단일로,기타단일로
32911,2019-07-30 20,야간,화,1,1,0,0,0,부산,금정구,차대사람,기타,기타,안전운전 의무 불이행,교차로,교차로부근
32912,2019-12-12 12,주간,목,1,2,0,1,0,경북,상주시,차대차,측면충돌,측면충돌,안전운전 의무 불이행,교차로,교차로내
32913,2019-05-28 07,주간,화,1,1,0,0,0,경남,진주시,차대사람,차도통행중,차도통행중,안전운전 의무 불이행,단일로,기타단일로
32914,2019-04-08 11,주간,월,1,1,0,0,0,경기,부천시,차대차,측면충돌,측면충돌,교차로 통행방법 위반,교차로,교차로내
32915,2019-10-15 06,주간,화,1,1,0,0,0,경북,칠곡군,차대차,추돌,추돌,안전운전 의무 불이행,단일로,기타단일로
32916,2019-11-03 19,야간,일,1,1,0,0,0,경남,통영시,차대사람,횡단중,횡단중,안전운전 의무 불이행,단일로,기타단일로
32917,2019-08-30 10,주간,금,1,1,0,0,0,경기,부천시,차대사람,횡단중,횡단중,안전운전 의무 불이행,교차로,교차로부근
32918,2019-05-22 09,주간,수,1,1,0,0,0,전북,익산시,차대차,측면충돌,측면충돌,기타,단일로,기타단일로
32919,2019-11-06 18,야간,수,1,1,0,0,0,충남,논산시,차대사람,횡단중,횡단중,안전운전 의무 불이행,단일로,기타단일로
32920,2019-10-17 20,야간,목,1,1,0,0,0,경북,영천시,차대사람,차도통행중,차도통행중,안전운전 의무 불이행,단일로,기타단일로
32921,2019-06-07 04,야간,금,1,1,0,0,0,경북,포항시,차량단독,공작물충돌,공작물충돌,안전운전 의무 불이행,단일로,기타단일로
32922,2019-07-30 07,주간,화,1,1,0,0,0,서울,용산구,차대차,측면충돌,측면충돌,안전거리 미확보,단일로,기타단일로
32923,2019-05-20 11,주간,월,1,1,0,0,0,전남,여수시,차대차,측면충돌,측면충돌,안전운전 의무 불이행,단일로,기타단일로
32924,2019-04-12 18,야간,금,1,1,0,0,0,충남,천안시,차대차,측면충돌,측면충돌,안전운전 의무 불이행,단일로,기타단일로
32925,2019-06-07 14,주간,금,1,1,0,0,0,경남,김해시,차대차,추돌,추돌,안전운전 의무 불이행,교차로,교차로부근
32926,2019-05-11 20,야간,토,1,2,0,1,0,경북,경주시,차대차,추돌,추돌,안전운전 의무 불이행,단일로,지하차도(도로)내
32927,2019-07-27 08,주간,토,1,1,0,0,0,경북,안동시,차대차,정면충돌,정면충돌,중앙선 침범,단일로,기타단일로
32928,2019-04-05 03,야간,금,1,4,2,1,0,경기,남양주시,차대차,추돌,추돌,안전운전 의무 불이행,교차로,교차로내
32929,2019-09-15 12,주간,일,1,1,0,0,0,대구,중구,차대사람,횡단중,횡단중,신호위반,교차로,교차로내
32930,2019-12-06 19,야간,금,1,1,0,0,0,경남,밀양시,차대차,기타,기타,신호위반,교차로,교차로내
32931,2019-05-17 00,야간,금,1,1,0,0,0,경기,화성시,차대차,기타,기타,안전운전 의무 불이행,단일로,기타단일로
32932,2019-06-07 12,주간,금,1,10,3,5,1,경기,평택시,차대차,측면충돌,측면충돌,안전운전 의무 불이행,단일로,기타단일로
32933,2019-05-01 19,야간,수,1,1,0,0,0,충북,청주시,차대사람,차도통행중,차도통행중,안전운전 의무 불이행,단일로,기타단일로
32934,2019-04-04 19,야간,목,1,1,0,0,0,경기,시흥시,차대사람,횡단중,횡단중,안전운전 의무 불이행,단일로,기타단일로
32935,2019-12-08 18,야간,일,1,1,0,0,0,경남,밀양시,차대사람,길가장자리구역통행중,길가장자리구역통행중,안전운전 의무 불이행,단일로,기타단일로
32936,2019-08-09 07,주간,금,1,1,0,0,0,충남,서산시,차대차,측면충돌,측면충돌,신호위반,교차로,교차로내
32937,2019-07-14 01,야간,일,1,4,0,3,0,대구,달성군,차대차,기타,기타,중앙선 침범,단일로,기타단일로
32938,2019-09-03 17,주간,화,1,1,0,0,0,부산,북구,차대사람,횡단중,횡단중,안전운전 의무 불이행,기타,기타
32939,2019-11-23 09,주간,토,1,1,0,0,0,경기,양평군,차대차,측면충돌,측면충돌,안전운전 의무 불이행,단일로,기타단일로
32940,2019-09-30 22,야간,월,1,1,0,0,0,서울,금천구,차대사람,횡단중,횡단중,신호위반,단일로,기타단일로
32941,2019-08-09 13,주간,금,1,1,0,0,0,서울,서대문구,차대사람,기타,기타,안전운전 의무 불이행,기타,기타
32942,2019-07-10 09,주간,수,1,1,0,0,0,경기,성남시,차대사람,기타,기타,안전운전 의무 불이행,교차로,교차로내
32943,2019-06-27 15,주간,목,1,1,0,0,0,부산,사하구,차대사람,횡단중,횡단중,보행자 보호의무 위반,교차로,교차로횡단보도내
32944,2019-09-28 01,야간,토,1,2,0,1,0,인천,남구,차대차,추돌,추돌,안전운전 의무 불이행,단일로,기타단일로
32945,2019-10-01 10,주간,화,1,1,0,0,0,서울,금천구,차대사람,횡단중,횡단중,보행자 보호의무 위반,교차로,교차로내
32946,2019-05-24 17,주간,금,1,1,0,0,0,경북,포항시,차대사람,횡단중,횡단중,안전운전 의무 불이행,단일로,기타단일로
32947,2019-04-24 14,주간,수,1,1,0,0,0,대구,동구,차대차,기타,기타,안전운전 의무 불이행,단일로,터널안