교통사고이력ID(사고기록 순서),발생년월일시,주야코드,요일코드,사망자수,부상자수,중상자수,경상자수,부상신고자수,발생지시도코드,발생지시도코드,사고유형대분류코드,사고유형중분류코드,사고유형코드,법규위반코드,도로형태대분류코드,도로로형태코드
33350,2019-06-18 21,야간,화,1,2,0,1,0,대구,동구,차량단독,공작물충돌,공작물충돌,안전운전 의무 불이행,단일로,기타단일로
33351,2019-10-10 20,야간,목,1,1,0,0,0,경기,성남시,차량단독,공작물충돌,공작물충돌,안전운전 의무 불이행,교차로,교차로부근
33352,2019-05-25 23,야간,토,1,1,0,0,0,경기,부천시,차대사람,횡단중,횡단중,과속,단일로,기타단일로
33353,2019-09-26 19,야간,목,2,2,0,0,0,경기,이천시,차대차,기타,기타,안전운전 의무 불이행,단일로,기타단일로
33354,2019-06-18 00,야간,화,2,33,17,14,0,충남,아산시,차대차,측면충돌,측면충돌,신호위반,교차로,교차로내
33355,2019-06-17 22,야간,월,1,1,0,0,0,인천,서구,차대사람,기타,기타,안전운전 의무 불이행,교차로,교차로부근
33356,2019-10-09 00,야간,수,1,1,0,0,0,경기,성남시,차대사람,기타,기타,안전운전 의무 불이행,단일로,기타단일로
33357,2019-06-21 20,야간,금,1,1,0,0,0,광주,서구,차대사람,횡단중,횡단중,안전운전 의무 불이행,단일로,기타단일로
33358,2019-12-04 16,주간,수,1,3,2,0,0,충남,당진시,차대차,기타,기타,중앙선 침범,단일로,기타단일로
33359,2019-11-01 10,주간,금,1,1,0,0,0,경기,안성시,차대사람,기타,기타,안전운전 의무 불이행,단일로,기타단일로
33360,2019-09-05 00,야간,목,1,1,0,0,0,경남,김해시,차대사람,횡단중,횡단중,보행자 보호의무 위반,교차로,교차로내
33361,2019-09-06 02,야간,금,1,1,0,0,0,서울,중랑구,차대사람,횡단중,횡단중,과속,교차로,교차로횡단보도내
33362,2019-08-20 01,야간,화,1,1,0,0,0,경기,수원시,차대사람,횡단중,횡단중,과속,단일로,기타단일로
33363,2019-08-04 16,주간,일,1,1,0,0,0,전북,익산시,차량단독,공작물충돌,공작물충돌,안전운전 의무 불이행,단일로,기타단일로
33364,2019-08-17 13,주간,토,1,2,0,1,0,충남,천안시,차대사람,기타,기타,안전운전 의무 불이행,단일로,기타단일로
33365,2019-09-08 03,야간,일,1,1,0,0,0,강원,춘천시,차량단독,공작물충돌,공작물충돌,안전운전 의무 불이행,단일로,기타단일로
33366,2019-12-15 05,야간,일,1,1,0,0,0,경기,포천시,차량단독,공작물충돌,공작물충돌,안전운전 의무 불이행,단일로,기타단일로
33367,2019-07-28 02,야간,일,1,1,0,0,0,부산,부산진구,차량단독,기타,기타,안전운전 의무 불이행,단일로,기타단일로
33368,2019-06-05 19,야간,수,1,1,0,0,0,충남,천안시,차대차,기타,기타,안전운전 의무 불이행,단일로,기타단일로
33369,2019-06-20 20,야간,목,1,1,0,0,0,제주,제주시,차대사람,기타,기타,안전운전 의무 불이행,단일로,기타단일로
33370,2019-07-24 13,주간,수,1,1,0,0,0,경기,화성시,차대사람,횡단중,횡단중,보행자 보호의무 위반,단일로,기타단일로
33371,2019-11-16 18,야간,토,1,1,0,0,0,서울,강북구,차대차,기타,기타,신호위반,단일로,기타단일로
33372,2019-08-10 04,야간,토,1,1,0,0,0,서울,동대문구,차대사람,기타,기타,안전운전 의무 불이행,단일로,기타단일로
33373,2019-06-24 02,야간,월,1,1,0,0,0,경북,경산시,차량단독,공작물충돌,공작물충돌,안전운전 의무 불이행,단일로,기타단일로
33374,2019-12-21 20,야간,토,1,5,1,2,1,인천,남동구,차대차,정면충돌,정면충돌,중앙선 침범,단일로,고가도로위
33375,2019-07-19 21,야간,금,1,1,0,0,0,경북,경주시,차대차,추돌,추돌,안전운전 의무 불이행,교차로,교차로부근
33376,2019-08-29 07,주간,목,1,1,0,0,0,서울,강서구,차대사람,차도통행중,차도통행중,안전운전 의무 불이행,단일로,기타단일로
33377,2019-09-03 07,주간,화,1,1,0,0,0,경기,평택시,차량단독,기타,기타,안전운전 의무 불이행,단일로,기타단일로
33378,2019-07-30 02,야간,화,1,1,0,0,0,부산,부산진구,차대사람,횡단중,횡단중,과속,단일로,기타단일로
33379,2019-12-08 15,주간,일,1,1,0,0,0,충남,당진시,차량단독,공작물충돌,공작물충돌,안전운전 의무 불이행,단일로,기타단일로
33380,2019-05-24 15,주간,금,1,3,2,0,0,경기,남양주시,차대차,측면충돌,측면충돌,중앙선 침범,단일로,기타단일로
33381,2019-07-25 22,야간,목,1,1,0,0,0,대전,동구,차대사람,기타,기타,안전운전 의무 불이행,교차로,교차로횡단보도내
33382,2019-12-10 02,야간,화,1,1,0,0,0,충남,서산시,차대차,측면충돌,측면충돌,교차로 통행방법 위반,교차로,교차로내
33383,2019-05-24 18,야간,금,1,1,0,0,0,경기,남양주시,차대차,정면충돌,정면충돌,신호위반,교차로,교차로내
33384,2019-08-15 09,주간,목,1,1,0,0,0,경남,창원시(통합),차량단독,전도,전도,안전운전 의무 불이행,단일로,기타단일로
33385,2019-09-10 22,야간,화,1,1,0,0,0,강원,춘천시,차대사람,횡단중,횡단중,안전운전 의무 불이행,단일로,기타단일로
33386,2019-11-04 16,주간,월,1,1,0,0,0,대구,남구,차대사람,차도통행중,차도통행중,기타,교차로,교차로내
33387,2019-09-11 11,주간,수,1,1,0,0,0,강원,춘천시,차대사람,횡단중,횡단중,교차로 통행방법 위반,단일로,기타단일로
33388,2019-06-03 04,야간,월,1,1,0,0,0,광주,북구,차대사람,횡단중,횡단중,신호위반,교차로,교차로횡단보도내
33389,2019-12-11 23,야간,수,1,3,0,2,0,충남,당진시,차량단독,전복,전복,안전운전 의무 불이행,교차로,교차로내
33390,2019-06-27 20,야간,목,1,1,0,0,0,경기,파주시,차대사람,횡단중,횡단중,신호위반,교차로,교차로횡단보도내
33391,2019-08-24 22,야간,토,1,1,0,0,0,경기,수원시,차대사람,횡단중,횡단중,안전운전 의무 불이행,단일로,기타단일로
33392,2019-06-24 02,야간,월,1,1,0,0,0,강원,원주시,차량단독,전복,전복,안전운전 의무 불이행,교차로,교차로내
33393,2019-09-11 23,야간,수,1,1,0,0,0,서울,중랑구,차대사람,횡단중,횡단중,과속,단일로,기타단일로
33394,2019-12-08 03,야간,일,1,1,0,0,0,서울,서대문구,차량단독,전도,전도,안전운전 의무 불이행,단일로,기타단일로
33395,2019-09-08 17,주간,일,1,2,0,1,0,경북,포항시,차대사람,기타,기타,안전운전 의무 불이행,단일로,기타단일로
33396,2019-06-25 06,주간,화,1,1,0,0,0,제주,제주시,차대사람,횡단중,횡단중,안전운전 의무 불이행,교차로,교차로부근
33397,2019-12-18 18,야간,수,1,1,0,0,0,충남,서산시,차대차,추돌,추돌,안전운전 의무 불이행,단일로,기타단일로
33398,2019-11-15 08,주간,금,1,1,0,0,0,경북,안동시,차량단독,기타,기타,안전운전 의무 불이행,기타,기타
33399,2019-10-28 23,야간,월,1,1,0,0,0,세종,세종,차대사람,횡단중,횡단중,신호위반,단일로,기타단일로
33400,2019-09-20 13,주간,금,1,1,0,0,0,서울,관악구,차대차,측면충돌,측면충돌,신호위반,교차로,교차로부근
33401,2019-10-08 06,주간,화,1,1,0,0,0,서울,강동구,차대사람,횡단중,횡단중,보행자 보호의무 위반,단일로,기타단일로
33402,2019-08-07 12,주간,수,1,1,0,0,0,서울,강남구,차대사람,보도통행중,보도통행중,안전운전 의무 불이행,기타,기타
33403,2019-06-30 06,주간,일,1,1,0,0,0,경기,파주시,차량단독,공작물충돌,공작물충돌,안전운전 의무 불이행,교차로,교차로부근
33404,2019-10-14 05,야간,월,1,1,0,0,0,충북,충주시,차대사람,횡단중,횡단중,안전운전 의무 불이행,단일로,기타단일로
33405,2019-07-23 10,주간,화,1,1,0,0,0,경남,김해시,차량단독,공작물충돌,공작물충돌,안전운전 의무 불이행,단일로,기타단일로
33406,2019-10-02 03,야간,수,1,1,0,0,0,서울,서초구,차대차,측면충돌,측면충돌,신호위반,교차로,교차로내
33407,2019-09-03 18,야간,화,1,1,0,0,0,경기,고양시,차대차,측면충돌,측면충돌,신호위반,교차로,교차로내
33408,2019-11-02 19,야간,토,1,1,0,0,0,경기,하남시,차대사람,횡단중,횡단중,안전운전 의무 불이행,단일로,기타단일로
33409,2019-10-09 06,주간,수,1,1,0,0,0,서울,구로구,차대사람,기타,기타,과속,단일로,기타단일로
33410,2019-10-03 00,야간,목,1,1,0,0,0,서울,강남구,차대사람,기타,기타,안전운전 의무 불이행,단일로,기타단일로
33411,2019-05-14 01,야간,화,1,1,0,0,0,서울,송파구,차대차,측면충돌,측면충돌,중앙선 침범,단일로,기타단일로
33412,2019-11-04 17,주간,월,1,1,0,0,0,경기,양주시,차대사람,기타,기타,안전운전 의무 불이행,단일로,기타단일로
33413,2019-12-20 21,야간,금,1,1,0,0,0,충남,당진시,차대차,측면충돌,측면충돌,안전운전 의무 불이행,단일로,기타단일로
33414,2019-12-22 12,주간,일,1,1,0,0,0,부산,금정구,차대사람,횡단중,횡단중,안전운전 의무 불이행,단일로,기타단일로
33415,2019-10-16 21,야간,수,1,1,0,0,0,충북,충주시,차대사람,횡단중,횡단중,과속,교차로,교차로부근
33416,2019-07-05 20,야간,금,1,1,0,0,0,대전,중구,차대사람,횡단중,횡단중,안전운전 의무 불이행,교차로,교차로내
33417,2019-08-28 00,야간,수,1,1,0,0,0,충남,천안시,차대사람,기타,기타,안전운전 의무 불이행,단일로,기타단일로
33418,2019-09-03 06,주간,화,1,1,0,0,0,경남,진주시,차대사람,횡단중,횡단중,안전운전 의무 불이행,단일로,기타단일로
33419,2019-05-14 13,주간,화,1,3,0,2,0,서울,송파구,차대차,정면충돌,정면충돌,신호위반,교차로,교차로내
33420,2019-09-07 19,야간,토,1,1,0,0,0,서울,강서구,차대사람,횡단중,횡단중,안전운전 의무 불이행,교차로,교차로내
33421,2019-09-15 22,야간,일,1,1,0,0,0,경북,포항시,차대사람,차도통행중,차도통행중,안전운전 의무 불이행,단일로,기타단일로
33422,2019-11-03 07,주간,일,2,2,0,0,0,세종,세종,차량단독,공작물충돌,공작물충돌,안전운전 의무 불이행,단일로,기타단일로
33423,2019-07-06 16,주간,토,1,1,0,0,0,경기,김포시,차량단독,공작물충돌,공작물충돌,안전운전 의무 불이행,단일로,기타단일로
33424,2019-09-21 16,주간,토,1,1,0,0,0,강원,춘천시,차대차,측면충돌,측면충돌,안전운전 의무 불이행,단일로,기타단일로
33425,2019-12-30 06,주간,월,1,1,0,0,0,충남,서산시,차대차,추돌,추돌,안전운전 의무 불이행,단일로,기타단일로
33426,2019-07-29 08,주간,월,1,2,0,1,0,경북,경주시,차대사람,차도통행중,차도통행중,안전운전 의무 불이행,단일로,기타단일로
33427,2019-08-15 11,주간,목,1,1,0,0,0,전북,익산시,차량단독,공작물충돌,공작물충돌,안전운전 의무 불이행,단일로,기타단일로
33428,2019-11-05 15,주간,화,1,1,0,0,0,부산,사상구,차대사람,기타,기타,안전운전 의무 불이행,교차로,교차로부근
33429,2019-06-29 21,야간,토,1,1,0,0,0,충남,아산시,차대사람,횡단중,횡단중,안전운전 의무 불이행,교차로,교차로횡단보도내
33430,2019-12-24 14,주간,화,1,1,0,0,0,충남,당진시,차량단독,공작물충돌,공작물충돌,안전운전 의무 불이행,단일로,기타단일로
33431,2019-11-04 15,주간,월,1,2,0,1,0,대구,달성군,차대차,추돌,추돌,안전운전 의무 불이행,교차로,교차로부근
33432,2019-12-12 04,야간,목,1,1,0,0,0,서울,용산구,차량단독,공작물충돌,공작물충돌,안전운전 의무 불이행,단일로,기타단일로
33433,2019-07-30 11,주간,화,1,1,0,0,0,경북,경주시,차대사람,횡단중,횡단중,안전운전 의무 불이행,단일로,기타단일로
33434,2019-09-12 23,야간,목,1,1,0,0,0,인천,연수구,차대차,측면충돌,측면충돌,교차로 통행방법 위반,교차로,교차로내
33435,2019-09-05 22,야간,목,1,1,0,0,0,경남,진주시,차대차,측면충돌,측면충돌,중앙선 침범,단일로,기타단일로
33436,2019-11-06 17,주간,수,1,1,0,0,0,부산,사상구,차대사람,횡단중,횡단중,안전운전 의무 불이행,단일로,기타단일로
33437,2019-11-09 16,주간,토,1,1,0,0,0,경기,양주시,차대차,정면충돌,정면충돌,신호위반,교차로,교차로내
33438,2019-07-20 05,야간,토,1,8,5,2,0,서울,영등포구,차량단독,기타,기타,안전운전 의무 불이행,단일로,기타단일로
33439,2019-12-19 20,야간,목,1,1,0,0,0,경남,거제시,차대사람,차도통행중,차도통행중,안전운전 의무 불이행,단일로,기타단일로
33440,2019-11-06 11,주간,수,1,2,1,0,0,세종,세종,차대차,기타,기타,안전운전 의무 불이행,교차로,교차로내
33441,2019-11-20 00,야간,수,1,1,0,0,0,대구,남구,차량단독,공작물충돌,공작물충돌,안전운전 의무 불이행,교차로,교차로내
33442,2019-07-24 05,야간,수,1,1,0,0,0,대구,달서구,차대사람,횡단중,횡단중,과속,단일로,기타단일로
33443,2019-12-21 00,야간,토,1,5,2,2,0,경남,거제시,차대차,기타,기타,중앙선 침범,단일로,기타단일로
33444,2019-11-07 16,주간,목,1,1,0,0,0,부산,사상구,차대차,측면충돌,측면충돌,신호위반,단일로,기타단일로
33445,2019-12-21 06,주간,토,1,1,0,0,0,경남,거제시,차대사람,기타,기타,과속,단일로,기타단일로
33446,2019-06-24 08,주간,월,1,1,0,0,0,광주,광산구,차대사람,횡단중,횡단중,안전운전 의무 불이행,교차로,교차로부근
33447,2019-07-27 11,주간,토,1,3,1,1,0,전북,전주시,차대차,측면충돌,측면충돌,신호위반,단일로,기타단일로
33448,2019-08-10 00,야간,토,1,1,0,0,0,전남,여수시,차대사람,횡단중,횡단중,안전운전 의무 불이행,교차로,교차로내
33449,2019-06-19 22,야간,수,1,1,0,0,0,대구,달서구,차대차,측면충돌,측면충돌,안전운전 의무 불이행,단일로,기타단일로
33450,2019-05-16 11,주간,목,1,3,0,2,0,서울,송파구,차대차,추돌,추돌,안전운전 의무 불이행,교차로,교차로부근
33451,2019-11-14 23,야간,목,1,1,0,0,0,경기,고양시,차대사람,횡단중,횡단중,과속,교차로,교차로횡단보도내
33452,2019-11-13 18,야간,수,1,1,0,0,0,경기,양주시,차량단독,공작물충돌,공작물충돌,안전운전 의무 불이행,단일로,기타단일로
33453,2019-10-23 18,야간,수,1,3,0,1,1,경기,용인시,차대차,측면충돌,측면충돌,안전운전 의무 불이행,교차로,교차로내
33454,2019-10-24 08,주간,목,1,6,0,5,0,경기,용인시,차대차,추돌,추돌,안전운전 의무 불이행,단일로,기타단일로
33455,2019-08-10 04,야간,토,1,1,0,0,0,부산,수영구,차대사람,기타,기타,안전운전 의무 불이행,단일로,기타단일로
33456,2019-07-26 23,야간,금,1,1,0,0,0,대구,달서구,차대사람,횡단중,횡단중,안전운전 의무 불이행,단일로,기타단일로
33457,2019-08-03 08,주간,토,1,1,0,0,0,경북,경주시,차량단독,공작물충돌,공작물충돌,안전운전 의무 불이행,단일로,지하차도(도로)내
33458,2019-06-29 02,야간,토,1,1,0,0,0,경기,의정부시,차대사람,횡단중,횡단중,과속,단일로,기타단일로
33459,2019-07-02 19,야간,화,1,1,0,0,0,경기,안산시,차대사람,횡단중,횡단중,보행자 보호의무 위반,교차로,교차로횡단보도내
33460,2019-09-27 14,주간,금,1,1,0,0,0,서울,중랑구,차대차,측면충돌,측면충돌,안전운전 의무 불이행,단일로,기타단일로
33461,2019-10-25 07,주간,금,1,2,1,0,0,부산,사하구,차대사람,횡단중,횡단중,신호위반,교차로,교차로횡단보도내
33462,2019-09-17 08,주간,화,1,1,0,0,0,제주,서귀포시,차량단독,공작물충돌,공작물충돌,안전운전 의무 불이행,단일로,기타단일로
33463,2019-10-25 19,야간,금,1,1,0,0,0,부산,사하구,차대사람,기타,기타,안전운전 의무 불이행,단일로,지하차도(도로)내
33464,2019-08-27 01,야간,화,1,1,0,0,0,서울,동대문구,차대차,정면충돌,정면충돌,신호위반,교차로,교차로내
33465,2019-06-06 19,야간,목,1,1,0,0,0,경기,용인시,차량단독,공작물충돌,공작물충돌,안전운전 의무 불이행,교차로,교차로부근
33466,2019-11-14 21,야간,목,1,1,0,0,0,대구,달성군,차대사람,기타,기타,안전운전 의무 불이행,단일로,기타단일로
33467,2019-07-12 22,야간,금,1,1,0,0,0,경기,김포시,차대사람,기타,기타,안전운전 의무 불이행,단일로,기타단일로
33468,2019-07-17 00,야간,수,1,1,0,0,0,경기,광주시,차대차,추돌,추돌,과속,단일로,기타단일로
33469,2019-08-02 22,야간,금,1,1,0,0,0,전북,전주시,차대사람,횡단중,횡단중,보행자 보호의무 위반,교차로,교차로횡단보도내
33470,2019-09-25 14,주간,수,1,19,7,7,4,경기,의왕시,차량단독,공작물충돌,공작물충돌,안전운전 의무 불이행,단일로,기타단일로
33471,2019-08-05 23,야간,월,3,4,1,0,0,전남,순천시,차대차,측면충돌,측면충돌,안전운전 의무 불이행,단일로,기타단일로
33472,2019-10-29 22,야간,화,1,1,0,0,0,충북,충주시,차대사람,기타,기타,안전운전 의무 불이행,단일로,기타단일로
33473,2019-11-18 08,주간,월,1,1,0,0,0,대구,달성군,차대사람,횡단중,횡단중,과속,교차로,교차로내
33474,2019-10-03 15,주간,목,1,1,0,0,0,경남,김해시,차대차,측면충돌,측면충돌,신호위반,교차로,교차로내
33475,2019-07-11 04,야간,목,1,1,0,0,0,대구,동구,차대사람,횡단중,횡단중,안전운전 의무 불이행,기타,기타
33476,2019-09-25 02,야간,수,1,1,0,0,0,서울,양천구,차대사람,횡단중,횡단중,안전운전 의무 불이행,교차로,교차로부근
33477,2019-09-28 13,주간,토,1,1,0,0,0,강원,강릉시,차량단독,공작물충돌,공작물충돌,안전운전 의무 불이행,교차로,교차로부근
33478,2019-12-10 00,야간,화,1,1,0,0,0,경북,안동시,차량단독,공작물충돌,공작물충돌,안전운전 의무 불이행,단일로,기타단일로
33479,2019-12-10 12,주간,화,1,2,1,0,0,경북,안동시,차대차,정면충돌,정면충돌,중앙선 침범,단일로,기타단일로
33480,2019-10-21 17,주간,월,1,1,0,0,0,서울,강남구,차량단독,공작물충돌,공작물충돌,안전운전 의무 불이행,단일로,기타단일로
33481,2019-09-10 16,주간,화,1,1,0,0,0,인천,남동구,차대사람,횡단중,횡단중,안전운전 의무 불이행,단일로,기타단일로
33482,2019-11-01 20,야간,금,1,1,0,0,0,충북,충주시,차대사람,차도통행중,차도통행중,안전운전 의무 불이행,교차로,교차로내
33483,2019-10-04 18,야간,금,1,1,0,0,0,경남,김해시,차대사람,기타,기타,안전운전 의무 불이행,단일로,기타단일로
33484,2019-07-16 02,야간,화,1,2,1,0,0,대전,중구,차대차,기타,기타,신호위반,교차로,교차로부근
33485,2019-12-10 20,야간,화,1,1,0,0,0,경북,안동시,차대차,추돌,추돌,안전운전 의무 불이행,단일로,기타단일로
33486,2019-09-03 08,주간,화,1,2,0,1,0,서울,노원구,차대사람,횡단중,횡단중,안전운전 의무 불이행,단일로,기타단일로
33487,2019-06-08 14,주간,토,1,4,0,3,0,경기,남양주시,차대차,측면충돌,측면충돌,과속,교차로,교차로내
33488,2019-08-17 09,주간,토,1,1,0,0,0,전남,여수시,차대차,측면충돌,측면충돌,기타,단일로,기타단일로
33489,2019-06-01 22,야간,토,1,1,0,0,0,대구,수성구,차대사람,기타,기타,안전운전 의무 불이행,단일로,기타단일로
33490,2019-12-14 09,주간,토,1,1,0,0,0,경북,안동시,차량단독,공작물충돌,공작물충돌,안전운전 의무 불이행,단일로,기타단일로
33491,2019-07-17 21,야간,수,1,1,0,0,0,경기,김포시,차대사람,횡단중,횡단중,안전운전 의무 불이행,교차로,교차로부근
33492,2019-07-18 11,주간,목,1,3,0,0,2,경기,김포시,차대차,추돌,추돌,중앙선 침범,단일로,기타단일로
33493,2019-08-08 18,야간,목,1,1,0,0,0,전북,전주시,차대차,측면충돌,측면충돌,안전운전 의무 불이행,교차로,교차로내
33494,2019-09-18 13,주간,수,1,1,0,0,0,경남,진주시,차대차,기타,기타,중앙선 침범,단일로,기타단일로
33495,2019-11-22 11,주간,금,1,1,0,0,0,경기,성남시,차대차,측면충돌,측면충돌,안전운전 의무 불이행,교차로,교차로내
33496,2019-07-06 12,주간,토,1,3,0,1,1,경기,의정부시,차대차,정면충돌,정면충돌,중앙선 침범,단일로,기타단일로
33497,2019-09-25 15,주간,수,1,2,0,1,0,제주,서귀포시,차대차,측면충돌,측면충돌,신호위반,교차로,교차로내
33498,2019-11-26 22,야간,화,1,1,0,0,0,부산,사상구,차량단독,기타,기타,안전운전 의무 불이행,교차로,교차로내
33499,2019-11-02 08,주간,토,1,1,0,0,0,인천,부평구,차대차,기타,기타,안전운전 의무 불이행,기타,기타
33500,2019-09-02 17,주간,월,1,1,0,0,0,서울,동대문구,차량단독,기타,기타,안전운전 의무 불이행,교차로,교차로내
33501,2019-11-29 10,주간,금,1,3,1,1,0,경기,양주시,차대차,정면충돌,정면충돌,중앙선 침범,교차로,교차로내
33502,2019-08-29 15,주간,목,1,1,0,0,0,전북,익산시,차대사람,횡단중,횡단중,보행자 보호의무 위반,교차로,교차로횡단보도내
33503,2019-07-08 17,주간,월,1,1,0,0,0,인천,서구,차대사람,기타,기타,안전운전 의무 불이행,기타,기타
33504,2019-11-27 18,야간,수,1,1,0,0,0,부산,사상구,차대사람,횡단중,횡단중,안전운전 의무 불이행,교차로,교차로내
33505,2019-08-16 07,주간,금,1,1,0,0,0,전북,군산시,차대차,추돌,추돌,과속,단일로,지하차도(도로)내
33506,2019-10-04 00,야간,금,1,1,0,0,0,울산,중구,차량단독,공작물충돌,공작물충돌,안전운전 의무 불이행,교차로,교차로내
33507,2019-09-11 21,야간,수,1,1,0,0,0,경남,창원시(통합),차량단독,주정차차량 충돌,주정차차량 충돌,안전운전 의무 불이행,단일로,기타단일로
33508,2019-04-29 11,주간,월,1,1,0,0,0,경기,평택시,차대차,기타,기타,안전거리 미확보,단일로,기타단일로
33509,2019-07-22 15,주간,월,1,1,0,0,0,경기,김포시,차대차,추돌,추돌,안전운전 의무 불이행,단일로,기타단일로
33510,2019-06-15 16,주간,토,1,2,0,1,0,경기,수원시,차대차,추돌,추돌,안전거리 미확보,단일로,기타단일로
33511,2019-07-20 21,야간,토,1,1,0,0,0,대전,중구,차대사람,기타,기타,보행자 보호의무 위반,단일로,기타단일로
33512,2019-07-16 11,주간,화,1,1,0,0,0,경북,경산시,차대차,정면충돌,정면충돌,안전운전 의무 불이행,단일로,지하차도(도로)내
33513,2019-11-08 21,야간,금,1,1,0,0,0,경기,이천시,차량단독,전도,전도,안전운전 의무 불이행,교차로,교차로내
33514,2019-09-30 05,야간,월,1,1,0,0,0,경기,고양시,차대차,정면충돌,정면충돌,안전운전 의무 불이행,교차로,교차로부근
33515,2019-10-01 08,주간,화,1,3,0,2,0,서울,강서구,차대차,측면충돌,측면충돌,안전거리 미확보,단일로,기타단일로
33516,2019-10-06 18,야간,일,1,1,0,0,0,경북,포항시,차대차,기타,기타,교차로 통행방법 위반,교차로,교차로내
33517,2019-08-08 22,야간,목,1,1,0,0,0,전북,전주시,차대차,측면충돌,측면충돌,신호위반,교차로,교차로내
33518,2019-08-23 02,야간,금,1,1,0,0,0,경기,성남시,차량단독,공작물충돌,공작물충돌,안전운전 의무 불이행,교차로,교차로내
33519,2019-04-30 17,주간,화,1,3,0,2,0,경기,평택시,차대차,측면충돌,측면충돌,신호위반,교차로,교차로내
33520,2019-08-25 05,야간,일,1,1,0,0,0,충북,청주시,차대사람,횡단중,횡단중,안전운전 의무 불이행,교차로,교차로부근
33521,2019-10-28 23,야간,월,1,2,0,0,1,경기,안양시,차대차,추돌,추돌,안전운전 의무 불이행,교차로,교차로부근
33522,2019-08-09 05,야간,금,2,3,1,0,0,전북,전주시,차대차,측면충돌,측면충돌,안전운전 의무 불이행,교차로,교차로부근
33523,2019-08-24 01,야간,토,1,1,0,0,0,대전,대덕구,차대차,기타,기타,신호위반,교차로,교차로내
33524,2019-11-08 05,야간,금,1,1,0,0,0,서울,구로구,차대사람,횡단중,횡단중,보행자 보호의무 위반,단일로,기타단일로
33525,2019-08-09 18,야간,금,1,1,0,0,0,전북,전주시,차대차,측면충돌,측면충돌,교차로 통행방법 위반,교차로,교차로내
33526,2019-10-09 03,야간,수,1,2,0,1,0,경기,평택시,차대차,추돌,추돌,안전운전 의무 불이행,단일로,기타단일로
33527,2019-07-23 01,야간,화,1,1,0,0,0,울산,남구,차량단독,공작물충돌,공작물충돌,안전운전 의무 불이행,단일로,교량위
33528,2019-09-26 05,야간,목,1,1,0,0,0,경남,진주시,차대사람,보도통행중,보도통행중,보행자 보호의무 위반,교차로,교차로횡단보도내
33529,2019-09-26 11,주간,목,1,1,0,0,0,경남,진주시,차대차,측면충돌,측면충돌,기타,교차로,교차로내
33530,2019-08-24 11,주간,토,1,1,0,0,0,대전,대덕구,차대차,기타,기타,안전운전 의무 불이행,교차로,교차로부근
33531,2019-08-23 00,야간,금,1,1,0,0,0,전남,여수시,차량단독,기타,기타,안전운전 의무 불이행,기타,기타
33532,2019-08-16 21,야간,금,1,1,0,0,0,전남,순천시,차대사람,횡단중,횡단중,안전운전 의무 불이행,단일로,기타단일로
33533,2019-07-03 22,야간,수,1,1,0,0,0,대구,달서구,차대사람,기타,기타,안전운전 의무 불이행,단일로,기타단일로
33534,2019-11-22 17,주간,금,1,1,0,0,0,경기,성남시,차대차,측면충돌,측면충돌,안전운전 의무 불이행,단일로,기타단일로
33535,2019-09-29 22,야간,일,1,1,0,0,0,서울,마포구,차량단독,기타,기타,안전운전 의무 불이행,단일로,기타단일로
33536,2019-09-26 16,주간,목,1,1,0,0,0,경남,진주시,차대차,측면충돌,측면충돌,안전운전 의무 불이행,단일로,기타단일로
33537,2019-11-01 22,야간,금,1,2,1,0,0,서울,강남구,차대차,추돌,추돌,안전운전 의무 불이행,단일로,기타단일로
33538,2019-10-10 05,야간,목,2,2,0,0,0,경북,포항시,차대사람,차도통행중,차도통행중,안전운전 의무 불이행,단일로,기타단일로
33539,2019-08-26 07,주간,월,1,1,0,0,0,경기,화성시,차량단독,공작물충돌,공작물충돌,안전운전 의무 불이행,단일로,기타단일로
33540,2019-06-28 20,야간,금,1,1,0,0,0,충남,천안시,차대사람,횡단중,횡단중,안전운전 의무 불이행,단일로,기타단일로
33541,2019-10-11 08,주간,금,1,2,0,1,0,경기,안산시,차대차,추돌,추돌,안전운전 의무 불이행,단일로,기타단일로
33542,2019-09-20 13,주간,금,1,1,0,0,0,충남,천안시,차량단독,공작물충돌,공작물충돌,안전운전 의무 불이행,단일로,기타단일로
33543,2019-10-12 23,야간,토,1,5,0,4,0,경기,평택시,차대차,추돌,추돌,안전운전 의무 불이행,단일로,기타단일로
33544,2019-10-04 18,야간,금,1,1,0,0,0,경기,고양시,차대사람,횡단중,횡단중,안전운전 의무 불이행,교차로,교차로내
33545,2019-11-15 20,야간,금,1,2,0,1,0,경기,이천시,차대차,기타,기타,중앙선 침범,단일로,기타단일로
33546,2019-12-04 20,야간,수,1,1,0,0,0,경기,성남시,차량단독,기타,기타,기타,단일로,기타단일로
33547,2019-07-20 23,야간,토,1,1,0,0,0,광주,서구,차대사람,기타,기타,안전운전 의무 불이행,단일로,기타단일로
33548,2019-11-16 14,주간,토,1,2,1,0,0,충북,충주시,차대차,기타,기타,안전운전 의무 불이행,교차로,교차로내
33549,2019-11-17 01,야간,일,1,1,0,0,0,경기,이천시,차량단독,공작물충돌,공작물충돌,안전운전 의무 불이행,교차로,교차로부근