교통사고이력ID(사고기록 순서),발생년월일시,주야코드,요일코드,사망자수,부상자수,중상자수,경상자수,부상신고자수,발생지시도코드,발생지시도코드,사고유형대분류코드,사고유형중분류코드,사고유형코드,법규위반코드,도로형태대분류코드,도로로형태코드
33751,2019-10-10 02,야간,목,1,2,0,1,0,전남,여수시,차대차,추돌,추돌,안전운전 의무 불이행,단일로,기타단일로
33752,2019-07-29 23,야간,월,1,3,0,2,0,경기,부천시,차대차,정면충돌,정면충돌,신호위반,교차로,교차로내
33753,2019-10-09 20,야간,수,1,1,0,0,0,전북,군산시,차대차,추돌,추돌,안전운전 의무 불이행,단일로,기타단일로
33754,2019-11-21 18,야간,목,1,1,0,0,0,경남,진주시,차대차,정면충돌,정면충돌,중앙선 침범,단일로,기타단일로
33755,2019-12-13 22,야간,금,1,1,0,0,0,울산,북구,차대사람,차도통행중,차도통행중,과속,단일로,기타단일로
33756,2019-11-13 18,야간,수,1,1,0,0,0,충남,천안시,차대차,추돌,추돌,안전운전 의무 불이행,단일로,기타단일로
33757,2019-10-07 19,야간,월,1,1,0,0,0,전남,순천시,차대사람,기타,기타,안전운전 의무 불이행,단일로,기타단일로
33758,2019-11-28 06,주간,목,1,2,0,1,0,경기,고양시,차대사람,횡단중,횡단중,보행자 보호의무 위반,단일로,기타단일로
33759,2019-09-05 09,주간,목,1,2,0,1,0,인천,남구,차대차,정면충돌,정면충돌,중앙선 침범,교차로,교차로부근
33760,2019-10-17 20,야간,목,1,1,0,0,0,대전,동구,차대사람,횡단중,횡단중,신호위반,교차로,교차로횡단보도내
33761,2019-12-30 00,야간,월,1,1,0,0,0,서울,관악구,차대사람,차도통행중,차도통행중,안전운전 의무 불이행,단일로,기타단일로
33762,2019-10-22 06,주간,화,1,1,0,0,0,부산,남구,차대차,측면충돌,측면충돌,안전운전 의무 불이행,단일로,기타단일로
33763,2019-11-18 06,주간,월,1,1,0,0,0,충남,천안시,차량단독,도로이탈,도로이탈 추락,안전운전 의무 불이행,단일로,기타단일로
33764,2019-09-06 08,주간,금,1,1,0,0,0,경북,경산시,차대사람,횡단중,횡단중,안전운전 의무 불이행,단일로,기타단일로
33765,2019-12-16 12,주간,월,1,1,0,0,0,서울,강서구,차대차,기타,기타,신호위반,교차로,교차로부근
33766,2019-09-06 09,주간,금,1,1,0,0,0,경북,경산시,차량단독,전도,전도,안전운전 의무 불이행,단일로,기타단일로
33767,2019-11-07 19,야간,목,1,1,0,0,0,경북,포항시,차대사람,차도통행중,차도통행중,안전운전 의무 불이행,교차로,교차로내
33768,2019-08-02 21,야간,금,1,1,0,0,0,광주,북구,차대사람,횡단중,횡단중,안전운전 의무 불이행,단일로,기타단일로
33769,2019-11-11 16,주간,월,1,2,1,0,0,대전,서구,차대차,정면충돌,정면충돌,중앙선 침범,기타,기타
33770,2019-10-23 05,야간,수,1,1,0,0,0,경기,성남시,차대사람,횡단중,횡단중,과속,단일로,기타단일로
33771,2019-10-21 05,야간,월,1,1,0,0,0,경남,양산시,차대사람,기타,기타,안전운전 의무 불이행,교차로,교차로부근
33772,2019-10-26 05,야간,토,1,1,0,0,0,부산,부산진구,차대사람,횡단중,횡단중,과속,단일로,기타단일로
33773,2019-07-23 08,주간,화,1,1,0,0,0,경기,시흥시,차대사람,기타,기타,안전운전 의무 불이행,교차로,교차로내
33774,2019-10-15 19,야간,화,1,1,0,0,0,전남,여수시,차대차,추돌,추돌,안전거리 미확보,단일로,기타단일로
33775,2019-09-06 19,야간,금,1,1,0,0,0,충남,아산시,차대차,기타,기타,안전운전 의무 불이행,단일로,기타단일로
33776,2019-12-13 17,주간,금,1,2,0,1,0,경북,포항시,차대차,정면충돌,정면충돌,신호위반,교차로,교차로내
33777,2019-12-12 07,주간,목,1,1,0,0,0,서울,양천구,차대사람,기타,기타,과속,단일로,터널안
33778,2019-12-27 20,야간,금,1,2,1,0,0,강원,춘천시,차대차,측면충돌,측면충돌,신호위반,교차로,교차로내
33779,2019-07-22 07,주간,월,1,1,0,0,0,경기,용인시,차량단독,공작물충돌,공작물충돌,안전운전 의무 불이행,단일로,기타단일로
33780,2019-10-01 05,야간,화,1,1,0,0,0,서울,영등포구,차대차,추돌,추돌,안전운전 의무 불이행,기타,기타
33781,2019-10-12 08,주간,토,1,1,0,0,0,전남,순천시,차대사람,기타,기타,안전운전 의무 불이행,교차로,교차로부근
33782,2019-10-16 10,주간,수,1,1,0,0,0,전남,여수시,차량단독,공작물충돌,공작물충돌,안전운전 의무 불이행,단일로,기타단일로
33783,2019-11-28 18,야간,목,1,1,0,0,0,경남,진주시,차대사람,횡단중,횡단중,보행자 보호의무 위반,교차로,교차로횡단보도내
33784,2019-12-23 09,주간,월,1,1,0,0,0,울산,북구,차대차,기타,기타,안전운전 의무 불이행,교차로,교차로내
33785,2019-11-19 12,주간,화,1,8,4,3,0,경남,창원시(통합),차대차,추돌,추돌,안전운전 의무 불이행,단일로,기타단일로
33786,2019-12-30 22,야간,월,1,1,0,0,0,강원,춘천시,차량단독,도로이탈,도로이탈 추락,안전운전 의무 불이행,단일로,기타단일로
33787,2019-11-07 06,주간,목,1,1,0,0,0,대구,북구,차대사람,차도통행중,차도통행중,안전운전 의무 불이행,단일로,기타단일로
33788,2019-11-06 12,주간,수,1,1,0,0,0,전북,익산시,차대차,정면충돌,정면충돌,신호위반,교차로,교차로내
33789,2019-09-09 19,야간,월,1,1,0,0,0,충남,아산시,차량단독,공작물충돌,공작물충돌,안전운전 의무 불이행,단일로,기타단일로
33790,2019-12-12 03,야간,목,1,3,1,1,0,대구,서구,차대차,측면충돌,측면충돌,과속,교차로,교차로부근
33791,2019-10-27 03,야간,일,1,1,0,0,0,경기,성남시,차대사람,횡단중,횡단중,안전운전 의무 불이행,교차로,교차로내
33792,2019-09-16 21,야간,월,1,1,0,0,0,경기,고양시,차대차,측면충돌,측면충돌,신호위반,교차로,교차로내
33793,2019-09-09 23,야간,월,1,1,0,0,0,대구,동구,차량단독,도로이탈,도로이탈 추락,안전운전 의무 불이행,단일로,기타단일로
33794,2019-09-19 20,야간,목,1,1,0,0,0,경기,김포시,차대사람,횡단중,횡단중,안전운전 의무 불이행,단일로,기타단일로
33795,2019-12-16 07,주간,월,1,2,1,0,0,경기,오산시,차대차,기타,기타,안전운전 의무 불이행,단일로,기타단일로
33796,2019-12-16 23,야간,월,1,1,0,0,0,경기,수원시,차대차,추돌,추돌,안전운전 의무 불이행,단일로,기타단일로
33797,2019-12-17 03,야간,화,1,1,0,0,0,경기,남양주시,차량단독,공작물충돌,공작물충돌,안전운전 의무 불이행,단일로,터널안
33798,2019-10-02 22,야간,수,1,1,0,0,0,충북,청주시,차대사람,차도통행중,차도통행중,안전운전 의무 불이행,단일로,기타단일로
33799,2019-09-11 17,주간,수,1,2,0,1,0,충남,아산시,차대사람,횡단중,횡단중,보행자 보호의무 위반,교차로,교차로내
33800,2019-12-05 12,주간,목,1,2,1,0,0,경기,수원시,차대차,측면충돌,측면충돌,안전운전 의무 불이행,단일로,기타단일로
33801,2019-12-29 06,주간,일,1,1,0,0,0,울산,중구,차대사람,횡단중,횡단중,안전운전 의무 불이행,교차로,교차로내
33802,2019-10-02 05,야간,수,1,1,0,0,0,전북,전주시,차량단독,공작물충돌,공작물충돌,안전운전 의무 불이행,단일로,기타단일로
33803,2019-10-28 18,야간,월,1,1,0,0,0,경남,양산시,차대사람,기타,기타,안전운전 의무 불이행,단일로,기타단일로
33804,2019-12-21 05,야간,토,1,1,0,0,0,경기,성남시,차대차,추돌,추돌,안전운전 의무 불이행,단일로,기타단일로
33805,2019-09-07 15,주간,토,1,5,2,2,0,강원,원주시,차대차,측면충돌,측면충돌,중앙선 침범,단일로,기타단일로
33806,2019-10-24 18,야간,목,1,1,0,0,0,전북,군산시,차대차,추돌,추돌,안전운전 의무 불이행,단일로,기타단일로
33807,2019-10-25 15,주간,금,1,9,1,7,0,경기,화성시,차대차,측면충돌,측면충돌,안전운전 의무 불이행,교차로,교차로내
33808,2019-09-23 10,주간,월,1,3,0,2,0,경기,광주시,차대차,추돌,추돌,안전운전 의무 불이행,단일로,기타단일로
33809,2019-10-25 14,주간,금,1,1,0,0,0,경기,화성시,차대차,기타,기타,안전운전 의무 불이행,단일로,기타단일로
33810,2019-09-11 20,야간,수,1,1,0,0,0,경기,파주시,차대사람,횡단중,횡단중,중앙선 침범,단일로,기타단일로
33811,2019-09-05 05,야간,목,1,2,0,0,1,제주,제주시,차대사람,기타,기타,안전운전 의무 불이행,단일로,기타단일로
33812,2019-09-05 13,주간,목,1,1,0,0,0,제주,제주시,차대사람,횡단중,횡단중,안전운전 의무 불이행,단일로,기타단일로
33813,2019-10-31 06,주간,목,1,1,0,0,0,경남,양산시,차대차,기타,기타,안전운전 의무 불이행,단일로,기타단일로
33814,2019-10-25 13,주간,금,1,1,0,0,0,전남,여수시,차대사람,횡단중,횡단중,안전운전 의무 불이행,교차로,교차로내
33815,2019-10-31 18,야간,목,1,1,0,0,0,경남,양산시,차대사람,횡단중,횡단중,안전운전 의무 불이행,단일로,기타단일로
33816,2019-11-23 17,주간,토,1,1,0,0,0,대전,서구,차대차,측면충돌,측면충돌,신호위반,단일로,기타단일로
33817,2019-10-26 07,주간,토,1,1,0,0,0,전남,여수시,차대차,측면충돌,측면충돌,기타,단일로,기타단일로
33818,2019-09-14 04,야간,토,1,1,0,0,0,경기,파주시,차대차,측면충돌,측면충돌,안전운전 의무 불이행,단일로,기타단일로
33819,2019-09-19 06,주간,목,1,1,0,0,0,울산,남구,차대차,측면충돌,측면충돌,안전운전 의무 불이행,단일로,기타단일로
33820,2019-09-25 07,주간,수,1,1,0,0,0,경기,광주시,차대사람,횡단중,횡단중,안전운전 의무 불이행,교차로,교차로내
33821,2019-11-24 18,야간,일,1,1,0,0,0,경북,포항시,차대사람,횡단중,횡단중,안전운전 의무 불이행,단일로,기타단일로
33822,2019-10-23 12,주간,수,1,1,0,0,0,경북,경주시,차대차,측면충돌,측면충돌,안전운전 의무 불이행,교차로,교차로내
33823,2019-12-27 18,야간,금,1,1,0,0,0,제주,서귀포시,차대사람,차도통행중,차도통행중,안전운전 의무 불이행,단일로,기타단일로
33824,2019-08-11 20,야간,일,1,1,0,0,0,광주,북구,차대사람,횡단중,횡단중,신호위반,교차로,교차로횡단보도내
33825,2019-09-17 02,야간,화,1,1,0,0,0,경북,경산시,차대차,측면충돌,측면충돌,안전운전 의무 불이행,교차로,교차로횡단보도내
33826,2019-06-04 20,야간,화,1,2,1,0,0,경기,평택시,차대차,추돌,추돌,안전운전 의무 불이행,단일로,기타단일로
33827,2019-11-10 08,주간,일,1,1,0,0,0,부산,부산진구,차대사람,횡단중,횡단중,안전운전 의무 불이행,교차로,교차로횡단보도내
33828,2019-11-26 04,야간,화,1,1,0,0,0,경북,포항시,차대사람,차도통행중,차도통행중,안전운전 의무 불이행,단일로,기타단일로
33829,2019-06-05 07,주간,수,1,1,0,0,0,경기,평택시,차대사람,기타,기타,안전운전 의무 불이행,기타,기타
33830,2019-08-09 17,주간,금,1,1,0,0,0,경북,구미시,차대차,측면충돌,측면충돌,교차로 통행방법 위반,교차로,교차로내
33831,2019-08-31 00,야간,토,1,1,0,0,0,광주,광산구,차대사람,기타,기타,안전운전 의무 불이행,단일로,기타단일로
33832,2019-08-31 05,야간,토,1,1,0,0,0,광주,광산구,차대사람,기타,기타,안전운전 의무 불이행,교차로,교차로부근
33833,2019-09-25 01,야간,수,1,1,0,0,0,경기,고양시,차대차,정면충돌,정면충돌,신호위반,교차로,교차로내
33834,2019-09-19 12,주간,목,1,1,0,0,0,경북,경산시,차대사람,길가장자리구역통행중,길가장자리구역통행중,안전운전 의무 불이행,기타,기타
33835,2019-08-15 05,야간,목,1,1,0,0,0,경기,부천시,차대차,측면충돌,측면충돌,안전운전 의무 불이행,교차로,교차로횡단보도내
33836,2019-12-30 14,주간,월,1,1,0,0,0,대구,서구,차대사람,기타,기타,안전운전 의무 불이행,교차로,교차로내
33837,2019-08-25 21,야간,일,1,1,0,0,0,대전,유성구,차대사람,횡단중,횡단중,안전운전 의무 불이행,단일로,기타단일로
33838,2019-11-02 16,주간,토,1,1,0,0,0,전북,군산시,차대사람,횡단중,횡단중,중앙선 침범,단일로,지하차도(도로)내
33839,2019-08-25 23,야간,일,1,1,0,0,0,대전,유성구,차대차,측면충돌,측면충돌,신호위반,교차로,교차로부근
33840,2019-11-08 15,주간,금,1,1,0,0,0,경남,양산시,차량단독,공작물충돌,공작물충돌,안전운전 의무 불이행,단일로,기타단일로
33841,2019-09-06 22,야간,금,1,2,0,1,0,인천,서구,차대차,정면충돌,정면충돌,신호위반,교차로,교차로내
33842,2019-11-05 19,야간,화,1,1,0,0,0,충북,청주시,차대사람,횡단중,횡단중,안전운전 의무 불이행,교차로,교차로부근
33843,2019-09-10 10,주간,화,1,1,0,0,0,경기,의정부시,차대사람,횡단중,횡단중,안전운전 의무 불이행,단일로,기타단일로
33844,2019-08-25 20,야간,일,1,2,0,1,0,충남,천안시,차대사람,횡단중,횡단중,보행자 보호의무 위반,단일로,기타단일로
33845,2019-10-29 19,야간,화,1,1,0,0,0,경북,경주시,차대차,추돌,추돌,안전운전 의무 불이행,단일로,지하차도(도로)내
33846,2019-10-30 09,주간,수,1,1,0,0,0,경북,경주시,차대사람,길가장자리구역통행중,길가장자리구역통행중,안전운전 의무 불이행,교차로,교차로부근
33847,2019-10-27 10,주간,일,1,1,0,0,0,전북,전주시,차대차,추돌,추돌,안전운전 의무 불이행,단일로,기타단일로
33848,2019-09-21 11,주간,토,1,1,0,0,0,경기,파주시,차량단독,기타,기타,안전운전 의무 불이행,단일로,기타단일로
33849,2019-12-19 22,야간,목,1,1,0,0,0,경남,진주시,차대사람,기타,기타,안전운전 의무 불이행,교차로,교차로횡단보도내
33850,2019-06-09 11,주간,일,1,3,2,0,0,경기,평택시,차대차,정면충돌,정면충돌,중앙선 침범,교차로,교차로내
33851,2019-11-01 05,야간,금,1,1,0,0,0,전남,여수시,차대사람,기타,기타,안전운전 의무 불이행,기타,기타
33852,2019-08-29 09,주간,목,1,1,0,0,0,대전,유성구,차대차,측면충돌,측면충돌,신호위반,교차로,교차로내
33853,2019-12-03 15,주간,화,1,1,0,0,0,서울,동대문구,차대차,측면충돌,측면충돌,중앙선 침범,단일로,기타단일로
33854,2019-09-19 03,야간,목,1,1,0,0,0,강원,원주시,차량단독,공작물충돌,공작물충돌,안전운전 의무 불이행,단일로,기타단일로
33855,2019-09-09 06,주간,월,1,1,0,0,0,경기,안산시,차대차,정면충돌,정면충돌,신호위반,교차로,교차로내
33856,2019-09-25 15,주간,수,1,1,0,0,0,대구,동구,차대차,추돌,추돌,기타,교차로,교차로부근
33857,2019-11-09 05,야간,토,1,1,0,0,0,전북,군산시,차대사람,횡단중,횡단중,안전운전 의무 불이행,단일로,고가도로위
33858,2019-09-05 19,야간,목,1,2,0,1,0,대전,서구,차대사람,횡단중,횡단중,안전운전 의무 불이행,단일로,기타단일로
33859,2019-12-15 05,야간,일,1,1,0,0,0,경남,창원시(통합),차대차,기타,기타,안전운전 의무 불이행,교차로,교차로내
33860,2019-10-24 00,야간,목,1,1,0,0,0,서울,영등포구,차대사람,기타,기타,과속,단일로,기타단일로
33861,2019-12-26 09,주간,목,1,1,0,0,0,경남,진주시,차량단독,전도,전도,안전운전 의무 불이행,단일로,기타단일로
33862,2019-09-19 16,주간,목,1,1,0,0,0,제주,제주시,차량단독,도로이탈,도로이탈 추락,안전운전 의무 불이행,단일로,기타단일로
33863,2019-12-07 18,야간,토,1,1,0,0,0,서울,노원구,차대차,추돌,추돌,신호위반,교차로,교차로내
33864,2019-09-21 19,야간,토,1,3,0,2,0,강원,원주시,차대사람,횡단중,횡단중,보행자 보호의무 위반,단일로,기타단일로
33865,2019-12-28 05,야간,토,1,1,0,0,0,경남,진주시,차대사람,횡단중,횡단중,안전운전 의무 불이행,교차로,교차로내
33866,2019-09-22 17,주간,일,1,1,0,0,0,강원,원주시,차량단독,도로이탈,도로이탈 추락,안전운전 의무 불이행,단일로,기타단일로
33867,2019-11-27 05,야간,수,1,1,0,0,0,서울,서초구,차대차,추돌,추돌,안전운전 의무 불이행,단일로,기타단일로
33868,2019-11-14 00,야간,목,1,1,0,0,0,경기,화성시,차대사람,기타,기타,과속,기타,기타
33869,2019-10-11 08,주간,금,1,1,0,0,0,경기,김포시,차대차,기타,기타,기타,교차로,교차로부근
33870,2019-10-11 16,주간,금,1,1,0,0,0,경기,김포시,차대차,측면충돌,측면충돌,안전운전 의무 불이행,단일로,기타단일로
33871,2019-08-20 11,주간,화,1,1,0,0,0,경기,수원시,차대사람,횡단중,횡단중,안전운전 의무 불이행,교차로,교차로횡단보도내
33872,2019-08-21 05,야간,수,1,1,0,0,0,경기,수원시,차대사람,횡단중,횡단중,안전운전 의무 불이행,교차로,교차로횡단보도내
33873,2019-11-29 13,주간,금,1,3,2,0,0,경기,성남시,차대차,기타,기타,중앙선 침범,단일로,기타단일로
33874,2019-11-19 22,야간,화,2,3,1,0,0,대전,대덕구,차대사람,기타,기타,중앙선 침범,기타,기타
33875,2019-11-10 18,야간,일,1,2,0,1,0,전남,순천시,차대사람,차도통행중,차도통행중,안전운전 의무 불이행,단일로,기타단일로
33876,2019-06-12 12,주간,수,1,1,0,0,0,경기,평택시,차량단독,전도,전도,안전운전 의무 불이행,교차로,교차로부근
33877,2019-07-19 16,주간,금,1,1,0,0,0,서울,송파구,차대사람,차도통행중,차도통행중,안전운전 의무 불이행,단일로,기타단일로
33878,2019-11-24 06,주간,일,1,2,1,0,0,대전,동구,차대차,측면충돌,측면충돌,신호위반,교차로,교차로내
33879,2019-11-12 07,주간,화,1,1,0,0,0,경북,경주시,차대차,측면충돌,측면충돌,안전운전 의무 불이행,단일로,기타단일로
33880,2019-10-10 07,주간,목,1,1,0,0,0,경기,고양시,차대사람,보도통행중,보도통행중,안전운전 의무 불이행,단일로,기타단일로
33881,2019-09-30 09,주간,월,1,1,0,0,0,경기,파주시,차량단독,공작물충돌,공작물충돌,안전운전 의무 불이행,교차로,교차로내
33882,2019-09-05 04,야간,목,1,1,0,0,0,대전,유성구,차대사람,기타,기타,안전운전 의무 불이행,단일로,기타단일로
33883,2019-12-03 02,야간,화,1,1,0,0,0,경기,성남시,차량단독,기타,기타,안전운전 의무 불이행,기타,기타
33884,2019-11-24 05,야간,일,1,1,0,0,0,경기,화성시,차대사람,횡단중,횡단중,안전운전 의무 불이행,단일로,기타단일로
33885,2019-12-19 04,야간,목,1,2,0,1,0,대전,서구,차대차,측면충돌,측면충돌,신호위반,교차로,교차로내
33886,2019-12-10 05,야간,화,1,2,1,0,0,대구,북구,차대차,추돌,추돌,안전운전 의무 불이행,단일로,기타단일로
33887,2019-08-18 19,야간,일,1,1,0,0,0,경기,시흥시,차대사람,횡단중,횡단중,안전운전 의무 불이행,단일로,기타단일로
33888,2019-11-14 18,야간,목,1,1,0,0,0,경북,경주시,차대사람,횡단중,횡단중,안전운전 의무 불이행,교차로,교차로횡단보도내
33889,2019-12-10 17,주간,화,1,1,0,0,0,전북,익산시,차대사람,기타,기타,안전운전 의무 불이행,단일로,기타단일로
33890,2019-08-28 06,주간,수,1,1,0,0,0,광주,북구,차대사람,횡단중,횡단중,안전운전 의무 불이행,교차로,교차로횡단보도내
33891,2019-11-28 03,야간,목,1,1,0,0,0,대전,동구,차량단독,기타,기타,안전운전 의무 불이행,단일로,기타단일로
33892,2019-10-08 11,주간,화,1,7,0,1,5,충남,아산시,차대차,측면충돌,측면충돌,과속,교차로,교차로내
33893,2019-12-20 18,야간,금,1,1,0,0,0,경북,포항시,차대차,정면충돌,정면충돌,안전운전 의무 불이행,교차로,교차로부근
33894,2019-06-18 01,야간,화,1,1,0,0,0,경기,평택시,차대사람,기타,기타,안전운전 의무 불이행,단일로,기타단일로
33895,2019-06-18 06,주간,화,1,1,0,0,0,경기,평택시,차대차,추돌,추돌,안전운전 의무 불이행,단일로,기타단일로
33896,2019-12-01 20,야간,일,1,1,0,0,0,대전,동구,차대사람,횡단중,횡단중,안전운전 의무 불이행,단일로,기타단일로
33897,2019-12-16 03,야간,월,1,1,0,0,0,전북,익산시,차대사람,횡단중,횡단중,안전운전 의무 불이행,단일로,기타단일로
33898,2019-08-07 03,야간,수,1,5,1,3,0,대구,수성구,차대차,정면충돌,정면충돌,중앙선 침범,단일로,기타단일로
33899,2019-11-18 05,야간,월,1,1,0,0,0,전남,순천시,차량단독,공작물충돌,공작물충돌,안전운전 의무 불이행,단일로,기타단일로
33900,2019-10-02 13,주간,수,1,1,0,0,0,강원,원주시,차량단독,기타,기타,안전운전 의무 불이행,단일로,기타단일로
33901,2019-06-19 17,주간,수,1,1,0,0,0,경기,평택시,차대사람,기타,기타,안전운전 의무 불이행,교차로,교차로내
33902,2019-09-23 04,야간,월,1,2,1,0,0,경기,안산시,차대차,기타,기타,중앙선 침범,단일로,기타단일로
33903,2019-10-12 09,주간,토,1,1,0,0,0,충남,아산시,차대차,기타,기타,안전운전 의무 불이행,교차로,교차로내
33904,2019-08-23 21,야간,금,1,1,0,0,0,경기,시흥시,차대사람,횡단중,횡단중,안전운전 의무 불이행,교차로,교차로횡단보도내
33905,2019-11-08 09,주간,금,1,1,0,0,0,전남,목포시,차대차,측면충돌,측면충돌,신호위반,교차로,교차로내
33906,2019-12-12 21,야간,목,1,1,0,0,0,서울,서초구,차대사람,기타,기타,안전운전 의무 불이행,단일로,기타단일로
33907,2019-11-03 18,야간,일,1,1,0,0,0,전북,전주시,차대사람,횡단중,횡단중,보행자 보호의무 위반,단일로,기타단일로
33908,2019-11-10 19,야간,일,1,1,0,0,0,제주,제주시,차대사람,횡단중,횡단중,안전운전 의무 불이행,교차로,교차로부근
33909,2019-11-10 19,야간,일,1,1,0,0,0,제주,제주시,차량단독,도로이탈,도로이탈 추락,안전운전 의무 불이행,단일로,기타단일로
33910,2019-09-29 21,야간,일,1,1,0,0,0,경기,의정부시,차대사람,횡단중,횡단중,신호위반,단일로,기타단일로
33911,2019-12-29 23,야간,일,1,1,0,0,0,서울,동대문구,차대사람,횡단중,횡단중,과속,단일로,기타단일로
33912,2019-12-09 23,야간,월,1,1,0,0,0,경남,양산시,차대사람,횡단중,횡단중,과속,교차로,교차로부근
33913,2019-12-05 19,야간,목,1,1,0,0,0,대전,대덕구,차대사람,횡단중,횡단중,신호위반,교차로,교차로횡단보도내
33914,2019-10-02 02,야간,수,1,1,0,0,0,경기,의정부시,차대사람,기타,기타,안전운전 의무 불이행,단일로,기타단일로
33915,2019-12-09 20,야간,월,1,1,0,0,0,대전,동구,차대사람,기타,기타,안전운전 의무 불이행,교차로,교차로횡단보도내
33916,2019-10-16 07,주간,수,1,4,3,0,0,충남,아산시,차대차,기타,기타,신호위반,교차로,교차로부근
33917,2019-06-22 03,야간,토,1,2,1,0,0,경기,평택시,차대차,정면충돌,정면충돌,중앙선 침범,단일로,기타단일로
33918,2019-10-16 14,주간,수,1,1,0,0,0,인천,남구,차대사람,기타,기타,안전운전 의무 불이행,교차로,교차로횡단보도내
33919,2019-12-04 08,주간,수,2,6,1,3,0,경기,화성시,차대차,추돌,추돌,안전운전 의무 불이행,단일로,교량위
33920,2019-11-14 06,주간,목,1,1,0,0,0,충북,청주시,차대사람,기타,기타,안전운전 의무 불이행,단일로,기타단일로
33921,2019-09-04 19,야간,수,1,1,0,0,0,광주,북구,차대사람,기타,기타,안전운전 의무 불이행,단일로,기타단일로
33922,2019-06-22 13,주간,토,1,1,0,0,0,경기,평택시,차량단독,공작물충돌,공작물충돌,안전운전 의무 불이행,기타,기타
33923,2019-09-18 10,주간,수,1,1,0,0,0,대전,유성구,차대차,측면충돌,측면충돌,신호위반,교차로,교차로내
33924,2019-12-16 22,야간,월,1,1,0,0,0,부산,부산진구,차대사람,횡단중,횡단중,안전운전 의무 불이행,교차로,교차로횡단보도내
33925,2019-11-08 15,주간,금,1,1,0,0,0,전북,전주시,차대사람,차도통행중,차도통행중,안전운전 의무 불이행,교차로,교차로내
33926,2019-12-22 09,주간,일,1,1,0,0,0,서울,서초구,차대사람,기타,기타,안전운전 의무 불이행,기타,기타
33927,2019-12-16 21,야간,월,1,1,0,0,0,경남,양산시,차대차,측면충돌,측면충돌,안전운전 의무 불이행,교차로,교차로내
33928,2019-12-10 18,야간,화,1,2,1,0,0,경기,화성시,차대차,기타,기타,중앙선 침범,단일로,기타단일로
33929,2019-10-20 02,야간,일,1,1,0,0,0,인천,남구,차대사람,차도통행중,차도통행중,과속,단일로,기타단일로
33930,2019-12-12 14,주간,목,1,1,0,0,0,충북,청주시,차대사람,횡단중,횡단중,안전운전 의무 불이행,교차로,교차로내
33931,2019-12-12 11,주간,목,1,1,0,0,0,경기,화성시,차대차,측면충돌,측면충돌,신호위반,교차로,교차로내
33932,2019-10-15 18,야간,화,1,1,0,0,0,강원,원주시,차대사람,횡단중,횡단중,안전운전 의무 불이행,교차로,교차로부근
33933,2019-09-30 07,주간,월,1,1,0,0,0,대전,서구,차대사람,횡단중,횡단중,보행자 보호의무 위반,교차로,교차로횡단보도내
33934,2019-11-21 07,주간,목,1,1,0,0,0,서울,영등포구,차대사람,기타,기타,신호위반,단일로,기타단일로
33935,2019-12-04 23,야간,수,1,1,0,0,0,전남,순천시,차대사람,횡단중,횡단중,안전운전 의무 불이행,교차로,교차로부근
33936,2019-09-23 10,주간,월,1,1,0,0,0,충남,천안시,차대사람,차도통행중,차도통행중,기타,단일로,기타단일로
33937,2019-10-17 17,주간,목,1,1,0,0,0,강원,원주시,차대차,정면충돌,정면충돌,중앙선 침범,단일로,기타단일로
33938,2019-09-07 01,야간,토,1,1,0,0,0,경북,구미시,차대사람,기타,기타,중앙선 침범,단일로,기타단일로
33939,2019-12-08 18,야간,일,1,1,0,0,0,경북,경주시,차대차,측면충돌,측면충돌,신호위반,교차로,교차로내
33940,2019-10-24 16,주간,목,1,1,0,0,0,충남,아산시,차대차,기타,기타,안전운전 의무 불이행,기타,기타
33941,2019-09-24 21,야간,화,1,1,0,0,0,대전,유성구,차대사람,횡단중,횡단중,신호위반,교차로,교차로내
33942,2019-10-24 18,야간,목,1,2,0,1,0,충남,아산시,차대차,추돌,추돌,안전운전 의무 불이행,단일로,기타단일로
33943,2019-10-03 06,주간,목,1,1,0,0,0,광주,광산구,차대차,측면충돌,측면충돌,교차로 통행방법 위반,교차로,교차로내
33944,2019-10-18 06,주간,금,1,1,0,0,0,광주,서구,차대차,측면충돌,측면충돌,신호위반,교차로,교차로내
33945,2019-10-28 09,주간,월,1,1,0,0,0,인천,남구,차대차,기타,기타,안전운전 의무 불이행,기타,기타
33946,2019-10-18 08,주간,금,1,10,0,9,0,제주,제주시,차대차,기타,기타,신호위반,교차로,교차로내
33947,2019-10-14 14,주간,월,1,1,0,0,0,경기,의정부시,차대사람,횡단중,횡단중,안전운전 의무 불이행,교차로,교차로내
33948,2019-12-27 06,주간,금,1,1,0,0,0,경남,양산시,차량단독,기타,기타,안전운전 의무 불이행,단일로,기타단일로
33949,2019-12-11 18,야간,수,1,1,0,0,0,전남,순천시,차대사람,기타,기타,안전운전 의무 불이행,단일로,기타단일로
33950,2019-12-14 04,야간,토,1,2,1,0,0,경북,경주시,차대차,정면충돌,정면충돌,중앙선 침범,단일로,지하차도(도로)내
33951,2019-12-12 14,주간,목,1,2,0,1,0,전남,순천시,차대차,추돌,추돌,안전운전 의무 불이행,단일로,기타단일로
33952,2019-10-28 08,주간,월,1,1,0,0,0,경북,경산시,차대차,측면충돌,측면충돌,과속,단일로,지하차도(도로)내
33953,2019-09-18 16,주간,수,1,1,0,0,0,경기,부천시,차대차,측면충돌,측면충돌,안전거리 미확보,단일로,기타단일로