교통사고이력ID(사고기록 순서),발생년월일시,주야코드,요일코드,사망자수,부상자수,중상자수,경상자수,부상신고자수,발생지시도코드,발생지시도코드,사고유형대분류코드,사고유형중분류코드,사고유형코드,법규위반코드,도로형태대분류코드,도로로형태코드
33954,2019-10-07 06,주간,월,1,1,0,0,0,대구,달서구,차대사람,횡단중,횡단중,안전운전 의무 불이행,단일로,기타단일로
33955,2019-12-23 22,야간,월,1,2,0,1,0,경기,화성시,차대차,정면충돌,정면충돌,중앙선 침범,단일로,기타단일로
33956,2019-12-21 00,야간,토,1,2,0,1,0,전북,군산시,차대사람,횡단중,횡단중,보행자 보호의무 위반,교차로,교차로횡단보도내
33957,2019-10-10 16,주간,목,1,1,0,0,0,인천,서구,차대사람,횡단중,횡단중,보행자 보호의무 위반,교차로,교차로횡단보도내
33958,2019-08-23 12,주간,금,1,1,0,0,0,경북,구미시,차량단독,도로이탈,도로이탈 추락,안전운전 의무 불이행,단일로,기타단일로
33959,2019-10-30 22,야간,수,1,1,0,0,0,충남,아산시,차대차,기타,기타,신호위반,교차로,교차로내
33960,2019-12-22 19,야간,일,1,1,0,0,0,전북,군산시,차량단독,공작물충돌,공작물충돌,안전운전 의무 불이행,단일로,기타단일로
33961,2019-09-07 21,야간,토,1,1,0,0,0,경기,남양주시,차대사람,횡단중,횡단중,안전운전 의무 불이행,단일로,기타단일로
33962,2019-11-07 16,주간,목,1,1,0,0,0,울산,남구,차량단독,전도,전도,안전운전 의무 불이행,교차로,교차로부근
33963,2019-12-16 05,야간,월,1,1,0,0,0,전남,여수시,차대사람,기타,기타,안전운전 의무 불이행,교차로,교차로내
33964,2019-09-14 13,주간,토,1,2,0,1,0,경북,구미시,차대차,측면충돌,측면충돌,신호위반,교차로,교차로내
33965,2019-10-01 04,야간,화,1,1,0,0,0,충남,천안시,차대차,추돌,추돌,안전운전 의무 불이행,단일로,기타단일로
33966,2019-07-02 15,주간,화,1,1,0,0,0,경기,평택시,차량단독,전복,전복,안전운전 의무 불이행,기타,기타
33967,2019-10-21 05,야간,월,1,1,0,0,0,경기,의정부시,차대사람,횡단중,횡단중,안전운전 의무 불이행,교차로,교차로횡단보도내
33968,2019-12-19 22,야간,목,1,1,0,0,0,경북,경주시,차대차,기타,기타,신호위반,교차로,교차로내
33969,2019-10-25 00,야간,금,1,2,0,1,0,광주,서구,차대사람,횡단중,횡단중,과속,교차로,교차로내
33970,2019-11-11 00,야간,월,1,1,0,0,0,울산,남구,차대사람,기타,기타,안전운전 의무 불이행,단일로,기타단일로
33971,2019-10-30 15,주간,수,1,2,0,1,0,경기,파주시,차대차,측면충돌,측면충돌,중앙선 침범,단일로,기타단일로
33972,2019-11-30 05,야간,토,1,1,0,0,0,대구,달서구,차대사람,횡단중,횡단중,안전운전 의무 불이행,단일로,기타단일로
33973,2019-10-28 03,야간,월,2,6,3,1,0,강원,원주시,차량단독,공작물충돌,공작물충돌,과속,교차로,교차로부근
33974,2019-10-19 11,주간,토,1,1,0,0,0,경기,의정부시,차량단독,공작물충돌,공작물충돌,안전운전 의무 불이행,교차로,교차로내
33975,2019-10-15 17,주간,화,1,1,0,0,0,경기,안산시,차대차,측면충돌,측면충돌,안전운전 의무 불이행,교차로,교차로내
33976,2019-11-04 15,주간,월,1,1,0,0,0,충남,아산시,차량단독,전도,전도,안전운전 의무 불이행,교차로,교차로부근
33977,2019-12-24 11,주간,화,1,2,1,0,0,경북,경주시,차대차,측면충돌,측면충돌,안전운전 의무 불이행,교차로,교차로부근
33978,2019-12-05 07,주간,목,1,1,0,0,0,전남,목포시,차대사람,횡단중,횡단중,안전운전 의무 불이행,단일로,기타단일로
33979,2019-09-19 19,야간,목,1,1,0,0,0,경기,수원시,차대사람,차도통행중,차도통행중,안전운전 의무 불이행,단일로,기타단일로
33980,2019-09-17 17,주간,화,1,1,0,0,0,경북,구미시,차대차,측면충돌,측면충돌,교차로 통행방법 위반,교차로,교차로내
33981,2019-12-23 08,주간,월,1,18,7,10,0,전남,순천시,차대차,기타,기타,과속,단일로,기타단일로
33982,2019-11-12 07,주간,화,1,1,0,0,0,경기,광주시,차대사람,횡단중,횡단중,안전운전 의무 불이행,교차로,교차로내
33983,2019-09-07 07,주간,토,1,2,0,1,0,경기,용인시,차대차,측면충돌,측면충돌,안전운전 의무 불이행,단일로,기타단일로
33984,2019-07-06 08,주간,토,1,1,0,0,0,경기,평택시,차량단독,도로이탈,도로이탈 추락,안전운전 의무 불이행,단일로,기타단일로
33985,2019-09-18 19,야간,수,1,1,0,0,0,경북,구미시,차량단독,전복,전복,안전운전 의무 불이행,단일로,기타단일로
33986,2019-12-12 18,야간,목,1,1,0,0,0,충북,청주시,차대사람,기타,기타,보행자 보호의무 위반,교차로,교차로횡단보도내
33987,2019-10-29 20,야간,화,1,1,0,0,0,제주,제주시,차대사람,기타,기타,안전운전 의무 불이행,교차로,교차로부근
33988,2019-12-29 22,야간,일,1,5,2,2,0,경북,경주시,차대차,측면충돌,측면충돌,과속,단일로,기타단일로
33989,2019-11-15 18,야간,금,1,1,0,0,0,경기,고양시,차대사람,횡단중,횡단중,안전운전 의무 불이행,단일로,기타단일로
33990,2019-11-05 14,주간,화,1,1,0,0,0,대구,동구,차대사람,차도통행중,차도통행중,안전운전 의무 불이행,단일로,기타단일로
33991,2019-09-22 01,야간,일,1,1,0,0,0,경기,수원시,차량단독,기타,기타,기타,단일로,기타단일로
33992,2019-11-02 05,야간,토,1,1,0,0,0,강원,원주시,차대사람,횡단중,횡단중,안전운전 의무 불이행,단일로,기타단일로
33993,2019-10-18 02,야간,금,1,1,0,0,0,대구,달서구,차량단독,공작물충돌,공작물충돌,안전운전 의무 불이행,단일로,기타단일로
33994,2019-09-15 19,야간,일,1,1,0,0,0,경기,남양주시,차대사람,횡단중,횡단중,안전운전 의무 불이행,교차로,교차로내
33995,2019-10-18 12,주간,금,1,1,0,0,0,대구,달서구,차대차,측면충돌,측면충돌,안전운전 의무 불이행,기타,기타
33996,2019-11-10 16,주간,일,1,1,0,0,0,충남,아산시,차량단독,공작물충돌,공작물충돌,안전운전 의무 불이행,단일로,기타단일로
33997,2019-12-26 14,주간,목,2,2,0,0,0,전남,여수시,차대차,추돌,추돌,안전거리 미확보,단일로,기타단일로
33998,2019-12-16 06,주간,월,1,2,0,1,0,충북,청주시,차대차,추돌,추돌,안전운전 의무 불이행,단일로,기타단일로
33999,2019-10-22 06,주간,화,1,1,0,0,0,경기,안산시,차대사람,횡단중,횡단중,신호위반,교차로,교차로내
34000,2019-11-07 23,야간,목,1,1,0,0,0,경북,경산시,차대사람,차도통행중,차도통행중,안전운전 의무 불이행,단일로,기타단일로
34001,2019-11-25 17,주간,월,1,4,1,2,0,경기,김포시,차대차,기타,기타,중앙선 침범,기타,기타
34002,2019-11-27 10,주간,수,1,1,0,0,0,경기,김포시,차대사람,횡단중,횡단중,안전운전 의무 불이행,교차로,교차로부근
34003,2019-09-18 06,주간,수,1,1,0,0,0,경기,남양주시,차대사람,횡단중,횡단중,보행자 보호의무 위반,교차로,교차로내
34004,2019-12-20 00,야간,금,1,1,0,0,0,충북,청주시,차대차,추돌,추돌,안전운전 의무 불이행,단일로,기타단일로
34005,2019-12-20 05,야간,금,2,2,0,0,0,충북,청주시,차대사람,보도통행중,보도통행중,안전운전 의무 불이행,교차로,교차로부근
34006,2019-10-31 09,주간,목,1,9,2,5,1,경기,의정부시,차대차,추돌,추돌,안전운전 의무 불이행,단일로,기타단일로
34007,2019-12-20 21,야간,금,1,1,0,0,0,충북,청주시,차량단독,공작물충돌,공작물충돌,안전운전 의무 불이행,단일로,기타단일로
34008,2019-12-14 17,주간,토,2,2,0,0,0,전남,목포시,차대사람,기타,기타,안전운전 의무 불이행,단일로,기타단일로
34009,2019-11-15 09,주간,금,1,1,0,0,0,충남,아산시,차대차,기타,기타,안전운전 의무 불이행,교차로,교차로내
34010,2019-08-20 04,야간,화,1,1,0,0,0,서울,송파구,차대차,측면충돌,측면충돌,안전운전 의무 불이행,단일로,기타단일로
34011,2019-11-22 16,주간,금,1,1,0,0,0,경기,고양시,차대사람,기타,기타,안전운전 의무 불이행,단일로,기타단일로
34012,2019-11-21 06,주간,목,2,3,0,1,0,경기,광주시,차대차,측면충돌,측면충돌,안전운전 의무 불이행,단일로,기타단일로
34013,2019-12-18 17,주간,수,1,5,0,4,0,전남,목포시,차대차,측면충돌,측면충돌,신호위반,교차로,교차로내
34014,2019-10-29 00,야간,화,1,1,0,0,0,경기,안산시,차대사람,횡단중,횡단중,신호위반,교차로,교차로내
34015,2019-10-26 02,야간,토,1,1,0,0,0,대전,서구,차대사람,기타,기타,안전운전 의무 불이행,단일로,기타단일로
34016,2019-11-15 07,주간,금,1,1,0,0,0,경북,경산시,차대사람,횡단중,횡단중,안전운전 의무 불이행,교차로,교차로부근
34017,2019-12-19 22,야간,목,1,1,0,0,0,전남,목포시,차대사람,기타,기타,보행자 보호의무 위반,단일로,기타단일로
34018,2019-10-29 23,야간,화,1,1,0,0,0,경기,안산시,차대사람,차도통행중,차도통행중,신호위반,교차로,교차로부근
34019,2019-12-28 01,야간,토,1,1,0,0,0,제주,제주시,차대사람,횡단중,횡단중,안전운전 의무 불이행,교차로,교차로내
34020,2019-11-13 06,주간,수,1,1,0,0,0,제주,제주시,차대사람,기타,기타,신호위반,교차로,교차로부근
34021,2019-11-12 21,야간,화,1,4,1,0,2,강원,원주시,차대차,정면충돌,정면충돌,신호위반,교차로,교차로횡단보도내
34022,2019-11-21 22,야간,목,1,1,0,0,0,충남,아산시,차대차,기타,기타,중앙선 침범,단일로,기타단일로
34023,2019-10-31 20,야간,목,1,1,0,0,0,인천,서구,차대사람,기타,기타,안전운전 의무 불이행,단일로,기타단일로
34024,2019-09-19 15,주간,목,1,1,0,0,0,경기,용인시,차대차,추돌,추돌,안전운전 의무 불이행,단일로,교량위
34025,2019-09-26 19,야간,목,1,1,0,0,0,경기,남양주시,차대차,기타,기타,안전운전 의무 불이행,단일로,기타단일로
34026,2019-11-14 15,주간,목,1,1,0,0,0,광주,서구,차대사람,기타,기타,중앙선 침범,단일로,기타단일로
34027,2019-11-15 22,야간,금,1,1,0,0,0,강원,원주시,차대사람,보도통행중,보도통행중,안전운전 의무 불이행,교차로,교차로횡단보도내
34028,2019-11-04 05,야간,월,1,1,0,0,0,광주,광산구,차대사람,횡단중,횡단중,과속,단일로,기타단일로
34029,2019-07-17 12,주간,수,1,5,1,3,0,경기,평택시,차대차,추돌,추돌,안전운전 의무 불이행,교차로,교차로부근
34030,2019-11-29 05,야간,금,1,1,0,0,0,경기,광주시,차대사람,기타,기타,신호위반,교차로,교차로내
34031,2019-11-05 13,주간,화,1,1,0,0,0,인천,서구,차대차,추돌,추돌,안전운전 의무 불이행,단일로,기타단일로
34032,2019-10-24 19,야간,목,1,1,0,0,0,충남,천안시,차대사람,횡단중,횡단중,안전운전 의무 불이행,교차로,교차로부근
34033,2019-10-04 05,야간,금,1,1,0,0,0,경북,구미시,차대차,추돌,추돌,안전운전 의무 불이행,단일로,기타단일로
34034,2019-12-16 18,야간,월,1,1,0,0,0,경기,김포시,차대사람,횡단중,횡단중,안전운전 의무 불이행,단일로,기타단일로
34035,2019-11-18 19,야간,월,1,1,0,0,0,광주,서구,차대사람,기타,기타,과속,단일로,지하차도(도로)내
34036,2019-11-08 19,야간,금,1,4,1,2,0,경기,안산시,차대차,측면충돌,측면충돌,신호위반,교차로,교차로부근
34037,2019-11-24 01,야간,일,1,3,2,0,0,제주,제주시,차대차,정면충돌,정면충돌,중앙선 침범,단일로,기타단일로
34038,2019-12-19 05,야간,목,1,1,0,0,0,경기,김포시,차대사람,횡단중,횡단중,보행자 보호의무 위반,교차로,교차로내
34039,2019-10-04 18,야간,금,1,1,0,0,0,경기,남양주시,차대사람,횡단중,횡단중,신호위반,교차로,교차로횡단보도내
34040,2019-12-15 01,야간,일,1,1,0,0,0,울산,남구,차량단독,공작물충돌,공작물충돌,안전운전 의무 불이행,단일로,지하차도(도로)내
34041,2019-11-11 13,주간,월,1,1,0,0,0,인천,서구,차대차,추돌,추돌,과속,단일로,교량위
34042,2019-11-26 22,야간,화,1,1,0,0,0,제주,제주시,차대사람,차도통행중,차도통행중,과속,단일로,기타단일로
34043,2019-10-31 20,야간,목,1,1,0,0,0,대전,유성구,차대차,측면충돌,측면충돌,신호위반,교차로,교차로내
34044,2019-10-06 21,야간,일,1,1,0,0,0,경기,남양주시,차량단독,기타,기타,안전운전 의무 불이행,단일로,지하차도(도로)내
34045,2019-11-18 18,야간,월,1,1,0,0,0,충북,청주시,차대사람,횡단중,횡단중,안전운전 의무 불이행,교차로,교차로내
34046,2019-12-15 18,야간,일,1,4,0,3,0,경기,고양시,차대차,추돌,추돌,안전운전 의무 불이행,단일로,기타단일로
34047,2019-11-13 05,야간,수,1,2,0,1,0,대전,서구,차대차,기타,기타,신호위반,교차로,교차로부근
34048,2019-11-21 17,주간,목,1,1,0,0,0,경기,의정부시,차대사람,횡단중,횡단중,안전운전 의무 불이행,교차로,교차로부근
34049,2019-11-26 08,주간,화,1,1,0,0,0,경기,수원시,차대사람,기타,기타,안전운전 의무 불이행,교차로,교차로내
34050,2019-10-16 10,주간,수,1,1,0,0,0,광주,북구,차대사람,횡단중,횡단중,안전운전 의무 불이행,교차로,교차로내
34051,2019-12-03 20,야간,화,1,1,0,0,0,경기,파주시,차대사람,차도통행중,차도통행중,안전운전 의무 불이행,교차로,교차로내
34052,2019-10-12 20,야간,토,1,2,0,1,0,경북,구미시,차대사람,기타,기타,안전운전 의무 불이행,교차로,교차로부근
34053,2019-12-08 12,주간,일,1,1,0,0,0,충남,아산시,차대사람,횡단중,횡단중,안전운전 의무 불이행,교차로,교차로횡단보도내
34054,2019-12-09 12,주간,월,1,2,0,1,0,충남,아산시,차대차,정면충돌,정면충돌,중앙선 침범,단일로,기타단일로
34055,2019-11-04 23,야간,월,1,1,0,0,0,충남,천안시,차대사람,기타,기타,과속,단일로,기타단일로
34056,2019-10-03 23,야간,목,1,35,4,20,10,경기,용인시,차대차,측면충돌,측면충돌,신호위반,교차로,교차로내
34057,2019-12-06 00,야간,금,1,1,0,0,0,강원,원주시,차량단독,공작물충돌,공작물충돌,안전운전 의무 불이행,단일로,기타단일로
34058,2019-07-29 20,야간,월,1,1,0,0,0,경기,평택시,차대사람,기타,기타,안전운전 의무 불이행,교차로,교차로내
34059,2019-12-18 16,주간,수,1,1,0,0,0,인천,남구,차대차,기타,기타,안전운전 의무 불이행,교차로,교차로내
34060,2019-10-19 17,주간,토,1,1,0,0,0,경기,시흥시,차대차,측면충돌,측면충돌,신호위반,교차로,교차로내
34061,2019-11-25 06,주간,월,1,1,0,0,0,광주,광산구,차대사람,횡단중,횡단중,신호위반,교차로,교차로횡단보도내
34062,2019-12-10 16,주간,화,1,1,0,0,0,강원,원주시,차대차,정면충돌,정면충돌,중앙선 침범,단일로,기타단일로
34063,2019-10-21 21,야간,월,1,1,0,0,0,경북,구미시,차대사람,횡단중,횡단중,안전운전 의무 불이행,교차로,교차로내
34064,2019-10-28 13,주간,월,1,1,0,0,0,경기,수원시,차대사람,횡단중,횡단중,보행자 보호의무 위반,교차로,교차로횡단보도내
34065,2019-10-18 23,야간,금,1,1,0,0,0,경기,구리시,차량단독,전복,전복,안전운전 의무 불이행,기타,기타
34066,2019-10-25 23,야간,금,1,1,0,0,0,경북,구미시,차대차,측면충돌,측면충돌,신호위반,교차로,교차로내
34067,2019-11-29 20,야간,금,1,1,0,0,0,인천,서구,차대사람,보도통행중,보도통행중,안전운전 의무 불이행,단일로,기타단일로
34068,2019-12-19 02,야간,목,1,1,0,0,0,강원,원주시,차대차,측면충돌,측면충돌,안전운전 의무 불이행,교차로,교차로내
34069,2019-12-26 17,주간,목,1,1,0,0,0,경기,안산시,차대사람,기타,기타,안전운전 의무 불이행,단일로,기타단일로
34070,2019-10-26 23,야간,토,1,4,1,2,0,경기,시흥시,차대차,정면충돌,정면충돌,안전운전 의무 불이행,단일로,기타단일로
34071,2019-12-30 06,주간,월,1,1,0,0,0,경북,경산시,차대사람,차도통행중,차도통행중,안전운전 의무 불이행,교차로,교차로부근
34072,2019-12-18 14,주간,수,1,1,0,0,0,경기,수원시,차대차,추돌,추돌,안전운전 의무 불이행,교차로,교차로내
34073,2019-08-10 04,야간,토,1,1,0,0,0,경기,평택시,차대차,측면충돌,측면충돌,신호위반,교차로,교차로내
34074,2019-12-14 18,야간,토,1,1,0,0,0,경기,의정부시,차대사람,횡단중,횡단중,안전운전 의무 불이행,단일로,기타단일로
34075,2019-12-27 20,야간,금,1,1,0,0,0,경기,파주시,차대차,추돌,추돌,안전운전 의무 불이행,단일로,기타단일로
34076,2019-11-02 10,주간,토,1,1,0,0,0,경기,시흥시,차량단독,전도,전도,안전운전 의무 불이행,교차로,교차로부근
34077,2019-12-10 19,야간,화,1,1,0,0,0,대구,달서구,차대사람,횡단중,횡단중,안전운전 의무 불이행,단일로,기타단일로
34078,2019-12-17 18,야간,화,1,1,0,0,0,충북,청주시,차대사람,횡단중,횡단중,안전운전 의무 불이행,단일로,기타단일로
34079,2019-11-04 16,주간,월,1,1,0,0,0,경기,시흥시,차대차,측면충돌,측면충돌,기타,교차로,교차로내
34080,2019-12-31 00,야간,화,1,2,1,0,0,강원,원주시,차대사람,차도통행중,차도통행중,안전운전 의무 불이행,단일로,기타단일로
34081,2019-11-10 10,주간,일,1,1,0,0,0,광주,북구,차대차,기타,기타,안전운전 의무 불이행,단일로,기타단일로
34082,2019-12-14 11,주간,토,1,1,0,0,0,대구,달서구,차대사람,차도통행중,차도통행중,기타,단일로,기타단일로
34083,2019-12-17 05,야간,화,1,1,0,0,0,경기,안산시,차대차,측면충돌,측면충돌,신호위반,교차로,교차로내
34084,2019-11-15 08,주간,금,1,1,0,0,0,경기,수원시,차대차,기타,기타,중앙선 침범,단일로,기타단일로
34085,2019-11-11 21,야간,월,1,1,0,0,0,경북,구미시,차대사람,보도통행중,보도통행중,보행자 보호의무 위반,교차로,교차로횡단보도내
34086,2019-12-24 04,야간,화,1,1,0,0,0,충북,청주시,차대사람,차도통행중,차도통행중,안전운전 의무 불이행,단일로,기타단일로
34087,2019-12-01 22,야간,일,1,1,0,0,0,충남,천안시,차대사람,기타,기타,안전운전 의무 불이행,교차로,교차로내
34088,2019-11-19 20,야간,화,1,1,0,0,0,경기,수원시,차대사람,횡단중,횡단중,안전운전 의무 불이행,기타,기타
34089,2019-11-11 02,야간,월,1,1,0,0,0,경기,남양주시,차량단독,전도,전도,안전운전 의무 불이행,단일로,기타단일로
34090,2019-10-07 05,야간,월,1,1,0,0,0,서울,송파구,차대사람,차도통행중,차도통행중,안전운전 의무 불이행,단일로,기타단일로
34091,2019-11-04 17,주간,월,1,1,0,0,0,경기,용인시,차대사람,횡단중,횡단중,과속,단일로,기타단일로
34092,2019-11-05 08,주간,화,1,1,0,0,0,경기,용인시,차대사람,횡단중,횡단중,안전운전 의무 불이행,교차로,교차로내
34093,2019-11-22 06,주간,금,1,1,0,0,0,광주,북구,차대사람,횡단중,횡단중,과속,교차로,교차로내
34094,2019-11-08 21,야간,금,1,1,0,0,0,경기,용인시,차량단독,공작물충돌,공작물충돌,안전운전 의무 불이행,단일로,기타단일로
34095,2019-12-17 21,야간,화,1,1,0,0,0,충남,천안시,차대차,추돌,추돌,안전운전 의무 불이행,단일로,기타단일로
34096,2019-12-10 17,주간,화,1,2,0,1,0,경기,부천시,차대차,추돌,추돌,안전운전 의무 불이행,교차로,교차로내
34097,2019-12-20 02,야간,금,1,1,0,0,0,충남,천안시,차대사람,기타,기타,안전운전 의무 불이행,교차로,교차로내
34098,2019-11-30 22,야간,토,1,1,0,0,0,경북,구미시,차대사람,횡단중,횡단중,안전운전 의무 불이행,단일로,기타단일로
34099,2019-12-14 11,주간,토,1,1,0,0,0,경기,부천시,차대사람,차도통행중,차도통행중,안전운전 의무 불이행,단일로,기타단일로
34100,2019-12-15 22,야간,일,1,1,0,0,0,경기,부천시,차대사람,기타,기타,안전운전 의무 불이행,단일로,기타단일로
34101,2019-12-10 15,주간,화,1,1,0,0,0,경기,수원시,차대차,측면충돌,측면충돌,안전운전 의무 불이행,교차로,교차로부근
34102,2019-11-30 23,야간,토,1,1,0,0,0,경기,남양주시,차대사람,기타,기타,안전운전 의무 불이행,단일로,기타단일로
34103,2019-12-01 00,야간,일,1,1,0,0,0,경기,시흥시,차대차,추돌,추돌,안전운전 의무 불이행,단일로,기타단일로
34104,2019-12-21 00,야간,토,1,1,0,0,0,경기,부천시,차대사람,차도통행중,차도통행중,안전운전 의무 불이행,단일로,기타단일로
34105,2019-12-04 06,주간,수,1,1,0,0,0,경기,시흥시,차대사람,횡단중,횡단중,신호위반,교차로,교차로내
34106,2019-12-09 17,주간,월,1,1,0,0,0,경북,구미시,차대차,기타,기타,안전운전 의무 불이행,단일로,기타단일로
34107,2019-10-23 23,야간,수,1,1,0,0,0,서울,송파구,차대사람,기타,기타,안전운전 의무 불이행,단일로,기타단일로
34108,2019-12-05 11,주간,목,1,2,0,1,0,경기,남양주시,차대차,정면충돌,정면충돌,안전운전 의무 불이행,교차로,교차로내
34109,2019-10-25 07,주간,금,1,17,5,8,3,서울,송파구,차대차,측면충돌,측면충돌,신호위반,교차로,교차로내
34110,2019-12-12 12,주간,목,1,1,0,0,0,경북,구미시,차대사람,차도통행중,차도통행중,안전운전 의무 불이행,단일로,기타단일로
34111,2019-11-25 07,주간,월,1,2,0,1,0,경기,용인시,차대차,추돌,추돌,안전운전 의무 불이행,단일로,기타단일로
34112,2019-09-10 19,야간,화,1,1,0,0,0,경기,평택시,차대사람,기타,기타,안전운전 의무 불이행,단일로,기타단일로
34113,2019-12-12 17,주간,목,2,9,1,6,0,경기,남양주시,차대차,추돌,추돌,안전운전 의무 불이행,단일로,기타단일로
34114,2019-12-19 10,주간,목,1,1,0,0,0,광주,북구,차대차,측면충돌,측면충돌,안전운전 의무 불이행,단일로,기타단일로
34115,2019-12-13 03,야간,금,1,1,0,0,0,경기,시흥시,차량단독,기타,기타,안전운전 의무 불이행,단일로,기타단일로
34116,2019-11-17 11,주간,일,1,14,4,9,0,대구,수성구,차대차,정면충돌,정면충돌,안전운전 의무 불이행,단일로,기타단일로
34117,2019-09-13 01,야간,금,1,2,0,0,1,경기,평택시,차대사람,기타,기타,안전운전 의무 불이행,단일로,기타단일로
34118,2019-11-30 16,주간,토,1,1,0,0,0,경기,용인시,차량단독,전복,전복,안전운전 의무 불이행,교차로,교차로내
34119,2019-12-20 23,야간,금,1,2,1,0,0,경북,구미시,차대사람,횡단중,횡단중,보행자 보호의무 위반,단일로,기타단일로
34120,2019-12-30 07,주간,월,1,2,0,1,0,경기,수원시,차대차,기타,기타,중앙선 침범,교차로,교차로내
34121,2019-12-05 06,주간,목,1,1,0,0,0,경기,용인시,차대사람,횡단중,횡단중,과속,교차로,교차로내
34122,2019-12-21 19,야간,토,2,5,0,3,0,경기,시흥시,차대차,측면충돌,측면충돌,안전거리 미확보,단일로,고가도로위
34123,2019-12-22 08,주간,일,1,1,0,0,0,경기,남양주시,차량단독,기타,기타,안전운전 의무 불이행,단일로,터널안
34124,2019-12-28 08,주간,토,1,2,0,1,0,경북,구미시,차대차,추돌,추돌,안전운전 의무 불이행,교차로,교차로부근
34125,2019-12-08 03,야간,일,1,2,0,1,0,경기,용인시,차대차,추돌,추돌,안전운전 의무 불이행,단일로,기타단일로
34126,2019-11-15 22,야간,금,1,1,0,0,0,서울,송파구,차대차,기타,기타,안전운전 의무 불이행,단일로,기타단일로
34127,2019-11-16 04,야간,토,1,1,0,0,0,서울,송파구,차대차,기타,기타,신호위반,교차로,교차로내
34128,2019-09-24 17,주간,화,1,1,0,0,0,경기,평택시,차대차,측면충돌,측면충돌,신호위반,교차로,교차로내
34129,2019-12-17 07,주간,화,1,1,0,0,0,경기,용인시,차대사람,횡단중,횡단중,안전운전 의무 불이행,교차로,교차로횡단보도내
34130,2019-11-25 01,야간,월,1,1,0,0,0,서울,송파구,차량단독,공작물충돌,공작물충돌,안전운전 의무 불이행,단일로,교량위
34131,2019-12-09 21,야간,월,1,4,0,0,3,대구,수성구,차대차,추돌,추돌,안전운전 의무 불이행,교차로,교차로내
34132,2019-12-16 10,주간,월,1,1,0,0,0,전북,전주시,차대차,측면충돌,측면충돌,신호위반,교차로,교차로내
34133,2019-12-23 13,주간,월,1,1,0,0,0,전북,전주시,차대사람,기타,기타,안전운전 의무 불이행,기타,기타
34134,2019-12-25 17,주간,수,1,1,0,0,0,전북,전주시,차대사람,횡단중,횡단중,안전운전 의무 불이행,단일로,기타단일로
34135,2019-10-11 15,주간,금,1,1,0,0,0,경기,평택시,차대사람,횡단중,횡단중,안전운전 의무 불이행,단일로,기타단일로
34136,2019-10-11 22,야간,금,1,1,0,0,0,경기,평택시,차대사람,기타,기타,안전운전 의무 불이행,단일로,지하차도(도로)내
34137,2019-10-20 11,주간,일,2,3,0,1,0,경기,평택시,차대차,측면충돌,측면충돌,신호위반,교차로,교차로내
34138,2019-10-31 09,주간,목,1,2,0,1,0,경기,평택시,차대차,측면충돌,측면충돌,신호위반,교차로,교차로내
34139,2019-11-23 10,주간,토,1,1,0,0,0,경기,평택시,차대차,추돌,추돌,안전운전 의무 불이행,단일로,기타단일로
34140,2019-12-03 04,야간,화,1,1,0,0,0,경기,평택시,차대사람,보도통행중,보도통행중,보행자 보호의무 위반,단일로,기타단일로
34141,2019-12-04 19,야간,수,1,4,0,1,2,경기,평택시,차대사람,기타,기타,기타,교차로,교차로내
34142,2019-12-06 00,야간,금,1,1,0,0,0,경기,평택시,차대차,정면충돌,정면충돌,안전운전 의무 불이행,단일로,기타단일로
34143,2019-12-18 16,주간,수,1,2,0,1,0,경기,평택시,차대차,정면충돌,정면충돌,중앙선 침범,단일로,기타단일로
34144,2019-12-11 10,주간,수,1,1,0,0,0,충남,홍성군,차량단독,기타,기타,안전운전 의무 불이행,단일로,기타단일로
34145,2019-12-29 14,주간,일,1,1,0,0,0,충남,예산군,차량단독,공작물충돌,공작물충돌,안전운전 의무 불이행,단일로,기타단일로
34161,2020-01-03 05,야간,금,1,2,0,1,0,충남,논산시,차대차,추돌,추돌,안전운전 의무 불이행,단일로,기타단일로
34162,2020-01-01 10,주간,수,1,1,0,0,0,경남,거창군,차량단독,공작물충돌,공작물충돌,안전운전 의무 불이행,단일로,기타단일로
34163,2020-01-01 05,야간,수,1,1,0,0,0,경기,화성시,차대차,추돌,추돌,안전운전 의무 불이행,단일로,기타단일로
34164,2020-01-01 05,야간,수,1,1,0,0,0,서울,강남구,차대사람,차도통행중,차도통행중,안전운전 의무 불이행,단일로,기타단일로
34165,2020-01-21 13,주간,화,1,1,0,0,0,경북,울릉군,차량단독,전도,전도,안전운전 의무 불이행,단일로,기타단일로
34166,2020-01-03 08,주간,금,1,1,0,0,0,전남,화순군,차대차,추돌,추돌,안전운전 의무 불이행,단일로,기타단일로
34167,2020-01-02 14,주간,목,1,2,1,0,0,경북,예천군,차량단독,도로이탈,도로이탈 기타,안전운전 의무 불이행,단일로,기타단일로
34168,2020-01-02 22,야간,목,1,3,0,2,0,충북,단양군,차량단독,도로이탈,도로이탈 추락,과속,단일로,기타단일로
34169,2020-01-03 06,주간,금,1,1,0,0,0,충북,괴산군,차대사람,횡단중,횡단중,안전운전 의무 불이행,교차로,교차로내
34170,2020-01-01 11,주간,수,1,1,0,0,0,경기,이천시,차량단독,도로이탈,도로이탈 추락,안전운전 의무 불이행,단일로,기타단일로