교통사고이력ID(사고기록 순서),발생년월일시,주야코드,요일코드,사망자수,부상자수,중상자수,경상자수,부상신고자수,발생지시도코드,발생지시도코드,사고유형대분류코드,사고유형중분류코드,사고유형코드,법규위반코드,도로형태대분류코드,도로로형태코드
34171,2020-01-02 18,야간,목,1,3,2,0,0,경남,산청군,차대차,정면충돌,정면충돌,중앙선 침범,단일로,기타단일로
34172,2020-01-02 09,주간,목,1,1,0,0,0,경남,거창군,차대차,기타,기타,안전운전 의무 불이행,교차로,교차로부근
34173,2020-01-01 07,주간,수,1,1,0,0,0,충남,천안시,차대사람,횡단중,횡단중,안전운전 의무 불이행,단일로,기타단일로
34174,2020-01-04 13,주간,토,1,1,0,0,0,경북,예천군,차량단독,공작물충돌,공작물충돌,안전운전 의무 불이행,단일로,기타단일로
34175,2020-01-01 20,야간,수,1,1,0,0,0,경기,오산시,차대사람,횡단중,횡단중,과속,교차로,교차로횡단보도내
34176,2020-01-06 07,주간,월,1,1,0,0,0,경북,성주군,차대차,추돌,추돌,안전운전 의무 불이행,단일로,기타단일로
34177,2020-01-02 06,주간,목,1,1,0,0,0,경기,수원시,차대차,기타,기타,안전운전 의무 불이행,교차로,교차로내
34178,2020-01-02 07,주간,목,1,1,0,0,0,경기,하남시,차대사람,횡단중,횡단중,보행자 보호의무 위반,단일로,기타단일로
34179,2020-01-01 21,야간,수,1,1,0,0,0,부산,기장군,차량단독,공작물충돌,공작물충돌,안전운전 의무 불이행,교차로,교차로내
34180,2020-01-02 07,주간,목,1,1,0,0,0,제주,제주시,차대사람,횡단중,횡단중,안전운전 의무 불이행,단일로,기타단일로
34181,2020-01-02 18,야간,목,2,2,0,0,0,경기,가평군,차량단독,도로이탈,도로이탈 추락,안전운전 의무 불이행,단일로,기타단일로
34182,2020-01-08 15,주간,수,1,1,0,0,0,전북,임실군,차대차,추돌,추돌,안전운전 의무 불이행,단일로,기타단일로
34183,2020-01-03 03,야간,금,1,1,0,0,0,전남,영광군,차대사람,차도통행중,차도통행중,안전운전 의무 불이행,단일로,기타단일로
34184,2020-01-02 22,야간,목,1,1,0,0,0,충북,음성군,차량단독,공작물충돌,공작물충돌,안전운전 의무 불이행,교차로,교차로내
34185,2020-01-01 19,야간,수,1,1,0,0,0,경북,경주시,차량단독,공작물충돌,공작물충돌,안전운전 의무 불이행,단일로,지하차도(도로)내
34186,2020-01-09 15,주간,목,1,1,0,0,0,경북,울진군,차량단독,기타,기타,안전운전 의무 불이행,단일로,기타단일로
34187,2020-01-02 16,주간,목,1,1,0,0,0,경남,거창군,차대차,측면충돌,측면충돌,안전운전 의무 불이행,교차로,교차로내
34188,2020-01-13 19,야간,월,1,1,0,0,0,전북,순창군,차대사람,기타,기타,안전운전 의무 불이행,기타,기타
34189,2020-01-07 17,주간,화,1,1,0,0,0,충북,영동군,차대사람,횡단중,횡단중,안전운전 의무 불이행,단일로,기타단일로
34190,2020-01-03 02,야간,금,1,1,0,0,0,울산,울주군,차대사람,기타,기타,안전운전 의무 불이행,단일로,기타단일로
34191,2020-01-03 23,야간,금,1,1,0,0,0,경기,포천시,차량단독,공작물충돌,공작물충돌,안전운전 의무 불이행,단일로,기타단일로
34192,2020-01-25 00,야간,토,1,1,0,0,0,전북,장수군,차량단독,공작물충돌,공작물충돌,안전운전 의무 불이행,단일로,기타단일로
34193,2020-01-22 06,주간,수,1,2,1,0,0,전남,구례군,차대사람,기타,기타,안전운전 의무 불이행,단일로,기타단일로
34194,2020-01-14 10,주간,화,1,2,1,0,0,경남,사천시,차대차,추돌,추돌,안전운전 의무 불이행,단일로,교량위
34195,2020-01-13 04,야간,월,1,3,0,0,2,충남,공주시,차대차,추돌,추돌,안전운전 의무 불이행,기타,기타
34196,2020-01-19 20,야간,일,1,1,0,0,0,경남,하동군,차량단독,기타,기타,안전운전 의무 불이행,단일로,기타단일로
34197,2020-01-03 14,주간,금,1,1,0,0,0,충남,보령시,차대차,정면충돌,정면충돌,신호위반,교차로,교차로내
34198,2020-01-06 05,야간,월,1,1,0,0,0,경북,구미시,차대사람,기타,기타,안전운전 의무 불이행,단일로,기타단일로
34199,2020-02-12 19,야간,수,1,1,0,0,0,전북,진안군,차대사람,길가장자리구역통행중,길가장자리구역통행중,안전운전 의무 불이행,단일로,기타단일로
34200,2020-01-15 17,주간,수,1,2,0,1,0,경북,예천군,차대사람,횡단중,횡단중,과속,교차로,교차로횡단보도내
34201,2020-01-10 08,주간,금,1,1,0,0,0,전남,고흥군,차대사람,횡단중,횡단중,안전운전 의무 불이행,단일로,기타단일로
34202,2020-01-02 15,주간,목,1,6,4,1,0,제주,제주시,차대차,정면충돌,정면충돌,중앙선 침범,단일로,기타단일로
34203,2020-01-07 22,야간,화,1,1,0,0,0,서울,서초구,차대사람,차도통행중,차도통행중,안전운전 의무 불이행,단일로,기타단일로
34204,2020-01-23 17,주간,목,1,1,0,0,0,전남,함평군,차량단독,도로이탈,도로이탈 기타,안전운전 의무 불이행,단일로,기타단일로
34205,2020-02-27 23,야간,목,1,1,0,0,0,전북,장수군,차량단독,공작물충돌,공작물충돌,안전운전 의무 불이행,단일로,기타단일로
34206,2020-01-20 15,주간,월,1,1,0,0,0,전북,무주군,차대사람,횡단중,횡단중,안전운전 의무 불이행,단일로,지하차도(도로)내
34207,2020-01-15 06,주간,수,1,1,0,0,0,강원,횡성군,차대차,추돌,추돌,안전운전 의무 불이행,단일로,기타단일로
34208,2020-01-05 14,주간,일,1,3,1,1,0,강원,양양군,차대차,정면충돌,정면충돌,안전운전 의무 불이행,단일로,기타단일로
34209,2020-01-05 02,야간,일,1,1,0,0,0,경남,창원시(통합),차량단독,공작물충돌,공작물충돌,안전운전 의무 불이행,단일로,기타단일로
34210,2020-01-04 16,주간,토,1,1,0,0,0,경남,창원시(통합),차량단독,공작물충돌,공작물충돌,안전운전 의무 불이행,단일로,지하차도(도로)내
34211,2020-02-08 19,야간,토,1,1,0,0,0,경남,의령군,차대사람,횡단중,횡단중,보행자 보호의무 위반,단일로,기타단일로
34212,2020-01-14 21,야간,화,1,1,0,0,0,충북,영동군,차대사람,기타,기타,안전운전 의무 불이행,단일로,기타단일로
34213,2020-01-02 19,야간,목,1,1,0,0,0,경기,광주시,차대사람,기타,기타,안전운전 의무 불이행,교차로,교차로내
34214,2020-01-15 07,주간,수,1,1,0,0,0,전남,완도군,차대사람,기타,기타,안전운전 의무 불이행,교차로,교차로부근
34215,2020-01-06 13,주간,월,1,1,0,0,0,경남,창원시(통합),차대사람,횡단중,횡단중,보행자 보호의무 위반,교차로,교차로횡단보도내
34216,2020-01-06 18,야간,월,1,1,0,0,0,경기,포천시,차대사람,길가장자리구역통행중,길가장자리구역통행중,안전운전 의무 불이행,단일로,기타단일로
34217,2020-01-03 19,야간,금,1,1,0,0,0,경기,이천시,차대사람,기타,기타,안전운전 의무 불이행,교차로,교차로부근
34218,2020-01-29 11,주간,수,1,2,0,1,0,경남,하동군,차대차,추돌,추돌,안전거리 미확보,교차로,교차로부근
34219,2020-01-20 10,주간,월,1,1,0,0,0,경북,예천군,차량단독,기타,기타,안전운전 의무 불이행,단일로,기타단일로
34220,2020-01-14 10,주간,화,1,1,0,0,0,경남,남해군,차량단독,전복,전복,안전운전 의무 불이행,교차로,교차로내
34221,2020-01-19 19,야간,일,1,1,0,0,0,강원,영월군,차대사람,횡단중,횡단중,안전운전 의무 불이행,단일로,지하차도(도로)내
34222,2020-01-07 06,주간,화,1,1,0,0,0,전북,정읍시,차대사람,횡단중,횡단중,보행자 보호의무 위반,교차로,교차로횡단보도내
34223,2020-01-23 18,야간,목,1,1,0,0,0,경남,함양군,차대차,추돌,추돌,안전운전 의무 불이행,단일로,기타단일로
34224,2020-01-11 09,주간,토,1,1,0,0,0,전북,김제시,차량단독,도로이탈,도로이탈 기타,안전운전 의무 불이행,단일로,기타단일로
34225,2020-01-20 04,야간,월,1,4,3,0,0,전북,김제시,차대차,추돌,추돌,안전운전 의무 불이행,단일로,고가도로위
34226,2020-01-09 09,주간,목,1,1,0,0,0,전북,완주군,차량단독,기타,기타,안전운전 의무 불이행,단일로,기타단일로
34227,2020-01-18 18,야간,토,1,1,0,0,0,전남,영광군,차대사람,차도통행중,차도통행중,안전운전 의무 불이행,단일로,기타단일로
34228,2020-01-25 15,주간,토,1,1,0,0,0,전남,진도군,차대차,측면충돌,측면충돌,기타,단일로,기타단일로
34229,2020-01-21 21,야간,화,1,1,0,0,0,경북,성주군,차대차,정면충돌,정면충돌,안전운전 의무 불이행,단일로,기타단일로
34230,2020-01-10 23,야간,금,1,1,0,0,0,서울,서초구,차대사람,기타,기타,안전운전 의무 불이행,단일로,지하차도(도로)내
34231,2020-02-04 17,주간,화,1,1,0,0,0,경남,하동군,차량단독,전도,전도,안전운전 의무 불이행,단일로,기타단일로
34232,2020-01-13 17,주간,월,1,1,0,0,0,전남,진도군,차량단독,공작물충돌,공작물충돌,안전운전 의무 불이행,단일로,기타단일로
34233,2020-01-04 06,주간,토,1,1,0,0,0,서울,동대문구,차대사람,횡단중,횡단중,안전운전 의무 불이행,단일로,기타단일로
34234,2020-02-12 11,주간,수,1,1,0,0,0,전남,구례군,차량단독,기타,기타,안전운전 의무 불이행,단일로,기타단일로
34235,2020-01-10 10,주간,금,1,1,0,0,0,부산,동구,차량단독,기타,기타,기타,단일로,기타단일로
34236,2020-01-07 17,주간,화,1,2,1,0,0,경기,포천시,차대사람,횡단중,횡단중,보행자 보호의무 위반,단일로,기타단일로
34237,2020-11-08 14,주간,일,1,1,0,0,0,울산,북구,차대사람,차도통행중,차도통행중,안전운전 의무 불이행,교차로,교차로내
34238,2020-01-21 19,야간,화,1,1,0,0,0,경남,거창군,차대사람,차도통행중,차도통행중,안전운전 의무 불이행,단일로,기타단일로
34239,2020-01-17 18,야간,금,1,1,0,0,0,경남,남해군,차대사람,횡단중,횡단중,안전운전 의무 불이행,단일로,기타단일로
34240,2020-01-04 00,야간,토,1,1,0,0,0,제주,제주시,차대사람,횡단중,횡단중,과속,교차로,교차로횡단보도내
34241,2020-01-09 13,주간,목,1,1,0,0,0,충남,논산시,차량단독,공작물충돌,공작물충돌,안전운전 의무 불이행,단일로,기타단일로
34242,2020-01-28 09,주간,화,1,2,0,0,1,경남,창녕군,차대차,추돌,추돌,안전운전 의무 불이행,단일로,기타단일로
34243,2020-10-27 23,야간,화,1,1,0,0,0,경기,양평군,차대사람,차도통행중,차도통행중,기타,단일로,기타단일로
34244,2020-01-23 01,야간,목,2,3,1,0,0,전북,고창군,차대차,측면충돌,측면충돌,신호위반,교차로,교차로내
34245,2020-01-13 17,주간,월,1,1,0,0,0,전북,김제시,차대사람,횡단중,횡단중,안전운전 의무 불이행,교차로,교차로부근
34246,2020-01-14 06,주간,화,1,1,0,0,0,전남,영암군,차대차,추돌,추돌,안전운전 의무 불이행,단일로,기타단일로
34247,2020-01-21 06,주간,화,1,1,0,0,0,전남,장흥군,차대사람,길가장자리구역통행중,길가장자리구역통행중,과속,단일로,기타단일로
34248,2020-02-17 12,주간,월,5,36,5,26,0,전북,남원시,차대차,추돌,추돌,안전운전 의무 불이행,단일로,터널안
34249,2020-02-16 14,주간,일,1,1,0,0,0,전남,곡성군,차대사람,기타,기타,안전운전 의무 불이행,단일로,기타단일로
34250,2020-01-22 11,주간,수,1,1,0,0,0,대전,중구,차대차,추돌,추돌,안전운전 의무 불이행,단일로,터널안
34251,2020-04-13 09,주간,월,1,3,1,1,0,전북,진안군,차대차,측면충돌,측면충돌,신호위반,교차로,교차로내
34252,2020-01-04 07,주간,토,1,1,0,0,0,제주,제주시,차대사람,기타,기타,과속,단일로,기타단일로
34253,2020-01-03 13,주간,금,1,1,0,0,0,경기,안산시,차대차,정면충돌,정면충돌,신호위반,교차로,교차로내
34254,2020-01-03 15,주간,금,1,1,0,0,0,전남,신안군,차량단독,공작물충돌,공작물충돌,안전운전 의무 불이행,단일로,기타단일로
34255,2020-01-21 12,주간,화,1,1,0,0,0,경남,고성군,차대차,기타,기타,중앙선 침범,단일로,기타단일로
34256,2020-01-05 18,야간,일,1,1,0,0,0,충남,당진시,차대차,측면충돌,측면충돌,안전운전 의무 불이행,단일로,기타단일로
34257,2020-01-06 10,주간,월,1,1,0,0,0,서울,강서구,차대사람,횡단중,횡단중,안전운전 의무 불이행,교차로,교차로횡단보도내
34258,2020-01-10 16,주간,금,1,1,0,0,0,경남,통영시,차량단독,기타,기타,기타,단일로,기타단일로
34259,2020-01-14 18,야간,화,1,1,0,0,0,전남,무안군,차대사람,횡단중,횡단중,과속,단일로,기타단일로
34260,2020-01-19 15,주간,일,1,1,0,0,0,경기,가평군,차량단독,공작물충돌,공작물충돌,안전운전 의무 불이행,교차로,교차로부근
34261,2020-01-29 19,야간,수,1,1,0,0,0,경기,연천군,차대사람,기타,기타,안전운전 의무 불이행,단일로,기타단일로
34262,2020-02-08 18,야간,토,1,1,0,0,0,경남,함양군,차량단독,전도,전도,안전운전 의무 불이행,단일로,기타단일로
34263,2020-01-15 20,야간,수,1,1,0,0,0,충남,예산군,차대사람,차도통행중,차도통행중,기타,단일로,기타단일로
34264,2020-02-21 18,야간,금,1,1,0,0,0,전남,곡성군,차대사람,차도통행중,차도통행중,안전운전 의무 불이행,단일로,기타단일로
34265,2020-02-28 18,야간,금,1,1,0,0,0,전남,구례군,차대사람,차도통행중,차도통행중,안전운전 의무 불이행,기타,기타
34266,2020-02-25 13,주간,화,1,1,0,0,0,전남,곡성군,차량단독,공작물충돌,공작물충돌,안전운전 의무 불이행,교차로,교차로내
34267,2020-03-09 16,주간,월,1,1,0,0,0,경남,의령군,차량단독,전도,전도,안전운전 의무 불이행,단일로,기타단일로
34268,2020-03-26 19,야간,목,1,2,1,0,0,전북,임실군,차대차,측면충돌,측면충돌,안전운전 의무 불이행,단일로,기타단일로
34269,2020-01-29 15,주간,수,1,1,0,0,0,전남,담양군,차대차,기타,기타,기타,단일로,기타단일로
34270,2020-01-05 00,야간,일,1,1,0,0,0,충남,천안시,차량단독,도로이탈,도로이탈 추락,안전운전 의무 불이행,단일로,교량위
34271,2020-03-05 15,주간,목,1,1,0,0,0,경북,봉화군,차대사람,길가장자리구역통행중,길가장자리구역통행중,안전운전 의무 불이행,단일로,기타단일로
34272,2020-01-13 19,야간,월,1,1,0,0,0,전북,완주군,차대사람,횡단중,횡단중,안전운전 의무 불이행,단일로,기타단일로
34273,2020-01-06 07,주간,월,1,1,0,0,0,경남,진주시,차대차,측면충돌,측면충돌,신호위반,교차로,교차로내
34274,2020-01-15 16,주간,수,1,2,1,0,0,경북,상주시,차대사람,길가장자리구역통행중,길가장자리구역통행중,안전운전 의무 불이행,단일로,기타단일로
34275,2020-01-29 12,주간,수,1,1,0,0,0,경북,영덕군,차량단독,전도,전도,안전운전 의무 불이행,단일로,기타단일로
34276,2020-03-07 10,주간,토,1,1,0,0,0,경북,봉화군,차량단독,전도,전도,안전운전 의무 불이행,단일로,기타단일로
34277,2020-01-07 17,주간,화,1,1,0,0,0,경기,안성시,차대사람,기타,기타,안전운전 의무 불이행,단일로,기타단일로
34278,2020-01-25 22,야간,토,1,1,0,0,0,충남,공주시,차량단독,기타,기타,안전운전 의무 불이행,단일로,교량위
34279,2020-01-17 22,야간,금,1,1,0,0,0,전남,영암군,차대차,추돌,추돌,안전운전 의무 불이행,단일로,기타단일로
34280,2020-01-05 20,야간,일,1,1,0,0,0,부산,남구,차대차,기타,기타,안전운전 의무 불이행,단일로,기타단일로
34281,2020-02-07 08,주간,금,1,1,0,0,0,충남,청양군,차량단독,도로이탈,도로이탈 추락,안전운전 의무 불이행,기타,기타
34282,2020-01-05 19,야간,일,1,1,0,0,0,경기,이천시,차량단독,도로이탈,도로이탈 기타,과속,단일로,기타단일로
34283,2020-03-09 19,야간,월,1,1,0,0,0,경북,청송군,차대사람,횡단중,횡단중,안전운전 의무 불이행,단일로,지하차도(도로)내
34284,2020-05-20 11,주간,수,1,1,0,0,0,전북,진안군,차량단독,도로이탈,도로이탈 기타,안전운전 의무 불이행,교차로,교차로내
34285,2020-01-13 06,주간,월,1,1,0,0,0,전북,정읍시,차대차,측면충돌,측면충돌,중앙선 침범,교차로,교차로부근
34286,2020-01-17 21,야간,금,1,1,0,0,0,전남,무안군,차대차,추돌,추돌,안전운전 의무 불이행,교차로,교차로내
34287,2020-02-10 18,야간,월,1,1,0,0,0,경북,고령군,차량단독,공작물충돌,공작물충돌,안전운전 의무 불이행,단일로,기타단일로
34288,2020-05-15 15,주간,금,1,1,0,0,0,경북,영양군,차량단독,전복,전복,안전운전 의무 불이행,기타,기타
34289,2020-02-02 17,주간,일,1,1,0,0,0,경북,청도군,차대사람,길가장자리구역통행중,길가장자리구역통행중,안전운전 의무 불이행,단일로,기타단일로
34290,2020-01-05 18,야간,일,1,1,0,0,0,경북,경주시,차대사람,횡단중,횡단중,안전운전 의무 불이행,교차로,교차로내
34291,2020-01-15 02,야간,수,1,1,0,0,0,경기,양평군,차량단독,공작물충돌,공작물충돌,안전운전 의무 불이행,단일로,기타단일로
34292,2020-02-21 06,주간,금,1,3,1,0,1,전남,장성군,차대차,추돌,추돌,과속,기타,기타
34293,2020-01-10 09,주간,금,1,2,1,0,0,경기,양주시,차대차,추돌,추돌,안전운전 의무 불이행,단일로,기타단일로
34294,2020-01-05 19,야간,일,1,5,1,3,0,경기,화성시,차대차,추돌,추돌,중앙선 침범,단일로,기타단일로
34295,2020-02-03 06,주간,월,1,1,0,0,0,경남,고성군,차량단독,공작물충돌,공작물충돌,안전운전 의무 불이행,단일로,기타단일로
34296,2020-01-21 22,야간,화,1,1,0,0,0,충남,예산군,차대사람,차도통행중,차도통행중,안전운전 의무 불이행,단일로,기타단일로
34297,2020-02-07 06,주간,금,1,1,0,0,0,경기,과천시,차대사람,횡단중,횡단중,과속,단일로,기타단일로
34298,2020-02-03 15,주간,월,1,1,0,0,0,충남,태안군,차대사람,차도통행중,차도통행중,과속,단일로,기타단일로
34299,2020-03-10 22,야간,화,1,1,0,0,0,경남,하동군,차량단독,기타,기타,안전운전 의무 불이행,단일로,기타단일로
34300,2020-03-07 00,야간,토,1,1,0,0,0,경남,함양군,차량단독,전복,전복,안전운전 의무 불이행,단일로,기타단일로
34301,2020-01-15 07,주간,수,1,1,0,0,0,충남,보령시,차대사람,횡단중,횡단중,과속,교차로,교차로내
34302,2020-05-07 23,야간,목,1,1,0,0,0,강원,인제군,차량단독,공작물충돌,공작물충돌,안전운전 의무 불이행,단일로,기타단일로
34303,2020-02-19 19,야간,수,1,1,0,0,0,경북,의성군,차량단독,공작물충돌,공작물충돌,안전운전 의무 불이행,단일로,기타단일로
34304,2020-01-16 15,주간,목,1,1,0,0,0,경남,통영시,차량단독,공작물충돌,공작물충돌,안전운전 의무 불이행,단일로,기타단일로
34305,2020-01-31 06,주간,금,1,1,0,0,0,충남,공주시,차대차,추돌,추돌,안전운전 의무 불이행,기타,기타
34306,2020-03-08 16,주간,일,1,1,0,0,0,경남,함양군,차대차,측면충돌,측면충돌,안전운전 의무 불이행,단일로,기타단일로
34307,2020-02-28 02,야간,금,1,1,0,0,0,전북,고창군,차대차,후진중충돌,후진중충돌,기타,교차로,교차로부근
34308,2020-01-15 18,야간,수,1,1,0,0,0,충남,논산시,차대사람,차도통행중,차도통행중,안전운전 의무 불이행,단일로,기타단일로
34309,2020-04-07 07,주간,화,1,1,0,0,0,강원,화천군,차량단독,도로이탈,도로이탈 추락,안전운전 의무 불이행,단일로,기타단일로
34310,2020-02-03 12,주간,월,1,2,0,1,0,충남,천안시,차대차,기타,기타,안전운전 의무 불이행,단일로,터널안
34311,2020-02-20 18,야간,목,1,6,0,5,0,경북,예천군,차대차,측면충돌,측면충돌,중앙선 침범,교차로,교차로부근
34312,2020-02-19 11,주간,수,1,1,0,0,0,경북,청도군,차대차,측면충돌,측면충돌,안전운전 의무 불이행,교차로,교차로내
34313,2020-02-09 12,주간,일,1,5,3,1,0,충남,태안군,차량단독,도로이탈,도로이탈 기타,안전운전 의무 불이행,단일로,기타단일로
34314,2020-01-06 07,주간,월,1,1,0,0,0,전남,신안군,차대사람,횡단중,횡단중,안전운전 의무 불이행,단일로,기타단일로
34315,2020-05-24 17,주간,일,1,1,0,0,0,강원,양구군,차량단독,도로이탈,도로이탈 추락,안전운전 의무 불이행,교차로,교차로내
34316,2020-04-05 05,야간,일,1,1,0,0,0,강원,철원군,차대사람,차도통행중,차도통행중,안전운전 의무 불이행,단일로,기타단일로
34317,2020-04-04 14,주간,토,1,1,0,0,0,충북,보은군,차량단독,공작물충돌,공작물충돌,안전운전 의무 불이행,교차로,교차로내
34318,2020-01-13 06,주간,월,1,2,1,0,0,경북,김천시,차대사람,횡단중,횡단중,안전운전 의무 불이행,교차로,교차로내
34319,2020-01-29 13,주간,수,1,3,1,1,0,경기,가평군,차대차,측면충돌,측면충돌,안전운전 의무 불이행,단일로,기타단일로
34320,2020-01-10 17,주간,금,1,1,0,0,0,충남,서산시,차대사람,길가장자리구역통행중,길가장자리구역통행중,안전운전 의무 불이행,교차로,교차로내
34321,2020-01-10 15,주간,금,1,2,1,0,0,경북,안동시,차대차,정면충돌,정면충돌,중앙선 침범,단일로,기타단일로
34322,2020-02-26 22,야간,수,1,1,0,0,0,경남,합천군,차량단독,도로이탈,도로이탈 기타,안전운전 의무 불이행,교차로,교차로부근
34323,2020-01-13 14,주간,월,1,1,0,0,0,경북,김천시,차량단독,전도,전도,안전운전 의무 불이행,단일로,기타단일로
34324,2020-01-07 01,야간,화,1,1,0,0,0,충남,천안시,차량단독,공작물충돌,공작물충돌,안전운전 의무 불이행,단일로,기타단일로
34325,2020-01-29 22,야간,수,1,2,1,0,0,충북,음성군,차대차,추돌,추돌,과속,단일로,기타단일로
34326,2020-02-06 21,야간,목,1,3,2,0,0,충북,청주시,차대차,추돌,추돌,안전운전 의무 불이행,단일로,기타단일로
34327,2020-03-12 09,주간,목,1,1,0,0,0,전남,보성군,차대차,기타,기타,안전운전 의무 불이행,단일로,터널안
34328,2020-02-13 10,주간,목,1,3,2,0,0,경남,고성군,차대차,기타,기타,안전운전 의무 불이행,단일로,기타단일로
34329,2020-03-06 17,주간,금,1,2,1,0,0,경북,의성군,차대차,측면충돌,측면충돌,신호위반,교차로,교차로내
34330,2020-04-06 09,주간,월,1,1,0,0,0,경북,봉화군,차대차,측면충돌,측면충돌,중앙선 침범,단일로,기타단일로
34331,2020-02-19 09,주간,수,1,1,0,0,0,전남,영광군,차대차,측면충돌,측면충돌,과속,교차로,교차로내
34332,2020-08-30 23,야간,일,1,1,0,0,0,전북,장수군,차대차,추돌,추돌,과속,단일로,기타단일로
34333,2020-02-10 16,주간,월,1,2,1,0,0,전북,고창군,차대차,측면충돌,측면충돌,신호위반,교차로,교차로내
34334,2020-02-06 15,주간,목,1,1,0,0,0,전남,화순군,차대사람,길가장자리구역통행중,길가장자리구역통행중,안전운전 의무 불이행,단일로,기타단일로
34335,2020-01-28 10,주간,화,1,1,0,0,0,경기,연천군,차량단독,도로이탈,도로이탈 추락,안전운전 의무 불이행,단일로,기타단일로
34336,2020-01-15 18,야간,수,1,4,3,0,0,경북,칠곡군,차대차,추돌,추돌,안전운전 의무 불이행,단일로,교량위
34337,2020-01-15 13,주간,수,1,1,0,0,0,경남,창원시(통합),차대사람,기타,기타,안전운전 의무 불이행,교차로,교차로부근
34338,2020-01-14 06,주간,화,1,1,0,0,0,경남,창원시(통합),차대사람,횡단중,횡단중,안전운전 의무 불이행,단일로,기타단일로
34339,2020-03-24 10,주간,화,1,1,0,0,0,강원,고성군,차량단독,도로이탈,도로이탈 추락,안전운전 의무 불이행,단일로,기타단일로
34340,2020-01-06 23,야간,월,1,1,0,0,0,경기,용인시,차대차,추돌,추돌,안전운전 의무 불이행,단일로,기타단일로
34341,2020-02-05 20,야간,수,1,2,0,0,1,경남,창녕군,차대차,추돌,추돌,안전운전 의무 불이행,교차로,교차로부근
34342,2020-01-12 16,주간,일,1,3,1,1,0,충남,서산시,차대차,측면충돌,측면충돌,신호위반,교차로,교차로내
34343,2020-01-11 20,야간,토,1,1,0,0,0,대구,남구,차대사람,횡단중,횡단중,안전운전 의무 불이행,단일로,기타단일로
34344,2020-02-10 19,야간,월,1,1,0,0,0,전남,고흥군,차대사람,차도통행중,차도통행중,안전운전 의무 불이행,단일로,기타단일로
34345,2020-07-09 23,야간,목,1,1,0,0,0,경북,영양군,차대사람,차도통행중,차도통행중,안전운전 의무 불이행,단일로,기타단일로
34346,2020-01-26 00,야간,일,1,1,0,0,0,서울,은평구,차대사람,횡단중,횡단중,안전운전 의무 불이행,단일로,기타단일로
34347,2020-01-19 06,주간,일,1,1,0,0,0,충남,논산시,차대사람,횡단중,횡단중,안전운전 의무 불이행,교차로,교차로부근
34348,2020-03-10 19,야간,화,1,2,1,0,0,경북,예천군,차량단독,공작물충돌,공작물충돌,안전운전 의무 불이행,단일로,기타단일로
34349,2020-01-10 07,주간,금,1,1,0,0,0,경기,화성시,차대차,측면충돌,측면충돌,안전운전 의무 불이행,단일로,기타단일로
34350,2020-04-24 14,주간,금,1,1,0,0,0,경남,의령군,차대차,측면충돌,측면충돌,안전운전 의무 불이행,교차로,교차로내
34351,2020-03-30 13,주간,월,1,2,0,0,1,강원,영월군,차량단독,공작물충돌,공작물충돌,안전운전 의무 불이행,단일로,지하차도(도로)내
34352,2020-01-13 20,야간,월,1,1,0,0,0,충남,서산시,차대사람,횡단중,횡단중,안전운전 의무 불이행,교차로,교차로내
34353,2020-02-17 06,주간,월,1,1,0,0,0,충북,옥천군,차대차,추돌,추돌,안전운전 의무 불이행,단일로,기타단일로
34354,2020-01-31 05,야간,금,1,1,0,0,0,서울,종로구,차대사람,보도통행중,보도통행중,안전운전 의무 불이행,단일로,기타단일로
34355,2020-03-06 06,주간,금,1,1,0,0,0,충북,영동군,차대사람,횡단중,횡단중,보행자 보호의무 위반,교차로,교차로횡단보도내
34356,2020-03-13 13,주간,금,1,1,0,0,0,경북,예천군,차대사람,차도통행중,차도통행중,안전운전 의무 불이행,교차로,교차로내
34357,2020-04-17 13,주간,금,1,1,0,0,0,경북,봉화군,차대사람,기타,기타,안전운전 의무 불이행,기타,기타
34358,2020-06-22 18,야간,월,1,1,0,0,0,강원,양구군,차대사람,횡단중,횡단중,안전운전 의무 불이행,단일로,기타단일로
34359,2020-02-06 03,야간,목,1,2,0,1,0,경기,가평군,차대차,정면충돌,정면충돌,중앙선 침범,단일로,기타단일로
34360,2020-01-14 17,주간,화,1,2,0,1,0,경기,부천시,차대차,기타,기타,신호위반,단일로,고가도로위
34361,2020-07-02 04,야간,목,1,2,0,1,0,전북,남원시,차대차,추돌,추돌,과속,단일로,터널안
34362,2020-01-23 18,야간,목,1,1,0,0,0,경북,상주시,차대사람,차도통행중,차도통행중,안전운전 의무 불이행,단일로,기타단일로
34363,2020-01-13 18,야간,월,1,1,0,0,0,경남,거제시,차대차,기타,기타,안전운전 의무 불이행,교차로,교차로내
34364,2020-01-10 18,야간,금,1,3,1,1,0,부산,연제구,차대사람,횡단중,횡단중,보행자 보호의무 위반,교차로,교차로횡단보도내
34365,2020-02-27 18,야간,목,1,1,0,0,0,전남,담양군,차대사람,기타,기타,안전운전 의무 불이행,단일로,기타단일로
34366,2020-05-19 08,주간,화,1,1,0,0,0,충남,금산군,차대차,측면충돌,측면충돌,교차로 통행방법 위반,교차로,교차로내
34367,2020-01-10 04,야간,금,1,1,0,0,0,서울,강남구,차대사람,횡단중,횡단중,안전운전 의무 불이행,단일로,기타단일로