교통사고이력ID(사고기록 순서),발생년월일시,주야코드,요일코드,사망자수,부상자수,중상자수,경상자수,부상신고자수,발생지시도코드,발생지시도코드,사고유형대분류코드,사고유형중분류코드,사고유형코드,법규위반코드,도로형태대분류코드,도로로형태코드
34368,2020-05-15 03,야간,금,1,1,0,0,0,강원,화천군,차대사람,길가장자리구역통행중,길가장자리구역통행중,안전운전 의무 불이행,단일로,기타단일로
34369,2020-01-06 23,야간,월,1,2,1,0,0,광주,서구,차대차,추돌,추돌,안전운전 의무 불이행,단일로,기타단일로
34370,2020-02-29 17,주간,토,3,6,3,0,0,경남,거창군,차량단독,전도,전도,과속,단일로,기타단일로
34371,2020-01-10 23,야간,금,1,1,0,0,0,부산,연제구,차대사람,차도통행중,차도통행중,안전운전 의무 불이행,교차로,교차로부근
34372,2020-02-03 10,주간,월,1,1,0,0,0,전남,영광군,차량단독,도로이탈,도로이탈 추락,안전운전 의무 불이행,단일로,기타단일로
34373,2020-01-24 05,야간,금,1,1,0,0,0,충남,홍성군,차대사람,횡단중,횡단중,보행자 보호의무 위반,교차로,교차로내
34374,2020-02-27 04,야간,목,1,1,0,0,0,경기,과천시,차량단독,기타,기타,안전운전 의무 불이행,교차로,교차로부근
34375,2020-01-23 13,주간,목,1,4,2,1,0,경기,여주시,차대차,기타,기타,중앙선 침범,단일로,기타단일로
34376,2020-01-15 20,야간,수,1,3,2,0,0,경기,군포시,차대사람,보도통행중,보도통행중,신호위반,교차로,교차로부근
34377,2020-01-27 18,야간,월,1,1,0,0,0,충북,음성군,차량단독,공작물충돌,공작물충돌,안전운전 의무 불이행,교차로,교차로부근
34378,2020-03-29 16,주간,일,1,3,0,2,0,경북,청도군,차대차,측면충돌,측면충돌,중앙선 침범,단일로,지하차도(도로)내
34379,2020-06-24 14,주간,수,1,1,0,0,0,경북,군위군,차량단독,공작물충돌,공작물충돌,안전운전 의무 불이행,단일로,기타단일로
34380,2020-02-29 18,야간,토,1,2,0,1,0,충남,태안군,차대차,정면충돌,정면충돌,중앙선 침범,단일로,기타단일로
34381,2020-03-22 14,주간,일,1,4,2,1,0,경남,합천군,차대차,측면충돌,측면충돌,교차로 통행방법 위반,교차로,교차로내
34382,2020-02-28 21,야간,금,1,1,0,0,0,경북,영덕군,차대차,정면충돌,정면충돌,중앙선 침범,단일로,기타단일로
34383,2020-03-29 16,주간,일,1,1,0,0,0,전남,보성군,차대차,측면충돌,측면충돌,안전운전 의무 불이행,단일로,기타단일로
34384,2020-04-13 12,주간,월,1,1,0,0,0,전남,진도군,차량단독,기타,기타,안전운전 의무 불이행,교차로,교차로내
34385,2020-03-29 20,야간,일,1,1,0,0,0,경남,김해시,차대차,추돌,추돌,안전운전 의무 불이행,단일로,터널안
34386,2020-01-11 20,야간,토,1,1,0,0,0,경기,이천시,차대사람,횡단중,횡단중,안전운전 의무 불이행,교차로,교차로부근
34387,2020-01-14 10,주간,화,1,1,0,0,0,부산,사상구,차량단독,공작물충돌,공작물충돌,안전운전 의무 불이행,교차로,교차로내
34388,2020-02-17 05,야간,월,1,1,0,0,0,충남,당진시,차대차,추돌,추돌,안전운전 의무 불이행,단일로,기타단일로
34389,2020-01-23 22,야간,목,1,1,0,0,0,부산,동구,차대차,기타,기타,신호위반,교차로,교차로내
34390,2020-05-07 12,주간,목,1,1,0,0,0,강원,평창군,차량단독,도로이탈,도로이탈 기타,안전운전 의무 불이행,단일로,기타단일로
34391,2020-05-31 16,주간,일,1,1,0,0,0,충남,금산군,차대사람,기타,기타,안전운전 의무 불이행,단일로,기타단일로
34392,2020-03-26 20,야간,목,1,1,0,0,0,경남,합천군,차대사람,차도통행중,차도통행중,안전운전 의무 불이행,기타,기타
34393,2020-01-18 06,주간,토,1,1,0,0,0,부산,북구,차대사람,횡단중,횡단중,안전운전 의무 불이행,단일로,기타단일로
34394,2020-01-31 12,주간,금,1,1,0,0,0,전북,완주군,차량단독,전도,전도,안전운전 의무 불이행,단일로,기타단일로
34395,2020-01-17 05,야간,금,1,1,0,0,0,경기,군포시,차대차,측면충돌,측면충돌,과속,교차로,교차로부근
34396,2020-03-08 13,주간,일,1,1,0,0,0,경기,연천군,차대차,기타,기타,안전운전 의무 불이행,단일로,기타단일로
34397,2020-10-04 07,주간,일,1,1,0,0,0,전북,장수군,차량단독,공작물충돌,공작물충돌,안전운전 의무 불이행,단일로,기타단일로
34398,2020-03-27 13,주간,금,1,3,2,0,0,경남,합천군,차량단독,공작물충돌,공작물충돌,안전운전 의무 불이행,단일로,교량위
34399,2020-01-18 23,야간,토,1,2,1,0,0,부산,북구,차량단독,기타,기타,안전운전 의무 불이행,단일로,기타단일로
34400,2020-01-23 08,주간,목,1,1,0,0,0,전북,정읍시,차량단독,공작물충돌,공작물충돌,안전운전 의무 불이행,단일로,지하차도(도로)내
34401,2020-01-24 14,주간,금,1,1,0,0,0,경북,영천시,차대사람,기타,기타,안전운전 의무 불이행,교차로,교차로부근
34402,2020-02-01 10,주간,토,1,1,0,0,0,전북,완주군,차대사람,기타,기타,안전운전 의무 불이행,교차로,교차로내
34403,2020-05-09 08,주간,토,1,1,0,0,0,충북,보은군,차량단독,전도,전도,안전운전 의무 불이행,단일로,기타단일로
34404,2020-03-04 19,야간,수,1,5,0,4,0,충남,태안군,차대차,추돌,추돌,안전운전 의무 불이행,교차로,교차로부근
34405,2020-01-30 01,야간,목,1,2,1,0,0,경북,고령군,차대차,정면충돌,정면충돌,중앙선 침범,단일로,교량위
34406,2020-03-02 23,야간,월,1,1,0,0,0,전북,고창군,차대차,측면충돌,측면충돌,안전운전 의무 불이행,단일로,지하차도(도로)내
34407,2020-06-07 10,주간,일,1,1,0,0,0,충남,금산군,차대사람,차도통행중,차도통행중,안전운전 의무 불이행,교차로,교차로내
34408,2020-01-09 23,야간,목,1,4,1,2,0,인천,연수구,차대차,측면충돌,측면충돌,신호위반,교차로,교차로내
34409,2020-01-24 17,주간,금,1,8,1,5,1,충남,논산시,차대차,기타,기타,안전운전 의무 불이행,단일로,기타단일로
34410,2020-07-06 20,야간,월,1,4,1,2,0,경북,군위군,차대차,추돌,추돌,과속,단일로,기타단일로
34411,2020-01-23 09,주간,목,1,2,0,0,1,경기,시흥시,차대차,정면충돌,정면충돌,안전운전 의무 불이행,단일로,기타단일로
34412,2020-05-28 14,주간,목,1,1,0,0,0,경북,청송군,차대차,측면충돌,측면충돌,중앙선 침범,단일로,지하차도(도로)내
34413,2020-02-19 20,야간,수,1,1,0,0,0,전남,화순군,차량단독,도로이탈,도로이탈 추락,안전운전 의무 불이행,단일로,기타단일로
34414,2020-05-11 11,주간,월,1,1,0,0,0,전남,구례군,차량단독,기타,기타,안전운전 의무 불이행,단일로,기타단일로
34415,2020-01-19 15,주간,일,1,1,0,0,0,경북,김천시,차량단독,공작물충돌,공작물충돌,안전운전 의무 불이행,단일로,기타단일로
34416,2020-08-05 14,주간,수,1,1,0,0,0,경남,함양군,차대사람,기타,기타,안전운전 의무 불이행,단일로,기타단일로
34417,2020-02-16 00,야간,일,1,1,0,0,0,충북,괴산군,차량단독,전도,전도,안전운전 의무 불이행,단일로,기타단일로
34418,2020-05-22 11,주간,금,1,2,1,0,0,충북,보은군,차대차,측면충돌,측면충돌,안전운전 의무 불이행,교차로,교차로내
34419,2020-03-16 20,야간,월,1,1,0,0,0,경남,거창군,차량단독,공작물충돌,공작물충돌,안전운전 의무 불이행,교차로,교차로내
34420,2020-06-24 08,주간,수,1,1,0,0,0,강원,철원군,차대차,측면충돌,측면충돌,중앙선 침범,교차로,교차로부근
34421,2020-08-19 10,주간,수,1,1,0,0,0,전북,진안군,차량단독,도로이탈,도로이탈 기타,안전운전 의무 불이행,단일로,기타단일로
34422,2020-04-21 17,주간,화,1,1,0,0,0,강원,화천군,차량단독,공작물충돌,공작물충돌,기타,단일로,기타단일로
34423,2020-02-07 14,주간,금,1,1,0,0,0,서울,은평구,차대사람,차도통행중,차도통행중,안전운전 의무 불이행,교차로,교차로내
34424,2020-02-07 14,주간,금,1,1,0,0,0,서울,은평구,차대사람,횡단중,횡단중,안전운전 의무 불이행,교차로,교차로내
34425,2020-08-19 21,야간,수,1,2,1,0,0,전북,진안군,차대차,추돌,추돌,안전운전 의무 불이행,단일로,기타단일로
34426,2020-05-07 20,야간,목,1,1,0,0,0,전남,진도군,차대사람,횡단중,횡단중,안전운전 의무 불이행,교차로,교차로부근
34427,2020-08-19 19,야간,수,1,1,0,0,0,전북,진안군,차대차,추돌,추돌,안전운전 의무 불이행,단일로,기타단일로
34428,2020-01-15 18,야간,수,1,1,0,0,0,경남,김해시,차대사람,횡단중,횡단중,안전운전 의무 불이행,교차로,교차로내
34429,2020-05-23 12,주간,토,1,1,0,0,0,전남,구례군,차량단독,전도,전도,안전운전 의무 불이행,단일로,기타단일로
34430,2020-08-27 11,주간,목,1,1,0,0,0,전북,진안군,차대차,정면충돌,정면충돌,안전운전 의무 불이행,교차로,교차로내
34431,2020-02-02 19,야간,일,1,1,0,0,0,경북,상주시,차대사람,횡단중,횡단중,안전운전 의무 불이행,단일로,기타단일로
34432,2020-01-10 02,야간,금,1,1,0,0,0,전북,전주시,차대사람,횡단중,횡단중,안전운전 의무 불이행,교차로,교차로횡단보도내
34433,2020-04-02 16,주간,목,1,1,0,0,0,전북,익산시,차량단독,전도,전도,안전운전 의무 불이행,단일로,기타단일로
34434,2020-01-11 18,야간,토,1,1,0,0,0,경남,양산시,차대사람,기타,기타,안전운전 의무 불이행,단일로,기타단일로
34435,2020-01-15 07,주간,수,1,35,4,18,12,경기,용인시,차대차,추돌,추돌,안전운전 의무 불이행,단일로,기타단일로
34436,2020-02-25 15,주간,화,1,2,1,0,0,충남,예산군,차량단독,도로이탈,도로이탈 기타,안전운전 의무 불이행,단일로,기타단일로
34437,2020-01-09 07,주간,목,1,1,0,0,0,경기,용인시,차대사람,길가장자리구역통행중,길가장자리구역통행중,안전운전 의무 불이행,단일로,기타단일로
34438,2020-03-15 22,야간,일,1,1,0,0,0,충남,태안군,차량단독,기타,기타,안전운전 의무 불이행,단일로,기타단일로
34439,2020-01-13 20,야간,월,1,1,0,0,0,서울,서초구,차대차,기타,기타,안전운전 의무 불이행,교차로,교차로횡단보도내
34440,2020-03-23 16,주간,월,1,1,0,0,0,경기,과천시,차대사람,기타,기타,기타,기타,기타
34441,2020-01-11 19,야간,토,1,1,0,0,0,제주,서귀포시,차대차,추돌,추돌,안전운전 의무 불이행,단일로,기타단일로
34442,2020-08-24 09,주간,월,1,1,0,0,0,경남,함양군,차대차,추돌,추돌,과속,단일로,기타단일로
34443,2020-01-23 03,야간,목,1,1,0,0,0,경남,창원시(통합),차대사람,횡단중,횡단중,안전운전 의무 불이행,교차로,교차로내
34444,2020-04-07 11,주간,화,1,1,0,0,0,경북,울진군,차대차,기타,기타,안전운전 의무 불이행,단일로,기타단일로
34445,2020-02-05 20,야간,수,1,1,0,0,0,경기,여주시,차대사람,횡단중,횡단중,안전운전 의무 불이행,단일로,기타단일로
34446,2020-01-12 18,야간,일,1,1,0,0,0,충북,청주시,차대사람,차도통행중,차도통행중,안전운전 의무 불이행,단일로,기타단일로
34447,2020-03-30 09,주간,월,2,3,0,1,0,전남,영광군,차대차,측면충돌,측면충돌,안전운전 의무 불이행,교차로,교차로내
34448,2020-03-31 09,주간,화,1,1,0,0,0,전남,담양군,차대차,측면충돌,측면충돌,중앙선 침범,교차로,교차로부근
34449,2020-01-14 07,주간,화,1,1,0,0,0,서울,중랑구,차대사람,횡단중,횡단중,신호위반,교차로,교차로내
34450,2020-01-14 14,주간,화,1,1,0,0,0,서울,양천구,차대사람,보도통행중,보도통행중,기타,기타,기타
34451,2020-01-16 13,주간,목,1,1,0,0,0,경기,이천시,차대사람,횡단중,횡단중,안전운전 의무 불이행,교차로,교차로내
34452,2020-01-11 16,주간,토,1,1,0,0,0,경기,김포시,차량단독,전복,전복,안전운전 의무 불이행,교차로,교차로내
34453,2020-01-24 05,야간,금,1,1,0,0,0,경북,영천시,차량단독,도로이탈,도로이탈 기타,안전운전 의무 불이행,단일로,기타단일로
34454,2020-03-19 19,야간,목,1,1,0,0,0,충남,태안군,차대사람,차도통행중,차도통행중,안전운전 의무 불이행,단일로,기타단일로
34455,2020-01-10 01,야간,금,1,1,0,0,0,경기,수원시,차량단독,전도,전도,안전운전 의무 불이행,단일로,기타단일로
34456,2020-05-20 09,주간,수,1,1,0,0,0,경남,함안군,차대차,추돌,추돌,안전운전 의무 불이행,단일로,기타단일로
34457,2020-04-02 14,주간,목,1,1,0,0,0,전남,영광군,차량단독,전도,전도,안전운전 의무 불이행,단일로,기타단일로
34458,2020-02-10 18,야간,월,1,2,0,1,0,대구,북구,차대차,추돌,추돌,안전운전 의무 불이행,단일로,기타단일로
34459,2020-06-10 08,주간,수,1,3,0,0,2,경북,봉화군,차량단독,전도,전도,안전운전 의무 불이행,단일로,기타단일로
34460,2020-02-26 11,주간,수,1,3,1,1,0,충북,증평군,차대차,측면충돌,측면충돌,안전운전 의무 불이행,단일로,기타단일로
34461,2020-03-27 20,야간,금,1,1,0,0,0,충남,서천군,차대사람,차도통행중,차도통행중,안전운전 의무 불이행,단일로,기타단일로
34462,2020-06-04 20,야간,목,1,2,0,1,0,전북,임실군,차대차,추돌,추돌,안전운전 의무 불이행,단일로,기타단일로
34463,2020-02-09 16,주간,일,1,2,0,1,0,충북,음성군,차대차,정면충돌,정면충돌,중앙선 침범,단일로,지하차도(도로)내
34464,2020-04-04 15,주간,토,1,1,0,0,0,전남,완도군,차대사람,차도통행중,차도통행중,안전운전 의무 불이행,단일로,기타단일로
34465,2020-03-24 00,야간,화,1,2,1,0,0,강원,원주시,차대차,추돌,추돌,안전거리 미확보,단일로,기타단일로
34466,2020-03-16 00,야간,월,1,1,0,0,0,강원,홍천군,차량단독,공작물충돌,공작물충돌,과속,단일로,지하차도(도로)내
34467,2020-04-28 07,주간,화,1,1,0,0,0,경북,예천군,차대사람,기타,기타,안전운전 의무 불이행,단일로,기타단일로
34468,2020-09-24 21,야간,목,1,2,1,0,0,전북,진안군,차대차,추돌,추돌,안전운전 의무 불이행,단일로,기타단일로
34469,2020-06-04 18,야간,목,1,1,0,0,0,경남,하동군,차대사람,횡단중,횡단중,안전운전 의무 불이행,단일로,기타단일로
34470,2020-01-15 10,주간,수,1,1,0,0,0,경남,진주시,차량단독,기타,기타,안전운전 의무 불이행,단일로,기타단일로
34471,2020-01-14 13,주간,화,1,1,0,0,0,경북,포항시,차대차,추돌,추돌,안전운전 의무 불이행,교차로,교차로부근
34472,2020-01-21 18,야간,화,1,2,0,1,0,인천,중구,차대차,추돌,추돌,안전운전 의무 불이행,단일로,기타단일로
34473,2020-05-12 11,주간,화,1,5,2,2,0,전남,보성군,차대차,측면충돌,측면충돌,교차로 통행방법 위반,교차로,교차로내
34474,2020-04-03 09,주간,금,1,3,0,2,0,경기,과천시,차대차,추돌,추돌,안전운전 의무 불이행,단일로,기타단일로
34475,2020-05-11 15,주간,월,1,1,0,0,0,경북,고령군,차대차,측면충돌,측면충돌,중앙선 침범,단일로,지하차도(도로)내
34476,2020-02-07 18,야간,금,1,1,0,0,0,경북,상주시,차대사람,차도통행중,차도통행중,안전운전 의무 불이행,단일로,기타단일로
34477,2020-02-22 21,야간,토,1,1,0,0,0,경북,문경시,차대사람,차도통행중,차도통행중,과속,단일로,기타단일로
34478,2020-05-28 12,주간,목,1,1,0,0,0,전남,함평군,차량단독,전복,전복,안전운전 의무 불이행,교차로,교차로부근
34479,2020-01-28 04,야간,화,1,1,0,0,0,경남,김해시,차량단독,공작물충돌,공작물충돌,안전운전 의무 불이행,교차로,교차로부근
34480,2020-05-04 15,주간,월,1,1,0,0,0,경북,의성군,차대차,측면충돌,측면충돌,안전운전 의무 불이행,기타,기타
34481,2020-01-17 06,주간,금,1,1,0,0,0,경기,광명시,차대사람,횡단중,횡단중,과속,단일로,기타단일로
34482,2020-03-14 15,주간,토,1,12,2,9,0,충남,공주시,차대차,추돌,추돌,안전운전 의무 불이행,기타,기타
34483,2020-03-08 01,야간,일,1,1,0,0,0,충남,예산군,차량단독,전복,전복,안전운전 의무 불이행,단일로,기타단일로
34484,2020-02-15 00,야간,토,1,4,0,3,0,전남,나주시,차대사람,차도통행중,차도통행중,안전운전 의무 불이행,단일로,기타단일로
34485,2020-01-15 07,주간,수,1,1,0,0,0,전북,익산시,차대사람,횡단중,횡단중,과속,단일로,기타단일로
34486,2020-03-18 17,주간,수,1,1,0,0,0,전남,고흥군,차량단독,도로이탈,도로이탈 기타,안전운전 의무 불이행,단일로,기타단일로
34487,2020-04-10 20,야간,금,1,1,0,0,0,경북,성주군,차량단독,공작물충돌,공작물충돌,안전운전 의무 불이행,교차로,교차로내
34488,2020-01-10 23,야간,금,1,2,0,1,0,대전,서구,차대사람,횡단중,횡단중,안전운전 의무 불이행,단일로,기타단일로
34489,2020-08-01 09,주간,토,1,1,0,0,0,전남,곡성군,차대차,추돌,추돌,안전운전 의무 불이행,단일로,기타단일로
34490,2020-05-02 14,주간,토,1,1,0,0,0,경북,청도군,차량단독,도로이탈,도로이탈 추락,안전운전 의무 불이행,단일로,지하차도(도로)내
34491,2020-01-08 03,야간,수,1,2,0,1,0,경기,평택시,차대차,추돌,추돌,안전운전 의무 불이행,단일로,기타단일로
34492,2020-06-02 15,주간,화,1,1,0,0,0,전남,함평군,차량단독,도로이탈,도로이탈 추락,안전운전 의무 불이행,단일로,기타단일로
34493,2020-02-15 09,주간,토,1,2,1,0,0,전남,나주시,차대차,측면충돌,측면충돌,신호위반,교차로,교차로내
34494,2020-05-04 10,주간,월,1,1,0,0,0,경북,청도군,차대차,측면충돌,측면충돌,기타,교차로,교차로내
34495,2020-01-13 20,야간,월,1,1,0,0,0,충북,청주시,차대사람,기타,기타,안전운전 의무 불이행,단일로,기타단일로
34496,2020-01-27 01,야간,월,1,5,1,3,0,경남,김해시,차대차,측면충돌,측면충돌,안전운전 의무 불이행,단일로,기타단일로
34497,2020-06-22 00,야간,월,1,1,0,0,0,전북,임실군,차대사람,차도통행중,차도통행중,안전운전 의무 불이행,단일로,기타단일로
34498,2020-04-08 12,주간,수,1,1,0,0,0,경남,거창군,차대차,추돌,추돌,안전운전 의무 불이행,단일로,터널안
34499,2020-06-04 16,주간,목,1,1,0,0,0,전남,함평군,차대차,측면충돌,측면충돌,기타,교차로,교차로내
34500,2020-03-22 22,야간,일,1,2,1,0,0,전남,강진군,차량단독,도로이탈,도로이탈 추락,안전운전 의무 불이행,단일로,기타단일로
34501,2020-05-12 23,야간,화,1,2,0,1,0,전북,김제시,차대차,추돌,추돌,안전운전 의무 불이행,단일로,기타단일로
34502,2020-01-14 19,야간,화,1,1,0,0,0,대전,대덕구,차대사람,기타,기타,안전운전 의무 불이행,교차로,교차로내
34503,2020-05-13 01,야간,수,1,1,0,0,0,전남,장성군,차대사람,횡단중,횡단중,안전운전 의무 불이행,단일로,기타단일로
34504,2020-01-10 06,주간,금,1,1,0,0,0,경북,구미시,차량단독,전도,전도,안전운전 의무 불이행,교차로,교차로부근
34505,2020-07-30 02,야간,목,1,1,0,0,0,강원,철원군,차대사람,기타,기타,안전운전 의무 불이행,단일로,기타단일로
34506,2020-01-17 11,주간,금,1,2,0,1,0,서울,강남구,차대사람,횡단중,횡단중,신호위반,교차로,교차로횡단보도내
34507,2020-03-04 17,주간,수,1,2,0,1,0,전남,해남군,차대차,추돌,추돌,안전운전 의무 불이행,단일로,기타단일로
34508,2020-06-12 20,야간,금,1,1,0,0,0,경남,창녕군,차대차,기타,기타,안전운전 의무 불이행,단일로,기타단일로
34509,2020-02-05 19,야간,수,1,1,0,0,0,충남,논산시,차량단독,공작물충돌,공작물충돌,안전운전 의무 불이행,단일로,기타단일로
34510,2020-06-14 01,야간,일,1,4,2,1,0,경남,함안군,차대차,정면충돌,정면충돌,기타,단일로,기타단일로
34511,2020-08-20 13,주간,목,1,2,1,0,0,전북,순창군,차대차,정면충돌,정면충돌,안전운전 의무 불이행,교차로,교차로내
34512,2020-01-21 18,야간,화,1,1,0,0,0,서울,마포구,차대사람,차도통행중,차도통행중,안전운전 의무 불이행,단일로,기타단일로
34513,2020-01-22 18,야간,수,1,1,0,0,0,광주,남구,차대사람,기타,기타,안전운전 의무 불이행,교차로,교차로내
34514,2020-01-30 06,주간,목,1,1,0,0,0,울산,울주군,차대사람,차도통행중,차도통행중,안전운전 의무 불이행,교차로,교차로내
34515,2020-05-13 10,주간,수,1,1,0,0,0,경북,의성군,차량단독,도로이탈,도로이탈 추락,안전운전 의무 불이행,기타,기타
34516,2020-01-22 07,주간,수,1,1,0,0,0,서울,구로구,차대차,측면충돌,측면충돌,기타,교차로,교차로부근
34517,2020-03-27 09,주간,금,1,1,0,0,0,전남,고흥군,차대차,측면충돌,측면충돌,기타,단일로,기타단일로
34518,2020-06-22 08,주간,월,1,1,0,0,0,전남,진도군,차대차,기타,기타,안전운전 의무 불이행,교차로,교차로부근
34519,2020-07-05 15,주간,일,1,1,0,0,0,전북,무주군,차량단독,공작물충돌,공작물충돌,안전운전 의무 불이행,단일로,지하차도(도로)내
34520,2020-01-15 05,야간,수,1,1,0,0,0,경남,창원시(통합),차대차,측면충돌,측면충돌,신호위반,교차로,교차로내
34521,2020-03-15 08,주간,일,2,4,1,1,0,충남,예산군,차대차,기타,기타,안전운전 의무 불이행,교차로,교차로내
34522,2020-01-22 18,야간,수,1,1,0,0,0,경기,안성시,차대사람,기타,기타,안전운전 의무 불이행,단일로,기타단일로
34523,2020-11-16 11,주간,월,1,1,0,0,0,경기,여주시,차량단독,전도,전도,안전운전 의무 불이행,단일로,기타단일로
34524,2020-03-08 10,주간,일,1,2,1,0,0,전남,해남군,차량단독,공작물충돌,공작물충돌,안전운전 의무 불이행,단일로,기타단일로
34525,2020-01-22 12,주간,수,1,2,1,0,0,대구,남구,차량단독,공작물충돌,공작물충돌,과속,단일로,기타단일로
34526,2020-01-02 02,야간,목,1,1,0,0,0,충남,천안시,차량단독,도로이탈,도로이탈 기타,안전운전 의무 불이행,교차로,교차로부근
34527,2020-01-31 15,주간,금,1,4,1,2,0,부산,강서구,차대차,기타,기타,중앙선 침범,단일로,기타단일로
34528,2020-05-30 14,주간,토,1,1,0,0,0,전남,보성군,차량단독,도로이탈,도로이탈 추락,안전운전 의무 불이행,단일로,기타단일로
34529,2020-07-08 17,주간,수,1,1,0,0,0,전북,임실군,차량단독,공작물충돌,공작물충돌,안전운전 의무 불이행,단일로,기타단일로
34530,2020-01-23 14,주간,목,1,2,1,0,0,경기,오산시,차대차,측면충돌,측면충돌,신호위반,교차로,교차로내
34531,2020-03-05 00,야간,목,2,4,0,2,0,충북,보은군,차대차,추돌,추돌,안전운전 의무 불이행,기타,기타
34532,2020-02-08 19,야간,토,1,2,0,1,0,경북,영천시,차대사람,횡단중,횡단중,과속,단일로,기타단일로
34533,2020-01-21 18,야간,화,1,1,0,0,0,경기,성남시,차대차,측면충돌,측면충돌,안전운전 의무 불이행,교차로,교차로부근
34534,2020-01-15 15,주간,수,1,2,1,0,0,제주,제주시,차대차,측면충돌,측면충돌,기타,교차로,교차로내
34535,2020-02-23 05,야간,일,1,2,1,0,0,경북,고령군,차대차,추돌,추돌,안전운전 의무 불이행,단일로,교량위
34536,2020-08-03 14,주간,월,1,1,0,0,0,충북,보은군,차량단독,전도,전도,중앙선 침범,단일로,기타단일로
34537,2020-02-28 19,야간,금,1,1,0,0,0,부산,영도구,차대사람,길가장자리구역통행중,길가장자리구역통행중,안전운전 의무 불이행,단일로,기타단일로
34538,2020-02-22 10,주간,토,1,1,0,0,0,서울,종로구,차대차,추돌,추돌,안전거리 미확보,교차로,교차로내
34539,2020-01-19 01,야간,일,1,4,0,3,0,경기,화성시,차대차,기타,기타,중앙선 침범,단일로,기타단일로
34540,2020-05-06 13,주간,수,1,1,0,0,0,경북,울진군,차량단독,도로이탈,도로이탈 추락,안전운전 의무 불이행,단일로,기타단일로
34541,2020-01-17 22,야간,금,1,2,1,0,0,충남,천안시,차대사람,횡단중,횡단중,안전운전 의무 불이행,교차로,교차로부근
34542,2020-03-02 17,주간,월,1,1,0,0,0,전남,무안군,차대차,정면충돌,정면충돌,중앙선 침범,단일로,기타단일로
34543,2020-01-30 13,주간,목,1,3,1,1,0,경기,포천시,차대차,측면충돌,측면충돌,신호위반,교차로,교차로내
34544,2020-05-12 12,주간,화,1,1,0,0,0,경남,남해군,차량단독,공작물충돌,공작물충돌,안전운전 의무 불이행,교차로,교차로내
34545,2020-05-30 14,주간,토,1,1,0,0,0,경북,예천군,차대차,측면충돌,측면충돌,기타,교차로,교차로내
34546,2020-02-15 18,야간,토,1,1,0,0,0,경북,영주시,차대사람,기타,기타,안전운전 의무 불이행,교차로,교차로내
34547,2020-01-23 08,주간,목,1,1,0,0,0,부산,사상구,차대사람,횡단중,횡단중,과속,단일로,기타단일로
34548,2020-01-15 15,주간,수,1,1,0,0,0,전남,여수시,차량단독,공작물충돌,공작물충돌,안전운전 의무 불이행,단일로,기타단일로
34549,2020-02-16 14,주간,일,1,3,2,0,0,경북,영주시,차량단독,공작물충돌,공작물충돌,안전운전 의무 불이행,단일로,기타단일로
34550,2020-05-02 14,주간,토,1,1,0,0,0,전남,영광군,차대차,측면충돌,측면충돌,중앙선 침범,단일로,기타단일로
34551,2020-02-14 23,야간,금,1,4,2,1,0,서울,성북구,차대차,기타,기타,안전운전 의무 불이행,단일로,교량위
34552,2020-12-14 12,주간,월,1,4,0,2,1,강원,인제군,차대차,정면충돌,정면충돌,안전운전 의무 불이행,교차로,교차로부근
34553,2020-03-31 04,야간,화,1,2,0,1,0,충남,천안시,차대차,기타,기타,안전운전 의무 불이행,단일로,기타단일로
34554,2020-07-16 17,주간,목,1,1,0,0,0,강원,영월군,차량단독,공작물충돌,공작물충돌,기타,단일로,기타단일로
34555,2020-01-16 18,야간,목,1,1,0,0,0,경남,양산시,차대사람,기타,기타,안전운전 의무 불이행,단일로,기타단일로
34556,2020-03-31 20,야간,화,1,1,0,0,0,충남,금산군,차대사람,횡단중,횡단중,안전운전 의무 불이행,단일로,기타단일로
34557,2020-06-16 00,야간,화,1,3,0,2,0,충남,서천군,차대차,정면충돌,정면충돌,중앙선 침범,단일로,기타단일로
34558,2020-05-10 02,야간,일,1,3,2,0,0,경북,울진군,차대사람,기타,기타,과속,단일로,기타단일로
34559,2020-06-11 11,주간,목,1,1,0,0,0,전남,보성군,차대사람,기타,기타,기타,단일로,기타단일로
34560,2020-03-06 18,야간,금,1,1,0,0,0,전북,남원시,차량단독,공작물충돌,공작물충돌,안전운전 의무 불이행,단일로,기타단일로
34561,2020-01-11 06,주간,토,1,1,0,0,0,경북,구미시,차대사람,기타,기타,안전운전 의무 불이행,단일로,기타단일로
34562,2020-02-24 06,주간,월,1,1,0,0,0,경기,여주시,차대차,기타,기타,안전운전 의무 불이행,단일로,기타단일로
34563,2020-01-30 18,야간,목,1,1,0,0,0,경기,군포시,차대차,기타,기타,안전운전 의무 불이행,교차로,교차로횡단보도내
34564,2020-08-08 13,주간,토,1,1,0,0,0,경남,의령군,차량단독,공작물충돌,공작물충돌,안전운전 의무 불이행,단일로,기타단일로
34565,2020-05-08 08,주간,금,1,1,0,0,0,전남,장흥군,차대차,측면충돌,측면충돌,기타,교차로,교차로내
34566,2020-01-12 14,주간,일,1,1,0,0,0,강원,원주시,차대사람,횡단중,횡단중,안전운전 의무 불이행,단일로,기타단일로
34567,2020-06-09 20,야간,화,1,1,0,0,0,경북,고령군,차대차,추돌,추돌,안전운전 의무 불이행,단일로,기타단일로