교통사고이력ID(사고기록 순서),발생년월일시,주야코드,요일코드,사망자수,부상자수,중상자수,경상자수,부상신고자수,발생지시도코드,발생지시도코드,사고유형대분류코드,사고유형중분류코드,사고유형코드,법규위반코드,도로형태대분류코드,도로로형태코드
34568,2020-09-23 17,주간,수,1,1,0,0,0,강원,화천군,차대사람,횡단중,횡단중,안전운전 의무 불이행,단일로,기타단일로
34569,2020-02-25 00,야간,화,1,1,0,0,0,충북,음성군,차량단독,공작물충돌,공작물충돌,안전운전 의무 불이행,단일로,기타단일로
34570,2020-06-13 21,야간,토,1,2,0,1,0,전남,보성군,차대차,추돌,추돌,안전거리 미확보,교차로,교차로부근
34571,2020-06-12 10,주간,금,1,1,0,0,0,경북,예천군,차대사람,횡단중,횡단중,보행자 보호의무 위반,교차로,교차로횡단보도내
34572,2020-02-02 16,주간,일,3,5,2,0,0,경기,포천시,차대차,정면충돌,정면충돌,중앙선 침범,단일로,기타단일로
34573,2020-03-28 20,야간,토,1,3,2,0,0,충남,예산군,차대차,측면충돌,측면충돌,기타,단일로,기타단일로
34574,2020-10-05 17,주간,월,1,1,0,0,0,경북,청송군,차대사람,횡단중,횡단중,안전운전 의무 불이행,교차로,교차로내
34575,2020-01-21 06,주간,화,1,1,0,0,0,경기,화성시,차대사람,횡단중,횡단중,안전운전 의무 불이행,교차로,교차로횡단보도내
34576,2020-08-05 09,주간,수,1,1,0,0,0,전북,임실군,차량단독,도로이탈,도로이탈 추락,안전운전 의무 불이행,단일로,기타단일로
34577,2020-05-16 09,주간,토,1,1,0,0,0,경북,울진군,차량단독,공작물충돌,공작물충돌,과속,단일로,고가도로위
34578,2020-04-14 11,주간,화,1,1,0,0,0,충남,태안군,차대사람,횡단중,횡단중,안전운전 의무 불이행,교차로,교차로내
34579,2020-02-02 23,야간,일,1,2,1,0,0,경기,부천시,차대차,추돌,추돌,안전운전 의무 불이행,단일로,기타단일로
34580,2020-07-23 17,주간,목,1,5,0,2,2,강원,영월군,차대차,측면충돌,측면충돌,중앙선 침범,단일로,기타단일로
34581,2020-08-05 07,주간,수,1,2,1,0,0,경북,봉화군,차량단독,전복,전복,안전운전 의무 불이행,교차로,교차로내
34582,2020-06-10 23,야간,수,1,1,0,0,0,충남,청양군,차량단독,도로이탈,도로이탈 기타,안전운전 의무 불이행,단일로,기타단일로
34583,2020-10-14 23,야간,수,1,1,0,0,0,경북,청송군,차량단독,도로이탈,도로이탈 기타,안전운전 의무 불이행,단일로,지하차도(도로)내
34584,2020-05-06 09,주간,수,1,1,0,0,0,경북,영덕군,차대차,측면충돌,측면충돌,기타,교차로,교차로내
34585,2020-02-27 10,주간,목,1,3,2,0,0,전남,나주시,차량단독,공작물충돌,공작물충돌,안전운전 의무 불이행,단일로,기타단일로
34586,2020-06-15 10,주간,월,1,2,0,1,0,경북,고령군,차대차,추돌,추돌,안전운전 의무 불이행,단일로,기타단일로
34587,2020-01-14 00,야간,화,1,1,0,0,0,경기,수원시,차대사람,횡단중,횡단중,안전운전 의무 불이행,교차로,교차로횡단보도내
34588,2020-01-24 17,주간,금,1,1,0,0,0,서울,강서구,차대사람,횡단중,횡단중,보행자 보호의무 위반,교차로,교차로부근
34589,2020-03-11 21,야간,수,1,1,0,0,0,전남,무안군,차대차,측면충돌,측면충돌,중앙선 침범,교차로,교차로내
34590,2020-03-02 06,주간,월,1,2,0,1,0,전북,정읍시,차대사람,기타,기타,안전운전 의무 불이행,교차로,교차로내
34591,2020-12-01 06,주간,화,1,2,1,0,0,경북,군위군,차대차,기타,기타,안전운전 의무 불이행,단일로,기타단일로
34592,2020-02-04 07,주간,화,1,2,0,1,0,경남,창원시(통합),차대차,기타,기타,과속,단일로,기타단일로
34593,2020-04-19 23,야간,일,1,1,0,0,0,경남,함안군,차대사람,기타,기타,안전운전 의무 불이행,단일로,기타단일로
34594,2020-06-03 08,주간,수,1,1,0,0,0,경남,합천군,차대차,측면충돌,측면충돌,교차로 통행방법 위반,교차로,교차로부근
34595,2020-03-10 23,야간,화,1,1,0,0,0,전북,남원시,차대사람,기타,기타,안전운전 의무 불이행,단일로,기타단일로
34596,2020-01-14 16,주간,화,1,1,0,0,0,광주,광산구,차대차,기타,기타,신호위반,교차로,교차로내
34597,2020-01-13 06,주간,월,1,1,0,0,0,경기,남양주시,차대사람,기타,기타,안전운전 의무 불이행,단일로,기타단일로
34598,2020-03-21 01,야간,토,1,1,0,0,0,강원,삼척시,차량단독,공작물충돌,공작물충돌,안전운전 의무 불이행,단일로,기타단일로
34599,2020-05-13 15,주간,수,2,2,0,0,0,전남,완도군,차량단독,기타,기타,안전운전 의무 불이행,단일로,기타단일로
34600,2020-01-16 00,야간,목,1,1,0,0,0,서울,영등포구,차량단독,기타,기타,안전운전 의무 불이행,단일로,기타단일로
34601,2020-08-24 19,야간,월,2,2,0,0,0,전남,구례군,차대사람,횡단중,횡단중,안전운전 의무 불이행,단일로,기타단일로
34602,2020-03-05 15,주간,목,1,1,0,0,0,충남,홍성군,차량단독,전도,전도,안전운전 의무 불이행,단일로,기타단일로
34603,2020-03-29 03,야간,일,1,1,0,0,0,서울,중구,차량단독,공작물충돌,공작물충돌,안전운전 의무 불이행,단일로,기타단일로
34604,2020-06-05 13,주간,금,1,1,0,0,0,경북,청도군,차대차,측면충돌,측면충돌,안전운전 의무 불이행,단일로,기타단일로
34605,2020-10-10 15,주간,토,1,1,0,0,0,강원,화천군,차량단독,공작물충돌,공작물충돌,안전운전 의무 불이행,단일로,기타단일로
34606,2020-01-15 13,주간,수,1,2,0,1,0,경기,안산시,차대차,측면충돌,측면충돌,신호위반,교차로,교차로내
34607,2020-08-16 18,야간,일,1,1,0,0,0,전남,진도군,차대차,측면충돌,측면충돌,안전운전 의무 불이행,단일로,기타단일로
34608,2020-12-08 13,주간,화,1,1,0,0,0,경북,군위군,차량단독,도로이탈,도로이탈 기타,안전운전 의무 불이행,단일로,기타단일로
34609,2020-06-06 16,주간,토,1,1,0,0,0,경남,합천군,차대사람,횡단중,횡단중,안전운전 의무 불이행,교차로,교차로내
34610,2020-03-23 14,주간,월,1,1,0,0,0,충북,괴산군,차량단독,전도,전도,안전운전 의무 불이행,단일로,기타단일로
34611,2020-05-16 14,주간,토,1,4,0,3,0,전남,완도군,차대차,추돌,추돌,안전운전 의무 불이행,기타,기타
34612,2020-03-11 16,주간,수,2,2,0,0,0,전북,완주군,차대차,정면충돌,정면충돌,중앙선 침범,단일로,기타단일로
34613,2020-08-12 05,야간,수,1,1,0,0,0,경남,하동군,차량단독,도로이탈,도로이탈 추락,안전운전 의무 불이행,교차로,교차로부근
34614,2020-02-06 23,야간,목,1,2,0,1,0,경북,경주시,차대차,추돌,추돌,안전운전 의무 불이행,주차장,주차장
34615,2020-08-28 17,주간,금,1,1,0,0,0,전북,무주군,차대차,추돌,추돌,안전운전 의무 불이행,단일로,터널안
34616,2020-03-24 15,주간,화,1,1,0,0,0,전남,영암군,차대차,측면충돌,측면충돌,과속,단일로,기타단일로
34617,2020-10-28 09,주간,수,1,1,0,0,0,경북,청송군,차대차,정면충돌,정면충돌,신호위반,교차로,교차로내
34618,2020-04-23 09,주간,목,1,1,0,0,0,전북,고창군,차대사람,차도통행중,차도통행중,안전운전 의무 불이행,교차로,교차로내
34619,2020-11-22 09,주간,일,1,2,1,0,0,전북,무주군,차대차,추돌,추돌,안전운전 의무 불이행,단일로,교량위
34620,2020-06-29 11,주간,월,1,1,0,0,0,전남,보성군,차대차,측면충돌,측면충돌,과속,단일로,기타단일로
34621,2020-02-11 12,주간,화,1,1,0,0,0,대구,동구,차량단독,공작물충돌,공작물충돌,안전운전 의무 불이행,단일로,기타단일로
34622,2020-10-30 20,야간,금,1,1,0,0,0,전북,순창군,차대사람,기타,기타,안전운전 의무 불이행,단일로,기타단일로
34623,2020-06-10 17,주간,수,1,1,0,0,0,경남,합천군,차량단독,전도,전도,안전운전 의무 불이행,교차로,교차로부근
34624,2020-04-24 13,주간,금,1,1,0,0,0,충남,태안군,차대사람,기타,기타,안전운전 의무 불이행,단일로,기타단일로
34625,2020-02-20 19,야간,목,1,1,0,0,0,충남,논산시,차대사람,차도통행중,차도통행중,안전운전 의무 불이행,단일로,기타단일로
34626,2020-02-11 06,주간,화,1,1,0,0,0,울산,울주군,차대차,추돌,추돌,안전운전 의무 불이행,교차로,교차로부근
34627,2020-08-16 23,야간,일,1,2,0,0,1,강원,영월군,차량단독,도로이탈,도로이탈 추락,안전운전 의무 불이행,단일로,기타단일로
34628,2020-06-12 17,주간,금,2,11,7,2,0,경북,청도군,차대차,추돌,추돌,기타,단일로,기타단일로
34629,2020-01-28 18,야간,화,1,1,0,0,0,경기,양주시,차대사람,길가장자리구역통행중,길가장자리구역통행중,안전운전 의무 불이행,단일로,기타단일로
34630,2020-04-27 11,주간,월,1,1,0,0,0,전남,고흥군,차대차,측면충돌,측면충돌,기타,교차로,교차로내
34631,2020-01-28 10,주간,화,1,2,0,1,0,경기,성남시,차대차,측면충돌,측면충돌,신호위반,교차로,교차로내
34632,2020-02-01 00,야간,토,1,2,0,1,0,충남,당진시,차대차,추돌,추돌,과속,단일로,기타단일로
34633,2020-09-24 10,주간,목,1,1,0,0,0,충북,보은군,차대차,추돌,추돌,안전운전 의무 불이행,단일로,기타단일로
34634,2020-10-29 20,야간,목,1,1,0,0,0,강원,화천군,차량단독,공작물충돌,공작물충돌,중앙선 침범,단일로,기타단일로
34635,2020-10-28 13,주간,수,1,3,1,1,0,전남,곡성군,차대차,측면충돌,측면충돌,안전거리 미확보,교차로,교차로내
34636,2020-05-12 08,주간,화,1,1,0,0,0,강원,춘천시,차량단독,공작물충돌,공작물충돌,안전운전 의무 불이행,단일로,기타단일로
34637,2020-04-29 19,야간,수,1,1,0,0,0,전북,부안군,차대차,추돌,추돌,안전운전 의무 불이행,교차로,교차로부근
34638,2020-05-11 21,야간,월,1,1,0,0,0,충남,서천군,차대차,기타,기타,안전운전 의무 불이행,단일로,기타단일로
34639,2020-01-23 13,주간,목,1,1,0,0,0,울산,북구,차대사람,차도통행중,차도통행중,안전운전 의무 불이행,단일로,기타단일로
34640,2020-04-29 19,야간,수,1,1,0,0,0,전북,고창군,차대사람,횡단중,횡단중,안전운전 의무 불이행,기타,기타
34641,2020-05-04 17,주간,월,1,1,0,0,0,경남,창녕군,차대차,기타,기타,신호위반,교차로,교차로내
34642,2020-01-16 15,주간,목,1,4,0,3,0,경기,파주시,차대차,기타,기타,안전운전 의무 불이행,교차로,교차로내
34643,2020-02-07 19,야간,금,1,1,0,0,0,경기,부천시,차대사람,기타,기타,보행자 보호의무 위반,교차로,교차로횡단보도내
34644,2020-06-13 12,주간,토,1,1,0,0,0,경북,울진군,차량단독,기타,기타,기타,단일로,기타단일로
34645,2020-02-20 18,야간,목,1,2,0,1,0,경북,영천시,차대차,측면충돌,측면충돌,과속,교차로,교차로부근
34646,2020-03-17 23,야간,화,1,1,0,0,0,충남,공주시,차량단독,도로이탈,도로이탈 기타,안전운전 의무 불이행,단일로,기타단일로
34647,2020-02-12 17,주간,수,1,2,0,1,0,울산,북구,차대차,측면충돌,측면충돌,신호위반,단일로,기타단일로
34648,2020-06-20 12,주간,토,1,2,1,0,0,충북,영동군,차대차,측면충돌,측면충돌,안전운전 의무 불이행,단일로,기타단일로
34649,2020-01-30 11,주간,목,1,1,0,0,0,경기,양주시,차대사람,기타,기타,안전운전 의무 불이행,단일로,기타단일로
34650,2020-04-15 10,주간,수,1,1,0,0,0,전남,화순군,차대차,측면충돌,측면충돌,신호위반,교차로,교차로내
34651,2020-06-24 11,주간,수,1,1,0,0,0,전남,장성군,차대사람,차도통행중,차도통행중,안전운전 의무 불이행,교차로,교차로내
34652,2020-04-24 12,주간,금,1,1,0,0,0,대전,대덕구,차대사람,기타,기타,안전운전 의무 불이행,단일로,기타단일로
34653,2020-05-10 22,야간,일,1,2,0,1,0,경남,함안군,차대차,측면충돌,측면충돌,신호위반,교차로,교차로내
34654,2020-03-09 22,야간,월,1,1,0,0,0,전남,나주시,차대사람,기타,기타,안전운전 의무 불이행,단일로,기타단일로
34655,2020-02-22 16,주간,토,1,5,2,2,0,부산,기장군,차대차,추돌,추돌,과속,단일로,기타단일로
34656,2020-06-01 14,주간,월,1,1,0,0,0,전남,장흥군,차대차,측면충돌,측면충돌,기타,교차로,교차로내
34657,2020-01-24 06,주간,금,1,1,0,0,0,대구,서구,차대사람,횡단중,횡단중,과속,교차로,교차로내
34658,2020-03-20 06,주간,금,1,1,0,0,0,전북,김제시,차대차,측면충돌,측면충돌,중앙선 침범,교차로,교차로부근
34659,2020-02-02 22,야간,일,1,1,0,0,0,서울,강동구,차대차,기타,기타,안전운전 의무 불이행,교차로,교차로내
34660,2020-08-30 14,주간,일,1,1,0,0,0,강원,평창군,차량단독,도로이탈,도로이탈 추락,안전거리 미확보,기타,기타
34661,2020-06-24 22,야간,수,1,1,0,0,0,경북,의성군,차대사람,기타,기타,안전운전 의무 불이행,단일로,기타단일로
34662,2020-08-04 10,주간,화,1,1,0,0,0,경남,산청군,차대사람,기타,기타,안전운전 의무 불이행,교차로,교차로내
34663,2020-05-12 04,야간,화,1,1,0,0,0,경남,창녕군,차대차,추돌,추돌,안전운전 의무 불이행,단일로,기타단일로
34664,2020-09-22 05,야간,화,1,1,0,0,0,경북,봉화군,차량단독,기타,기타,안전운전 의무 불이행,단일로,기타단일로
34665,2020-10-29 10,주간,목,1,1,0,0,0,전남,곡성군,차량단독,도로이탈,도로이탈 추락,안전운전 의무 불이행,단일로,기타단일로
34666,2020-09-25 13,주간,금,1,1,0,0,0,전북,무주군,차대사람,차도통행중,차도통행중,안전운전 의무 불이행,교차로,교차로내
34667,2020-05-09 21,야간,토,1,1,0,0,0,인천,강화군,차량단독,도로이탈,도로이탈 기타,안전운전 의무 불이행,단일로,기타단일로
34668,2020-01-23 12,주간,목,1,1,0,0,0,대전,동구,차대사람,횡단중,횡단중,안전운전 의무 불이행,교차로,교차로내
34669,2020-09-18 16,주간,금,1,1,0,0,0,경남,하동군,차량단독,공작물충돌,공작물충돌,안전거리 미확보,교차로,교차로내
34670,2020-02-10 09,주간,월,1,1,0,0,0,경기,부천시,차대사람,기타,기타,안전운전 의무 불이행,교차로,교차로내
34671,2020-02-02 05,야간,일,1,1,0,0,0,대구,남구,차대사람,횡단중,횡단중,안전운전 의무 불이행,교차로,교차로내
34672,2020-04-29 13,주간,수,1,3,0,2,0,충남,공주시,차대차,추돌,추돌,안전거리 미확보,단일로,기타단일로
34673,2020-07-15 09,주간,수,1,1,0,0,0,충남,청양군,차대사람,기타,기타,안전운전 의무 불이행,기타,기타
34674,2020-08-08 06,주간,토,1,1,0,0,0,경남,산청군,차대사람,횡단중,횡단중,안전운전 의무 불이행,단일로,기타단일로
34675,2020-01-17 21,야간,금,1,1,0,0,0,경기,파주시,차대사람,횡단중,횡단중,안전운전 의무 불이행,교차로,교차로부근
34676,2020-05-13 18,야간,수,1,2,0,1,0,강원,홍천군,차대차,정면충돌,정면충돌,중앙선 침범,단일로,지하차도(도로)내
34677,2020-07-01 10,주간,수,1,1,0,0,0,경북,의성군,차대차,기타,기타,신호위반,교차로,교차로내
34678,2020-06-10 13,주간,수,1,1,0,0,0,전남,영광군,차대차,측면충돌,측면충돌,안전운전 의무 불이행,단일로,기타단일로
34679,2020-02-05 19,야간,수,1,1,0,0,0,경기,고양시,차대차,측면충돌,측면충돌,안전운전 의무 불이행,교차로,교차로내
34680,2020-02-17 10,주간,월,1,2,1,0,0,울산,울주군,차량단독,공작물충돌,공작물충돌,안전운전 의무 불이행,단일로,기타단일로
34681,2020-05-27 22,야간,수,1,2,0,1,0,강원,양양군,차대차,기타,기타,안전운전 의무 불이행,단일로,터널안
34682,2020-09-20 14,주간,일,1,1,0,0,0,충북,단양군,차량단독,공작물충돌,공작물충돌,안전운전 의무 불이행,단일로,기타단일로
34683,2020-02-04 01,야간,화,1,1,0,0,0,경북,안동시,차량단독,도로이탈,도로이탈 추락,안전운전 의무 불이행,단일로,기타단일로
34684,2020-10-29 18,야간,목,1,1,0,0,0,충남,금산군,차량단독,기타,기타,안전운전 의무 불이행,단일로,기타단일로
34685,2020-07-02 10,주간,목,1,1,0,0,0,경북,의성군,차대차,측면충돌,측면충돌,안전운전 의무 불이행,단일로,기타단일로
34686,2020-02-19 13,주간,수,1,1,0,0,0,경남,창원시(통합),차대차,추돌,추돌,안전운전 의무 불이행,단일로,기타단일로
34687,2020-06-02 20,야간,화,1,1,0,0,0,경남,거창군,차량단독,전도,전도,안전운전 의무 불이행,단일로,기타단일로
34688,2020-12-17 08,주간,목,1,3,1,1,0,강원,화천군,차대차,측면충돌,측면충돌,안전운전 의무 불이행,교차로,교차로내
34689,2020-03-19 23,야간,목,1,1,0,0,0,경북,상주시,차대사람,횡단중,횡단중,안전운전 의무 불이행,교차로,교차로횡단보도내
34690,2020-02-07 06,주간,금,1,2,0,1,0,충남,당진시,차대차,추돌,추돌,안전운전 의무 불이행,단일로,기타단일로
34691,2020-01-28 02,야간,화,1,1,0,0,0,울산,북구,차대사람,기타,기타,안전운전 의무 불이행,단일로,기타단일로
34692,2020-01-24 18,야간,금,1,1,0,0,0,경북,포항시,차대사람,횡단중,횡단중,안전운전 의무 불이행,단일로,기타단일로
34693,2020-03-25 20,야간,수,1,1,0,0,0,경북,칠곡군,차대차,측면충돌,측면충돌,안전운전 의무 불이행,단일로,기타단일로
34694,2020-09-13 14,주간,일,1,3,2,0,0,강원,평창군,차대차,기타,기타,안전운전 의무 불이행,단일로,기타단일로
34695,2020-01-18 05,야간,토,1,1,0,0,0,대구,달서구,차대사람,횡단중,횡단중,안전운전 의무 불이행,교차로,교차로부근
34696,2020-11-03 19,야간,화,1,1,0,0,0,충남,금산군,차대사람,횡단중,횡단중,안전운전 의무 불이행,단일로,기타단일로
34697,2020-07-04 10,주간,토,1,2,1,0,0,경북,의성군,차대차,정면충돌,정면충돌,중앙선 침범,단일로,기타단일로
34698,2020-01-22 18,야간,수,1,1,0,0,0,전북,익산시,차대사람,횡단중,횡단중,중앙선 침범,교차로,교차로부근
34699,2020-01-26 18,야간,일,1,1,0,0,0,충남,천안시,차대사람,횡단중,횡단중,안전운전 의무 불이행,단일로,기타단일로
34700,2020-08-06 15,주간,목,1,6,1,4,0,강원,정선군,차대차,기타,기타,과속,단일로,기타단일로
34701,2020-04-16 12,주간,목,1,1,0,0,0,경북,문경시,차대차,추돌,추돌,안전운전 의무 불이행,단일로,터널안
34702,2020-01-19 08,주간,일,1,1,0,0,0,경기,광주시,차대차,추돌,추돌,안전운전 의무 불이행,교차로,교차로내
34703,2020-02-05 07,주간,수,1,1,0,0,0,서울,마포구,차대사람,보도통행중,보도통행중,안전운전 의무 불이행,교차로,교차로횡단보도내
34704,2020-11-05 17,주간,목,1,2,1,0,0,강원,철원군,차량단독,전복,전복,안전운전 의무 불이행,단일로,기타단일로
34705,2020-01-26 23,야간,일,1,3,2,0,0,충남,천안시,차대차,정면충돌,정면충돌,중앙선 침범,단일로,기타단일로
34706,2020-06-12 22,야간,금,2,6,1,3,0,전남,장흥군,차량단독,전복,전복,안전운전 의무 불이행,단일로,기타단일로
34707,2020-12-29 15,주간,화,1,1,0,0,0,강원,화천군,차량단독,도로이탈,도로이탈 추락,안전운전 의무 불이행,단일로,기타단일로
34708,2020-01-23 05,야간,목,1,1,0,0,0,부산,남구,차대사람,기타,기타,안전운전 의무 불이행,단일로,기타단일로
34709,2020-01-17 21,야간,금,1,2,0,1,0,광주,광산구,차대사람,차도통행중,차도통행중,과속,단일로,기타단일로
34710,2020-11-09 17,주간,월,1,3,1,1,0,강원,철원군,차대차,정면충돌,정면충돌,중앙선 침범,단일로,기타단일로
34711,2020-07-09 10,주간,목,1,1,0,0,0,경북,의성군,차대차,추돌,추돌,신호위반,교차로,교차로내
34712,2020-02-22 08,주간,토,1,9,2,6,0,경기,부천시,차대차,기타,기타,안전운전 의무 불이행,단일로,교량위
34713,2020-04-15 10,주간,수,1,1,0,0,0,전남,해남군,차대차,측면충돌,측면충돌,교차로 통행방법 위반,교차로,교차로내
34714,2020-10-23 21,야간,금,1,1,0,0,0,전북,무주군,차대차,측면충돌,측면충돌,중앙선 침범,단일로,지하차도(도로)내
34715,2020-02-09 11,주간,일,1,1,0,0,0,충남,서산시,차대차,측면충돌,측면충돌,안전운전 의무 불이행,단일로,기타단일로
34716,2020-02-11 19,야간,화,1,1,0,0,0,경남,창원시(통합),차대차,추돌,추돌,안전운전 의무 불이행,단일로,기타단일로
34717,2020-04-02 14,주간,목,1,4,1,2,0,경북,칠곡군,차대차,추돌,추돌,안전운전 의무 불이행,단일로,기타단일로
34718,2020-03-23 08,주간,월,1,1,0,0,0,전북,정읍시,차량단독,전도,전도,안전운전 의무 불이행,단일로,지하차도(도로)내
34719,2020-05-17 06,주간,일,1,1,0,0,0,전북,부안군,차량단독,도로이탈,도로이탈 추락,안전운전 의무 불이행,단일로,기타단일로
34720,2020-05-29 21,야간,금,1,1,0,0,0,충남,부여군,차량단독,공작물충돌,공작물충돌,안전운전 의무 불이행,단일로,기타단일로
34721,2020-02-14 09,주간,금,1,1,0,0,0,인천,남동구,차대사람,횡단중,횡단중,보행자 보호의무 위반,교차로,교차로횡단보도내
34722,2020-06-22 02,야간,월,1,1,0,0,0,전남,완도군,차대차,추돌,추돌,안전운전 의무 불이행,단일로,기타단일로
34723,2020-04-01 06,주간,수,1,1,0,0,0,충남,공주시,차량단독,전도,전도,안전운전 의무 불이행,단일로,교량위
34724,2020-01-27 05,야간,월,1,1,0,0,0,전북,군산시,차대사람,차도통행중,차도통행중,안전운전 의무 불이행,단일로,지하차도(도로)내
34725,2020-11-14 22,야간,토,1,1,0,0,0,경남,의령군,차량단독,공작물충돌,공작물충돌,안전운전 의무 불이행,단일로,기타단일로
34726,2020-03-09 00,야간,월,1,3,2,0,0,충남,논산시,차량단독,공작물충돌,공작물충돌,과속,단일로,기타단일로
34727,2020-08-30 16,주간,일,2,3,0,1,0,경남,산청군,차대차,정면충돌,정면충돌,중앙선 침범,단일로,기타단일로
34728,2020-08-21 19,야간,금,1,1,0,0,0,경북,고령군,차대사람,횡단중,횡단중,안전운전 의무 불이행,단일로,기타단일로
34729,2020-12-06 11,주간,일,1,1,0,0,0,강원,철원군,차량단독,전도,전도,안전운전 의무 불이행,단일로,기타단일로
34730,2020-01-31 17,주간,금,1,3,0,2,0,경기,성남시,차대차,추돌,추돌,안전운전 의무 불이행,단일로,기타단일로
34731,2020-01-20 07,주간,월,1,2,1,0,0,경기,안산시,차대차,기타,기타,안전거리 미확보,단일로,기타단일로
34732,2020-02-04 05,야간,화,1,2,0,1,0,대구,달성군,차대차,추돌,추돌,안전운전 의무 불이행,교차로,교차로내
34733,2020-08-27 19,야간,목,1,1,0,0,0,강원,횡성군,차량단독,공작물충돌,공작물충돌,안전운전 의무 불이행,단일로,기타단일로
34734,2020-02-09 17,주간,일,1,2,0,1,0,경남,거제시,차대차,측면충돌,측면충돌,안전운전 의무 불이행,교차로,교차로내
34735,2020-02-07 13,주간,금,1,1,0,0,0,경기,오산시,차대차,기타,기타,안전운전 의무 불이행,교차로,교차로부근
34736,2020-03-27 10,주간,금,1,1,0,0,0,충남,홍성군,차량단독,공작물충돌,공작물충돌,안전운전 의무 불이행,단일로,기타단일로
34737,2020-10-14 22,야간,수,1,3,0,2,0,충북,단양군,차대차,기타,기타,신호위반,교차로,교차로내
34738,2020-05-04 04,야간,월,2,2,0,0,0,서울,중구,차대차,기타,기타,과속,단일로,기타단일로
34739,2020-09-07 01,야간,월,1,5,0,4,0,경남,진주시,차대차,기타,기타,안전운전 의무 불이행,단일로,기타단일로
34740,2020-03-27 23,야간,금,1,1,0,0,0,부산,서구,차대사람,횡단중,횡단중,보행자 보호의무 위반,단일로,기타단일로
34741,2020-03-07 10,주간,토,1,1,0,0,0,경북,영천시,차대차,정면충돌,정면충돌,중앙선 침범,교차로,교차로내
34742,2020-11-16 21,야간,월,1,1,0,0,0,충북,보은군,차대사람,차도통행중,차도통행중,안전운전 의무 불이행,단일로,기타단일로
34743,2020-11-21 17,주간,토,1,1,0,0,0,경북,봉화군,차대사람,횡단중,횡단중,보행자 보호의무 위반,교차로,교차로내
34744,2020-04-09 15,주간,목,1,3,0,2,0,대구,동구,차대차,기타,기타,기타,단일로,기타단일로
34745,2020-01-21 12,주간,화,1,1,0,0,0,서울,마포구,차량단독,공작물충돌,공작물충돌,안전운전 의무 불이행,단일로,교량위
34746,2020-05-24 17,주간,일,1,1,0,0,0,전북,부안군,차대차,측면충돌,측면충돌,안전운전 의무 불이행,교차로,교차로내
34747,2020-04-19 19,야간,일,1,1,0,0,0,부산,영도구,차대사람,기타,기타,안전운전 의무 불이행,교차로,교차로횡단보도내
34748,2020-07-19 12,주간,일,1,1,0,0,0,충북,영동군,차대사람,차도통행중,차도통행중,안전운전 의무 불이행,단일로,기타단일로
34749,2020-01-20 12,주간,월,1,4,1,2,0,충북,청주시,차대차,기타,기타,교차로 통행방법 위반,교차로,교차로내
34750,2020-04-20 08,주간,월,1,1,0,0,0,전남,영암군,차량단독,도로이탈,도로이탈 추락,안전운전 의무 불이행,단일로,기타단일로
34751,2020-02-18 18,야간,화,1,1,0,0,0,서울,용산구,차대차,기타,기타,안전운전 의무 불이행,교차로,교차로부근
34752,2020-07-19 21,야간,일,1,1,0,0,0,경북,울진군,차량단독,도로이탈,도로이탈 추락,안전운전 의무 불이행,단일로,기타단일로
34753,2020-02-22 21,야간,토,1,2,1,0,0,전남,광양시,차대차,측면충돌,측면충돌,신호위반,교차로,교차로내
34754,2020-01-30 07,주간,목,1,1,0,0,0,경기,화성시,차대차,추돌,추돌,안전운전 의무 불이행,단일로,기타단일로
34755,2020-01-27 05,야간,월,1,1,0,0,0,대전,동구,차대사람,기타,기타,과속,교차로,교차로횡단보도내
34756,2020-06-15 16,주간,월,1,1,0,0,0,경북,성주군,차량단독,전도,전도,안전운전 의무 불이행,단일로,기타단일로
34757,2020-07-27 20,야간,월,3,4,1,0,0,전북,익산시,차량단독,기타,기타,과속,단일로,기타단일로
34758,2020-09-01 22,야간,화,1,1,0,0,0,전남,보성군,차대차,기타,기타,안전운전 의무 불이행,단일로,기타단일로
34759,2020-01-22 01,야간,수,1,1,0,0,0,경기,김포시,차대차,추돌,추돌,과속,단일로,기타단일로
34760,2020-11-26 14,주간,목,1,1,0,0,0,전북,무주군,차량단독,도로이탈,도로이탈 추락,안전운전 의무 불이행,단일로,기타단일로
34761,2020-08-18 22,야간,화,1,1,0,0,0,충남,청양군,차대사람,기타,기타,안전운전 의무 불이행,기타,기타
34762,2020-01-19 14,주간,일,1,1,0,0,0,경기,시흥시,차대사람,기타,기타,안전운전 의무 불이행,단일로,기타단일로
34763,2020-03-14 01,야간,토,1,1,0,0,0,서울,성북구,차량단독,공작물충돌,공작물충돌,안전운전 의무 불이행,교차로,교차로부근
34764,2020-04-22 12,주간,수,1,1,0,0,0,부산,영도구,차대사람,횡단중,횡단중,안전운전 의무 불이행,교차로,교차로부근
34765,2020-11-28 06,주간,토,1,1,0,0,0,전북,무주군,차대사람,횡단중,횡단중,안전운전 의무 불이행,단일로,지하차도(도로)내
34766,2020-08-14 07,주간,금,1,1,0,0,0,경북,청도군,차대차,추돌,추돌,안전운전 의무 불이행,단일로,기타단일로
34767,2020-07-29 12,주간,수,1,1,0,0,0,경남,합천군,차대차,측면충돌,측면충돌,안전운전 의무 불이행,교차로,교차로내
34768,2020-01-18 06,주간,토,1,1,0,0,0,충남,천안시,차대사람,횡단중,횡단중,안전운전 의무 불이행,교차로,교차로내