교통사고이력ID(사고기록 순서),발생년월일시,주야코드,요일코드,사망자수,부상자수,중상자수,경상자수,부상신고자수,발생지시도코드,발생지시도코드,사고유형대분류코드,사고유형중분류코드,사고유형코드,법규위반코드,도로형태대분류코드,도로로형태코드
34769,2020-06-01 11,주간,월,1,1,0,0,0,경남,고성군,차대차,추돌,추돌,안전운전 의무 불이행,단일로,기타단일로
34770,2020-10-28 09,주간,수,1,2,1,0,0,전남,진도군,차량단독,기타,기타,안전운전 의무 불이행,단일로,기타단일로
34771,2020-02-20 06,주간,목,1,1,0,0,0,울산,울주군,차대차,기타,기타,안전운전 의무 불이행,단일로,기타단일로
34772,2020-09-14 14,주간,월,1,5,3,1,0,경남,산청군,차량단독,공작물충돌,공작물충돌,안전운전 의무 불이행,단일로,기타단일로
34773,2020-08-15 14,주간,토,1,3,1,1,0,경북,청도군,차대차,정면충돌,정면충돌,중앙선 침범,단일로,지하차도(도로)내
34774,2020-04-01 06,주간,수,1,1,0,0,0,부산,서구,차대차,측면충돌,측면충돌,안전거리 미확보,단일로,기타단일로
34775,2020-01-27 20,야간,월,1,1,0,0,0,대전,동구,차대사람,기타,기타,보행자 보호의무 위반,기타,기타
34776,2020-06-11 19,야간,목,1,1,0,0,0,강원,양양군,차량단독,공작물충돌,공작물충돌,기타,단일로,기타단일로
34777,2020-12-07 10,주간,월,1,1,0,0,0,경북,봉화군,차대사람,횡단중,횡단중,과속,단일로,기타단일로
34778,2020-10-23 18,야간,금,1,1,0,0,0,충북,단양군,차대차,추돌,추돌,안전운전 의무 불이행,단일로,기타단일로
34779,2020-09-04 17,주간,금,1,1,0,0,0,경북,예천군,차대차,측면충돌,측면충돌,안전운전 의무 불이행,교차로,교차로부근
34780,2020-05-30 07,주간,토,1,1,0,0,0,경남,창녕군,차량단독,기타,기타,안전운전 의무 불이행,단일로,기타단일로
34781,2020-01-29 11,주간,수,1,1,0,0,0,경기,고양시,차대사람,기타,기타,안전운전 의무 불이행,단일로,기타단일로
34782,2020-09-12 04,야간,토,1,1,0,0,0,강원,횡성군,차량단독,공작물충돌,공작물충돌,안전운전 의무 불이행,교차로,교차로내
34783,2020-08-03 17,주간,월,1,7,1,5,0,광주,북구,차대차,추돌,추돌,안전운전 의무 불이행,단일로,기타단일로
34784,2020-11-02 19,야간,월,1,1,0,0,0,전남,진도군,차대사람,차도통행중,차도통행중,안전운전 의무 불이행,단일로,기타단일로
34785,2020-02-10 16,주간,월,1,1,0,0,0,충북,충주시,차대차,측면충돌,측면충돌,안전운전 의무 불이행,교차로,교차로내
34786,2020-12-17 21,야간,목,1,2,1,0,0,전남,구례군,차대차,기타,기타,안전운전 의무 불이행,단일로,기타단일로
34787,2020-07-16 10,주간,목,1,1,0,0,0,전남,완도군,차량단독,기타,기타,안전운전 의무 불이행,교차로,교차로내
34788,2020-06-06 15,주간,토,1,1,0,0,0,경남,함안군,차대차,기타,기타,기타,교차로,교차로내
34789,2020-06-14 08,주간,일,1,2,0,1,0,강원,인제군,차대차,측면충돌,측면충돌,안전운전 의무 불이행,단일로,터널안
34790,2020-05-31 09,주간,일,1,1,0,0,0,전북,고창군,차대사람,횡단중,횡단중,안전운전 의무 불이행,교차로,교차로부근
34791,2020-01-22 23,야간,수,1,1,0,0,0,경기,김포시,차량단독,공작물충돌,공작물충돌,안전운전 의무 불이행,단일로,기타단일로
34792,2020-02-04 21,야간,화,1,17,2,12,2,경기,양평군,차대차,기타,기타,안전운전 의무 불이행,단일로,기타단일로
34793,2020-01-23 09,주간,목,1,2,0,1,0,경기,수원시,차대차,측면충돌,측면충돌,교차로 통행방법 위반,교차로,교차로내
34794,2020-05-01 04,야간,금,1,1,0,0,0,전남,해남군,차량단독,기타,기타,안전운전 의무 불이행,기타,기타
34795,2020-02-14 13,주간,금,1,1,0,0,0,충남,당진시,차대차,측면충돌,측면충돌,신호위반,교차로,교차로내
34796,2020-01-17 21,야간,금,1,1,0,0,0,경기,용인시,차대차,정면충돌,정면충돌,중앙선 침범,단일로,기타단일로
34797,2020-08-25 03,야간,화,1,1,0,0,0,경북,청도군,차량단독,공작물충돌,공작물충돌,안전운전 의무 불이행,단일로,지하차도(도로)내
34798,2020-06-06 08,주간,토,1,1,0,0,0,인천,강화군,차대차,측면충돌,측면충돌,안전운전 의무 불이행,교차로,교차로부근
34799,2020-03-10 04,야간,화,1,3,2,0,0,경남,사천시,차량단독,공작물충돌,공작물충돌,안전운전 의무 불이행,교차로,교차로부근
34800,2020-02-10 07,주간,월,1,1,0,0,0,경기,양주시,차대사람,차도통행중,차도통행중,안전운전 의무 불이행,교차로,교차로내
34801,2020-03-30 10,주간,월,1,1,0,0,0,경기,여주시,차대사람,기타,기타,안전운전 의무 불이행,단일로,기타단일로
34802,2020-03-12 19,야간,목,1,1,0,0,0,경북,영천시,차대사람,차도통행중,차도통행중,안전운전 의무 불이행,단일로,기타단일로
34803,2020-01-29 07,주간,수,1,3,0,2,0,부산,부산진구,차대차,측면충돌,측면충돌,신호위반,교차로,교차로내
34804,2020-10-27 09,주간,화,1,1,0,0,0,충북,단양군,차량단독,공작물충돌,공작물충돌,안전운전 의무 불이행,단일로,기타단일로
34805,2020-02-26 14,주간,수,1,2,0,1,0,전남,광양시,차대차,정면충돌,정면충돌,중앙선 침범,단일로,기타단일로
34806,2020-01-14 11,주간,화,1,1,0,0,0,경기,평택시,차대사람,기타,기타,안전운전 의무 불이행,단일로,기타단일로
34807,2020-01-22 23,야간,수,1,1,0,0,0,경기,광주시,차대차,측면충돌,측면충돌,안전운전 의무 불이행,단일로,기타단일로
34808,2020-01-21 16,주간,화,1,1,0,0,0,광주,광산구,차대차,측면충돌,측면충돌,안전운전 의무 불이행,교차로,교차로내
34809,2020-08-02 09,주간,일,2,2,0,0,0,충북,영동군,차대사람,기타,기타,안전운전 의무 불이행,단일로,기타단일로
34810,2020-04-04 12,주간,토,1,1,0,0,0,충남,홍성군,차대사람,기타,기타,기타,단일로,기타단일로
34811,2020-04-29 20,야간,수,1,5,1,3,0,강원,삼척시,차량단독,공작물충돌,공작물충돌,과속,단일로,기타단일로
34812,2020-06-06 18,야간,토,1,1,0,0,0,전남,강진군,차량단독,도로이탈,도로이탈 기타,안전운전 의무 불이행,단일로,기타단일로
34813,2020-09-20 21,야간,일,1,1,0,0,0,강원,횡성군,차량단독,공작물충돌,공작물충돌,안전운전 의무 불이행,단일로,기타단일로
34814,2020-09-20 05,야간,일,1,1,0,0,0,전남,보성군,차량단독,도로이탈,도로이탈 추락,안전운전 의무 불이행,단일로,기타단일로
34815,2020-05-06 19,야간,수,1,1,0,0,0,경북,문경시,차대차,측면충돌,측면충돌,과속,교차로,교차로내
34816,2020-02-21 22,야간,금,1,1,0,0,0,경기,부천시,차대사람,횡단중,횡단중,안전운전 의무 불이행,단일로,기타단일로
34817,2020-04-01 16,주간,수,1,1,0,0,0,충북,음성군,차량단독,기타,기타,안전운전 의무 불이행,교차로,교차로부근
34818,2020-03-31 12,주간,화,1,1,0,0,0,서울,중구,차대차,측면충돌,측면충돌,안전운전 의무 불이행,단일로,기타단일로
34819,2020-08-19 16,주간,수,1,3,1,0,1,경남,남해군,차대차,정면충돌,정면충돌,중앙선 침범,단일로,기타단일로
34820,2020-08-09 17,주간,일,1,1,0,0,0,경북,의성군,차대차,측면충돌,측면충돌,안전운전 의무 불이행,교차로,교차로부근
34821,2020-10-07 08,주간,수,1,1,0,0,0,충남,서천군,차대차,추돌,추돌,안전운전 의무 불이행,단일로,기타단일로
34822,2020-02-25 14,주간,화,1,1,0,0,0,서울,서대문구,차대사람,기타,기타,안전운전 의무 불이행,단일로,기타단일로
34823,2020-08-07 12,주간,금,1,1,0,0,0,충북,영동군,차대사람,기타,기타,안전운전 의무 불이행,교차로,교차로부근
34824,2020-01-22 18,야간,수,1,1,0,0,0,경기,안산시,차대사람,기타,기타,안전운전 의무 불이행,단일로,기타단일로
34825,2020-06-26 18,야간,금,1,1,0,0,0,충남,서천군,차량단독,도로이탈,도로이탈 추락,안전운전 의무 불이행,교차로,교차로부근
34826,2020-12-01 17,주간,화,1,1,0,0,0,경남,하동군,차량단독,전도,전도,안전운전 의무 불이행,기타,기타
34827,2020-08-19 12,주간,수,1,7,2,4,0,전북,전주시,차대차,추돌,추돌,안전운전 의무 불이행,기타,기타
34828,2020-07-01 09,주간,수,1,1,0,0,0,경북,성주군,차대차,측면충돌,측면충돌,신호위반,교차로,교차로내
34829,2020-03-16 05,야간,월,1,1,0,0,0,경남,통영시,차대사람,기타,기타,안전운전 의무 불이행,교차로,교차로부근
34830,2020-02-13 18,야간,목,1,1,0,0,0,경남,거제시,차대사람,횡단중,횡단중,안전운전 의무 불이행,단일로,기타단일로
34831,2020-01-29 15,주간,수,1,1,0,0,0,대전,서구,차대차,추돌,추돌,안전운전 의무 불이행,교차로,교차로내
34832,2020-04-04 16,주간,토,1,1,0,0,0,경기,양평군,차량단독,공작물충돌,공작물충돌,안전운전 의무 불이행,단일로,기타단일로
34833,2020-05-08 13,주간,금,1,1,0,0,0,전남,해남군,차량단독,기타,기타,안전운전 의무 불이행,단일로,기타단일로
34834,2020-12-15 20,야간,화,1,1,0,0,0,전남,함평군,차량단독,공작물충돌,공작물충돌,안전운전 의무 불이행,단일로,기타단일로
34835,2020-04-09 14,주간,목,1,1,0,0,0,전북,정읍시,차량단독,공작물충돌,공작물충돌,안전운전 의무 불이행,단일로,기타단일로
34836,2020-11-10 17,주간,화,1,1,0,0,0,강원,평창군,차대사람,횡단중,횡단중,과속,단일로,기타단일로
34837,2020-10-24 16,주간,토,1,4,0,2,1,경남,산청군,차대차,기타,기타,안전운전 의무 불이행,단일로,기타단일로
34838,2020-01-29 14,주간,수,1,1,0,0,0,전남,여수시,차량단독,전복,전복,안전운전 의무 불이행,단일로,기타단일로
34839,2020-05-30 15,주간,토,1,18,6,11,0,충남,천안시,차대차,추돌,추돌,안전운전 의무 불이행,단일로,기타단일로
34840,2020-10-08 05,야간,목,1,1,0,0,0,경남,창원시(통합),차대차,추돌,추돌,안전운전 의무 불이행,단일로,기타단일로
34841,2020-08-27 15,주간,목,1,1,0,0,0,경남,남해군,차대사람,차도통행중,차도통행중,안전운전 의무 불이행,단일로,기타단일로
34842,2020-06-12 09,주간,금,1,6,5,0,0,전남,강진군,차대차,측면충돌,측면충돌,신호위반,교차로,교차로부근
34843,2020-03-06 17,주간,금,1,1,0,0,0,서울,도봉구,차대차,측면충돌,측면충돌,교차로 통행방법 위반,교차로,교차로내
34844,2020-07-17 18,야간,금,1,1,0,0,0,전남,담양군,차대사람,기타,기타,중앙선 침범,단일로,기타단일로
34845,2020-04-08 19,야간,수,1,1,0,0,0,경북,영주시,차대사람,횡단중,횡단중,보행자 보호의무 위반,교차로,교차로횡단보도내
34846,2020-02-16 02,야간,일,1,1,0,0,0,경기,성남시,차대사람,차도통행중,차도통행중,과속,단일로,기타단일로
34847,2020-02-01 05,야간,토,1,1,0,0,0,경남,진주시,차대사람,횡단중,횡단중,안전운전 의무 불이행,단일로,기타단일로
34848,2020-09-09 19,야간,수,1,1,0,0,0,경북,청도군,차대사람,횡단중,횡단중,보행자 보호의무 위반,교차로,교차로횡단보도내
34849,2020-02-15 09,주간,토,1,1,0,0,0,경기,하남시,차대사람,횡단중,횡단중,신호위반,교차로,교차로횡단보도내
34850,2020-10-11 19,야간,일,1,1,0,0,0,경남,창원시(통합),차대사람,차도통행중,차도통행중,과속,단일로,기타단일로
34851,2020-12-19 19,야간,토,1,1,0,0,0,경남,하동군,차대사람,차도통행중,차도통행중,안전운전 의무 불이행,교차로,교차로내
34852,2020-04-10 21,야간,금,1,1,0,0,0,충북,진천군,차대사람,길가장자리구역통행중,길가장자리구역통행중,안전운전 의무 불이행,단일로,기타단일로
34853,2020-03-16 19,야간,월,1,1,0,0,0,충남,보령시,차대사람,횡단중,횡단중,과속,교차로,교차로내
34854,2020-04-20 08,주간,월,1,1,0,0,0,경북,상주시,차량단독,전도,전도,안전운전 의무 불이행,단일로,기타단일로
34855,2020-07-03 21,야간,금,1,1,0,0,0,충남,서천군,차대사람,차도통행중,차도통행중,과속,교차로,교차로부근
34856,2020-04-12 07,주간,일,2,2,0,0,0,전북,정읍시,차량단독,공작물충돌,공작물충돌,과속,교차로,교차로부근
34857,2020-01-30 18,야간,목,1,1,0,0,0,전남,여수시,차대사람,횡단중,횡단중,안전운전 의무 불이행,단일로,기타단일로
34858,2020-12-27 00,야간,일,1,1,0,0,0,전남,함평군,차량단독,공작물충돌,공작물충돌,안전운전 의무 불이행,단일로,기타단일로
34859,2020-05-10 13,주간,일,1,3,2,0,0,경기,하남시,차대차,측면충돌,측면충돌,안전운전 의무 불이행,단일로,지하차도(도로)내
34860,2020-10-13 06,주간,화,1,3,2,0,0,강원,정선군,차대차,정면충돌,정면충돌,중앙선 침범,단일로,터널안
34861,2020-06-10 05,야간,수,1,1,0,0,0,충남,태안군,차량단독,공작물충돌,공작물충돌,과속,교차로,교차로내
34862,2020-10-22 16,주간,목,1,6,1,4,0,전북,정읍시,차대차,추돌,추돌,안전운전 의무 불이행,단일로,기타단일로
34863,2020-02-13 20,야간,목,1,1,0,0,0,부산,사상구,차대사람,차도통행중,차도통행중,안전운전 의무 불이행,단일로,기타단일로
34864,2020-03-12 20,야간,목,1,1,0,0,0,충남,논산시,차량단독,기타,기타,안전운전 의무 불이행,단일로,기타단일로
34865,2020-06-21 06,주간,일,1,4,1,2,0,전북,부안군,차량단독,공작물충돌,공작물충돌,안전운전 의무 불이행,단일로,기타단일로
34866,2020-06-06 23,야간,토,1,1,0,0,0,대전,동구,차대차,기타,기타,기타,단일로,기타단일로
34867,2020-03-20 05,야간,금,1,1,0,0,0,경남,사천시,차대사람,차도통행중,차도통행중,안전운전 의무 불이행,단일로,기타단일로
34868,2020-07-05 14,주간,일,1,1,0,0,0,충남,부여군,차대차,정면충돌,정면충돌,안전운전 의무 불이행,단일로,기타단일로
34869,2020-06-20 00,야간,토,1,1,0,0,0,전남,강진군,차량단독,공작물충돌,공작물충돌,안전운전 의무 불이행,단일로,기타단일로
34870,2020-01-31 21,야간,금,1,1,0,0,0,부산,부산진구,차대사람,기타,기타,안전운전 의무 불이행,교차로,교차로내
34871,2020-11-12 18,야간,목,1,1,0,0,0,경남,산청군,차대사람,기타,기타,안전운전 의무 불이행,단일로,기타단일로
34872,2020-01-30 07,주간,목,1,1,0,0,0,전북,전주시,차대사람,횡단중,횡단중,신호위반,교차로,교차로내
34873,2020-03-19 11,주간,목,1,2,0,1,0,부산,기장군,차대차,정면충돌,정면충돌,중앙선 침범,단일로,기타단일로
34874,2020-11-17 17,주간,화,1,1,0,0,0,강원,영월군,차대사람,횡단중,횡단중,안전운전 의무 불이행,교차로,교차로부근
34875,2020-12-28 19,야간,월,1,1,0,0,0,전북,임실군,차대사람,기타,기타,안전운전 의무 불이행,단일로,지하차도(도로)내
34876,2020-07-16 18,야간,목,2,2,0,0,0,경북,성주군,차대차,추돌,추돌,안전운전 의무 불이행,단일로,기타단일로
34877,2020-07-06 21,야간,월,1,2,1,0,0,강원,강릉시,차대차,정면충돌,정면충돌,중앙선 침범,단일로,기타단일로
34878,2020-02-09 06,주간,일,1,1,0,0,0,부산,연제구,차대사람,차도통행중,차도통행중,과속,교차로,교차로내
34879,2020-07-17 15,주간,금,1,1,0,0,0,경북,성주군,차대사람,기타,기타,안전운전 의무 불이행,단일로,기타단일로
34880,2020-02-11 13,주간,화,1,2,0,1,0,경기,남양주시,차대차,추돌,추돌,안전운전 의무 불이행,단일로,기타단일로
34881,2020-11-19 15,주간,목,1,3,0,0,2,강원,영월군,차대차,추돌,추돌,안전운전 의무 불이행,단일로,기타단일로
34882,2020-01-26 06,주간,일,1,1,0,0,0,대구,달서구,차대사람,횡단중,횡단중,안전운전 의무 불이행,교차로,교차로내
34883,2020-02-03 05,야간,월,1,1,0,0,0,전북,군산시,차대사람,횡단중,횡단중,보행자 보호의무 위반,교차로,교차로횡단보도내
34884,2020-04-10 20,야간,금,1,1,0,0,0,경기,여주시,차대차,기타,기타,과속,단일로,기타단일로
34885,2020-01-27 06,주간,월,1,1,0,0,0,제주,제주시,차대사람,횡단중,횡단중,안전운전 의무 불이행,단일로,기타단일로
34886,2020-10-19 18,야간,월,1,1,0,0,0,강원,정선군,차대사람,차도통행중,차도통행중,안전운전 의무 불이행,단일로,기타단일로
34887,2020-03-24 23,야간,화,1,1,0,0,0,충남,논산시,차대사람,횡단중,횡단중,안전운전 의무 불이행,단일로,기타단일로
34888,2020-05-06 19,야간,수,1,2,0,1,0,전남,무안군,차대차,기타,기타,신호위반,교차로,교차로내
34889,2020-11-09 08,주간,월,1,1,0,0,0,경남,함양군,차대사람,기타,기타,안전운전 의무 불이행,단일로,기타단일로
34890,2020-06-27 09,주간,토,1,1,0,0,0,경남,함안군,차량단독,공작물충돌,공작물충돌,안전운전 의무 불이행,교차로,교차로부근
34891,2020-04-30 17,주간,목,1,1,0,0,0,경기,동두천시,차대사람,횡단중,횡단중,안전운전 의무 불이행,교차로,교차로횡단보도내
34892,2020-02-24 10,주간,월,1,1,0,0,0,충남,당진시,차량단독,도로이탈,도로이탈 추락,안전운전 의무 불이행,단일로,기타단일로
34893,2020-01-23 23,야간,목,1,1,0,0,0,경기,안산시,차대차,기타,기타,안전운전 의무 불이행,교차로,교차로내
34894,2020-08-29 04,야간,토,1,2,0,1,0,경북,의성군,차량단독,전복,전복,안전운전 의무 불이행,단일로,기타단일로
34895,2020-06-26 04,야간,금,1,1,0,0,0,전남,고흥군,차대사람,횡단중,횡단중,안전운전 의무 불이행,교차로,교차로내
34896,2020-03-08 16,주간,일,1,1,0,0,0,충북,제천시,차대차,정면충돌,정면충돌,과속,교차로,교차로내
34897,2020-02-17 18,야간,월,1,1,0,0,0,경기,안성시,차량단독,공작물충돌,공작물충돌,과속,단일로,기타단일로
34898,2020-04-17 16,주간,금,1,1,0,0,0,경북,영주시,차대사람,기타,기타,안전운전 의무 불이행,단일로,기타단일로
34899,2020-04-28 12,주간,화,1,1,0,0,0,충남,공주시,차대차,기타,기타,안전운전 의무 불이행,교차로,교차로부근
34900,2020-01-22 20,야간,수,1,6,0,4,1,충남,천안시,차대차,추돌,추돌,안전운전 의무 불이행,교차로,교차로부근
34901,2020-11-27 18,야간,금,1,1,0,0,0,경남,산청군,차대사람,횡단중,횡단중,안전운전 의무 불이행,단일로,기타단일로
34902,2020-09-12 19,야간,토,1,6,1,4,0,전남,장성군,차대차,기타,기타,안전운전 의무 불이행,기타,기타
34903,2020-07-19 02,야간,일,1,1,0,0,0,충남,서천군,차량단독,도로이탈,도로이탈 추락,안전운전 의무 불이행,단일로,기타단일로
34904,2020-01-22 22,야간,수,1,1,0,0,0,충남,천안시,차대사람,차도통행중,차도통행중,안전운전 의무 불이행,단일로,기타단일로
34905,2020-05-19 00,야간,화,1,1,0,0,0,전남,영암군,차대차,추돌,추돌,안전운전 의무 불이행,단일로,기타단일로
34906,2020-02-07 12,주간,금,1,1,0,0,0,서울,양천구,차량단독,공작물충돌,공작물충돌,안전운전 의무 불이행,단일로,기타단일로
34907,2020-01-30 06,주간,목,1,1,0,0,0,대전,중구,차대차,기타,기타,안전운전 의무 불이행,단일로,기타단일로
34908,2020-05-18 13,주간,월,2,12,3,4,3,충북,괴산군,차대차,추돌,추돌,안전운전 의무 불이행,단일로,지하차도(도로)내
34909,2020-05-19 17,주간,화,1,1,0,0,0,서울,종로구,차량단독,공작물충돌,공작물충돌,안전운전 의무 불이행,단일로,기타단일로
34910,2020-02-24 07,주간,월,1,1,0,0,0,광주,남구,차대사람,횡단중,횡단중,안전운전 의무 불이행,단일로,기타단일로
34911,2020-07-01 04,야간,수,1,1,0,0,0,경남,창녕군,차대차,추돌,추돌,과속,단일로,기타단일로
34912,2020-01-28 16,주간,화,1,1,0,0,0,경기,의정부시,차량단독,공작물충돌,공작물충돌,안전운전 의무 불이행,단일로,기타단일로
34913,2020-04-30 20,야간,목,1,1,0,0,0,경북,상주시,차대차,추돌,추돌,안전운전 의무 불이행,단일로,기타단일로
34914,2020-06-30 23,야간,화,1,1,0,0,0,전북,부안군,차대사람,횡단중,횡단중,안전운전 의무 불이행,단일로,지하차도(도로)내
34915,2020-06-17 22,야간,수,1,1,0,0,0,충남,태안군,차대사람,횡단중,횡단중,과속,교차로,교차로횡단보도내
34916,2020-08-19 18,야간,수,1,1,0,0,0,경기,연천군,차량단독,공작물충돌,공작물충돌,안전운전 의무 불이행,단일로,기타단일로
34917,2020-03-06 13,주간,금,1,1,0,0,0,경남,창원시(통합),차대사람,횡단중,횡단중,보행자 보호의무 위반,교차로,교차로횡단보도내
34918,2020-04-06 05,야간,월,1,1,0,0,0,경기,의왕시,차대사람,횡단중,횡단중,보행자 보호의무 위반,교차로,교차로내
34919,2020-02-27 06,주간,목,1,2,0,1,0,충남,서산시,차대차,추돌,추돌,안전운전 의무 불이행,단일로,기타단일로
34920,2020-01-29 10,주간,수,2,2,0,0,0,경기,광주시,차대차,측면충돌,측면충돌,중앙선 침범,교차로,교차로부근
34921,2020-07-06 07,주간,월,1,1,0,0,0,전남,고흥군,차량단독,전도,전도,안전운전 의무 불이행,단일로,기타단일로
34922,2020-02-09 21,야간,일,1,1,0,0,0,경기,수원시,차대사람,차도통행중,차도통행중,안전운전 의무 불이행,교차로,교차로부근
34923,2020-05-01 17,주간,금,1,2,1,0,0,경북,상주시,차량단독,전도,전도,안전운전 의무 불이행,단일로,기타단일로
34924,2020-02-02 05,야간,일,1,1,0,0,0,전북,전주시,차대차,추돌,추돌,안전거리 미확보,단일로,기타단일로
34925,2020-08-03 13,주간,월,1,3,1,1,0,경북,영덕군,차대차,추돌,추돌,안전운전 의무 불이행,교차로,교차로부근
34926,2020-03-12 20,야간,목,1,1,0,0,0,충북,제천시,차대사람,횡단중,횡단중,안전운전 의무 불이행,단일로,지하차도(도로)내
34927,2020-02-16 05,야간,일,1,1,0,0,0,경남,김해시,차대사람,횡단중,횡단중,안전운전 의무 불이행,단일로,기타단일로
34928,2020-11-08 07,주간,일,1,1,0,0,0,경남,하동군,차량단독,기타,기타,안전운전 의무 불이행,단일로,교량위
34929,2020-08-03 18,야간,월,1,2,0,1,0,충북,옥천군,차대차,측면충돌,측면충돌,기타,교차로,교차로부근
34930,2020-02-12 03,야간,수,1,3,0,2,0,대구,서구,차대차,추돌,추돌,안전운전 의무 불이행,단일로,기타단일로
34931,2020-09-12 10,주간,토,1,1,0,0,0,경남,합천군,차대차,기타,기타,기타,단일로,기타단일로
34932,2020-04-17 19,야간,금,1,1,0,0,0,충북,음성군,차량단독,공작물충돌,공작물충돌,안전운전 의무 불이행,단일로,기타단일로
34933,2020-11-12 08,주간,목,1,4,0,3,0,강원,고성군,차대차,추돌,추돌,안전거리 미확보,교차로,교차로부근
34934,2020-08-30 00,야간,일,1,1,0,0,0,전남,완도군,차량단독,공작물충돌,공작물충돌,안전운전 의무 불이행,교차로,교차로내
34935,2020-03-04 00,야간,수,1,1,0,0,0,서울,용산구,차량단독,전도,전도,안전운전 의무 불이행,기타,기타
34936,2020-06-22 08,주간,월,1,3,0,2,0,충남,태안군,차대차,측면충돌,측면충돌,중앙선 침범,단일로,기타단일로
34937,2020-10-31 15,주간,토,1,1,0,0,0,강원,횡성군,차량단독,도로이탈,도로이탈 추락,안전운전 의무 불이행,단일로,기타단일로
34938,2020-07-05 09,주간,일,1,1,0,0,0,전북,고창군,차대사람,차도통행중,차도통행중,안전운전 의무 불이행,단일로,지하차도(도로)내
34939,2020-09-13 11,주간,일,1,4,2,0,1,경남,합천군,차대차,정면충돌,정면충돌,중앙선 침범,기타,기타
34940,2020-10-25 03,야간,일,1,2,1,0,0,충남,청양군,차대차,측면충돌,측면충돌,과속,단일로,기타단일로
34941,2020-07-14 14,주간,화,1,1,0,0,0,전남,고흥군,차량단독,공작물충돌,공작물충돌,안전운전 의무 불이행,단일로,교량위
34942,2020-02-20 20,야간,목,1,1,0,0,0,경기,고양시,차대차,측면충돌,측면충돌,교차로 통행방법 위반,교차로,교차로내
34943,2020-07-07 18,야간,화,1,2,1,0,0,경남,고성군,차대사람,횡단중,횡단중,과속,단일로,기타단일로
34944,2020-05-04 12,주간,월,1,3,1,1,0,전북,김제시,차대차,측면충돌,측면충돌,신호위반,교차로,교차로부근
34945,2020-10-27 11,주간,화,1,2,0,1,0,충남,청양군,차대차,측면충돌,측면충돌,신호위반,교차로,교차로내
34946,2020-07-10 21,야간,금,1,4,3,0,0,강원,강릉시,차대차,측면충돌,측면충돌,안전운전 의무 불이행,단일로,기타단일로
34947,2020-02-08 06,주간,토,1,1,0,0,0,제주,서귀포시,차대사람,차도통행중,차도통행중,안전운전 의무 불이행,단일로,기타단일로
34948,2020-10-27 16,주간,화,1,1,0,0,0,충남,청양군,차량단독,공작물충돌,공작물충돌,안전운전 의무 불이행,단일로,기타단일로
34949,2020-03-09 13,주간,월,1,1,0,0,0,서울,성동구,차대사람,횡단중,횡단중,안전운전 의무 불이행,교차로,교차로부근
34950,2020-01-31 12,주간,금,1,2,0,1,0,경기,김포시,차량단독,공작물충돌,공작물충돌,안전운전 의무 불이행,교차로,교차로부근
34951,2020-12-25 22,야간,금,1,2,0,1,0,전북,정읍시,차대차,기타,기타,안전운전 의무 불이행,단일로,기타단일로
34952,2020-10-30 12,주간,금,1,3,2,0,0,충남,청양군,차대차,측면충돌,측면충돌,기타,교차로,교차로내
34953,2020-10-05 03,야간,월,2,3,0,1,0,전북,익산시,차대차,추돌,추돌,안전운전 의무 불이행,단일로,기타단일로
34954,2020-04-24 09,주간,금,1,1,0,0,0,경기,여주시,차대차,추돌,추돌,안전운전 의무 불이행,단일로,교량위
34955,2020-07-28 09,주간,화,1,1,0,0,0,충남,부여군,차대차,측면충돌,측면충돌,신호위반,교차로,교차로부근
34956,2020-01-26 10,주간,일,1,1,0,0,0,강원,원주시,차량단독,공작물충돌,공작물충돌,안전운전 의무 불이행,단일로,기타단일로
34957,2020-04-17 23,야간,금,1,1,0,0,0,경기,양평군,차량단독,공작물충돌,공작물충돌,안전운전 의무 불이행,단일로,기타단일로
34958,2020-06-03 11,주간,수,1,1,0,0,0,경북,문경시,차대차,기타,기타,신호위반,교차로,교차로내
34959,2020-08-13 01,야간,목,1,1,0,0,0,경남,거창군,차대차,추돌,추돌,안전운전 의무 불이행,단일로,기타단일로
34960,2020-04-21 02,야간,화,1,1,0,0,0,광주,동구,차대차,기타,기타,신호위반,교차로,교차로내
34961,2020-02-10 21,야간,월,1,1,0,0,0,인천,연수구,차대사람,차도통행중,차도통행중,안전운전 의무 불이행,단일로,기타단일로
34962,2020-09-04 18,야간,금,1,1,0,0,0,전남,장흥군,차대사람,기타,기타,안전운전 의무 불이행,단일로,기타단일로
34963,2020-11-19 21,야간,목,1,1,0,0,0,경북,예천군,차대사람,차도통행중,차도통행중,안전운전 의무 불이행,단일로,기타단일로
34964,2020-02-02 08,주간,일,1,1,0,0,0,경기,김포시,차대차,추돌,추돌,안전운전 의무 불이행,단일로,기타단일로
34965,2020-03-22 04,야간,일,1,1,0,0,0,경남,창원시(통합),차대사람,횡단중,횡단중,과속,단일로,기타단일로
34966,2020-07-05 06,주간,일,1,2,1,0,0,대전,대덕구,차대차,측면충돌,측면충돌,안전운전 의무 불이행,단일로,기타단일로
34967,2020-04-19 16,주간,일,1,1,0,0,0,경기,양평군,차량단독,공작물충돌,공작물충돌,안전운전 의무 불이행,단일로,기타단일로
34968,2020-02-04 13,주간,화,1,3,1,1,0,경기,고양시,차대차,측면충돌,측면충돌,중앙선 침범,단일로,기타단일로