교통사고이력ID(사고기록 순서),발생년월일시,주야코드,요일코드,사망자수,부상자수,중상자수,경상자수,부상신고자수,발생지시도코드,발생지시도코드,사고유형대분류코드,사고유형중분류코드,사고유형코드,법규위반코드,도로형태대분류코드,도로로형태코드
34969,2020-03-10 19,야간,화,1,1,0,0,0,경남,창원시(통합),차대사람,횡단중,횡단중,안전운전 의무 불이행,단일로,기타단일로
34970,2020-01-30 11,주간,목,1,1,0,0,0,제주,제주시,차량단독,기타,기타,안전운전 의무 불이행,단일로,기타단일로
34971,2020-03-08 23,야간,일,1,1,0,0,0,경기,포천시,차량단독,공작물충돌,공작물충돌,안전운전 의무 불이행,단일로,기타단일로
34972,2020-06-18 06,주간,목,1,2,0,1,0,전남,화순군,차량단독,공작물충돌,공작물충돌,안전운전 의무 불이행,단일로,기타단일로
34973,2020-06-03 14,주간,수,1,1,0,0,0,전남,해남군,차량단독,공작물충돌,공작물충돌,안전운전 의무 불이행,단일로,기타단일로
34974,2020-02-21 12,주간,금,1,1,0,0,0,경기,양주시,차량단독,공작물충돌,공작물충돌,안전운전 의무 불이행,단일로,기타단일로
34975,2020-04-05 19,야간,일,1,1,0,0,0,강원,속초시,차대차,측면충돌,측면충돌,안전운전 의무 불이행,교차로,교차로내
34976,2020-08-31 16,주간,월,1,1,0,0,0,전남,담양군,차량단독,전복,전복,안전운전 의무 불이행,단일로,기타단일로
34977,2020-07-02 16,주간,목,1,2,0,0,1,충남,태안군,차량단독,기타,기타,안전운전 의무 불이행,단일로,기타단일로
34978,2020-02-16 22,야간,일,1,1,0,0,0,부산,연제구,차대사람,차도통행중,차도통행중,과속,단일로,기타단일로
34979,2020-09-16 14,주간,수,1,1,0,0,0,전남,완도군,차대사람,기타,기타,안전운전 의무 불이행,단일로,기타단일로
34980,2020-12-03 00,야간,목,1,2,0,0,1,경남,김해시,차대차,추돌,추돌,안전운전 의무 불이행,단일로,기타단일로
34981,2020-05-18 10,주간,월,1,1,0,0,0,경기,동두천시,차대사람,횡단중,횡단중,보행자 보호의무 위반,교차로,교차로내
34982,2020-02-08 18,야간,토,1,2,1,0,0,경남,진주시,차대사람,기타,기타,안전운전 의무 불이행,교차로,교차로횡단보도내
34983,2020-07-28 11,주간,화,1,1,0,0,0,경남,함안군,차량단독,공작물충돌,공작물충돌,안전운전 의무 불이행,단일로,기타단일로
34984,2020-08-12 13,주간,수,1,4,0,3,0,충남,서천군,차대차,추돌,추돌,안전운전 의무 불이행,교차로,교차로부근
34985,2020-11-15 23,야간,일,1,1,0,0,0,충남,청양군,차대사람,차도통행중,차도통행중,과속,단일로,기타단일로
34986,2020-10-14 19,야간,수,1,1,0,0,0,전남,보성군,차대차,기타,기타,과속,단일로,교량위
34987,2020-07-26 00,야간,일,1,1,0,0,0,전북,부안군,차량단독,도로이탈,도로이탈 추락,안전운전 의무 불이행,단일로,기타단일로
34988,2020-02-19 17,주간,수,1,2,0,1,0,경남,김해시,차대차,추돌,추돌,안전운전 의무 불이행,단일로,기타단일로
34989,2020-06-02 12,주간,화,1,3,0,2,0,경기,여주시,차대차,측면충돌,측면충돌,안전운전 의무 불이행,단일로,지하차도(도로)내
34990,2020-03-13 06,주간,금,1,1,0,0,0,서울,성동구,차대사람,보도통행중,보도통행중,과속,교차로,교차로횡단보도내
34991,2020-02-15 05,야간,토,1,1,0,0,0,울산,중구,차대사람,횡단중,횡단중,안전운전 의무 불이행,단일로,기타단일로
34992,2020-02-08 07,주간,토,1,3,1,1,0,충북,청주시,차대차,추돌,추돌,안전운전 의무 불이행,교차로,교차로부근
34993,2020-02-29 08,주간,토,1,4,1,2,0,서울,강북구,차대차,정면충돌,정면충돌,중앙선 침범,교차로,교차로부근
34994,2020-02-11 20,야간,화,1,1,0,0,0,강원,강릉시,차대사람,횡단중,횡단중,안전운전 의무 불이행,교차로,교차로내
34995,2020-10-20 11,주간,화,1,2,0,0,1,전남,곡성군,차대차,기타,기타,안전거리 미확보,기타,기타
34996,2020-10-06 12,주간,화,1,4,1,2,0,경북,의성군,차대차,측면충돌,측면충돌,신호위반,단일로,기타단일로
34997,2020-12-09 07,주간,수,1,1,0,0,0,경북,예천군,차대사람,차도통행중,차도통행중,안전운전 의무 불이행,단일로,기타단일로
34998,2020-03-21 14,주간,토,1,5,1,3,0,경기,부천시,차대차,추돌,추돌,안전운전 의무 불이행,단일로,기타단일로
34999,2020-03-11 07,주간,수,1,1,0,0,0,서울,용산구,차대차,기타,기타,신호위반,교차로,교차로내
35000,2020-12-28 04,야간,월,2,2,0,0,0,전남,보성군,차량단독,공작물충돌,공작물충돌,안전운전 의무 불이행,교차로,교차로부근
35001,2020-09-28 05,야간,월,1,1,0,0,0,전남,완도군,차대사람,횡단중,횡단중,안전운전 의무 불이행,단일로,기타단일로
35002,2020-06-10 09,주간,수,1,1,0,0,0,전남,해남군,차대차,측면충돌,측면충돌,안전운전 의무 불이행,단일로,기타단일로
35003,2020-06-12 19,야간,금,1,1,0,0,0,경북,문경시,차대차,기타,기타,안전운전 의무 불이행,단일로,기타단일로
35004,2020-04-30 11,주간,목,1,1,0,0,0,충북,음성군,차대사람,기타,기타,안전운전 의무 불이행,단일로,기타단일로
35005,2020-05-05 21,야간,화,1,1,0,0,0,경북,영주시,차량단독,공작물충돌,공작물충돌,안전운전 의무 불이행,단일로,기타단일로
35006,2020-09-29 18,야간,화,1,1,0,0,0,전남,완도군,차대사람,기타,기타,안전운전 의무 불이행,단일로,기타단일로
35007,2020-02-17 23,야간,월,1,1,0,0,0,서울,관악구,차량단독,공작물충돌,공작물충돌,과속,단일로,기타단일로
35008,2020-08-06 08,주간,목,1,1,0,0,0,강원,평창군,차량단독,공작물충돌,공작물충돌,과속,단일로,기타단일로
35009,2020-05-24 08,주간,일,1,1,0,0,0,전북,완주군,차대차,측면충돌,측면충돌,신호위반,교차로,교차로내
35010,2020-08-04 12,주간,화,1,1,0,0,0,경남,고성군,차량단독,기타,기타,안전운전 의무 불이행,단일로,기타단일로
35011,2020-03-13 05,야간,금,1,1,0,0,0,경기,포천시,차대사람,횡단중,횡단중,안전운전 의무 불이행,단일로,기타단일로
35012,2020-01-27 18,야간,월,1,1,0,0,0,경기,용인시,차대사람,횡단중,횡단중,안전운전 의무 불이행,교차로,교차로내
35013,2020-11-19 18,야간,목,1,1,0,0,0,전남,장성군,차대차,추돌,추돌,안전운전 의무 불이행,단일로,기타단일로
35014,2020-02-03 10,주간,월,1,1,0,0,0,서울,영등포구,차대차,측면충돌,측면충돌,신호위반,교차로,교차로부근
35015,2020-02-15 02,야간,토,1,3,1,1,0,인천,남동구,차대차,기타,기타,신호위반,교차로,교차로내
35016,2020-08-10 13,주간,월,1,1,0,0,0,강원,홍천군,차대사람,보도통행중,보도통행중,안전운전 의무 불이행,단일로,지하차도(도로)내
35017,2020-02-03 08,주간,월,1,1,0,0,0,경기,파주시,차대사람,횡단중,횡단중,신호위반,교차로,교차로횡단보도내
35018,2020-12-28 17,주간,월,1,3,1,1,0,경남,김해시,차대차,추돌,추돌,안전운전 의무 불이행,단일로,기타단일로
35019,2020-08-24 20,야간,월,1,1,0,0,0,충남,서천군,차량단독,도로이탈,도로이탈 추락,안전운전 의무 불이행,단일로,기타단일로
35020,2020-08-11 09,주간,화,1,7,5,1,0,전남,고흥군,차대차,정면충돌,정면충돌,중앙선 침범,단일로,기타단일로
35021,2020-03-27 06,주간,금,1,1,0,0,0,울산,동구,차량단독,공작물충돌,공작물충돌,과속,단일로,기타단일로
35022,2020-04-26 20,야간,일,1,1,0,0,0,경기,의왕시,차량단독,공작물충돌,공작물충돌,안전거리 미확보,교차로,교차로부근
35023,2020-10-15 13,주간,목,1,1,0,0,0,경북,의성군,차량단독,도로이탈,도로이탈 추락,안전운전 의무 불이행,단일로,기타단일로
35024,2020-03-14 17,주간,토,1,3,2,0,0,경기,포천시,차대차,측면충돌,측면충돌,과속,교차로,교차로내
35025,2020-05-20 17,주간,수,1,1,0,0,0,전북,김제시,차대차,추돌,추돌,안전운전 의무 불이행,교차로,교차로내
35026,2020-12-18 11,주간,금,1,3,2,0,0,강원,횡성군,차대차,정면충돌,정면충돌,중앙선 침범,단일로,기타단일로
35027,2020-11-24 18,야간,화,1,1,0,0,0,경남,남해군,차대사람,횡단중,횡단중,과속,교차로,교차로내
35028,2020-02-09 16,주간,일,1,1,0,0,0,경북,경주시,차량단독,공작물충돌,공작물충돌,안전운전 의무 불이행,단일로,기타단일로
35029,2020-05-27 13,주간,수,1,2,0,1,0,경북,문경시,차대차,추돌,추돌,안전운전 의무 불이행,단일로,기타단일로
35030,2020-08-26 19,야간,수,1,1,0,0,0,충남,서천군,차대차,기타,기타,안전운전 의무 불이행,단일로,기타단일로
35031,2020-11-03 18,야간,화,1,1,0,0,0,전남,보성군,차대차,추돌,추돌,안전운전 의무 불이행,기타,기타
35032,2020-08-12 14,주간,수,1,3,2,0,0,강원,홍천군,차대차,정면충돌,정면충돌,중앙선 침범,단일로,지하차도(도로)내
35033,2020-03-15 04,야간,일,1,1,0,0,0,경기,포천시,차량단독,도로이탈,도로이탈 추락,안전운전 의무 불이행,단일로,기타단일로
35034,2020-02-12 20,야간,수,1,1,0,0,0,경남,진주시,차대사람,횡단중,횡단중,안전운전 의무 불이행,교차로,교차로부근
35035,2020-02-20 19,야간,목,1,2,0,1,0,강원,춘천시,차대사람,횡단중,횡단중,보행자 보호의무 위반,교차로,교차로횡단보도내
35036,2020-11-26 12,주간,목,1,1,0,0,0,전남,장성군,차대차,측면충돌,측면충돌,신호위반,교차로,교차로내
35037,2020-09-05 11,주간,토,1,2,0,1,0,충북,옥천군,차대차,추돌,추돌,안전운전 의무 불이행,교차로,교차로부근
35038,2020-03-03 06,주간,화,1,2,0,0,1,경기,고양시,차대차,기타,기타,안전운전 의무 불이행,단일로,기타단일로
35039,2020-02-27 06,주간,목,1,1,0,0,0,경기,양주시,차대사람,차도통행중,차도통행중,안전운전 의무 불이행,교차로,교차로내
35040,2020-09-25 11,주간,금,1,2,1,0,0,전남,담양군,차대차,추돌,추돌,안전운전 의무 불이행,단일로,기타단일로
35041,2020-06-11 07,주간,목,1,1,0,0,0,전남,무안군,차대차,기타,기타,안전운전 의무 불이행,교차로,교차로내
35042,2020-10-30 15,주간,금,1,1,0,0,0,충북,영동군,차량단독,기타,기타,안전운전 의무 불이행,단일로,기타단일로
35043,2020-04-01 10,주간,수,1,1,0,0,0,울산,울주군,차량단독,기타,기타,기타,단일로,기타단일로
35044,2020-06-21 21,야간,일,1,4,0,3,0,경북,문경시,차대차,측면충돌,측면충돌,신호위반,교차로,교차로내
35045,2020-10-23 21,야간,금,1,2,1,0,0,경북,의성군,차대차,정면충돌,정면충돌,중앙선 침범,단일로,기타단일로
35046,2020-08-18 08,주간,화,1,1,0,0,0,전남,고흥군,차량단독,기타,기타,안전운전 의무 불이행,단일로,기타단일로
35047,2020-09-20 11,주간,일,1,1,0,0,0,경남,거창군,차량단독,도로이탈,도로이탈 추락,안전운전 의무 불이행,단일로,기타단일로
35048,2020-03-13 21,야간,금,1,1,0,0,0,경기,부천시,차량단독,공작물충돌,공작물충돌,안전운전 의무 불이행,교차로,교차로부근
35049,2020-10-31 17,주간,토,1,1,0,0,0,경남,합천군,차대차,측면충돌,측면충돌,교차로 통행방법 위반,교차로,교차로내
35050,2020-05-25 14,주간,월,1,2,1,0,0,전북,김제시,차대차,측면충돌,측면충돌,안전운전 의무 불이행,단일로,지하차도(도로)내
35051,2020-01-27 18,야간,월,1,1,0,0,0,경북,구미시,차대사람,차도통행중,차도통행중,안전운전 의무 불이행,단일로,기타단일로
35052,2020-09-17 23,야간,목,1,1,0,0,0,경북,영덕군,차대사람,차도통행중,차도통행중,안전운전 의무 불이행,단일로,기타단일로
35053,2020-08-23 17,주간,일,1,1,0,0,0,강원,홍천군,차량단독,공작물충돌,공작물충돌,안전운전 의무 불이행,단일로,지하차도(도로)내
35054,2020-10-27 04,야간,화,1,1,0,0,0,경북,의성군,차량단독,도로이탈,도로이탈 추락,안전운전 의무 불이행,단일로,기타단일로
35055,2020-10-17 12,주간,토,1,1,0,0,0,전남,장흥군,차대차,측면충돌,측면충돌,기타,교차로,교차로내
35056,2020-09-23 07,주간,수,1,2,1,0,0,경남,거창군,차대차,정면충돌,정면충돌,안전운전 의무 불이행,교차로,교차로내
35057,2020-03-29 10,주간,일,1,1,0,0,0,전남,광양시,차대사람,횡단중,횡단중,안전운전 의무 불이행,교차로,교차로내
35058,2020-05-31 18,야간,일,3,4,0,1,0,경북,영천시,차량단독,공작물충돌,공작물충돌,과속,단일로,기타단일로
35059,2020-08-24 14,주간,월,1,1,0,0,0,강원,홍천군,차대사람,횡단중,횡단중,안전운전 의무 불이행,교차로,교차로내
35060,2020-08-23 17,주간,일,1,1,0,0,0,전남,고흥군,차대차,기타,기타,안전운전 의무 불이행,단일로,기타단일로
35061,2020-12-10 18,야간,목,1,1,0,0,0,경북,청도군,차대사람,보도통행중,보도통행중,안전운전 의무 불이행,단일로,기타단일로
35062,2020-03-16 10,주간,월,1,1,0,0,0,충남,당진시,차량단독,공작물충돌,공작물충돌,안전운전 의무 불이행,단일로,교량위
35063,2020-06-01 15,주간,월,1,1,0,0,0,경북,상주시,차대차,추돌,추돌,안전운전 의무 불이행,단일로,기타단일로
35064,2020-03-01 16,주간,일,1,1,0,0,0,경기,양주시,차대사람,기타,기타,기타,교차로,교차로부근
35065,2020-02-14 06,주간,금,1,1,0,0,0,대전,대덕구,차대사람,횡단중,횡단중,과속,단일로,기타단일로
35066,2020-09-05 10,주간,토,1,1,0,0,0,충남,부여군,차대차,기타,기타,신호위반,교차로,교차로내
35067,2020-08-20 14,주간,목,1,1,0,0,0,경남,고성군,차대차,측면충돌,측면충돌,신호위반,교차로,교차로내
35068,2020-05-25 12,주간,월,1,1,0,0,0,충남,공주시,차대차,측면충돌,측면충돌,안전거리 미확보,단일로,기타단일로
35069,2020-05-15 07,주간,금,1,1,0,0,0,부산,동구,차대사람,기타,기타,신호위반,단일로,기타단일로
35070,2020-05-20 15,주간,수,1,4,3,0,0,충북,진천군,차대차,정면충돌,정면충돌,중앙선 침범,단일로,기타단일로
35071,2020-02-15 23,야간,토,1,8,0,7,0,전북,군산시,차대차,측면충돌,측면충돌,신호위반,교차로,교차로내
35072,2020-10-23 15,주간,금,1,1,0,0,0,전남,장흥군,차량단독,기타,기타,안전운전 의무 불이행,단일로,기타단일로
35073,2020-08-08 11,주간,토,1,6,2,3,0,충남,천안시,차대차,추돌,추돌,안전운전 의무 불이행,단일로,기타단일로
35074,2020-08-28 05,야간,금,1,2,0,1,0,전남,고흥군,차대차,추돌,추돌,안전운전 의무 불이행,단일로,기타단일로
35075,2020-02-18 18,야간,화,1,1,0,0,0,서울,양천구,차대차,기타,기타,신호위반,단일로,터널안
35076,2020-06-17 22,야간,수,1,1,0,0,0,전남,무안군,차대사람,차도통행중,차도통행중,안전운전 의무 불이행,단일로,기타단일로
35077,2020-05-14 22,야간,목,1,1,0,0,0,충북,음성군,차량단독,도로이탈,도로이탈 추락,안전운전 의무 불이행,단일로,기타단일로
35078,2020-02-12 01,야간,수,1,1,0,0,0,대전,서구,차량단독,주정차차량 충돌,주정차차량 충돌,안전운전 의무 불이행,기타,기타
35079,2020-03-03 02,야간,화,1,1,0,0,0,경기,양주시,차량단독,전도,전도,안전운전 의무 불이행,단일로,기타단일로
35080,2020-02-11 20,야간,화,1,1,0,0,0,서울,강남구,차대차,정면충돌,정면충돌,안전운전 의무 불이행,교차로,교차로내
35081,2020-02-29 14,주간,토,1,1,0,0,0,서울,구로구,차량단독,공작물충돌,공작물충돌,안전운전 의무 불이행,단일로,기타단일로
35082,2020-08-09 16,주간,일,1,3,2,0,0,충북,영동군,차대차,기타,기타,안전운전 의무 불이행,단일로,기타단일로
35083,2020-02-02 05,야간,일,1,1,0,0,0,대전,유성구,차대사람,횡단중,횡단중,안전운전 의무 불이행,단일로,기타단일로
35084,2020-02-12 12,주간,수,1,1,0,0,0,경남,창원시(통합),차량단독,공작물충돌,공작물충돌,안전운전 의무 불이행,단일로,고가도로위
35085,2020-02-12 05,야간,수,1,1,0,0,0,전남,여수시,차대사람,횡단중,횡단중,안전운전 의무 불이행,단일로,기타단일로
35086,2020-03-02 18,야간,월,1,1,0,0,0,충북,충주시,차대사람,기타,기타,안전운전 의무 불이행,교차로,교차로부근
35087,2020-11-02 17,주간,월,1,1,0,0,0,전남,장흥군,차량단독,공작물충돌,공작물충돌,안전운전 의무 불이행,단일로,기타단일로
35088,2020-05-28 09,주간,목,1,1,0,0,0,경북,상주시,차대차,정면충돌,정면충돌,안전운전 의무 불이행,단일로,기타단일로
35089,2020-09-15 15,주간,화,1,1,0,0,0,충남,서천군,차대사람,기타,기타,안전운전 의무 불이행,단일로,기타단일로
35090,2020-08-11 00,야간,화,2,2,0,0,0,충북,청주시,차대차,측면충돌,측면충돌,안전운전 의무 불이행,기타,기타
35091,2020-02-06 18,야간,목,1,1,0,0,0,대구,동구,차대사람,기타,기타,보행자 보호의무 위반,단일로,기타단일로
35092,2020-09-01 08,주간,화,1,1,0,0,0,전북,부안군,차대사람,횡단중,횡단중,보행자 보호의무 위반,교차로,교차로부근
35093,2020-03-10 19,야간,화,1,1,0,0,0,인천,동구,차대차,측면충돌,측면충돌,안전운전 의무 불이행,단일로,기타단일로
35094,2020-02-08 03,야간,토,1,1,0,0,0,전북,전주시,차대사람,횡단중,횡단중,안전운전 의무 불이행,단일로,기타단일로
35095,2020-07-20 09,주간,월,1,1,0,0,0,충남,예산군,차대차,측면충돌,측면충돌,기타,교차로,교차로내
35096,2020-02-26 00,야간,수,1,1,0,0,0,서울,강서구,차대사람,기타,기타,안전운전 의무 불이행,기타,기타
35097,2020-06-09 00,야간,화,1,3,1,1,0,경북,칠곡군,차대차,측면충돌,측면충돌,안전운전 의무 불이행,단일로,기타단일로
35098,2020-02-27 02,야간,목,1,3,2,0,0,강원,춘천시,차대차,측면충돌,측면충돌,중앙선 침범,단일로,기타단일로
35099,2020-02-11 06,주간,화,1,1,0,0,0,경기,고양시,차대사람,기타,기타,안전운전 의무 불이행,교차로,교차로내
35100,2020-02-28 13,주간,금,1,1,0,0,0,서울,마포구,차대사람,횡단중,횡단중,안전운전 의무 불이행,교차로,교차로내
35101,2020-01-29 18,야간,수,1,1,0,0,0,서울,송파구,차대사람,기타,기타,안전운전 의무 불이행,단일로,기타단일로
35102,2020-02-21 19,야간,금,1,2,0,0,1,울산,북구,차대차,추돌,추돌,과속,단일로,기타단일로
35103,2020-04-05 11,주간,일,1,2,1,0,0,충북,제천시,차대차,기타,기타,안전운전 의무 불이행,단일로,기타단일로
35104,2020-05-16 09,주간,토,1,1,0,0,0,광주,동구,차대차,기타,기타,안전운전 의무 불이행,단일로,기타단일로
35105,2020-10-01 09,주간,목,1,1,0,0,0,강원,태백시,차량단독,공작물충돌,공작물충돌,안전운전 의무 불이행,교차로,교차로내
35106,2020-03-20 23,야간,금,1,1,0,0,0,충남,서산시,차량단독,공작물충돌,공작물충돌,안전운전 의무 불이행,단일로,기타단일로
35107,2020-12-07 23,야간,월,1,1,0,0,0,전남,무안군,차량단독,기타,기타,안전운전 의무 불이행,기타,기타
35108,2020-04-06 07,주간,월,1,2,1,0,0,울산,울주군,차대차,추돌,추돌,안전운전 의무 불이행,단일로,기타단일로
35109,2020-07-03 00,야간,금,1,3,0,2,0,충북,청주시,차대차,추돌,추돌,안전운전 의무 불이행,단일로,지하차도(도로)내
35110,2020-09-04 22,야간,금,1,1,0,0,0,경남,고성군,차대차,기타,기타,안전운전 의무 불이행,단일로,기타단일로
35111,2020-03-01 10,주간,일,1,4,1,2,0,경기,안성시,차대차,추돌,추돌,안전운전 의무 불이행,단일로,기타단일로
35112,2020-08-18 23,야간,화,2,4,2,0,0,충남,천안시,차대차,기타,기타,안전운전 의무 불이행,단일로,기타단일로
35113,2020-06-04 12,주간,목,1,1,0,0,0,충남,공주시,차대차,기타,기타,안전운전 의무 불이행,단일로,기타단일로
35114,2020-02-19 11,주간,수,1,1,0,0,0,경기,화성시,차대사람,차도통행중,차도통행중,안전운전 의무 불이행,기타,기타
35115,2020-02-17 04,야간,월,1,1,0,0,0,충북,청주시,차대사람,차도통행중,차도통행중,안전운전 의무 불이행,단일로,지하차도(도로)내
35116,2020-11-16 16,주간,월,1,1,0,0,0,경북,의성군,차대사람,횡단중,횡단중,안전운전 의무 불이행,단일로,기타단일로
35117,2020-06-05 08,주간,금,1,1,0,0,0,충남,공주시,차대차,추돌,추돌,안전운전 의무 불이행,단일로,기타단일로
35118,2020-01-30 02,야간,목,1,1,0,0,0,경북,구미시,차량단독,공작물충돌,공작물충돌,안전운전 의무 불이행,단일로,기타단일로
35119,2020-03-23 07,주간,월,2,7,3,2,0,충남,서산시,차대차,측면충돌,측면충돌,기타,교차로,교차로내
35120,2020-05-20 01,야간,수,1,1,0,0,0,전남,나주시,차량단독,공작물충돌,공작물충돌,안전운전 의무 불이행,교차로,교차로내
35121,2020-08-07 08,주간,금,1,1,0,0,0,충남,태안군,차대차,정면충돌,정면충돌,중앙선 침범,단일로,기타단일로
35122,2020-02-04 13,주간,화,1,1,0,0,0,경기,수원시,차대사람,횡단중,횡단중,안전운전 의무 불이행,단일로,기타단일로
35123,2020-03-13 07,주간,금,1,1,0,0,0,서울,동작구,차대사람,횡단중,횡단중,보행자 보호의무 위반,단일로,기타단일로
35124,2020-10-20 17,주간,화,1,1,0,0,0,전남,영광군,차량단독,공작물충돌,공작물충돌,안전운전 의무 불이행,단일로,기타단일로
35125,2020-02-03 13,주간,월,1,2,1,0,0,강원,원주시,차량단독,전도,전도,안전운전 의무 불이행,단일로,기타단일로
35126,2020-10-20 13,주간,화,1,1,0,0,0,경남,거창군,차대사람,차도통행중,차도통행중,안전운전 의무 불이행,교차로,교차로내
35127,2020-02-13 19,야간,목,1,1,0,0,0,전남,여수시,차대사람,횡단중,횡단중,보행자 보호의무 위반,교차로,교차로횡단보도내
35128,2020-06-12 22,야간,금,1,1,0,0,0,경북,칠곡군,차대차,측면충돌,측면충돌,안전운전 의무 불이행,단일로,기타단일로
35129,2020-03-06 22,야간,금,1,3,0,2,0,세종,세종,차대차,측면충돌,측면충돌,신호위반,단일로,기타단일로
35130,2020-02-11 23,야간,화,1,1,0,0,0,경기,고양시,차대사람,기타,기타,안전운전 의무 불이행,교차로,교차로부근
35131,2020-04-29 17,주간,수,1,1,0,0,0,경기,안양시,차대사람,횡단중,횡단중,안전운전 의무 불이행,교차로,교차로횡단보도내
35132,2020-12-09 15,주간,수,1,4,2,1,0,경남,합천군,차대차,정면충돌,정면충돌,중앙선 침범,단일로,기타단일로
35133,2020-03-18 14,주간,수,1,1,0,0,0,경북,안동시,차량단독,기타,기타,안전운전 의무 불이행,단일로,기타단일로
35134,2020-12-01 08,주간,화,1,1,0,0,0,전남,완도군,차대차,기타,기타,중앙선 침범,단일로,기타단일로
35135,2020-06-14 04,야간,일,1,1,0,0,0,경북,경산시,차대사람,횡단중,횡단중,안전운전 의무 불이행,단일로,기타단일로
35136,2020-03-06 12,주간,금,1,1,0,0,0,부산,해운대구,차대차,정면충돌,정면충돌,중앙선 침범,단일로,기타단일로
35137,2020-03-06 20,야간,금,1,1,0,0,0,충북,충주시,차대사람,횡단중,횡단중,안전운전 의무 불이행,단일로,기타단일로
35138,2020-09-26 15,주간,토,1,1,0,0,0,충남,서천군,차량단독,도로이탈,도로이탈 기타,안전운전 의무 불이행,단일로,기타단일로
35139,2020-09-22 16,주간,화,1,1,0,0,0,충남,부여군,차대사람,기타,기타,안전운전 의무 불이행,주차장,주차장
35140,2020-01-30 21,야간,목,1,1,0,0,0,경북,구미시,차대사람,기타,기타,안전운전 의무 불이행,단일로,기타단일로
35141,2020-10-23 11,주간,금,1,4,0,3,0,경남,거창군,차대차,측면충돌,측면충돌,기타,교차로,교차로내
35142,2020-10-19 13,주간,월,1,1,0,0,0,경북,영덕군,차대차,측면충돌,측면충돌,기타,교차로,교차로내
35143,2020-03-29 21,야간,일,1,1,0,0,0,서울,용산구,차대차,측면충돌,측면충돌,안전운전 의무 불이행,교차로,교차로내
35144,2020-02-21 01,야간,금,1,1,0,0,0,경기,화성시,차량단독,공작물충돌,공작물충돌,안전운전 의무 불이행,단일로,기타단일로
35145,2020-03-22 05,야간,일,1,1,0,0,0,경기,부천시,차대사람,차도통행중,차도통행중,안전운전 의무 불이행,교차로,교차로내
35146,2020-11-30 18,야간,월,1,1,0,0,0,경기,연천군,차대사람,기타,기타,안전운전 의무 불이행,교차로,교차로부근
35147,2020-10-23 20,야간,금,1,1,0,0,0,경북,영덕군,차대사람,차도통행중,차도통행중,안전운전 의무 불이행,단일로,기타단일로
35148,2020-03-09 15,주간,월,1,1,0,0,0,세종,세종,차대차,측면충돌,측면충돌,중앙선 침범,단일로,기타단일로
35149,2020-04-12 21,야간,일,1,1,0,0,0,전남,광양시,차대사람,기타,기타,안전운전 의무 불이행,단일로,교량위
35150,2020-10-15 16,주간,목,1,1,0,0,0,충북,옥천군,차량단독,도로이탈,도로이탈 추락,안전운전 의무 불이행,단일로,기타단일로
35151,2020-02-12 03,야간,수,1,1,0,0,0,경기,수원시,차량단독,공작물충돌,공작물충돌,안전운전 의무 불이행,교차로,교차로내
35152,2020-07-17 21,야간,금,1,1,0,0,0,전남,해남군,차대사람,차도통행중,차도통행중,안전운전 의무 불이행,단일로,기타단일로
35153,2020-02-03 13,주간,월,1,1,0,0,0,경기,용인시,차대사람,횡단중,횡단중,안전운전 의무 불이행,교차로,교차로내
35154,2020-03-17 16,주간,화,1,1,0,0,0,경기,하남시,차량단독,공작물충돌,공작물충돌,안전운전 의무 불이행,기타,기타
35155,2020-02-15 00,야간,토,1,2,0,1,0,서울,강남구,차대사람,횡단중,횡단중,안전운전 의무 불이행,단일로,기타단일로
35156,2020-09-23 14,주간,수,1,1,0,0,0,경남,창녕군,차량단독,도로이탈,도로이탈 추락,안전운전 의무 불이행,단일로,기타단일로
35157,2020-11-01 17,주간,일,1,1,0,0,0,경북,영덕군,차대사람,차도통행중,차도통행중,과속,단일로,기타단일로
35158,2020-05-27 16,주간,수,1,1,0,0,0,충북,음성군,차대차,추돌,추돌,중앙선 침범,단일로,기타단일로
35159,2020-07-14 04,야간,화,1,2,0,0,1,경기,광주시,차대차,추돌,추돌,안전운전 의무 불이행,단일로,기타단일로
35160,2020-08-30 06,주간,일,1,2,0,0,1,충남,천안시,차대차,추돌,추돌,안전운전 의무 불이행,단일로,기타단일로
35161,2020-07-14 00,야간,화,1,8,2,5,0,경기,광주시,차대차,측면충돌,측면충돌,기타,단일로,지하차도(도로)내
35162,2020-03-18 01,야간,수,1,4,3,0,0,인천,중구,차량단독,공작물충돌,공작물충돌,안전운전 의무 불이행,단일로,기타단일로
35163,2020-02-21 09,주간,금,1,1,0,0,0,경북,포항시,차대사람,차도통행중,차도통행중,안전운전 의무 불이행,단일로,기타단일로
35164,2020-08-30 06,주간,일,1,1,0,0,0,충남,천안시,차대차,추돌,추돌,기타,단일로,기타단일로
35165,2020-04-24 13,주간,금,1,1,0,0,0,경북,김천시,차대차,측면충돌,측면충돌,기타,교차로,교차로내
35166,2020-05-08 14,주간,금,1,1,0,0,0,충남,논산시,차대사람,기타,기타,안전운전 의무 불이행,단일로,기타단일로
35167,2020-03-10 06,주간,화,1,1,0,0,0,부산,연제구,차대사람,횡단중,횡단중,신호위반,교차로,교차로횡단보도내
35168,2020-10-26 11,주간,월,1,1,0,0,0,경북,성주군,차대사람,횡단중,횡단중,신호위반,교차로,교차로내
35169,2020-09-25 12,주간,금,1,1,0,0,0,인천,강화군,차대차,측면충돌,측면충돌,안전운전 의무 불이행,단일로,기타단일로