교통사고이력ID(사고기록 순서),발생년월일시,주야코드,요일코드,사망자수,부상자수,중상자수,경상자수,부상신고자수,발생지시도코드,발생지시도코드,사고유형대분류코드,사고유형중분류코드,사고유형코드,법규위반코드,도로형태대분류코드,도로로형태코드
35170,2020-06-01 12,주간,월,1,1,0,0,0,경기,여주시,차대차,기타,기타,신호위반,단일로,기타단일로
35171,2020-02-19 18,야간,수,1,1,0,0,0,전북,전주시,차대사람,횡단중,횡단중,보행자 보호의무 위반,단일로,기타단일로
35172,2020-02-21 02,야간,금,1,1,0,0,0,경남,진주시,차량단독,공작물충돌,공작물충돌,안전운전 의무 불이행,단일로,기타단일로
35173,2020-03-04 15,주간,수,1,3,1,1,0,강원,춘천시,차대차,측면충돌,측면충돌,기타,교차로,교차로내
35174,2020-04-12 11,주간,일,1,1,0,0,0,인천,중구,차량단독,전도,전도,안전운전 의무 불이행,단일로,터널안
35175,2020-04-07 05,야간,화,1,1,0,0,0,서울,광진구,차대사람,횡단중,횡단중,안전운전 의무 불이행,단일로,기타단일로
35176,2020-09-29 23,야간,화,1,1,0,0,0,경남,함안군,차량단독,공작물충돌,공작물충돌,안전운전 의무 불이행,단일로,기타단일로
35177,2020-08-19 08,주간,수,1,1,0,0,0,전남,화순군,차량단독,공작물충돌,공작물충돌,안전운전 의무 불이행,단일로,기타단일로
35178,2020-02-10 04,야간,월,1,2,0,1,0,대전,서구,차대차,추돌,추돌,과속,교차로,교차로부근
35179,2020-07-11 03,야간,토,1,2,1,0,0,전남,무안군,차량단독,공작물충돌,공작물충돌,안전운전 의무 불이행,단일로,기타단일로
35180,2020-10-01 16,주간,목,1,1,0,0,0,강원,홍천군,차량단독,전도,전도,안전운전 의무 불이행,단일로,지하차도(도로)내
35181,2020-04-22 00,야간,수,1,1,0,0,0,울산,동구,차량단독,공작물충돌,공작물충돌,과속,단일로,기타단일로
35182,2020-09-30 13,주간,수,1,1,0,0,0,전북,부안군,차대차,기타,기타,안전운전 의무 불이행,단일로,기타단일로
35183,2020-02-28 23,야간,금,1,2,1,0,0,서울,관악구,차대사람,횡단중,횡단중,안전운전 의무 불이행,단일로,기타단일로
35184,2020-02-04 15,주간,화,2,4,2,0,0,광주,서구,차대차,정면충돌,정면충돌,중앙선 침범,단일로,기타단일로
35185,2020-11-12 17,주간,목,1,1,0,0,0,경북,영덕군,차대사람,기타,기타,안전운전 의무 불이행,교차로,교차로내
35186,2020-11-01 05,야간,일,1,1,0,0,0,경기,과천시,차대사람,차도통행중,차도통행중,안전운전 의무 불이행,단일로,기타단일로
35187,2020-04-29 19,야간,수,1,1,0,0,0,서울,금천구,차대사람,횡단중,횡단중,보행자 보호의무 위반,단일로,기타단일로
35188,2020-07-24 14,주간,금,1,1,0,0,0,경북,문경시,차량단독,전도,전도,안전운전 의무 불이행,단일로,기타단일로
35189,2020-12-11 16,주간,금,1,1,0,0,0,경북,울진군,차대차,추돌,추돌,안전운전 의무 불이행,단일로,기타단일로
35190,2020-03-09 10,주간,월,1,2,0,1,0,경기,이천시,차대차,측면충돌,측면충돌,안전운전 의무 불이행,교차로,교차로내
35191,2020-07-30 00,야간,목,1,1,0,0,0,전남,영암군,차대사람,차도통행중,차도통행중,안전운전 의무 불이행,단일로,기타단일로
35192,2020-06-13 14,주간,토,1,1,0,0,0,전북,정읍시,차량단독,전도,전도,안전운전 의무 불이행,단일로,기타단일로
35193,2020-03-22 21,야간,일,1,1,0,0,0,서울,동작구,차대사람,횡단중,횡단중,안전운전 의무 불이행,단일로,기타단일로
35194,2020-08-23 16,주간,일,1,1,0,0,0,전남,화순군,차대차,기타,기타,안전운전 의무 불이행,단일로,기타단일로
35195,2020-08-02 11,주간,일,1,1,0,0,0,충북,괴산군,차대사람,길가장자리구역통행중,길가장자리구역통행중,안전운전 의무 불이행,교차로,교차로내
35196,2020-11-12 12,주간,목,1,1,0,0,0,경남,거창군,차대차,측면충돌,측면충돌,기타,교차로,교차로내
35197,2020-09-30 16,주간,수,1,1,0,0,0,인천,강화군,차대사람,횡단중,횡단중,안전운전 의무 불이행,단일로,기타단일로
35198,2020-10-12 14,주간,월,1,1,0,0,0,전남,고흥군,차대차,기타,기타,중앙선 침범,단일로,기타단일로
35199,2020-09-30 15,주간,수,1,1,0,0,0,경남,창녕군,차대차,측면충돌,측면충돌,중앙선 침범,단일로,기타단일로
35200,2020-02-19 15,주간,수,1,9,0,7,1,경북,경주시,차대사람,기타,기타,안전운전 의무 불이행,교차로,교차로부근
35201,2020-03-11 08,주간,수,1,2,0,1,0,경기,수원시,차대차,추돌,추돌,안전운전 의무 불이행,단일로,기타단일로
35202,2020-02-20 23,야간,목,1,1,0,0,0,대전,대덕구,차대사람,차도통행중,차도통행중,안전운전 의무 불이행,단일로,기타단일로
35203,2020-02-25 20,야간,화,1,1,0,0,0,경기,화성시,차대사람,차도통행중,차도통행중,안전운전 의무 불이행,기타,기타
35204,2020-07-08 11,주간,수,1,1,0,0,0,전북,남원시,차대차,정면충돌,정면충돌,중앙선 침범,단일로,기타단일로
35205,2020-07-16 10,주간,목,1,1,0,0,0,강원,삼척시,차대사람,횡단중,횡단중,안전운전 의무 불이행,단일로,지하차도(도로)내
35206,2020-03-08 12,주간,일,1,3,1,1,0,강원,춘천시,차대차,측면충돌,측면충돌,중앙선 침범,단일로,기타단일로
35207,2020-02-10 03,야간,월,1,1,0,0,0,경기,안산시,차대사람,횡단중,횡단중,안전운전 의무 불이행,단일로,기타단일로
35208,2020-10-15 12,주간,목,1,1,0,0,0,전남,고흥군,차량단독,공작물충돌,공작물충돌,안전운전 의무 불이행,단일로,기타단일로
35209,2020-08-02 04,야간,일,1,1,0,0,0,전남,영암군,차량단독,기타,기타,안전운전 의무 불이행,교차로,교차로부근
35210,2020-06-18 02,야간,목,1,2,0,1,0,경북,상주시,차대차,추돌,추돌,안전운전 의무 불이행,단일로,기타단일로
35211,2020-02-10 17,주간,월,1,1,0,0,0,경북,경산시,차량단독,공작물충돌,공작물충돌,안전운전 의무 불이행,기타,기타
35212,2020-10-03 18,야간,토,1,5,2,2,0,인천,강화군,차대차,추돌,추돌,안전운전 의무 불이행,단일로,지하차도(도로)내
35213,2020-02-06 01,야간,목,1,2,1,0,0,광주,서구,차대차,기타,기타,과속,단일로,기타단일로
35214,2020-06-27 15,주간,토,1,1,0,0,0,전북,김제시,차대사람,차도통행중,차도통행중,기타,단일로,교량위
35215,2020-03-15 19,야간,일,1,1,0,0,0,세종,세종,차대차,추돌,추돌,안전운전 의무 불이행,단일로,고가도로위
35216,2020-02-04 02,야간,화,1,8,7,0,0,광주,북구,차대차,정면충돌,정면충돌,중앙선 침범,단일로,기타단일로
35217,2020-06-29 03,야간,월,1,1,0,0,0,전북,김제시,차량단독,공작물충돌,공작물충돌,안전운전 의무 불이행,단일로,지하차도(도로)내
35218,2020-08-28 19,야간,금,1,1,0,0,0,전남,화순군,차대사람,횡단중,횡단중,안전운전 의무 불이행,단일로,기타단일로
35219,2020-03-10 04,야간,화,1,1,0,0,0,대구,서구,차대사람,차도통행중,차도통행중,기타,단일로,기타단일로
35220,2020-06-12 17,주간,금,1,1,0,0,0,경북,영주시,차량단독,전도,전도,안전운전 의무 불이행,단일로,터널안
35221,2020-07-26 23,야간,일,1,10,6,2,1,경기,여주시,차대차,측면충돌,측면충돌,과속,단일로,지하차도(도로)내
35222,2020-02-18 10,주간,화,1,1,0,0,0,전남,순천시,차대차,추돌,추돌,안전운전 의무 불이행,단일로,기타단일로
35223,2020-10-13 20,야간,화,1,1,0,0,0,강원,홍천군,차대사람,길가장자리구역통행중,길가장자리구역통행중,안전운전 의무 불이행,단일로,기타단일로
35224,2020-10-11 05,야간,일,1,1,0,0,0,경남,고성군,차대차,기타,기타,안전운전 의무 불이행,단일로,지하차도(도로)내
35225,2020-02-01 01,야간,토,1,1,0,0,0,경남,창원시(통합),차대차,추돌,추돌,안전운전 의무 불이행,단일로,지하차도(도로)내
35226,2020-10-08 14,주간,목,1,1,0,0,0,인천,강화군,차대차,측면충돌,측면충돌,안전운전 의무 불이행,교차로,교차로부근
35227,2020-05-25 09,주간,월,1,1,0,0,0,서울,성북구,차대사람,횡단중,횡단중,보행자 보호의무 위반,교차로,교차로횡단보도내
35228,2020-03-17 13,주간,화,1,1,0,0,0,부산,사상구,차대차,측면충돌,측면충돌,안전운전 의무 불이행,단일로,기타단일로
35229,2020-05-02 08,주간,토,1,1,0,0,0,경북,김천시,차량단독,도로이탈,도로이탈 추락,안전운전 의무 불이행,단일로,기타단일로
35230,2020-02-14 15,주간,금,1,1,0,0,0,충남,아산시,차량단독,공작물충돌,공작물충돌,안전운전 의무 불이행,기타,기타
35231,2020-10-12 10,주간,월,1,1,0,0,0,경남,고성군,차량단독,공작물충돌,공작물충돌,안전운전 의무 불이행,단일로,기타단일로
35232,2020-02-05 08,주간,수,1,2,0,1,0,경기,남양주시,차대차,추돌,추돌,안전운전 의무 불이행,교차로,교차로부근
35233,2020-01-31 22,야간,금,1,2,1,0,0,대구,수성구,차대차,정면충돌,정면충돌,안전운전 의무 불이행,단일로,기타단일로
35234,2020-07-01 18,야간,수,1,1,0,0,0,전북,김제시,차대차,측면충돌,측면충돌,안전운전 의무 불이행,단일로,기타단일로
35235,2020-08-21 17,주간,금,1,1,0,0,0,충남,예산군,차대차,측면충돌,측면충돌,기타,교차로,교차로내
35236,2020-04-12 00,야간,일,1,1,0,0,0,경남,창원시(통합),차대사람,횡단중,횡단중,과속,교차로,교차로부근
35237,2020-05-18 01,야간,월,1,1,0,0,0,경남,사천시,차대사람,차도통행중,차도통행중,과속,교차로,교차로부근
35238,2020-10-17 18,야간,토,1,1,0,0,0,강원,홍천군,차대차,기타,기타,안전운전 의무 불이행,단일로,기타단일로
35239,2020-04-28 09,주간,화,1,2,0,1,0,전남,광양시,차량단독,공작물충돌,공작물충돌,안전운전 의무 불이행,단일로,기타단일로
35240,2020-03-11 17,주간,수,1,2,1,0,0,강원,춘천시,차대차,정면충돌,정면충돌,중앙선 침범,단일로,기타단일로
35241,2020-03-05 17,주간,목,1,1,0,0,0,울산,중구,차대차,측면충돌,측면충돌,안전운전 의무 불이행,교차로,교차로내
35242,2020-08-23 17,주간,일,1,1,0,0,0,충남,예산군,차량단독,기타,기타,안전운전 의무 불이행,단일로,기타단일로
35243,2020-10-14 11,주간,수,1,1,0,0,0,인천,강화군,차대사람,횡단중,횡단중,안전운전 의무 불이행,기타,기타
35244,2020-06-13 07,주간,토,1,1,0,0,0,경남,밀양시,차량단독,공작물충돌,공작물충돌,안전운전 의무 불이행,단일로,지하차도(도로)내
35245,2020-12-12 18,야간,토,1,4,0,3,0,전남,영광군,차대차,정면충돌,정면충돌,중앙선 침범,교차로,교차로내
35246,2020-02-12 22,야간,수,1,1,0,0,0,경기,파주시,차대사람,기타,기타,안전운전 의무 불이행,단일로,기타단일로
35247,2020-08-14 16,주간,금,1,1,0,0,0,전남,해남군,차대차,측면충돌,측면충돌,안전운전 의무 불이행,교차로,교차로내
35248,2020-07-06 13,주간,월,1,1,0,0,0,전북,김제시,차대차,측면충돌,측면충돌,기타,교차로,교차로내
35249,2020-03-19 06,주간,목,1,1,0,0,0,경기,양주시,차대차,정면충돌,정면충돌,신호위반,교차로,교차로내
35250,2020-04-10 11,주간,금,1,1,0,0,0,서울,용산구,차대사람,횡단중,횡단중,안전운전 의무 불이행,단일로,기타단일로
35251,2020-06-16 09,주간,화,1,2,1,0,0,충남,홍성군,차대차,정면충돌,정면충돌,중앙선 침범,단일로,기타단일로
35252,2020-04-08 11,주간,수,1,1,0,0,0,충남,서산시,차량단독,공작물충돌,공작물충돌,안전운전 의무 불이행,단일로,기타단일로
35253,2020-12-01 16,주간,화,1,1,0,0,0,경기,과천시,차대차,정면충돌,정면충돌,안전운전 의무 불이행,단일로,기타단일로
35254,2020-07-20 19,야간,월,1,1,0,0,0,서울,은평구,차대차,측면충돌,측면충돌,안전운전 의무 불이행,교차로,교차로부근
35255,2020-12-23 18,야간,수,1,1,0,0,0,전남,영광군,차대사람,횡단중,횡단중,안전운전 의무 불이행,교차로,교차로내
35256,2020-02-25 21,야간,화,1,1,0,0,0,경북,경주시,차량단독,공작물충돌,공작물충돌,안전운전 의무 불이행,단일로,기타단일로
35257,2020-05-23 04,야간,토,1,1,0,0,0,경기,안양시,차대사람,기타,기타,과속,단일로,기타단일로
35258,2020-10-19 15,주간,월,1,2,1,0,0,경남,창녕군,차대차,기타,기타,중앙선 침범,단일로,기타단일로
35259,2020-02-25 09,주간,화,1,1,0,0,0,전북,전주시,차량단독,공작물충돌,공작물충돌,안전운전 의무 불이행,교차로,교차로내
35260,2020-05-16 10,주간,토,1,1,0,0,0,경남,통영시,차대차,정면충돌,정면충돌,중앙선 침범,기타,기타
35261,2020-07-08 18,야간,수,1,1,0,0,0,전북,김제시,차대차,측면충돌,측면충돌,안전운전 의무 불이행,교차로,교차로내
35262,2020-02-19 13,주간,수,1,1,0,0,0,경기,김포시,차대차,기타,기타,안전운전 의무 불이행,단일로,기타단일로
35263,2020-08-18 07,주간,화,1,2,0,1,0,경북,문경시,차대사람,횡단중,횡단중,안전운전 의무 불이행,단일로,기타단일로
35264,2020-06-23 20,야간,화,1,1,0,0,0,경북,영주시,차대사람,차도통행중,차도통행중,안전운전 의무 불이행,단일로,기타단일로
35265,2020-12-19 18,야간,토,1,1,0,0,0,경남,거창군,차대사람,차도통행중,차도통행중,안전운전 의무 불이행,단일로,기타단일로
35266,2020-07-10 02,야간,금,1,1,0,0,0,경북,김천시,차대차,측면충돌,측면충돌,안전운전 의무 불이행,단일로,기타단일로
35267,2020-05-07 09,주간,목,1,1,0,0,0,경북,김천시,차대사람,길가장자리구역통행중,길가장자리구역통행중,안전운전 의무 불이행,단일로,기타단일로
35268,2020-08-21 09,주간,금,1,1,0,0,0,전남,해남군,차대사람,횡단중,횡단중,안전운전 의무 불이행,교차로,교차로내
35269,2020-04-16 20,야간,목,1,1,0,0,0,경남,김해시,차대사람,횡단중,횡단중,과속,단일로,기타단일로
35270,2020-04-07 01,야간,화,1,1,0,0,0,충남,당진시,차대사람,기타,기타,안전운전 의무 불이행,단일로,기타단일로
35271,2020-07-12 11,주간,일,1,2,1,0,0,전북,김제시,차대사람,횡단중,횡단중,안전운전 의무 불이행,교차로,교차로내
35272,2020-05-22 01,야간,금,1,1,0,0,0,서울,성북구,차대차,추돌,추돌,안전운전 의무 불이행,단일로,기타단일로
35273,2020-03-14 19,야간,토,1,1,0,0,0,대구,서구,차대사람,차도통행중,차도통행중,과속,단일로,기타단일로
35274,2020-10-23 18,야간,금,2,2,0,0,0,인천,강화군,차대사람,차도통행중,차도통행중,안전운전 의무 불이행,단일로,지하차도(도로)내
35275,2020-03-29 10,주간,일,1,2,0,1,0,경기,하남시,차대차,정면충돌,정면충돌,신호위반,교차로,교차로내
35276,2020-03-08 20,야간,일,1,1,0,0,0,서울,동대문구,차대사람,기타,기타,안전운전 의무 불이행,교차로,교차로부근
35277,2020-09-14 17,주간,월,1,1,0,0,0,충남,태안군,차대차,추돌,추돌,안전운전 의무 불이행,기타,기타
35278,2020-09-30 08,주간,수,1,2,0,1,0,충남,천안시,차대차,추돌,추돌,안전운전 의무 불이행,단일로,기타단일로
35279,2020-06-18 16,주간,목,1,1,0,0,0,경남,밀양시,차량단독,공작물충돌,공작물충돌,안전운전 의무 불이행,단일로,기타단일로
35280,2020-11-02 19,야간,월,1,1,0,0,0,강원,홍천군,차대사람,차도통행중,차도통행중,안전운전 의무 불이행,단일로,기타단일로
35281,2020-08-10 13,주간,월,1,2,1,0,0,전남,무안군,차량단독,도로이탈,도로이탈 기타,과속,단일로,기타단일로
35282,2020-03-02 17,주간,월,1,1,0,0,0,대구,북구,차대차,측면충돌,측면충돌,신호위반,단일로,기타단일로
35283,2020-07-16 03,야간,목,1,1,0,0,0,전북,김제시,차량단독,공작물충돌,공작물충돌,과속,교차로,교차로내
35284,2020-12-26 16,주간,토,1,1,0,0,0,경남,거창군,차대차,추돌,추돌,안전운전 의무 불이행,단일로,터널안
35285,2020-04-12 05,야간,일,1,1,0,0,0,충남,서산시,차량단독,공작물충돌,공작물충돌,안전운전 의무 불이행,교차로,교차로내
35286,2020-08-01 23,야간,토,1,1,0,0,0,서울,은평구,차대사람,횡단중,횡단중,과속,교차로,교차로내
35287,2020-10-28 15,주간,수,1,1,0,0,0,인천,강화군,차량단독,도로이탈,도로이탈 추락,안전운전 의무 불이행,단일로,기타단일로
35288,2020-11-08 19,야간,일,1,1,0,0,0,전남,강진군,차량단독,전도,전도,안전운전 의무 불이행,단일로,기타단일로
35289,2020-03-11 21,야간,수,1,1,0,0,0,경북,포항시,차대사람,기타,기타,안전운전 의무 불이행,단일로,기타단일로
35290,2020-11-14 16,주간,토,1,1,0,0,0,충남,서천군,차량단독,전도,전도,안전운전 의무 불이행,교차로,교차로부근
35291,2020-11-04 08,주간,수,1,3,2,0,0,강원,춘천시,차대차,추돌,추돌,안전운전 의무 불이행,단일로,기타단일로
35292,2020-03-02 15,주간,월,1,1,0,0,0,대전,동구,차대사람,횡단중,횡단중,보행자 보호의무 위반,교차로,교차로횡단보도내
35293,2020-11-13 16,주간,금,1,1,0,0,0,충남,부여군,차량단독,전도,전도,안전운전 의무 불이행,단일로,기타단일로
35294,2020-04-05 02,야간,일,1,1,0,0,0,경북,안동시,차대차,기타,기타,과속,단일로,기타단일로
35295,2020-08-12 20,야간,수,1,2,1,0,0,전남,무안군,차대차,추돌,추돌,안전운전 의무 불이행,교차로,교차로내
35296,2020-04-25 15,주간,토,1,1,0,0,0,경남,창원시(통합),차량단독,전도,전도,안전운전 의무 불이행,단일로,기타단일로
35297,2020-06-21 23,야간,일,1,1,0,0,0,서울,중구,차대사람,차도통행중,차도통행중,안전운전 의무 불이행,단일로,기타단일로
35298,2020-03-16 16,주간,월,1,1,0,0,0,인천,부평구,차대차,측면충돌,측면충돌,안전운전 의무 불이행,단일로,기타단일로
35299,2020-07-16 13,주간,목,1,3,0,2,0,경북,상주시,차대차,기타,기타,안전운전 의무 불이행,단일로,기타단일로
35300,2020-03-14 06,주간,토,1,4,1,2,0,서울,강서구,차대차,추돌,추돌,안전운전 의무 불이행,교차로,교차로부근
35301,2020-04-01 09,주간,수,1,1,0,0,0,경기,하남시,차량단독,공작물충돌,공작물충돌,안전운전 의무 불이행,교차로,교차로내
35302,2020-06-11 16,주간,목,1,1,0,0,0,충남,홍성군,차량단독,공작물충돌,공작물충돌,안전운전 의무 불이행,단일로,기타단일로
35303,2020-10-31 18,야간,토,1,1,0,0,0,인천,강화군,차대사람,길가장자리구역통행중,길가장자리구역통행중,안전운전 의무 불이행,단일로,기타단일로
35304,2020-07-21 07,주간,화,1,1,0,0,0,전북,김제시,차대사람,횡단중,횡단중,과속,단일로,기타단일로
35305,2020-03-11 12,주간,수,1,1,0,0,0,경기,성남시,차대사람,횡단중,횡단중,안전운전 의무 불이행,단일로,기타단일로
35306,2020-03-19 21,야간,목,1,1,0,0,0,경기,이천시,차대사람,횡단중,횡단중,과속,교차로,교차로내
35307,2020-06-21 13,주간,일,1,4,1,2,0,충북,음성군,차대차,정면충돌,정면충돌,안전운전 의무 불이행,단일로,기타단일로
35308,2020-05-28 19,야간,목,1,1,0,0,0,충남,논산시,차대사람,차도통행중,차도통행중,안전운전 의무 불이행,단일로,기타단일로
35309,2020-11-17 19,야간,화,2,9,4,3,0,경남,함안군,차대차,정면충돌,정면충돌,과속,단일로,기타단일로
35310,2020-12-21 18,야간,월,1,1,0,0,0,충북,옥천군,차대사람,횡단중,횡단중,안전운전 의무 불이행,교차로,교차로부근
35311,2020-04-25 08,주간,토,1,3,2,0,0,부산,강서구,차대차,측면충돌,측면충돌,신호위반,교차로,교차로내
35312,2020-03-29 13,주간,일,1,2,0,1,0,경기,용인시,차대차,측면충돌,측면충돌,신호위반,교차로,교차로내
35313,2020-02-20 04,야간,목,1,3,0,2,0,대구,동구,차대차,추돌,추돌,안전운전 의무 불이행,교차로,교차로부근
35314,2020-03-21 03,야간,토,1,3,0,0,2,경기,안성시,차대차,추돌,추돌,안전운전 의무 불이행,단일로,기타단일로
35315,2020-11-12 14,주간,목,1,4,2,0,1,강원,원주시,차대차,추돌,추돌,안전운전 의무 불이행,단일로,기타단일로
35316,2020-04-22 13,주간,수,1,5,3,1,0,경남,김해시,차대차,측면충돌,측면충돌,중앙선 침범,단일로,기타단일로
35317,2020-03-21 06,주간,토,1,2,0,1,0,경기,수원시,차대차,추돌,추돌,안전운전 의무 불이행,단일로,기타단일로
35318,2020-12-04 18,야간,금,1,1,0,0,0,전남,고흥군,차대사람,차도통행중,차도통행중,안전운전 의무 불이행,단일로,기타단일로
35319,2020-07-09 11,주간,목,1,1,0,0,0,경북,상주시,차대사람,횡단중,횡단중,교차로 통행방법 위반,교차로,교차로내
35320,2020-07-31 12,주간,금,1,3,1,1,0,전북,남원시,차대차,정면충돌,정면충돌,중앙선 침범,단일로,기타단일로
35321,2020-06-30 20,야간,화,1,1,0,0,0,충북,진천군,차대사람,횡단중,횡단중,안전운전 의무 불이행,단일로,기타단일로
35322,2020-07-11 12,주간,토,1,1,0,0,0,충남,공주시,차대차,측면충돌,측면충돌,안전운전 의무 불이행,단일로,기타단일로
35323,2020-07-26 20,야간,일,1,2,1,0,0,전북,김제시,차량단독,공작물충돌,공작물충돌,안전운전 의무 불이행,단일로,기타단일로
35324,2020-09-18 08,주간,금,1,1,0,0,0,충남,예산군,차대차,추돌,추돌,안전운전 의무 불이행,단일로,기타단일로
35325,2020-10-01 23,야간,목,1,1,0,0,0,전남,화순군,차대사람,횡단중,횡단중,과속,교차로,교차로횡단보도내
35326,2020-02-18 23,야간,화,1,3,0,2,0,경기,의정부시,차대차,정면충돌,정면충돌,중앙선 침범,교차로,교차로내
35327,2020-06-17 12,주간,수,1,1,0,0,0,서울,은평구,차대사람,횡단중,횡단중,안전운전 의무 불이행,교차로,교차로내
35328,2020-03-21 13,주간,토,1,1,0,0,0,인천,계양구,차량단독,공작물충돌,공작물충돌,중앙선 침범,교차로,교차로내
35329,2020-03-23 14,주간,월,1,1,0,0,0,경기,이천시,차량단독,공작물충돌,공작물충돌,안전운전 의무 불이행,단일로,기타단일로
35330,2020-02-19 05,야간,수,1,1,0,0,0,경북,경산시,차량단독,공작물충돌,공작물충돌,안전운전 의무 불이행,교차로,교차로부근
35331,2020-11-22 08,주간,일,1,2,0,0,1,강원,횡성군,차대차,측면충돌,측면충돌,기타,단일로,교량위
35332,2020-05-17 19,야간,일,1,1,0,0,0,경북,김천시,차대사람,횡단중,횡단중,안전운전 의무 불이행,교차로,교차로횡단보도내
35333,2020-04-02 07,주간,목,1,1,0,0,0,대구,달성군,차량단독,도로이탈,도로이탈 추락,기타,단일로,기타단일로
35334,2020-02-29 16,주간,토,1,2,1,0,0,경남,양산시,차대사람,횡단중,횡단중,안전운전 의무 불이행,교차로,교차로내
35335,2020-07-13 13,주간,월,1,1,0,0,0,경북,상주시,차량단독,전복,전복,안전운전 의무 불이행,단일로,기타단일로
35336,2020-05-06 15,주간,수,1,1,0,0,0,경기,김포시,차대차,추돌,추돌,안전운전 의무 불이행,단일로,기타단일로
35337,2020-02-26 19,야간,수,1,1,0,0,0,전남,순천시,차대사람,차도통행중,차도통행중,안전운전 의무 불이행,단일로,기타단일로
35338,2020-09-09 21,야간,수,1,1,0,0,0,전남,해남군,차량단독,기타,기타,안전운전 의무 불이행,기타,기타
35339,2020-05-26 16,주간,화,1,1,0,0,0,충남,보령시,차대차,측면충돌,측면충돌,안전운전 의무 불이행,단일로,기타단일로
35340,2020-08-06 19,야간,목,1,1,0,0,0,전북,남원시,차량단독,공작물충돌,공작물충돌,안전운전 의무 불이행,단일로,기타단일로
35341,2020-04-11 23,야간,토,1,1,0,0,0,경남,거제시,차대사람,기타,기타,안전운전 의무 불이행,교차로,교차로부근
35342,2020-05-19 08,주간,화,1,1,0,0,0,경북,김천시,차대차,정면충돌,정면충돌,신호위반,교차로,교차로내
35343,2020-02-18 04,야간,화,1,3,0,2,0,경기,안산시,차대차,추돌,추돌,안전운전 의무 불이행,교차로,교차로부근
35344,2020-09-01 11,주간,화,1,1,0,0,0,충북,보은군,차대차,추돌,추돌,안전운전 의무 불이행,단일로,지하차도(도로)내
35345,2020-05-04 16,주간,월,1,1,0,0,0,충북,제천시,차대차,정면충돌,정면충돌,중앙선 침범,단일로,지하차도(도로)내
35346,2020-07-06 09,주간,월,1,1,0,0,0,충북,진천군,차대사람,기타,기타,안전운전 의무 불이행,단일로,기타단일로
35347,2020-05-24 06,주간,일,1,2,1,0,0,경남,창원시(통합),차대차,기타,기타,안전운전 의무 불이행,단일로,기타단일로
35348,2020-06-24 00,야간,수,1,1,0,0,0,전남,나주시,차대사람,횡단중,횡단중,안전운전 의무 불이행,단일로,기타단일로
35349,2020-07-30 09,주간,목,1,1,0,0,0,대구,동구,차량단독,공작물충돌,공작물충돌,안전운전 의무 불이행,단일로,기타단일로
35350,2020-10-26 11,주간,월,1,3,0,2,0,충남,공주시,차대차,추돌,추돌,안전운전 의무 불이행,단일로,기타단일로
35351,2020-09-12 18,야간,토,1,1,0,0,0,충북,괴산군,차대사람,기타,기타,안전운전 의무 불이행,기타,기타
35352,2020-03-20 06,주간,금,1,1,0,0,0,서울,강서구,차대사람,차도통행중,차도통행중,안전운전 의무 불이행,교차로,교차로부근
35353,2020-06-30 15,주간,화,1,3,2,0,0,경기,여주시,차대차,추돌,추돌,과속,단일로,기타단일로
35354,2020-12-01 09,주간,화,1,1,0,0,0,전북,고창군,차대차,측면충돌,측면충돌,교차로 통행방법 위반,교차로,교차로내
35355,2020-04-27 17,주간,월,1,2,1,0,0,경남,김해시,차대차,측면충돌,측면충돌,안전운전 의무 불이행,교차로,교차로부근
35356,2020-07-02 14,주간,목,1,3,0,2,0,경기,여주시,차대차,측면충돌,측면충돌,신호위반,교차로,교차로내
35357,2020-07-01 07,주간,수,1,1,0,0,0,경남,밀양시,차대사람,길가장자리구역통행중,길가장자리구역통행중,안전운전 의무 불이행,교차로,교차로부근
35358,2020-03-27 22,야간,금,1,2,0,1,0,경남,김해시,차대차,기타,기타,신호위반,교차로,교차로내
35359,2020-06-03 01,야간,수,1,1,0,0,0,경남,통영시,차대사람,기타,기타,안전운전 의무 불이행,단일로,기타단일로
35360,2020-10-12 21,야간,월,1,1,0,0,0,전남,화순군,차량단독,전도,전도,안전운전 의무 불이행,단일로,기타단일로
35361,2020-03-04 05,야간,수,2,3,0,1,0,경남,양산시,차대차,추돌,추돌,안전운전 의무 불이행,교차로,교차로부근
35362,2020-12-27 09,주간,일,1,1,0,0,0,전남,고흥군,차량단독,기타,기타,안전운전 의무 불이행,기타,기타
35363,2020-03-16 16,주간,월,1,1,0,0,0,충남,천안시,차대차,측면충돌,측면충돌,교차로 통행방법 위반,교차로,교차로내
35364,2020-10-13 10,주간,화,1,1,0,0,0,전남,화순군,차량단독,공작물충돌,공작물충돌,안전운전 의무 불이행,교차로,교차로내
35365,2020-07-04 17,주간,토,1,1,0,0,0,충북,음성군,차량단독,도로이탈,도로이탈 추락,안전운전 의무 불이행,기타,기타
35366,2020-07-09 10,주간,목,1,1,0,0,0,충남,홍성군,차량단독,전도,전도,안전운전 의무 불이행,단일로,기타단일로
35367,2020-09-02 13,주간,수,1,1,0,0,0,전남,무안군,차대차,측면충돌,측면충돌,안전운전 의무 불이행,교차로,교차로내
35368,2020-11-27 13,주간,금,1,1,0,0,0,경남,창녕군,차량단독,기타,기타,안전운전 의무 불이행,단일로,기타단일로