교통사고이력ID(사고기록 순서),발생년월일시,주야코드,요일코드,사망자수,부상자수,중상자수,경상자수,부상신고자수,발생지시도코드,발생지시도코드,사고유형대분류코드,사고유형중분류코드,사고유형코드,법규위반코드,도로형태대분류코드,도로로형태코드
35369,2020-08-10 12,주간,월,1,2,1,0,0,전북,완주군,차대차,기타,기타,안전운전 의무 불이행,단일로,기타단일로
35370,2020-08-10 16,주간,월,1,1,0,0,0,경기,동두천시,차대사람,횡단중,횡단중,안전운전 의무 불이행,단일로,기타단일로
35371,2020-04-17 11,주간,금,1,2,1,0,0,충남,당진시,차대차,측면충돌,측면충돌,신호위반,교차로,교차로내
35372,2020-05-31 06,주간,일,1,1,0,0,0,경북,칠곡군,차대사람,보도통행중,보도통행중,보행자 보호의무 위반,교차로,교차로횡단보도내
35373,2020-03-04 16,주간,수,1,1,0,0,0,전북,익산시,차대사람,횡단중,횡단중,보행자 보호의무 위반,교차로,교차로횡단보도내
35374,2020-04-16 00,야간,목,1,1,0,0,0,경남,거제시,차량단독,공작물충돌,공작물충돌,안전운전 의무 불이행,교차로,교차로내
35375,2020-04-02 19,야간,목,1,2,1,0,0,충북,충주시,차대차,추돌,추돌,과속,단일로,기타단일로
35376,2020-03-08 17,주간,일,1,1,0,0,0,대전,동구,차대차,추돌,추돌,안전운전 의무 불이행,단일로,기타단일로
35377,2020-12-30 08,주간,수,1,1,0,0,0,전남,고흥군,차량단독,도로이탈,도로이탈 추락,안전운전 의무 불이행,단일로,기타단일로
35378,2020-07-23 12,주간,목,2,2,0,0,0,충남,공주시,차량단독,공작물충돌,공작물충돌,안전운전 의무 불이행,단일로,기타단일로
35379,2020-03-17 14,주간,화,1,1,0,0,0,충남,천안시,차량단독,공작물충돌,공작물충돌,안전운전 의무 불이행,교차로,교차로내
35380,2020-06-27 03,야간,토,1,1,0,0,0,서울,은평구,차대사람,횡단중,횡단중,안전운전 의무 불이행,단일로,기타단일로
35381,2020-04-29 23,야간,수,1,1,0,0,0,경남,창원시(통합),차대사람,기타,기타,과속,교차로,교차로횡단보도내
35382,2020-03-30 02,야간,월,1,2,1,0,0,대구,북구,차대차,정면충돌,정면충돌,과속,단일로,기타단일로
35383,2020-11-03 09,주간,화,1,2,0,1,0,충남,공주시,차대차,추돌,추돌,안전운전 의무 불이행,기타,기타
35384,2020-08-13 22,야간,목,1,1,0,0,0,부산,서구,차대사람,횡단중,횡단중,안전운전 의무 불이행,교차로,교차로내
35385,2020-09-01 23,야간,화,1,1,0,0,0,서울,은평구,차량단독,공작물충돌,공작물충돌,안전운전 의무 불이행,단일로,터널안
35386,2020-08-08 14,주간,토,2,3,1,0,0,대구,달성군,차량단독,공작물충돌,공작물충돌,안전운전 의무 불이행,단일로,기타단일로
35387,2020-03-01 16,주간,일,1,1,0,0,0,경기,화성시,차대차,기타,기타,신호위반,교차로,교차로내
35388,2020-07-15 18,야간,수,1,1,0,0,0,강원,동해시,차량단독,공작물충돌,공작물충돌,안전운전 의무 불이행,단일로,기타단일로
35389,2020-04-14 00,야간,화,1,1,0,0,0,부산,동래구,차대사람,횡단중,횡단중,안전운전 의무 불이행,교차로,교차로부근
35390,2020-03-10 15,주간,화,1,1,0,0,0,서울,서초구,차대사람,보도통행중,보도통행중,안전운전 의무 불이행,교차로,교차로내
35391,2020-04-03 10,주간,금,1,1,0,0,0,부산,사상구,차대차,추돌,추돌,안전운전 의무 불이행,단일로,기타단일로
35392,2020-12-19 07,주간,토,1,1,0,0,0,강원,춘천시,차량단독,공작물충돌,공작물충돌,안전운전 의무 불이행,단일로,기타단일로
35393,2020-06-30 05,야간,화,1,1,0,0,0,서울,은평구,차대사람,횡단중,횡단중,과속,교차로,교차로횡단보도내
35394,2020-04-29 10,주간,수,1,1,0,0,0,경기,군포시,차대사람,기타,기타,안전운전 의무 불이행,단일로,기타단일로
35395,2020-05-28 17,주간,목,1,1,0,0,0,경북,김천시,차량단독,기타,기타,안전운전 의무 불이행,단일로,기타단일로
35396,2020-03-06 21,야간,금,1,1,0,0,0,경남,양산시,차대차,추돌,추돌,안전운전 의무 불이행,단일로,기타단일로
35397,2020-04-20 16,주간,월,1,1,0,0,0,광주,남구,차량단독,전도,전도,안전운전 의무 불이행,단일로,기타단일로
35398,2020-02-25 14,주간,화,1,1,0,0,0,인천,남구,차대차,측면충돌,측면충돌,안전운전 의무 불이행,단일로,기타단일로
35399,2020-07-18 04,야간,토,1,1,0,0,0,강원,동해시,차대사람,차도통행중,차도통행중,안전운전 의무 불이행,교차로,교차로내
35400,2020-08-23 09,주간,일,1,1,0,0,0,전북,남원시,차대차,측면충돌,측면충돌,신호위반,교차로,교차로내
35401,2020-09-27 06,주간,일,1,1,0,0,0,전남,해남군,차대차,기타,기타,기타,단일로,기타단일로
35402,2020-10-17 15,주간,토,1,5,0,4,0,충남,태안군,차대사람,횡단중,횡단중,과속,교차로,교차로내
35403,2020-03-22 13,주간,일,1,1,0,0,0,울산,중구,차대차,정면충돌,정면충돌,안전운전 의무 불이행,교차로,교차로내
35404,2020-08-14 00,야간,금,1,1,0,0,0,경북,상주시,차대차,추돌,추돌,안전운전 의무 불이행,단일로,기타단일로
35405,2020-03-30 19,야간,월,1,1,0,0,0,경기,이천시,차대차,측면충돌,측면충돌,중앙선 침범,단일로,기타단일로
35406,2020-09-28 16,주간,월,1,2,1,0,0,전남,해남군,차량단독,공작물충돌,공작물충돌,안전운전 의무 불이행,단일로,기타단일로
35407,2020-09-16 19,야간,수,2,6,4,0,0,충북,진천군,차대차,측면충돌,측면충돌,안전운전 의무 불이행,단일로,기타단일로
35408,2020-05-06 12,주간,수,1,1,0,0,0,부산,북구,차대차,기타,기타,안전운전 의무 불이행,단일로,기타단일로
35409,2020-03-09 22,야간,월,1,1,0,0,0,제주,제주시,차량단독,기타,기타,안전운전 의무 불이행,단일로,기타단일로
35410,2020-04-12 00,야간,일,1,1,0,0,0,부산,해운대구,차대차,측면충돌,측면충돌,과속,교차로,교차로부근
35411,2020-11-13 09,주간,금,1,2,1,0,0,충남,서천군,차대차,추돌,추돌,과속,단일로,기타단일로
35412,2020-03-03 05,야간,화,1,1,0,0,0,경기,김포시,차대차,추돌,추돌,안전운전 의무 불이행,교차로,교차로내
35413,2020-10-10 07,주간,토,1,1,0,0,0,전남,영암군,차량단독,공작물충돌,공작물충돌,안전운전 의무 불이행,기타,기타
35414,2020-04-30 04,야간,목,1,4,3,0,0,충남,서산시,차대차,측면충돌,측면충돌,교차로 통행방법 위반,교차로,교차로내
35415,2020-04-22 12,주간,수,1,1,0,0,0,서울,강북구,차대사람,횡단중,횡단중,과속,교차로,교차로부근
35416,2020-06-07 02,야간,일,1,1,0,0,0,서울,금천구,차대사람,횡단중,횡단중,안전운전 의무 불이행,교차로,교차로내
35417,2020-06-01 03,야간,월,1,1,0,0,0,울산,동구,차량단독,공작물충돌,공작물충돌,과속,단일로,터널안
35418,2020-07-01 00,야간,수,1,1,0,0,0,경기,양평군,차대차,기타,기타,안전운전 의무 불이행,단일로,기타단일로
35419,2020-06-09 08,주간,화,1,1,0,0,0,강원,양양군,차량단독,도로이탈,도로이탈 추락,안전운전 의무 불이행,불명,불명
35420,2020-03-26 09,주간,목,1,1,0,0,0,경기,수원시,차대차,기타,기타,안전운전 의무 불이행,단일로,기타단일로
35421,2020-06-05 04,야간,금,1,2,0,0,1,대구,중구,차대사람,횡단중,횡단중,과속,교차로,교차로부근
35422,2020-05-29 15,주간,금,1,1,0,0,0,경북,김천시,차량단독,기타,기타,안전운전 의무 불이행,단일로,기타단일로
35423,2020-03-26 02,야간,목,1,1,0,0,0,경북,포항시,차대사람,기타,기타,안전운전 의무 불이행,교차로,교차로부근
35424,2020-03-12 13,주간,목,1,2,0,1,0,서울,서초구,차대차,추돌,추돌,안전운전 의무 불이행,단일로,터널안
35425,2020-08-17 16,주간,월,1,1,0,0,0,경북,경주시,차대차,기타,기타,안전운전 의무 불이행,단일로,기타단일로
35426,2020-08-17 14,주간,월,1,1,0,0,0,서울,종로구,차대사람,기타,기타,안전운전 의무 불이행,기타,기타
35427,2020-04-24 00,야간,금,1,1,0,0,0,충남,당진시,차대사람,차도통행중,차도통행중,안전운전 의무 불이행,단일로,기타단일로
35428,2020-06-19 12,주간,금,1,1,0,0,0,경기,안양시,차대차,측면충돌,측면충돌,신호위반,교차로,교차로부근
35429,2020-02-04 14,주간,화,1,1,0,0,0,경기,평택시,차대사람,횡단중,횡단중,보행자 보호의무 위반,교차로,교차로횡단보도내
35430,2020-05-29 21,야간,금,1,1,0,0,0,전남,광양시,차량단독,공작물충돌,공작물충돌,안전운전 의무 불이행,단일로,기타단일로
35431,2020-04-04 03,야간,토,1,1,0,0,0,경남,김해시,차대사람,횡단중,횡단중,안전운전 의무 불이행,단일로,기타단일로
35432,2020-10-05 09,주간,월,1,1,0,0,0,전남,해남군,차대차,측면충돌,측면충돌,안전운전 의무 불이행,단일로,기타단일로
35433,2020-06-15 08,주간,월,1,1,0,0,0,경북,영천시,차대사람,횡단중,횡단중,안전운전 의무 불이행,단일로,기타단일로
35434,2020-08-11 11,주간,화,1,1,0,0,0,전북,정읍시,차대차,추돌,추돌,안전운전 의무 불이행,교차로,교차로부근
35435,2020-03-16 19,야간,월,1,1,0,0,0,경기,화성시,차대사람,횡단중,횡단중,안전운전 의무 불이행,교차로,교차로횡단보도내
35436,2020-11-03 11,주간,화,1,1,0,0,0,전남,화순군,차대차,정면충돌,정면충돌,신호위반,교차로,교차로내
35437,2020-05-30 22,야간,토,1,1,0,0,0,전남,광양시,차량단독,공작물충돌,공작물충돌,안전운전 의무 불이행,단일로,기타단일로
35438,2020-03-25 06,주간,수,1,1,0,0,0,울산,북구,차대사람,차도통행중,차도통행중,안전운전 의무 불이행,단일로,기타단일로
35439,2020-03-17 19,야간,화,1,1,0,0,0,제주,서귀포시,차대사람,횡단중,횡단중,보행자 보호의무 위반,교차로,교차로내
35440,2020-03-14 05,야간,토,1,1,0,0,0,충북,청주시,차량단독,공작물충돌,공작물충돌,안전운전 의무 불이행,단일로,기타단일로
35441,2020-02-25 02,야간,화,1,1,0,0,0,경기,의정부시,차량단독,공작물충돌,공작물충돌,안전운전 의무 불이행,교차로,교차로부근
35442,2020-04-24 20,야간,금,1,1,0,0,0,경남,거제시,차량단독,기타,기타,안전운전 의무 불이행,단일로,기타단일로
35443,2020-08-10 11,주간,월,1,2,1,0,0,경북,상주시,차량단독,공작물충돌,공작물충돌,안전운전 의무 불이행,단일로,기타단일로
35444,2020-05-11 12,주간,월,1,1,0,0,0,부산,북구,차대사람,횡단중,횡단중,안전운전 의무 불이행,교차로,교차로내
35445,2020-03-14 12,주간,토,1,2,0,1,0,충북,청주시,차대차,측면충돌,측면충돌,신호위반,교차로,교차로내
35446,2020-08-12 00,야간,수,1,1,0,0,0,충남,공주시,차량단독,공작물충돌,공작물충돌,안전운전 의무 불이행,단일로,기타단일로
35447,2020-03-14 08,주간,토,1,2,0,1,0,전북,전주시,차대차,측면충돌,측면충돌,신호위반,교차로,교차로내
35448,2020-07-27 17,주간,월,1,1,0,0,0,충남,홍성군,차대사람,기타,기타,안전운전 의무 불이행,단일로,기타단일로
35449,2020-05-18 10,주간,월,1,1,0,0,0,부산,강서구,차량단독,공작물충돌,공작물충돌,안전운전 의무 불이행,단일로,기타단일로
35450,2020-03-19 21,야간,목,1,1,0,0,0,제주,서귀포시,차대사람,길가장자리구역통행중,길가장자리구역통행중,안전운전 의무 불이행,단일로,기타단일로
35451,2020-03-27 11,주간,금,1,2,0,1,0,충남,천안시,차대사람,기타,기타,안전운전 의무 불이행,기타,기타
35452,2020-04-09 23,야간,목,1,2,1,0,0,대구,북구,차대차,기타,기타,중앙선 침범,단일로,기타단일로
35453,2020-03-26 21,야간,목,1,1,0,0,0,서울,동대문구,차대차,정면충돌,정면충돌,중앙선 침범,단일로,기타단일로
35454,2020-06-12 00,야간,금,1,2,0,1,0,대구,중구,차대사람,차도통행중,차도통행중,중앙선 침범,단일로,기타단일로
35455,2020-03-03 03,야간,화,1,1,0,0,0,서울,영등포구,차량단독,기타,기타,안전운전 의무 불이행,단일로,기타단일로
35456,2020-04-23 07,주간,목,1,1,0,0,0,서울,강동구,차대차,측면충돌,측면충돌,안전운전 의무 불이행,교차로,교차로부근
35457,2020-03-14 17,주간,토,2,10,6,2,0,경남,창원시(통합),차대차,측면충돌,측면충돌,중앙선 침범,교차로,교차로부근
35458,2020-03-28 12,주간,토,1,9,0,5,3,경기,용인시,차대차,추돌,추돌,안전운전 의무 불이행,단일로,기타단일로
35459,2020-03-14 04,야간,토,1,1,0,0,0,전북,익산시,차대차,측면충돌,측면충돌,안전운전 의무 불이행,단일로,기타단일로
35460,2020-04-30 04,야간,목,1,1,0,0,0,광주,남구,차량단독,공작물충돌,공작물충돌,안전운전 의무 불이행,단일로,고가도로위
35461,2020-10-23 11,주간,금,1,1,0,0,0,경북,문경시,차대차,기타,기타,안전운전 의무 불이행,단일로,기타단일로
35462,2020-12-09 05,야간,수,1,32,15,16,0,충남,금산군,차대차,추돌,추돌,안전운전 의무 불이행,단일로,기타단일로
35463,2020-02-19 02,야간,수,1,5,3,1,0,충남,천안시,차대차,정면충돌,정면충돌,중앙선 침범,단일로,기타단일로
35464,2020-08-12 06,주간,수,1,1,0,0,0,경북,영주시,차대차,기타,기타,안전운전 의무 불이행,교차로,교차로내
35465,2020-04-30 18,야간,목,1,1,0,0,0,광주,남구,차량단독,기타,기타,안전운전 의무 불이행,단일로,고가도로위
35466,2020-05-14 01,야간,목,1,1,0,0,0,서울,용산구,차량단독,공작물충돌,공작물충돌,과속,단일로,기타단일로
35467,2020-08-03 20,야간,월,1,1,0,0,0,충북,진천군,차대사람,차도통행중,차도통행중,안전운전 의무 불이행,단일로,기타단일로
35468,2020-10-13 02,야간,화,1,1,0,0,0,경기,광주시,차대차,추돌,추돌,안전운전 의무 불이행,단일로,지하차도(도로)내
35469,2020-10-14 13,주간,수,1,2,0,1,0,충북,충주시,차대차,추돌,추돌,안전운전 의무 불이행,단일로,기타단일로
35470,2020-05-19 15,주간,화,1,1,0,0,0,부산,북구,차대차,측면충돌,측면충돌,안전운전 의무 불이행,단일로,기타단일로
35471,2020-10-28 19,야간,수,1,1,0,0,0,충남,예산군,차대차,추돌,추돌,안전운전 의무 불이행,단일로,기타단일로
35472,2020-06-28 01,야간,일,1,1,0,0,0,경북,영천시,차량단독,공작물충돌,공작물충돌,안전운전 의무 불이행,단일로,기타단일로
35473,2020-08-28 18,야간,금,1,1,0,0,0,전북,정읍시,차대사람,기타,기타,안전운전 의무 불이행,단일로,기타단일로
35474,2020-11-02 07,주간,월,1,2,0,0,1,경북,문경시,차대차,측면충돌,측면충돌,안전운전 의무 불이행,단일로,교량위
35475,2020-05-09 20,야간,토,1,1,0,0,0,경기,부천시,차대사람,횡단중,횡단중,안전운전 의무 불이행,단일로,기타단일로
35476,2020-03-17 03,야간,화,1,1,0,0,0,전북,익산시,차대사람,차도통행중,차도통행중,안전거리 미확보,단일로,기타단일로
35477,2020-08-24 09,주간,월,1,3,1,1,0,충남,공주시,차대차,기타,기타,안전운전 의무 불이행,단일로,터널안
35478,2020-03-22 04,야간,일,1,1,0,0,0,경기,화성시,차대차,측면충돌,측면충돌,안전운전 의무 불이행,단일로,기타단일로
35479,2020-04-25 12,주간,토,1,2,1,0,0,인천,부평구,차대차,정면충돌,정면충돌,중앙선 침범,단일로,기타단일로
35480,2020-02-21 05,야간,금,1,2,0,1,0,경기,남양주시,차대차,정면충돌,정면충돌,중앙선 침범,단일로,기타단일로
35481,2020-06-30 19,야간,화,1,3,1,1,0,경북,영천시,차대차,정면충돌,정면충돌,중앙선 침범,단일로,기타단일로
35482,2020-04-14 01,야간,화,1,1,0,0,0,서울,구로구,차대차,측면충돌,측면충돌,신호위반,교차로,교차로내
35483,2020-05-18 13,주간,월,1,1,0,0,0,경기,포천시,차대차,기타,기타,신호위반,교차로,교차로내
35484,2020-09-01 17,주간,화,1,2,0,1,0,전북,정읍시,차대차,정면충돌,정면충돌,중앙선 침범,단일로,교량위
35485,2020-03-31 04,야간,화,1,1,0,0,0,서울,관악구,차대차,추돌,추돌,신호위반,교차로,교차로내
35486,2020-03-12 17,주간,목,3,4,0,1,0,전남,순천시,차대차,정면충돌,정면충돌,중앙선 침범,단일로,기타단일로
35487,2020-04-10 05,야간,금,1,1,0,0,0,경기,용인시,차대차,추돌,추돌,안전운전 의무 불이행,단일로,기타단일로
35488,2020-08-21 21,야간,금,1,1,0,0,0,경북,상주시,차대사람,횡단중,횡단중,안전운전 의무 불이행,교차로,교차로내
35489,2020-06-01 23,야간,월,1,3,2,0,0,인천,남동구,차대차,추돌,추돌,안전운전 의무 불이행,단일로,기타단일로
35490,2020-03-23 12,주간,월,1,1,0,0,0,경북,경주시,차대사람,횡단중,횡단중,안전운전 의무 불이행,교차로,교차로내
35491,2020-08-24 05,야간,월,1,1,0,0,0,경북,상주시,차대차,추돌,추돌,안전운전 의무 불이행,단일로,기타단일로
35492,2020-04-05 15,주간,일,1,6,2,3,0,서울,강서구,차대차,측면충돌,측면충돌,기타,교차로,교차로내
35493,2020-02-21 18,야간,금,1,1,0,0,0,인천,서구,차대차,정면충돌,정면충돌,교차로 통행방법 위반,교차로,교차로내
35494,2020-02-21 22,야간,금,1,1,0,0,0,경기,용인시,차대사람,차도통행중,차도통행중,안전운전 의무 불이행,단일로,기타단일로
35495,2020-10-22 18,야간,목,2,21,8,11,0,충북,청주시,차대차,추돌,추돌,안전운전 의무 불이행,단일로,기타단일로
35496,2020-03-18 19,야간,수,1,1,0,0,0,대전,대덕구,차대차,추돌,추돌,안전운전 의무 불이행,단일로,기타단일로
35497,2020-05-26 14,주간,화,1,1,0,0,0,경기,구리시,차대사람,보도통행중,보도통행중,보행자 보호의무 위반,교차로,교차로내
35498,2020-10-20 23,야간,화,1,2,0,1,0,충북,청주시,차대차,추돌,추돌,안전운전 의무 불이행,단일로,지하차도(도로)내
35499,2020-04-05 00,야간,일,1,1,0,0,0,경기,성남시,차대차,기타,기타,과속,교차로,교차로내
35500,2020-05-28 01,야간,목,1,1,0,0,0,서울,서대문구,차대사람,차도통행중,차도통행중,안전운전 의무 불이행,단일로,기타단일로
35501,2020-02-08 14,주간,토,1,1,0,0,0,경기,평택시,차대차,측면충돌,측면충돌,신호위반,교차로,교차로내
35502,2020-08-06 21,야간,목,1,1,0,0,0,충북,음성군,차대차,추돌,추돌,안전운전 의무 불이행,단일로,기타단일로
35503,2020-02-21 20,야간,금,1,1,0,0,0,경북,구미시,차량단독,전복,전복,안전운전 의무 불이행,단일로,기타단일로
35504,2020-06-05 03,야간,금,1,1,0,0,0,경기,김포시,차대차,추돌,추돌,안전운전 의무 불이행,단일로,교량위
35505,2020-08-14 11,주간,금,1,1,0,0,0,경남,밀양시,차대사람,횡단중,횡단중,안전운전 의무 불이행,교차로,교차로부근
35506,2020-08-06 20,야간,목,1,1,0,0,0,전남,나주시,차대사람,기타,기타,안전운전 의무 불이행,단일로,기타단일로
35507,2020-08-14 19,야간,금,1,1,0,0,0,경기,여주시,차량단독,공작물충돌,공작물충돌,안전운전 의무 불이행,교차로,교차로부근
35508,2020-03-11 13,주간,수,1,1,0,0,0,경기,수원시,차대차,기타,기타,안전운전 의무 불이행,교차로,교차로부근
35509,2020-09-21 05,야간,월,1,1,0,0,0,전북,완주군,차대사람,횡단중,횡단중,안전운전 의무 불이행,교차로,교차로횡단보도내
35510,2020-02-22 15,주간,토,1,1,0,0,0,인천,서구,차대차,정면충돌,정면충돌,신호위반,교차로,교차로내
35511,2020-03-01 19,야간,일,1,1,0,0,0,충북,청주시,차대사람,횡단중,횡단중,안전운전 의무 불이행,교차로,교차로횡단보도내
35512,2020-09-25 09,주간,금,1,1,0,0,0,전북,남원시,차량단독,도로이탈,도로이탈 추락,안전운전 의무 불이행,단일로,기타단일로
35513,2020-03-25 04,야간,수,1,2,1,0,0,경기,화성시,차량단독,공작물충돌,공작물충돌,과속,단일로,기타단일로
35514,2020-10-28 21,야간,수,1,6,0,5,0,충북,음성군,차대차,추돌,추돌,안전운전 의무 불이행,단일로,지하차도(도로)내
35515,2020-11-10 07,주간,화,1,1,0,0,0,충북,괴산군,차대차,추돌,추돌,안전운전 의무 불이행,단일로,기타단일로
35516,2020-09-23 13,주간,수,1,1,0,0,0,전북,김제시,차대차,추돌,추돌,안전운전 의무 불이행,단일로,기타단일로
35517,2020-03-14 16,주간,토,1,1,0,0,0,전남,여수시,차대차,측면충돌,측면충돌,안전운전 의무 불이행,교차로,교차로부근
35518,2020-08-17 19,야간,월,1,1,0,0,0,경기,여주시,차대사람,기타,기타,안전운전 의무 불이행,단일로,기타단일로
35519,2020-07-09 19,야간,목,1,1,0,0,0,경북,영천시,차대차,정면충돌,정면충돌,안전운전 의무 불이행,교차로,교차로내
35520,2020-08-25 19,야간,화,1,1,0,0,0,경북,영주시,차대사람,기타,기타,안전운전 의무 불이행,교차로,교차로내
35521,2020-12-30 15,주간,수,1,1,0,0,0,서울,중구,차량단독,기타,기타,안전운전 의무 불이행,교차로,교차로내
35522,2020-06-02 14,주간,화,1,2,1,0,0,경남,창원시(통합),차대차,측면충돌,측면충돌,안전운전 의무 불이행,교차로,교차로내
35523,2020-04-29 09,주간,수,1,1,0,0,0,부산,해운대구,차대사람,횡단중,횡단중,안전운전 의무 불이행,교차로,교차로내
35524,2020-09-01 00,야간,화,1,1,0,0,0,경북,상주시,차량단독,공작물충돌,공작물충돌,안전운전 의무 불이행,단일로,기타단일로
35525,2020-04-04 04,야간,토,1,1,0,0,0,인천,연수구,차량단독,공작물충돌,공작물충돌,안전운전 의무 불이행,교차로,교차로부근
35526,2020-04-29 15,주간,수,1,2,1,0,0,대구,달성군,차대차,측면충돌,측면충돌,과속,단일로,기타단일로
35527,2020-09-25 18,야간,금,1,1,0,0,0,전북,김제시,차대차,기타,기타,안전운전 의무 불이행,단일로,기타단일로
35528,2020-07-16 18,야간,목,1,1,0,0,0,충남,논산시,차량단독,전도,전도,안전운전 의무 불이행,단일로,기타단일로
35529,2020-03-06 03,야간,금,1,2,1,0,0,경기,파주시,차량단독,전도,전도,안전운전 의무 불이행,단일로,기타단일로
35530,2020-02-27 05,야간,목,1,1,0,0,0,경기,수원시,차대사람,횡단중,횡단중,보행자 보호의무 위반,교차로,교차로횡단보도내
35531,2020-12-11 14,주간,금,1,2,0,1,0,충남,태안군,차대차,정면충돌,정면충돌,중앙선 침범,단일로,기타단일로
35532,2020-12-01 16,주간,화,1,1,0,0,0,전남,영암군,차량단독,도로이탈,도로이탈 추락,안전운전 의무 불이행,단일로,기타단일로
35533,2020-09-28 13,주간,월,1,1,0,0,0,전북,김제시,차대차,추돌,추돌,과속,단일로,지하차도(도로)내
35534,2020-02-22 01,야간,토,1,1,0,0,0,서울,송파구,차대사람,횡단중,횡단중,과속,교차로,교차로내
35535,2020-06-22 20,야간,월,1,1,0,0,0,경북,김천시,차대차,추돌,추돌,안전운전 의무 불이행,단일로,기타단일로
35536,2020-09-06 10,주간,일,1,1,0,0,0,경북,상주시,차대사람,횡단중,횡단중,중앙선 침범,단일로,기타단일로
35537,2020-04-25 23,야간,토,1,2,0,1,0,충북,충주시,차대차,추돌,추돌,안전운전 의무 불이행,교차로,교차로내
35538,2020-10-31 07,주간,토,1,2,1,0,0,전남,무안군,차대차,추돌,추돌,과속,기타,기타
35539,2020-10-03 12,주간,토,1,1,0,0,0,전북,남원시,차량단독,공작물충돌,공작물충돌,안전운전 의무 불이행,단일로,기타단일로
35540,2020-03-23 11,주간,월,1,1,0,0,0,전북,익산시,차대사람,길가장자리구역통행중,길가장자리구역통행중,안전운전 의무 불이행,단일로,기타단일로
35541,2020-03-01 21,야간,일,1,1,0,0,0,경기,시흥시,차대차,기타,기타,안전운전 의무 불이행,단일로,기타단일로
35542,2020-04-11 17,주간,토,1,3,0,2,0,경북,포항시,차대차,정면충돌,정면충돌,중앙선 침범,교차로,교차로부근
35543,2020-04-07 04,야간,화,1,1,0,0,0,서울,관악구,차대사람,횡단중,횡단중,안전운전 의무 불이행,교차로,교차로부근
35544,2020-09-17 23,야간,목,1,3,1,1,0,대구,동구,차대차,추돌,추돌,안전운전 의무 불이행,단일로,기타단일로
35545,2020-05-02 22,야간,토,1,1,0,0,0,경기,안양시,차대사람,횡단중,횡단중,과속,단일로,기타단일로
35546,2020-08-22 19,야간,토,1,1,0,0,0,경기,여주시,차대차,추돌,추돌,안전운전 의무 불이행,교차로,교차로부근
35547,2020-05-08 23,야간,금,1,1,0,0,0,인천,부평구,차대사람,기타,기타,보행자 보호의무 위반,단일로,기타단일로
35548,2020-04-26 23,야간,일,1,2,1,0,0,부산,사하구,차량단독,기타,기타,안전거리 미확보,단일로,지하차도(도로)내
35549,2020-11-04 07,주간,수,1,1,0,0,0,전남,무안군,차대사람,기타,기타,안전운전 의무 불이행,기타,기타
35550,2020-09-15 20,야간,화,1,1,0,0,0,충남,공주시,차대차,측면충돌,측면충돌,과속,교차로,교차로부근
35551,2020-09-21 08,주간,월,1,2,0,1,0,경북,문경시,차대차,추돌,추돌,안전운전 의무 불이행,단일로,기타단일로
35552,2020-09-30 15,주간,수,1,1,0,0,0,전북,김제시,차량단독,도로이탈,도로이탈 추락,안전운전 의무 불이행,단일로,지하차도(도로)내
35553,2020-11-11 14,주간,수,1,10,2,5,2,충북,진천군,차대차,추돌,추돌,안전운전 의무 불이행,단일로,기타단일로
35554,2020-02-26 05,야간,수,1,1,0,0,0,경기,용인시,차량단독,전도,전도,안전운전 의무 불이행,단일로,기타단일로
35555,2020-04-27 11,주간,월,1,2,1,0,0,충북,충주시,차대차,측면충돌,측면충돌,안전운전 의무 불이행,교차로,교차로내
35556,2020-02-11 14,주간,화,1,2,0,1,0,경기,평택시,차대차,추돌,추돌,안전운전 의무 불이행,단일로,기타단일로
35557,2020-04-08 00,야간,수,1,2,1,0,0,울산,북구,차대차,정면충돌,정면충돌,중앙선 침범,단일로,기타단일로
35558,2020-04-22 12,주간,수,2,5,1,2,0,대구,서구,차대차,기타,기타,안전운전 의무 불이행,교차로,교차로내
35559,2020-06-27 19,야간,토,1,1,0,0,0,경북,김천시,차량단독,공작물충돌,공작물충돌,안전운전 의무 불이행,단일로,기타단일로
35560,2020-05-17 19,야간,일,1,1,0,0,0,광주,남구,차대사람,횡단중,횡단중,안전운전 의무 불이행,교차로,교차로내
35561,2020-03-17 14,주간,화,1,1,0,0,0,경기,고양시,차대사람,횡단중,횡단중,안전운전 의무 불이행,교차로,교차로부근
35562,2020-03-30 22,야간,월,1,1,0,0,0,경기,화성시,차대사람,횡단중,횡단중,과속,단일로,기타단일로
35563,2020-10-11 16,주간,일,1,1,0,0,0,강원,삼척시,차량단독,전도,전도,안전운전 의무 불이행,단일로,기타단일로
35564,2020-06-30 03,야간,화,1,2,0,1,0,대구,중구,차대차,측면충돌,측면충돌,안전운전 의무 불이행,단일로,기타단일로
35565,2020-03-30 12,주간,월,1,2,0,1,0,전북,군산시,차대차,추돌,추돌,안전운전 의무 불이행,단일로,지하차도(도로)내
35566,2020-03-17 19,야간,화,1,1,0,0,0,경기,고양시,차대사람,기타,기타,안전운전 의무 불이행,단일로,기타단일로
35567,2020-09-02 08,주간,수,1,1,0,0,0,충북,진천군,차량단독,공작물충돌,공작물충돌,안전운전 의무 불이행,단일로,기타단일로
35568,2020-06-17 16,주간,수,1,2,0,0,1,경기,고양시,차대차,추돌,추돌,안전운전 의무 불이행,단일로,교량위
35569,2020-03-29 00,야간,일,1,3,0,2,0,대전,동구,차대차,측면충돌,측면충돌,신호위반,교차로,교차로내