교통사고이력ID(사고기록 순서),발생년월일시,주야코드,요일코드,사망자수,부상자수,중상자수,경상자수,부상신고자수,발생지시도코드,발생지시도코드,사고유형대분류코드,사고유형중분류코드,사고유형코드,법규위반코드,도로형태대분류코드,도로로형태코드
35570,2020-05-06 13,주간,수,1,1,0,0,0,경기,고양시,차대차,측면충돌,측면충돌,신호위반,교차로,교차로내
35571,2020-11-26 00,야간,목,1,1,0,0,0,충북,괴산군,차량단독,기타,기타,안전운전 의무 불이행,단일로,기타단일로
35572,2020-07-05 16,주간,일,1,1,0,0,0,경남,창원시(통합),차대차,측면충돌,측면충돌,안전운전 의무 불이행,교차로,교차로횡단보도내
35573,2020-03-26 09,주간,목,1,1,0,0,0,전북,익산시,차대사람,기타,기타,안전운전 의무 불이행,단일로,기타단일로
35574,2020-03-06 22,야간,금,1,1,0,0,0,경기,안산시,차대차,기타,기타,안전운전 의무 불이행,단일로,기타단일로
35575,2020-05-21 00,야간,목,1,2,0,1,0,인천,남동구,차대차,측면충돌,측면충돌,안전운전 의무 불이행,교차로,교차로부근
35576,2020-06-01 17,주간,월,1,1,0,0,0,경남,김해시,차대차,측면충돌,측면충돌,신호위반,교차로,교차로내
35577,2020-04-10 23,야간,금,1,1,0,0,0,울산,중구,차량단독,공작물충돌,공작물충돌,안전운전 의무 불이행,교차로,교차로부근
35578,2020-09-13 19,야간,일,1,1,0,0,0,경북,상주시,차대사람,기타,기타,안전운전 의무 불이행,단일로,기타단일로
35579,2020-08-26 10,주간,수,1,1,0,0,0,전남,나주시,차대차,측면충돌,측면충돌,안전운전 의무 불이행,단일로,기타단일로
35580,2020-02-20 08,주간,목,1,1,0,0,0,대구,수성구,차대사람,횡단중,횡단중,안전운전 의무 불이행,단일로,기타단일로
35581,2020-08-24 09,주간,월,1,1,0,0,0,충북,음성군,차대사람,차도통행중,차도통행중,안전운전 의무 불이행,단일로,기타단일로
35582,2020-04-29 14,주간,수,1,1,0,0,0,충북,충주시,차대차,측면충돌,측면충돌,안전운전 의무 불이행,교차로,교차로내
35583,2020-03-31 23,야간,화,1,1,0,0,0,경남,창원시(통합),차대사람,횡단중,횡단중,과속,단일로,기타단일로
35584,2020-05-20 06,주간,수,1,1,0,0,0,경남,창원시(통합),차량단독,전도,전도,안전운전 의무 불이행,교차로,교차로부근
35585,2020-09-18 22,야간,금,1,1,0,0,0,경북,상주시,차량단독,공작물충돌,공작물충돌,안전운전 의무 불이행,단일로,기타단일로
35586,2020-12-22 11,주간,화,1,1,0,0,0,경북,문경시,차대차,측면충돌,측면충돌,안전운전 의무 불이행,교차로,교차로내
35587,2020-03-23 21,야간,월,2,2,0,0,0,경기,화성시,차량단독,공작물충돌,공작물충돌,안전운전 의무 불이행,단일로,기타단일로
35588,2020-11-14 12,주간,토,1,2,0,1,0,서울,은평구,차대차,측면충돌,측면충돌,신호위반,교차로,교차로내
35589,2020-12-19 06,주간,토,1,1,0,0,0,충남,예산군,차대사람,차도통행중,차도통행중,과속,교차로,교차로내
35590,2020-04-10 11,주간,금,1,1,0,0,0,경기,고양시,차대사람,기타,기타,안전운전 의무 불이행,기타,기타
35591,2020-03-28 17,주간,토,1,1,0,0,0,충북,청주시,차량단독,전복,전복,안전운전 의무 불이행,단일로,기타단일로
35592,2020-11-27 17,주간,금,1,15,2,9,3,충북,진천군,차대차,추돌,추돌,안전운전 의무 불이행,단일로,기타단일로
35593,2020-05-08 19,야간,금,1,1,0,0,0,대구,달성군,차대사람,기타,기타,안전운전 의무 불이행,단일로,기타단일로
35594,2020-09-13 03,야간,일,1,1,0,0,0,강원,동해시,차대사람,횡단중,횡단중,보행자 보호의무 위반,교차로,교차로횡단보도내
35595,2020-05-12 14,주간,화,1,1,0,0,0,경북,안동시,차량단독,기타,기타,안전운전 의무 불이행,단일로,기타단일로
35596,2020-03-29 20,야간,일,1,1,0,0,0,전북,익산시,차대사람,횡단중,횡단중,안전운전 의무 불이행,단일로,기타단일로
35597,2020-07-04 06,주간,토,1,1,0,0,0,울산,울주군,차대사람,횡단중,횡단중,안전운전 의무 불이행,단일로,기타단일로
35598,2020-03-12 13,주간,목,1,1,0,0,0,강원,원주시,차량단독,공작물충돌,공작물충돌,안전운전 의무 불이행,단일로,기타단일로
35599,2020-10-25 08,주간,일,1,1,0,0,0,전북,남원시,차대사람,차도통행중,차도통행중,안전운전 의무 불이행,단일로,기타단일로
35600,2020-04-08 14,주간,수,1,1,0,0,0,제주,서귀포시,차대차,측면충돌,측면충돌,신호위반,교차로,교차로내
35601,2020-12-05 21,야간,토,1,1,0,0,0,부산,영도구,차대차,기타,기타,안전운전 의무 불이행,단일로,기타단일로
35602,2020-10-06 22,야간,화,1,3,1,1,0,경북,경산시,차대차,추돌,추돌,안전운전 의무 불이행,단일로,기타단일로
35603,2020-10-20 06,주간,화,1,1,0,0,0,전북,김제시,차대차,정면충돌,정면충돌,안전운전 의무 불이행,교차로,교차로내
35604,2020-08-05 18,야간,수,1,1,0,0,0,부산,기장군,차량단독,도로이탈,도로이탈 추락,안전운전 의무 불이행,기타,기타
35605,2020-11-29 18,야간,일,1,17,1,15,0,충북,청주시,차대차,측면충돌,측면충돌,안전운전 의무 불이행,단일로,지하차도(도로)내
35606,2020-12-21 14,주간,월,1,3,1,1,0,전남,해남군,차대차,정면충돌,정면충돌,중앙선 침범,교차로,교차로부근
35607,2020-12-31 06,주간,목,1,1,0,0,0,경북,문경시,차량단독,도로이탈,도로이탈 추락,안전운전 의무 불이행,단일로,기타단일로
35608,2020-05-10 03,야간,일,1,2,0,1,0,부산,해운대구,차대차,정면충돌,정면충돌,신호위반,교차로,교차로내
35609,2020-09-23 18,야간,수,1,1,0,0,0,경북,상주시,차량단독,전도,전도,안전운전 의무 불이행,단일로,기타단일로
35610,2020-08-29 17,주간,토,1,1,0,0,0,충북,음성군,차량단독,공작물충돌,공작물충돌,안전운전 의무 불이행,단일로,기타단일로
35611,2020-05-23 09,주간,토,1,1,0,0,0,경북,안동시,차대차,측면충돌,측면충돌,안전운전 의무 불이행,교차로,교차로내
35612,2020-03-25 22,야간,수,1,1,0,0,0,경기,화성시,차량단독,기타,기타,안전운전 의무 불이행,단일로,기타단일로
35613,2020-05-20 09,주간,수,1,1,0,0,0,경남,거제시,차대차,기타,기타,신호위반,교차로,교차로내
35614,2020-05-15 11,주간,금,1,1,0,0,0,인천,옹진군,차대사람,횡단중,횡단중,안전운전 의무 불이행,단일로,기타단일로
35615,2020-07-27 07,주간,월,1,1,0,0,0,경북,칠곡군,차대사람,횡단중,횡단중,보행자 보호의무 위반,교차로,교차로횡단보도내
35616,2020-02-29 14,주간,토,1,1,0,0,0,경기,남양주시,차량단독,공작물충돌,공작물충돌,안전운전 의무 불이행,단일로,기타단일로
35617,2020-12-25 16,주간,금,1,1,0,0,0,전남,해남군,차량단독,전도,전도,안전운전 의무 불이행,단일로,기타단일로
35618,2020-09-07 12,주간,월,1,1,0,0,0,전남,나주시,차대차,측면충돌,측면충돌,교차로 통행방법 위반,교차로,교차로부근
35619,2020-05-31 11,주간,일,1,1,0,0,0,충남,서산시,차량단독,도로이탈,도로이탈 추락,과속,단일로,기타단일로
35620,2020-12-03 12,주간,목,1,1,0,0,0,충북,괴산군,차량단독,공작물충돌,공작물충돌,안전운전 의무 불이행,단일로,터널안
35621,2020-05-20 15,주간,수,1,3,1,1,0,충남,당진시,차대차,측면충돌,측면충돌,안전운전 의무 불이행,단일로,기타단일로
35622,2020-07-08 03,야간,수,1,2,0,0,1,울산,울주군,차대차,추돌,추돌,과속,단일로,기타단일로
35623,2020-10-25 06,주간,일,1,1,0,0,0,전북,완주군,차대사람,차도통행중,차도통행중,안전운전 의무 불이행,단일로,기타단일로
35624,2020-05-12 06,주간,화,1,1,0,0,0,경기,하남시,차대차,측면충돌,측면충돌,신호위반,교차로,교차로내
35625,2020-12-19 20,야간,토,1,1,0,0,0,충북,증평군,차대사람,횡단중,횡단중,안전운전 의무 불이행,교차로,교차로내
35626,2020-06-27 02,야간,토,1,1,0,0,0,울산,울주군,차대사람,횡단중,횡단중,안전운전 의무 불이행,단일로,기타단일로
35627,2020-05-09 21,야간,토,1,1,0,0,0,부산,사상구,차량단독,기타,기타,안전운전 의무 불이행,단일로,기타단일로
35628,2020-05-16 08,주간,토,1,1,0,0,0,경남,창원시(통합),차량단독,전도,전도,안전운전 의무 불이행,단일로,기타단일로
35629,2020-03-02 02,야간,월,1,1,0,0,0,인천,서구,차대사람,기타,기타,안전운전 의무 불이행,단일로,기타단일로
35630,2020-10-26 05,야간,월,1,1,0,0,0,전북,완주군,차대사람,횡단중,횡단중,보행자 보호의무 위반,교차로,교차로횡단보도내
35631,2020-06-28 04,야간,일,1,3,2,0,0,경기,시흥시,차대차,추돌,추돌,과속,단일로,기타단일로
35632,2020-04-12 05,야간,일,1,1,0,0,0,제주,서귀포시,차대사람,기타,기타,안전운전 의무 불이행,단일로,기타단일로
35633,2020-10-13 19,야간,화,1,1,0,0,0,충남,공주시,차대차,기타,기타,신호위반,교차로,교차로부근
35634,2020-09-17 01,야간,목,1,6,1,4,0,경기,의왕시,차대차,추돌,추돌,기타,단일로,기타단일로
35635,2020-05-26 09,주간,화,1,1,0,0,0,경북,안동시,차량단독,공작물충돌,공작물충돌,안전운전 의무 불이행,단일로,기타단일로
35636,2020-05-26 10,주간,화,1,4,1,2,0,경북,안동시,차대차,추돌,추돌,안전운전 의무 불이행,단일로,교량위
35637,2020-03-16 21,야간,월,1,1,0,0,0,경기,광주시,차대차,기타,기타,안전운전 의무 불이행,단일로,기타단일로
35638,2020-09-23 03,야간,수,1,2,1,0,0,부산,동구,차량단독,기타,기타,안전운전 의무 불이행,단일로,기타단일로
35639,2020-04-01 23,야간,수,1,1,0,0,0,충북,청주시,차대사람,횡단중,횡단중,안전운전 의무 불이행,교차로,교차로내
35640,2020-10-28 18,야간,수,1,1,0,0,0,전북,김제시,차대사람,길가장자리구역통행중,길가장자리구역통행중,안전운전 의무 불이행,교차로,교차로부근
35641,2020-10-16 05,야간,금,1,3,0,2,0,경북,청도군,차대차,측면충돌,측면충돌,안전운전 의무 불이행,단일로,기타단일로
35642,2020-05-15 02,야간,금,2,2,0,0,0,경기,고양시,차량단독,기타,기타,안전운전 의무 불이행,단일로,기타단일로
35643,2020-05-27 15,주간,수,1,1,0,0,0,경북,안동시,차대사람,횡단중,횡단중,보행자 보호의무 위반,교차로,교차로횡단보도내
35644,2020-11-04 03,야간,수,1,1,0,0,0,전북,남원시,차량단독,공작물충돌,공작물충돌,안전운전 의무 불이행,단일로,기타단일로
35645,2020-04-02 21,야간,목,1,1,0,0,0,경남,양산시,차대사람,횡단중,횡단중,안전운전 의무 불이행,단일로,기타단일로
35646,2020-05-23 23,야간,토,1,1,0,0,0,충남,당진시,차대사람,차도통행중,차도통행중,안전운전 의무 불이행,단일로,기타단일로
35647,2020-04-14 09,주간,화,1,1,0,0,0,제주,서귀포시,차대사람,횡단중,횡단중,보행자 보호의무 위반,교차로,교차로내
35648,2020-04-01 04,야간,수,1,1,0,0,0,부산,부산진구,차대사람,차도통행중,차도통행중,과속,단일로,기타단일로
35649,2020-06-15 02,야간,월,1,1,0,0,0,경남,김해시,차량단독,기타,기타,안전운전 의무 불이행,단일로,기타단일로
35650,2020-10-27 18,야간,화,1,2,0,1,0,전북,정읍시,차량단독,도로이탈,도로이탈 기타,안전운전 의무 불이행,단일로,기타단일로
35651,2020-03-17 14,주간,화,1,1,0,0,0,제주,제주시,차대사람,횡단중,횡단중,보행자 보호의무 위반,교차로,교차로횡단보도내
35652,2020-08-07 10,주간,금,2,4,1,1,0,경북,영천시,차대차,정면충돌,정면충돌,중앙선 침범,단일로,기타단일로
35653,2020-03-18 09,주간,수,1,1,0,0,0,경기,광주시,차대사람,횡단중,횡단중,보행자 보호의무 위반,교차로,교차로횡단보도내
35654,2020-03-25 12,주간,수,1,2,0,1,0,대전,중구,차대차,측면충돌,측면충돌,신호위반,교차로,교차로내
35655,2020-11-20 15,주간,금,1,1,0,0,0,경기,동두천시,차량단독,공작물충돌,공작물충돌,안전운전 의무 불이행,단일로,기타단일로
35656,2020-04-08 06,주간,수,1,1,0,0,0,대전,서구,차대차,측면충돌,측면충돌,안전거리 미확보,단일로,기타단일로
35657,2020-04-23 06,주간,목,1,1,0,0,0,경기,수원시,차대차,측면충돌,측면충돌,신호위반,교차로,교차로내
35658,2020-10-31 15,주간,토,1,2,0,1,0,전북,정읍시,차대차,정면충돌,정면충돌,중앙선 침범,단일로,기타단일로
35659,2020-04-27 16,주간,월,1,4,0,2,1,서울,송파구,차대차,추돌,추돌,안전운전 의무 불이행,단일로,기타단일로
35660,2020-06-02 22,야간,화,1,1,0,0,0,인천,남동구,차대사람,횡단중,횡단중,과속,교차로,교차로횡단보도내
35661,2020-08-17 10,주간,월,1,2,1,0,0,부산,기장군,차량단독,도로이탈,도로이탈 추락,안전운전 의무 불이행,단일로,기타단일로
35662,2020-04-21 13,주간,화,1,1,0,0,0,강원,강릉시,차대차,정면충돌,정면충돌,안전운전 의무 불이행,교차로,교차로내
35663,2020-07-06 17,주간,월,1,1,0,0,0,서울,도봉구,차대사람,횡단중,횡단중,보행자 보호의무 위반,교차로,교차로내
35664,2020-05-29 20,야간,금,1,1,0,0,0,경남,창원시(통합),차대사람,횡단중,횡단중,보행자 보호의무 위반,교차로,교차로횡단보도내
35665,2020-05-15 14,주간,금,1,1,0,0,0,대구,달성군,차대차,기타,기타,안전운전 의무 불이행,교차로,교차로부근
35666,2020-04-18 19,야간,토,1,1,0,0,0,충남,천안시,차대차,추돌,추돌,안전운전 의무 불이행,단일로,기타단일로
35667,2020-07-17 10,주간,금,1,1,0,0,0,경북,김천시,차량단독,기타,기타,안전운전 의무 불이행,교차로,교차로내
35668,2020-03-26 12,주간,목,1,1,0,0,0,대전,중구,차대사람,횡단중,횡단중,안전운전 의무 불이행,단일로,기타단일로
35669,2020-10-21 23,야간,수,1,1,0,0,0,경북,상주시,차대차,기타,기타,기타,단일로,기타단일로
35670,2020-03-28 15,주간,토,1,1,0,0,0,서울,강남구,차대차,기타,기타,신호위반,교차로,교차로내
35671,2020-06-17 01,야간,수,1,1,0,0,0,부산,북구,차량단독,공작물충돌,공작물충돌,안전운전 의무 불이행,단일로,기타단일로
35672,2020-04-20 23,야간,월,1,1,0,0,0,서울,중랑구,차대사람,횡단중,횡단중,과속,교차로,교차로횡단보도내
35673,2020-10-25 21,야간,일,1,1,0,0,0,충남,공주시,차량단독,공작물충돌,공작물충돌,안전운전 의무 불이행,단일로,기타단일로
35674,2020-04-05 11,주간,일,1,1,0,0,0,전북,익산시,차량단독,도로이탈,도로이탈 추락,안전운전 의무 불이행,단일로,기타단일로
35675,2020-06-19 06,주간,금,1,1,0,0,0,서울,광진구,차대사람,횡단중,횡단중,보행자 보호의무 위반,교차로,교차로횡단보도내
35676,2020-03-13 18,야간,금,1,2,1,0,0,광주,광산구,차대차,정면충돌,정면충돌,중앙선 침범,단일로,기타단일로
35677,2020-09-14 06,주간,월,1,2,1,0,0,충북,음성군,차량단독,전도,전도,안전운전 의무 불이행,단일로,기타단일로
35678,2020-07-24 15,주간,금,1,1,0,0,0,울산,북구,차량단독,공작물충돌,공작물충돌,과속,단일로,기타단일로
35679,2020-07-09 19,야간,목,1,1,0,0,0,서울,도봉구,차대사람,기타,기타,안전운전 의무 불이행,단일로,기타단일로
35680,2020-11-10 14,주간,화,1,1,0,0,0,전북,완주군,차량단독,공작물충돌,공작물충돌,안전운전 의무 불이행,단일로,기타단일로
35681,2020-03-25 20,야간,수,1,1,0,0,0,전남,목포시,차대사람,기타,기타,안전운전 의무 불이행,단일로,기타단일로
35682,2020-05-20 10,주간,수,1,2,0,1,0,세종,세종,차대차,추돌,추돌,안전운전 의무 불이행,교차로,교차로부근
35683,2020-08-30 22,야간,일,1,2,0,0,1,서울,은평구,차대사람,횡단중,횡단중,안전운전 의무 불이행,교차로,교차로내
35684,2020-05-15 13,주간,금,1,1,0,0,0,부산,사하구,차대차,기타,기타,안전운전 의무 불이행,교차로,교차로내
35685,2020-05-13 01,야간,수,1,1,0,0,0,경기,광명시,차량단독,공작물충돌,공작물충돌,안전운전 의무 불이행,교차로,교차로부근
35686,2020-08-18 13,주간,화,1,1,0,0,0,충남,논산시,차대차,정면충돌,정면충돌,안전운전 의무 불이행,단일로,기타단일로
35687,2020-06-10 08,주간,수,1,1,0,0,0,충남,서산시,차대사람,횡단중,횡단중,안전운전 의무 불이행,교차로,교차로횡단보도내
35688,2020-07-06 10,주간,월,1,1,0,0,0,경기,안산시,차대차,추돌,추돌,안전운전 의무 불이행,단일로,기타단일로
35689,2020-04-23 03,야간,목,1,1,0,0,0,서울,중랑구,차대사람,기타,기타,안전운전 의무 불이행,단일로,기타단일로
35690,2020-07-23 18,야간,목,1,1,0,0,0,전남,광양시,차량단독,공작물충돌,공작물충돌,안전운전 의무 불이행,단일로,기타단일로
35691,2020-10-30 07,주간,금,1,2,0,1,0,충남,공주시,차대차,추돌,추돌,안전운전 의무 불이행,단일로,기타단일로
35692,2020-06-05 09,주간,금,1,2,0,1,0,대구,남구,차대사람,횡단중,횡단중,보행자 보호의무 위반,교차로,교차로횡단보도내
35693,2020-06-19 21,야간,금,1,1,0,0,0,부산,북구,차대사람,기타,기타,안전운전 의무 불이행,단일로,기타단일로
35694,2020-04-14 17,주간,화,1,1,0,0,0,경북,경주시,차대차,측면충돌,측면충돌,안전운전 의무 불이행,교차로,교차로내
35695,2020-07-22 19,야간,수,1,1,0,0,0,경북,김천시,차량단독,공작물충돌,공작물충돌,안전운전 의무 불이행,단일로,교량위
35696,2020-12-25 09,주간,금,1,1,0,0,0,전남,무안군,차대차,측면충돌,측면충돌,신호위반,교차로,교차로내
35697,2020-08-15 05,야간,토,2,3,0,1,0,경북,영천시,차대차,추돌,추돌,안전운전 의무 불이행,단일로,기타단일로
35698,2020-11-11 19,야간,수,1,1,0,0,0,전북,김제시,차대사람,횡단중,횡단중,안전운전 의무 불이행,단일로,기타단일로
35699,2020-11-13 10,주간,금,1,2,1,0,0,전북,완주군,차대차,측면충돌,측면충돌,안전운전 의무 불이행,단일로,기타단일로
35700,2020-07-07 08,주간,화,1,5,0,4,0,경기,시흥시,차대차,추돌,추돌,안전운전 의무 불이행,단일로,기타단일로
35701,2020-07-01 05,야간,수,1,1,0,0,0,부산,강서구,차량단독,기타,기타,안전운전 의무 불이행,교차로,교차로부근
35702,2020-07-26 04,야간,일,1,1,0,0,0,충남,보령시,차량단독,공작물충돌,공작물충돌,안전운전 의무 불이행,교차로,교차로부근
35703,2020-09-25 14,주간,금,2,3,0,1,0,전남,나주시,차대차,정면충돌,정면충돌,중앙선 침범,단일로,기타단일로
35704,2020-12-22 17,주간,화,1,1,0,0,0,서울,은평구,차대사람,기타,기타,안전운전 의무 불이행,단일로,기타단일로
35705,2020-10-17 11,주간,토,1,4,1,2,0,경북,상주시,차대차,정면충돌,정면충돌,중앙선 침범,단일로,기타단일로
35706,2020-11-17 16,주간,화,1,1,0,0,0,전북,남원시,차량단독,전도,전도,안전운전 의무 불이행,교차로,교차로내
35707,2020-11-14 04,야간,토,1,1,0,0,0,전북,김제시,차대사람,기타,기타,과속,단일로,기타단일로
35708,2020-08-18 05,야간,화,1,2,0,1,0,경남,사천시,차대사람,횡단중,횡단중,보행자 보호의무 위반,교차로,교차로횡단보도내
35709,2020-09-24 12,주간,목,1,1,0,0,0,경남,밀양시,차대사람,기타,기타,안전운전 의무 불이행,단일로,기타단일로
35710,2020-11-02 18,야간,월,1,1,0,0,0,충남,공주시,차량단독,기타,기타,기타,단일로,기타단일로
35711,2020-05-08 13,주간,금,1,1,0,0,0,인천,부평구,차대사람,기타,기타,보행자 보호의무 위반,교차로,교차로내
35712,2020-10-31 21,야간,토,1,2,0,1,0,대구,동구,차대사람,횡단중,횡단중,안전운전 의무 불이행,단일로,기타단일로
35713,2020-07-25 21,야간,토,1,2,1,0,0,대구,중구,차대사람,차도통행중,차도통행중,신호위반,단일로,기타단일로
35714,2020-07-26 16,주간,일,1,2,1,0,0,전남,광양시,차대차,측면충돌,측면충돌,안전운전 의무 불이행,단일로,기타단일로
35715,2020-11-14 16,주간,토,1,1,0,0,0,전북,김제시,차량단독,도로이탈,도로이탈 추락,안전운전 의무 불이행,단일로,지하차도(도로)내
35716,2020-11-18 18,야간,수,1,1,0,0,0,전북,정읍시,차대사람,횡단중,횡단중,안전운전 의무 불이행,교차로,교차로부근
35717,2020-11-04 11,주간,수,1,1,0,0,0,충남,공주시,차대사람,차도통행중,차도통행중,안전운전 의무 불이행,단일로,기타단일로
35718,2020-08-10 05,야간,월,1,1,0,0,0,서울,금천구,차대차,측면충돌,측면충돌,신호위반,교차로,교차로내
35719,2020-04-27 06,주간,월,1,2,0,1,0,울산,북구,차대차,추돌,추돌,안전운전 의무 불이행,교차로,교차로부근
35720,2020-09-06 02,야간,일,1,1,0,0,0,경기,양평군,차량단독,공작물충돌,공작물충돌,안전운전 의무 불이행,단일로,기타단일로
35721,2020-11-26 07,주간,목,1,2,0,0,1,서울,종로구,차대차,측면충돌,측면충돌,안전운전 의무 불이행,단일로,기타단일로
35722,2020-06-02 15,주간,화,1,1,0,0,0,충남,당진시,차량단독,도로이탈,도로이탈 추락,안전운전 의무 불이행,단일로,기타단일로
35723,2020-05-15 19,야간,금,2,2,0,0,0,충북,충주시,차량단독,전복,전복,과속,단일로,고가도로위
35724,2020-08-24 18,야간,월,1,1,0,0,0,충남,논산시,차대사람,횡단중,횡단중,안전운전 의무 불이행,교차로,교차로부근
35725,2020-04-08 19,야간,수,1,1,0,0,0,충북,청주시,차대사람,횡단중,횡단중,신호위반,교차로,교차로횡단보도내
35726,2020-05-23 08,주간,토,1,3,1,1,0,대구,달성군,차대차,기타,기타,안전운전 의무 불이행,교차로,교차로내
35727,2020-11-26 20,야간,목,1,1,0,0,0,전북,남원시,차량단독,공작물충돌,공작물충돌,안전운전 의무 불이행,단일로,기타단일로
35728,2020-04-17 20,야간,금,1,1,0,0,0,경남,진주시,차대사람,기타,기타,안전운전 의무 불이행,교차로,교차로부근
35729,2020-09-07 20,야간,월,1,1,0,0,0,서울,성북구,차대사람,기타,기타,안전운전 의무 불이행,단일로,기타단일로
35730,2020-04-28 12,주간,화,1,1,0,0,0,울산,북구,차대사람,횡단중,횡단중,안전운전 의무 불이행,교차로,교차로내
35731,2020-10-16 08,주간,금,1,1,0,0,0,충남,홍성군,차대차,측면충돌,측면충돌,신호위반,교차로,교차로내
35732,2020-04-18 17,주간,토,1,1,0,0,0,경북,경주시,차량단독,도로이탈,도로이탈 추락,안전운전 의무 불이행,단일로,기타단일로
35733,2020-10-25 18,야간,일,1,1,0,0,0,경북,상주시,차대사람,기타,기타,안전운전 의무 불이행,단일로,기타단일로
35734,2020-06-02 14,주간,화,1,1,0,0,0,인천,동구,차대사람,횡단중,횡단중,안전운전 의무 불이행,단일로,기타단일로
35735,2020-11-25 06,주간,수,1,1,0,0,0,전북,정읍시,차대사람,길가장자리구역통행중,길가장자리구역통행중,안전운전 의무 불이행,단일로,기타단일로
35736,2020-03-21 11,주간,토,3,5,1,1,0,충북,청주시,차대차,측면충돌,측면충돌,과속,교차로,교차로내
35737,2020-04-08 20,야간,수,1,1,0,0,0,경남,양산시,차대차,기타,기타,안전운전 의무 불이행,교차로,교차로부근
35738,2020-04-30 00,야간,목,2,3,0,0,1,울산,북구,차대차,기타,기타,과속,단일로,교량위
35739,2020-03-21 23,야간,토,1,2,0,1,0,충북,청주시,차대차,측면충돌,측면충돌,신호위반,교차로,교차로내
35740,2020-08-01 11,주간,토,1,3,2,0,0,전남,광양시,차량단독,공작물충돌,공작물충돌,안전운전 의무 불이행,교차로,교차로부근
35741,2020-07-11 22,야간,토,1,1,0,0,0,경기,시흥시,차대사람,횡단중,횡단중,안전운전 의무 불이행,단일로,기타단일로
35742,2020-12-04 03,야간,금,1,1,0,0,0,부산,서구,차대사람,횡단중,횡단중,안전운전 의무 불이행,교차로,교차로횡단보도내
35743,2020-10-30 05,야간,금,1,1,0,0,0,경북,상주시,차대사람,횡단중,횡단중,과속,교차로,교차로내
35744,2020-08-26 16,주간,수,1,3,1,1,0,경남,사천시,차대차,정면충돌,정면충돌,중앙선 침범,교차로,교차로내
35745,2020-07-13 11,주간,월,1,2,0,1,0,경기,화성시,차대차,추돌,추돌,안전운전 의무 불이행,단일로,교량위
35746,2020-10-21 08,주간,수,1,1,0,0,0,충남,홍성군,차대차,추돌,추돌,안전운전 의무 불이행,단일로,기타단일로
35747,2020-10-20 10,주간,화,1,1,0,0,0,경북,영주시,차대차,기타,기타,안전운전 의무 불이행,단일로,기타단일로
35748,2020-06-06 21,야간,토,1,1,0,0,0,충남,당진시,차량단독,공작물충돌,공작물충돌,안전운전 의무 불이행,단일로,기타단일로
35749,2020-07-14 03,야간,화,1,1,0,0,0,인천,남구,차량단독,공작물충돌,공작물충돌,안전운전 의무 불이행,단일로,기타단일로
35750,2020-11-15 00,야간,일,1,1,0,0,0,충남,공주시,차량단독,기타,기타,안전운전 의무 불이행,단일로,기타단일로
35751,2020-11-10 06,주간,화,1,1,0,0,0,경북,군위군,차대차,후진중충돌,후진중충돌,기타,단일로,기타단일로
35752,2020-10-31 09,주간,토,1,1,0,0,0,경북,상주시,차대차,기타,기타,안전운전 의무 불이행,교차로,교차로내
35753,2020-03-30 19,야간,월,1,1,0,0,0,전북,전주시,차대사람,횡단중,횡단중,안전운전 의무 불이행,교차로,교차로내
35754,2020-10-14 12,주간,수,1,1,0,0,0,광주,동구,차대차,정면충돌,정면충돌,교차로 통행방법 위반,교차로,교차로내
35755,2020-04-04 20,야간,토,1,1,0,0,0,서울,강남구,차대차,기타,기타,기타,기타,기타
35756,2020-10-31 18,야간,토,1,1,0,0,0,경북,상주시,차대사람,길가장자리구역통행중,길가장자리구역통행중,안전운전 의무 불이행,단일로,기타단일로
35757,2020-11-11 12,주간,수,1,2,0,1,0,경북,문경시,차대차,기타,기타,안전운전 의무 불이행,단일로,기타단일로
35758,2020-10-31 20,야간,토,1,1,0,0,0,경북,상주시,차대사람,횡단중,횡단중,과속,단일로,기타단일로
35759,2020-05-29 19,야간,금,1,2,0,1,0,경기,고양시,차대차,측면충돌,측면충돌,신호위반,교차로,교차로내
35760,2020-08-30 19,야간,일,1,1,0,0,0,충남,논산시,차량단독,공작물충돌,공작물충돌,안전운전 의무 불이행,교차로,교차로내
35761,2020-05-09 05,야간,토,2,3,0,1,0,경기,성남시,차대차,측면충돌,측면충돌,안전운전 의무 불이행,단일로,기타단일로
35762,2020-05-31 19,야간,일,1,2,1,0,0,서울,동작구,차대사람,횡단중,횡단중,과속,단일로,기타단일로
35763,2020-04-05 15,주간,일,1,1,0,0,0,대구,동구,차대사람,횡단중,횡단중,안전운전 의무 불이행,단일로,기타단일로
35764,2020-12-02 17,주간,수,1,1,0,0,0,전북,김제시,차대차,추돌,추돌,안전운전 의무 불이행,교차로,교차로내
35765,2020-04-08 01,야간,수,1,1,0,0,0,대전,동구,차량단독,기타,기타,안전운전 의무 불이행,교차로,교차로부근
35766,2020-07-17 23,야간,금,1,1,0,0,0,경기,시흥시,차대사람,차도통행중,차도통행중,안전운전 의무 불이행,단일로,교량위
35767,2020-07-01 17,주간,수,1,1,0,0,0,서울,용산구,차대사람,횡단중,횡단중,안전운전 의무 불이행,단일로,기타단일로
35768,2020-06-24 21,야간,수,1,2,0,1,0,경기,포천시,차대차,정면충돌,정면충돌,중앙선 침범,교차로,교차로부근
35769,2020-10-18 02,야간,일,1,1,0,0,0,경기,의왕시,차대사람,차도통행중,차도통행중,과속,단일로,기타단일로