교통사고이력ID(사고기록 순서),발생년월일시,주야코드,요일코드,사망자수,부상자수,중상자수,경상자수,부상신고자수,발생지시도코드,발생지시도코드,사고유형대분류코드,사고유형중분류코드,사고유형코드,법규위반코드,도로형태대분류코드,도로로형태코드
37185,2021-01-06 09,주간,수,1,1,0,0,0,경북,칠곡군,차대사람,횡단중,횡단중,안전운전 의무 불이행,단일로,기타단일로
37186,2021-03-22 08,주간,월,1,1,0,0,0,전북,장수군,차대차,정면충돌,정면충돌,교차로 통행방법 위반,교차로,교차로내
37187,2021-01-20 06,주간,수,1,2,0,1,0,충북,청주시,차대차,추돌,추돌,안전운전 의무 불이행,단일로,기타단일로
37188,2021-02-04 12,주간,목,1,1,0,0,0,강원,고성군,차량단독,공작물충돌,공작물충돌,안전운전 의무 불이행,기타,기타
37189,2021-04-06 10,주간,화,1,1,0,0,0,경북,울릉군,차량단독,공작물충돌,공작물충돌,안전운전 의무 불이행,단일로,기타단일로
37190,2021-01-05 22,야간,화,2,2,0,0,0,경기,안양시,차대차,정면충돌,정면충돌,중앙선 침범,단일로,고가도로위
37191,2021-01-16 06,주간,토,1,1,0,0,0,경남,함안군,차량단독,공작물충돌,공작물충돌,안전운전 의무 불이행,단일로,기타단일로
37192,2021-02-13 11,주간,토,1,1,0,0,0,전남,구례군,차량단독,전복,전복,안전운전 의무 불이행,단일로,기타단일로
37193,2021-01-08 16,주간,금,1,1,0,0,0,경남,양산시,차대차,추돌,추돌,안전운전 의무 불이행,단일로,기타단일로
37194,2021-01-27 14,주간,수,1,1,0,0,0,경남,산청군,차대차,추돌,추돌,안전운전 의무 불이행,단일로,터널안
37195,2021-01-16 13,주간,토,1,2,1,0,0,경남,함안군,차대사람,기타,기타,안전운전 의무 불이행,단일로,기타단일로
37196,2021-01-15 09,주간,금,1,1,0,0,0,경남,거창군,차대차,정면충돌,정면충돌,안전운전 의무 불이행,단일로,기타단일로
37197,2021-02-07 09,주간,일,1,1,0,0,0,경남,하동군,차량단독,전복,전복,안전운전 의무 불이행,기타,기타
37198,2021-02-02 12,주간,화,1,28,8,18,1,경남,산청군,차량단독,공작물충돌,공작물충돌,안전운전 의무 불이행,단일로,기타단일로
37199,2021-01-04 10,주간,월,1,1,0,0,0,경기,파주시,차대사람,보도통행중,보도통행중,중앙선 침범,단일로,기타단일로
37200,2021-02-20 15,주간,토,1,1,0,0,0,충북,보은군,차대차,측면충돌,측면충돌,기타,교차로,교차로내
37201,2021-01-21 10,주간,목,1,3,1,1,0,충북,청주시,차대차,추돌,추돌,안전운전 의무 불이행,단일로,교량위
37202,2021-01-04 16,주간,월,1,2,1,0,0,경기,안성시,차대차,추돌,추돌,안전운전 의무 불이행,단일로,기타단일로
37203,2021-04-12 06,주간,월,1,1,0,0,0,전북,장수군,차량단독,전도,전도,안전운전 의무 불이행,단일로,기타단일로
37204,2021-01-20 19,야간,수,1,1,0,0,0,충남,태안군,차대사람,차도통행중,차도통행중,안전운전 의무 불이행,단일로,기타단일로
37205,2021-01-11 17,주간,월,1,1,0,0,0,전남,나주시,차대사람,기타,기타,안전운전 의무 불이행,교차로,교차로부근
37206,2021-01-13 06,주간,수,1,1,0,0,0,서울,종로구,차대사람,횡단중,횡단중,안전운전 의무 불이행,교차로,교차로내
37207,2021-02-22 19,야간,월,1,1,0,0,0,충북,보은군,차대사람,차도통행중,차도통행중,안전운전 의무 불이행,단일로,기타단일로
37208,2021-01-21 18,야간,목,1,1,0,0,0,전남,장흥군,차대사람,길가장자리구역통행중,길가장자리구역통행중,안전운전 의무 불이행,단일로,기타단일로
37209,2021-01-29 06,주간,금,1,1,0,0,0,경북,의성군,차대차,측면충돌,측면충돌,안전운전 의무 불이행,단일로,기타단일로
37210,2021-01-04 07,주간,월,1,2,1,0,0,전남,여수시,차대차,기타,기타,안전운전 의무 불이행,교차로,교차로내
37211,2021-01-07 11,주간,목,1,1,0,0,0,경북,고령군,차대사람,기타,기타,기타,단일로,기타단일로
37212,2021-01-12 16,주간,화,1,2,1,0,0,충남,서천군,차대차,추돌,추돌,안전운전 의무 불이행,단일로,기타단일로
37213,2021-01-05 21,야간,화,1,1,0,0,0,부산,금정구,차대사람,기타,기타,안전운전 의무 불이행,단일로,기타단일로
37214,2021-01-25 20,야간,월,1,1,0,0,0,경북,울진군,차대사람,길가장자리구역통행중,길가장자리구역통행중,안전운전 의무 불이행,단일로,기타단일로
37215,2021-01-04 23,야간,월,1,2,0,1,0,경기,성남시,차대차,기타,기타,안전운전 의무 불이행,단일로,기타단일로
37216,2021-01-22 07,주간,금,1,1,0,0,0,경남,고성군,차대사람,횡단중,횡단중,보행자 보호의무 위반,단일로,기타단일로
37217,2021-01-30 21,야간,토,1,1,0,0,0,전남,보성군,차량단독,공작물충돌,공작물충돌,안전운전 의무 불이행,단일로,기타단일로
37218,2021-01-24 19,야간,일,1,2,0,1,0,강원,태백시,차대사람,횡단중,횡단중,기타,교차로,교차로부근
37219,2021-01-20 17,주간,수,1,2,0,0,1,경북,성주군,차대차,기타,기타,안전운전 의무 불이행,단일로,기타단일로
37220,2021-02-26 06,주간,금,1,3,1,1,0,전북,무주군,차대차,측면충돌,측면충돌,신호위반,교차로,교차로내
37221,2021-01-07 15,주간,목,1,1,0,0,0,부산,강서구,차대사람,횡단중,횡단중,신호위반,단일로,기타단일로
37222,2021-01-25 08,주간,월,1,1,0,0,0,전남,고흥군,차량단독,공작물충돌,공작물충돌,안전운전 의무 불이행,단일로,기타단일로
37223,2021-01-22 18,야간,금,1,2,0,1,0,충북,단양군,차대차,추돌,추돌,안전운전 의무 불이행,단일로,기타단일로
37224,2021-01-22 01,야간,금,1,1,0,0,0,부산,중구,차대사람,기타,기타,안전운전 의무 불이행,단일로,기타단일로
37225,2021-01-21 14,주간,목,1,1,0,0,0,경북,청도군,차량단독,전도,전도,안전운전 의무 불이행,단일로,기타단일로
37226,2021-01-12 18,야간,화,1,2,1,0,0,충남,논산시,차대차,추돌,추돌,안전운전 의무 불이행,단일로,기타단일로
37227,2021-01-13 13,주간,수,1,1,0,0,0,충남,홍성군,차대차,추돌,추돌,안전운전 의무 불이행,단일로,기타단일로
37228,2021-03-09 19,야간,화,1,1,0,0,0,강원,양구군,차대사람,기타,기타,안전운전 의무 불이행,단일로,기타단일로
37229,2021-01-05 05,야간,화,1,1,0,0,0,제주,제주시,차량단독,공작물충돌,공작물충돌,안전운전 의무 불이행,단일로,기타단일로
37230,2021-02-09 13,주간,화,1,1,0,0,0,강원,철원군,차량단독,공작물충돌,공작물충돌,안전운전 의무 불이행,단일로,기타단일로
37231,2021-01-19 20,야간,화,1,1,0,0,0,전남,영암군,차대사람,보도통행중,보도통행중,신호위반,단일로,기타단일로
37232,2021-01-07 11,주간,목,1,3,0,1,1,경기,광명시,차대차,기타,기타,중앙선 침범,단일로,기타단일로
37233,2021-01-05 14,주간,화,1,1,0,0,0,경남,김해시,차대차,기타,기타,안전운전 의무 불이행,교차로,교차로부근
37234,2021-02-22 17,주간,월,1,2,1,0,0,경남,의령군,차대차,측면충돌,측면충돌,중앙선 침범,단일로,기타단일로
37235,2021-05-30 14,주간,일,1,1,0,0,0,전북,장수군,차량단독,공작물충돌,공작물충돌,안전운전 의무 불이행,단일로,기타단일로
37236,2021-02-13 21,야간,토,1,2,1,0,0,전남,보성군,차량단독,공작물충돌,공작물충돌,기타,교차로,교차로부근
37237,2021-01-05 18,야간,화,1,1,0,0,0,경남,양산시,차대사람,횡단중,횡단중,신호위반,교차로,교차로내
37238,2021-03-14 08,주간,일,1,2,0,1,0,충북,보은군,차대차,측면충돌,측면충돌,신호위반,교차로,교차로내
37239,2021-03-04 13,주간,목,1,2,0,1,0,경남,함양군,차량단독,공작물충돌,공작물충돌,안전운전 의무 불이행,교차로,교차로부근
37240,2021-04-06 06,주간,화,2,3,1,0,0,전남,곡성군,차대차,정면충돌,정면충돌,중앙선 침범,단일로,기타단일로
37241,2021-01-14 00,야간,목,1,2,1,0,0,경남,창원시(통합),차대차,측면충돌,측면충돌,기타,교차로,교차로부근
37242,2021-01-24 06,주간,일,1,1,0,0,0,전남,화순군,차대사람,차도통행중,차도통행중,기타,단일로,기타단일로
37243,2021-03-19 13,주간,금,1,1,0,0,0,강원,화천군,차대차,측면충돌,측면충돌,기타,교차로,교차로내
37244,2021-01-11 13,주간,월,1,1,0,0,0,서울,동작구,차대사람,기타,기타,안전운전 의무 불이행,교차로,교차로부근
37245,2021-01-23 07,주간,토,1,1,0,0,0,전남,무안군,차대차,측면충돌,측면충돌,신호위반,교차로,교차로내
37246,2021-01-07 21,야간,목,1,1,0,0,0,경남,창원시(통합),차대차,측면충돌,측면충돌,신호위반,교차로,교차로내
37247,2021-01-06 18,야간,수,1,3,0,2,0,서울,송파구,차대차,추돌,추돌,안전운전 의무 불이행,단일로,기타단일로
37248,2021-01-05 10,주간,화,1,1,0,0,0,경기,광주시,차대사람,기타,기타,안전운전 의무 불이행,기타,기타
37249,2021-03-22 10,주간,월,1,1,0,0,0,강원,화천군,차량단독,기타,기타,안전운전 의무 불이행,기타,기타
37250,2021-02-15 14,주간,월,1,1,0,0,0,충북,영동군,차량단독,도로이탈,도로이탈 추락,안전운전 의무 불이행,단일로,기타단일로
37251,2021-01-19 21,야간,화,1,1,0,0,0,전남,해남군,차량단독,기타,기타,안전운전 의무 불이행,단일로,기타단일로
37252,2021-01-26 14,주간,화,1,1,0,0,0,충북,옥천군,차량단독,도로이탈,도로이탈 추락,안전운전 의무 불이행,단일로,기타단일로
37253,2021-01-13 09,주간,수,1,2,0,1,0,충남,당진시,차대차,추돌,추돌,안전운전 의무 불이행,교차로,교차로부근
37254,2021-01-22 18,야간,금,1,1,0,0,0,충남,공주시,차대사람,차도통행중,차도통행중,안전운전 의무 불이행,단일로,기타단일로
37255,2021-03-30 14,주간,화,1,3,2,0,0,전북,고창군,차대차,기타,기타,기타,단일로,기타단일로
37256,2021-01-27 06,주간,수,1,3,1,1,0,전남,영암군,차대차,측면충돌,측면충돌,신호위반,교차로,교차로부근
37257,2021-02-08 19,야간,월,1,1,0,0,0,강원,홍천군,차량단독,도로이탈,도로이탈 추락,안전운전 의무 불이행,단일로,지하차도(도로)내
37258,2021-04-05 12,주간,월,1,3,2,0,0,경북,군위군,차대차,정면충돌,정면충돌,중앙선 침범,단일로,기타단일로
37259,2021-03-12 11,주간,금,1,2,0,1,0,경남,함양군,차량단독,공작물충돌,공작물충돌,안전운전 의무 불이행,단일로,지하차도(도로)내
37260,2021-02-21 16,주간,일,1,2,0,1,0,대구,달성군,차대차,추돌,추돌,신호위반,단일로,교량위
37261,2021-01-08 08,주간,금,1,1,0,0,0,경기,안성시,차대차,기타,기타,안전운전 의무 불이행,단일로,기타단일로
37262,2021-03-10 14,주간,수,1,2,0,1,0,경남,산청군,차대차,추돌,추돌,안전운전 의무 불이행,교차로,교차로부근
37263,2021-03-02 19,야간,화,1,1,0,0,0,전남,진도군,차량단독,도로이탈,도로이탈 추락,안전운전 의무 불이행,단일로,기타단일로
37264,2021-01-06 14,주간,수,1,1,0,0,0,경기,안산시,차대차,측면충돌,측면충돌,기타,교차로,교차로부근
37265,2021-01-24 19,야간,일,1,1,0,0,0,전북,남원시,차대사람,횡단중,횡단중,안전운전 의무 불이행,교차로,교차로내
37266,2021-01-30 09,주간,토,1,1,0,0,0,충북,증평군,차대차,측면충돌,측면충돌,안전운전 의무 불이행,교차로,교차로내
37267,2021-02-19 23,야간,금,1,1,0,0,0,강원,정선군,차대사람,차도통행중,차도통행중,안전운전 의무 불이행,기타,기타
37268,2021-03-05 10,주간,금,1,1,0,0,0,전남,진도군,차대사람,횡단중,횡단중,안전운전 의무 불이행,단일로,기타단일로
37269,2021-05-09 17,주간,일,1,1,0,0,0,강원,인제군,차대차,측면충돌,측면충돌,안전운전 의무 불이행,단일로,기타단일로
37270,2021-01-18 20,야간,월,1,1,0,0,0,경남,창원시(통합),차대사람,횡단중,횡단중,안전운전 의무 불이행,단일로,기타단일로
37271,2021-01-21 06,주간,목,1,1,0,0,0,경남,사천시,차대사람,차도통행중,차도통행중,안전운전 의무 불이행,교차로,교차로부근
37272,2021-01-07 13,주간,목,1,1,0,0,0,경남,진주시,차량단독,공작물충돌,공작물충돌,안전운전 의무 불이행,단일로,교량위
37273,2021-02-04 13,주간,목,1,1,0,0,0,전남,영광군,차량단독,도로이탈,도로이탈 추락,안전운전 의무 불이행,단일로,기타단일로
37274,2021-02-07 13,주간,일,1,1,0,0,0,서울,중구,차량단독,전도,전도,안전운전 의무 불이행,단일로,기타단일로
37275,2021-01-12 18,야간,화,1,1,0,0,0,서울,서초구,차대사람,기타,기타,안전운전 의무 불이행,단일로,기타단일로
37276,2021-01-24 18,야간,일,1,4,3,0,0,강원,삼척시,차대차,정면충돌,정면충돌,중앙선 침범,교차로,교차로내
37277,2021-03-16 18,야간,화,1,2,0,1,0,경북,봉화군,차대차,정면충돌,정면충돌,안전운전 의무 불이행,교차로,교차로내
37278,2021-02-17 01,야간,수,1,1,0,0,0,전북,남원시,차대차,추돌,추돌,안전운전 의무 불이행,단일로,기타단일로
37279,2021-01-14 17,주간,목,1,3,2,0,0,경남,창원시(통합),차대차,측면충돌,측면충돌,신호위반,교차로,교차로내
37280,2021-08-03 14,주간,화,1,1,0,0,0,경북,울릉군,차량단독,공작물충돌,공작물충돌,안전운전 의무 불이행,단일로,교량위
37281,2021-01-30 16,주간,토,2,2,0,0,0,경북,상주시,차량단독,도로이탈,도로이탈 기타,안전운전 의무 불이행,단일로,기타단일로
37282,2021-02-08 11,주간,월,1,4,2,1,0,전남,고흥군,차대차,추돌,추돌,안전운전 의무 불이행,교차로,교차로내
37283,2021-03-19 12,주간,금,1,1,0,0,0,경북,봉화군,차대사람,기타,기타,안전운전 의무 불이행,기타,기타
37284,2021-02-27 08,주간,토,1,1,0,0,0,경남,창원시(통합),차량단독,공작물충돌,공작물충돌,안전운전 의무 불이행,단일로,기타단일로
37285,2021-04-13 15,주간,화,1,1,0,0,0,경북,청송군,차대차,정면충돌,정면충돌,신호위반,교차로,교차로내
37286,2021-05-23 09,주간,일,1,1,0,0,0,강원,인제군,차량단독,공작물충돌,공작물충돌,안전운전 의무 불이행,단일로,고가도로위
37287,2021-01-21 18,야간,목,1,1,0,0,0,부산,동구,차대사람,횡단중,횡단중,안전운전 의무 불이행,단일로,기타단일로
37288,2021-03-10 05,야간,수,1,1,0,0,0,전남,장성군,차대차,기타,기타,신호위반,교차로,교차로내
37289,2021-01-20 18,야간,수,1,1,0,0,0,충남,보령시,차량단독,전도,전도,안전운전 의무 불이행,불명,불명
37290,2021-01-06 18,야간,수,1,1,0,0,0,경북,구미시,차대사람,횡단중,횡단중,보행자 보호의무 위반,단일로,기타단일로
37291,2021-02-16 11,주간,화,1,1,0,0,0,전남,영광군,차량단독,전도,전도,안전운전 의무 불이행,단일로,기타단일로
37292,2021-02-22 14,주간,월,1,1,0,0,0,경기,연천군,차대사람,기타,기타,안전운전 의무 불이행,교차로,교차로부근
37293,2021-02-17 18,야간,수,1,1,0,0,0,전남,영광군,차량단독,공작물충돌,공작물충돌,안전운전 의무 불이행,단일로,기타단일로
37294,2021-03-08 10,주간,월,1,1,0,0,0,경북,의성군,차대사람,길가장자리구역통행중,길가장자리구역통행중,중앙선 침범,단일로,기타단일로
37295,2021-01-31 21,야간,일,1,1,0,0,0,전북,김제시,차대차,측면충돌,측면충돌,중앙선 침범,단일로,기타단일로
37296,2021-01-18 07,주간,월,1,4,1,2,0,충남,당진시,차대차,측면충돌,측면충돌,신호위반,교차로,교차로내
37297,2021-04-03 11,주간,토,1,4,3,0,0,경남,산청군,차대차,정면충돌,정면충돌,기타,단일로,기타단일로
37298,2021-01-25 10,주간,월,1,2,1,0,0,경남,밀양시,차량단독,공작물충돌,공작물충돌,안전운전 의무 불이행,단일로,기타단일로
37299,2021-05-12 16,주간,수,1,1,0,0,0,전북,진안군,차량단독,공작물충돌,공작물충돌,안전운전 의무 불이행,단일로,기타단일로
37300,2021-01-06 21,야간,수,1,5,1,3,0,전남,여수시,차대차,정면충돌,정면충돌,중앙선 침범,단일로,기타단일로
37301,2021-03-15 13,주간,월,1,1,0,0,0,전남,보성군,차량단독,공작물충돌,공작물충돌,안전운전 의무 불이행,단일로,기타단일로
37302,2021-02-01 18,야간,월,1,1,0,0,0,전북,완주군,차대차,기타,기타,안전운전 의무 불이행,단일로,기타단일로
37303,2021-02-01 08,주간,월,7,12,5,0,0,세종,세종,차량단독,전복,전복,기타,단일로,기타단일로
37304,2021-01-14 13,주간,목,1,3,1,1,0,인천,남구,차대차,추돌,추돌,안전운전 의무 불이행,단일로,기타단일로
37305,2021-01-18 23,야간,월,1,1,0,0,0,경북,칠곡군,차량단독,기타,기타,안전운전 의무 불이행,단일로,기타단일로
37306,2021-01-11 03,야간,월,1,1,0,0,0,전남,순천시,차대사람,기타,기타,안전운전 의무 불이행,교차로,교차로내
37307,2021-02-23 10,주간,화,1,3,1,1,0,충남,서천군,차대차,측면충돌,측면충돌,안전거리 미확보,단일로,기타단일로
37308,2021-02-23 10,주간,화,1,1,0,0,0,충남,부여군,차대사람,기타,기타,안전운전 의무 불이행,단일로,기타단일로
37309,2021-01-28 07,주간,목,1,1,0,0,0,강원,삼척시,차대사람,횡단중,횡단중,보행자 보호의무 위반,교차로,교차로횡단보도내
37310,2021-02-01 07,주간,월,1,3,2,0,0,충남,홍성군,차대차,추돌,추돌,기타,단일로,기타단일로
37311,2021-01-11 04,야간,월,1,1,0,0,0,경남,김해시,차대사람,횡단중,횡단중,신호위반,교차로,교차로횡단보도내
37312,2021-03-17 19,야간,수,1,1,0,0,0,경북,의성군,차대사람,기타,기타,기타,기타,기타
37313,2021-05-21 21,야간,금,1,1,0,0,0,강원,양구군,차대사람,횡단중,횡단중,안전운전 의무 불이행,단일로,기타단일로
37314,2021-01-13 12,주간,수,1,1,0,0,0,서울,강남구,차대사람,횡단중,횡단중,보행자 보호의무 위반,단일로,기타단일로
37315,2021-02-03 13,주간,수,1,1,0,0,0,전북,정읍시,차대차,추돌,추돌,기타,단일로,기타단일로
37316,2021-05-26 13,주간,수,1,2,1,0,0,경북,군위군,차대차,추돌,추돌,안전운전 의무 불이행,교차로,교차로내
37317,2021-04-01 15,주간,목,1,1,0,0,0,경남,함양군,차량단독,공작물충돌,공작물충돌,안전운전 의무 불이행,단일로,기타단일로
37318,2021-03-20 12,주간,토,1,1,0,0,0,경북,의성군,차량단독,공작물충돌,공작물충돌,안전운전 의무 불이행,단일로,기타단일로
37319,2021-01-25 06,주간,월,1,1,0,0,0,경남,창원시(통합),차대사람,보도통행중,보도통행중,안전운전 의무 불이행,단일로,기타단일로
37320,2021-05-10 15,주간,월,1,2,0,1,0,전북,정읍시,차대차,추돌,추돌,안전운전 의무 불이행,단일로,기타단일로
37321,2021-04-02 10,주간,금,1,1,0,0,0,경남,함양군,차량단독,공작물충돌,공작물충돌,안전운전 의무 불이행,단일로,기타단일로
37322,2021-02-21 19,야간,일,1,1,0,0,0,경기,가평군,차대사람,횡단중,횡단중,안전운전 의무 불이행,교차로,교차로횡단보도내
37323,2021-01-09 22,야간,토,1,2,0,1,0,경남,진주시,차대차,측면충돌,측면충돌,신호위반,교차로,교차로내
37324,2021-03-30 14,주간,화,1,1,0,0,0,전북,임실군,차량단독,도로이탈,도로이탈 추락,안전운전 의무 불이행,단일로,기타단일로
37325,2021-03-01 16,주간,월,1,2,0,1,0,강원,홍천군,차대사람,기타,기타,안전운전 의무 불이행,단일로,교량위
37326,2021-04-01 10,주간,목,1,1,0,0,0,전북,임실군,차대사람,횡단중,횡단중,안전운전 의무 불이행,단일로,지하차도(도로)내
37327,2021-05-07 12,주간,금,1,1,0,0,0,강원,철원군,차대차,추돌,추돌,기타,교차로,교차로부근
37328,2021-05-11 15,주간,화,1,1,0,0,0,전남,구례군,차량단독,기타,기타,안전운전 의무 불이행,기타,기타
37329,2021-04-07 07,주간,수,1,1,0,0,0,경북,봉화군,차량단독,공작물충돌,공작물충돌,안전운전 의무 불이행,단일로,터널안
37330,2021-03-12 14,주간,금,1,3,2,0,0,경남,김해시,차대차,기타,기타,안전운전 의무 불이행,단일로,터널안
37331,2021-01-17 12,주간,일,1,1,0,0,0,경북,안동시,차대사람,기타,기타,안전운전 의무 불이행,교차로,교차로부근
37332,2021-04-11 14,주간,일,1,4,0,3,0,강원,평창군,차대차,정면충돌,정면충돌,기타,기타,기타
37333,2021-10-14 18,야간,목,1,1,0,0,0,세종,세종,차량단독,기타,기타,안전운전 의무 불이행,단일로,교량위
37334,2021-01-08 22,야간,금,1,2,1,0,0,대전,유성구,차대차,추돌,추돌,중앙선 침범,단일로,기타단일로
37335,2021-01-22 02,야간,금,1,1,0,0,0,강원,속초시,차량단독,공작물충돌,공작물충돌,안전운전 의무 불이행,교차로,교차로부근
37336,2021-04-21 14,주간,수,1,1,0,0,0,경남,의령군,차량단독,전도,전도,안전운전 의무 불이행,단일로,기타단일로
37337,2021-01-19 05,야간,화,1,2,0,1,0,인천,부평구,차대차,추돌,추돌,안전거리 미확보,단일로,기타단일로
37338,2021-04-22 14,주간,목,1,1,0,0,0,경남,의령군,차대차,추돌,추돌,안전운전 의무 불이행,교차로,교차로부근
37339,2021-04-08 10,주간,목,1,4,0,3,0,전남,보성군,차대차,정면충돌,정면충돌,중앙선 침범,단일로,기타단일로
37340,2021-03-02 11,주간,화,1,1,0,0,0,강원,태백시,차량단독,기타,기타,안전운전 의무 불이행,단일로,교량위
37341,2021-04-08 20,야간,목,1,2,1,0,0,충남,청양군,차대차,추돌,추돌,안전운전 의무 불이행,단일로,기타단일로
37342,2021-03-29 15,주간,월,1,1,0,0,0,경북,예천군,차대차,측면충돌,측면충돌,안전운전 의무 불이행,단일로,기타단일로
37343,2021-05-02 11,주간,일,1,1,0,0,0,충북,보은군,차량단독,기타,기타,안전운전 의무 불이행,단일로,기타단일로
37344,2021-01-13 07,주간,수,1,1,0,0,0,경남,김해시,차량단독,공작물충돌,공작물충돌,안전운전 의무 불이행,단일로,기타단일로
37345,2021-05-30 04,야간,일,1,1,0,0,0,전북,익산시,차량단독,공작물충돌,공작물충돌,안전운전 의무 불이행,단일로,기타단일로
37346,2021-04-10 12,주간,토,1,1,0,0,0,경남,합천군,차대사람,횡단중,횡단중,안전운전 의무 불이행,단일로,기타단일로
37347,2021-04-17 09,주간,토,1,1,0,0,0,경남,하동군,차량단독,전도,전도,안전운전 의무 불이행,단일로,기타단일로
37348,2021-01-21 10,주간,목,1,1,0,0,0,경기,구리시,차대사람,보도통행중,보도통행중,보행자 보호의무 위반,교차로,교차로횡단보도내
37349,2021-04-12 09,주간,월,1,1,0,0,0,충남,청양군,차대사람,기타,기타,안전운전 의무 불이행,기타,기타
37350,2021-06-01 08,주간,화,1,1,0,0,0,강원,철원군,차량단독,도로이탈,도로이탈 추락,안전운전 의무 불이행,단일로,기타단일로
37351,2021-03-07 16,주간,일,1,2,1,0,0,충남,부여군,차대차,정면충돌,정면충돌,중앙선 침범,단일로,기타단일로
37352,2021-06-17 11,주간,목,1,1,0,0,0,전북,진안군,차량단독,공작물충돌,공작물충돌,안전운전 의무 불이행,불명,불명
37353,2021-06-13 09,주간,일,1,1,0,0,0,전북,순창군,차량단독,기타,기타,안전운전 의무 불이행,단일로,기타단일로
37354,2021-02-13 11,주간,토,1,1,0,0,0,전북,완주군,차량단독,전도,전도,안전운전 의무 불이행,단일로,기타단일로
37355,2021-03-16 10,주간,화,1,1,0,0,0,전남,장성군,차대차,측면충돌,측면충돌,기타,기타,기타
37356,2021-01-15 01,야간,금,1,1,0,0,0,대구,서구,차량단독,공작물충돌,공작물충돌,안전운전 의무 불이행,단일로,기타단일로
37357,2021-03-29 08,주간,월,1,1,0,0,0,경남,남해군,차대사람,차도통행중,차도통행중,안전운전 의무 불이행,단일로,기타단일로
37358,2021-01-25 03,야간,월,1,1,0,0,0,경북,칠곡군,차량단독,공작물충돌,공작물충돌,안전운전 의무 불이행,단일로,기타단일로
37359,2021-05-12 12,주간,수,1,1,0,0,0,전남,함평군,차대차,추돌,추돌,기타,교차로,교차로내
37360,2021-01-22 07,주간,금,1,1,0,0,0,경기,포천시,차대사람,기타,기타,안전운전 의무 불이행,교차로,교차로부근
37361,2021-03-24 09,주간,수,1,1,0,0,0,전남,완도군,차량단독,기타,기타,안전운전 의무 불이행,단일로,기타단일로
37362,2021-06-12 02,야간,토,1,1,0,0,0,전북,정읍시,차대차,추돌,추돌,안전운전 의무 불이행,단일로,기타단일로
37363,2021-05-03 13,주간,월,1,1,0,0,0,경남,의령군,차대차,추돌,추돌,안전운전 의무 불이행,단일로,기타단일로
37364,2021-02-13 11,주간,토,1,1,0,0,0,강원,삼척시,차량단독,전도,전도,안전운전 의무 불이행,단일로,기타단일로
37365,2021-01-25 17,주간,월,1,1,0,0,0,경기,군포시,차대사람,횡단중,횡단중,안전운전 의무 불이행,단일로,기타단일로
37366,2021-02-28 05,야간,일,1,1,0,0,0,서울,중구,차대사람,횡단중,횡단중,안전운전 의무 불이행,단일로,기타단일로
37367,2021-01-10 16,주간,일,1,1,0,0,0,경기,의정부시,차대사람,기타,기타,안전운전 의무 불이행,교차로,교차로부근
37368,2021-01-15 14,주간,금,1,1,0,0,0,경기,남양주시,차대사람,횡단중,횡단중,보행자 보호의무 위반,교차로,교차로횡단보도내
37369,2021-02-13 13,주간,토,1,1,0,0,0,충남,예산군,차량단독,공작물충돌,공작물충돌,안전운전 의무 불이행,단일로,기타단일로
37370,2021-03-31 13,주간,수,1,1,0,0,0,충북,영동군,차량단독,전도,전도,안전운전 의무 불이행,기타,기타
37371,2021-01-19 14,주간,화,1,1,0,0,0,세종,세종,차대사람,기타,기타,안전운전 의무 불이행,단일로,기타단일로
37372,2021-03-03 08,주간,수,1,1,0,0,0,경북,영덕군,차량단독,도로이탈,도로이탈 추락,안전운전 의무 불이행,단일로,기타단일로
37373,2021-04-30 14,주간,금,1,1,0,0,0,경남,하동군,차량단독,도로이탈,도로이탈 추락,안전운전 의무 불이행,단일로,기타단일로
37374,2021-07-16 07,주간,금,1,1,0,0,0,전북,진안군,차량단독,전도,전도,안전운전 의무 불이행,단일로,지하차도(도로)내
37375,2021-02-06 22,야간,토,1,3,2,0,0,대구,달성군,차량단독,전복,전복,안전운전 의무 불이행,단일로,기타단일로
37376,2021-09-01 16,주간,수,1,15,4,10,0,경북,영양군,차대차,정면충돌,정면충돌,중앙선 침범,단일로,기타단일로
37377,2021-08-03 16,주간,화,2,5,3,0,0,강원,인제군,차량단독,도로이탈,도로이탈 추락,안전운전 의무 불이행,단일로,기타단일로
37378,2021-04-28 07,주간,수,1,1,0,0,0,전남,보성군,차대사람,기타,기타,중앙선 침범,교차로,교차로부근
37379,2021-02-16 09,주간,화,1,1,0,0,0,충남,예산군,차대차,측면충돌,측면충돌,신호위반,교차로,교차로내
37380,2021-02-07 12,주간,일,1,3,0,2,0,경북,영덕군,차대차,기타,기타,안전운전 의무 불이행,단일로,터널안
37381,2021-03-08 16,주간,월,1,4,0,3,0,경기,가평군,차대차,추돌,추돌,안전운전 의무 불이행,교차로,교차로부근
37382,2021-01-20 22,야간,수,1,1,0,0,0,서울,동작구,차대사람,차도통행중,차도통행중,안전운전 의무 불이행,단일로,기타단일로
37383,2021-01-18 06,주간,월,1,1,0,0,0,서울,노원구,차량단독,공작물충돌,공작물충돌,기타,단일로,기타단일로
37384,2021-02-27 06,주간,토,1,5,2,2,0,충북,청주시,차대차,추돌,추돌,안전운전 의무 불이행,단일로,기타단일로