교통사고이력ID(사고기록 순서),발생년월일시,주야코드,요일코드,사망자수,부상자수,중상자수,경상자수,부상신고자수,발생지시도코드,발생지시도코드,사고유형대분류코드,사고유형중분류코드,사고유형코드,법규위반코드,도로형태대분류코드,도로로형태코드
37585,2021-02-08 12,주간,월,1,1,0,0,0,충북,충주시,차대차,추돌,추돌,안전운전 의무 불이행,단일로,기타단일로
37586,2021-06-28 13,주간,월,1,1,0,0,0,경북,울진군,차량단독,기타,기타,기타,단일로,기타단일로
37587,2021-07-14 01,야간,수,1,2,1,0,0,경북,고령군,차대차,추돌,추돌,안전운전 의무 불이행,단일로,기타단일로
37588,2021-05-19 23,야간,수,1,4,0,3,0,경남,거창군,차대차,정면충돌,정면충돌,중앙선 침범,단일로,기타단일로
37589,2021-03-26 17,주간,금,1,1,0,0,0,전남,해남군,차량단독,기타,기타,안전운전 의무 불이행,단일로,기타단일로
37590,2021-08-18 17,주간,수,1,1,0,0,0,전북,임실군,차량단독,도로이탈,도로이탈 추락,안전운전 의무 불이행,단일로,기타단일로
37591,2021-06-25 15,주간,금,1,1,0,0,0,충북,영동군,차량단독,도로이탈,도로이탈 기타,안전운전 의무 불이행,기타,기타
37592,2021-07-15 07,주간,목,1,1,0,0,0,경북,고령군,차량단독,공작물충돌,공작물충돌,안전운전 의무 불이행,단일로,기타단일로
37593,2021-03-13 12,주간,토,1,1,0,0,0,경북,영주시,차대차,측면충돌,측면충돌,신호위반,교차로,교차로내
37594,2021-06-16 18,야간,수,1,1,0,0,0,전남,완도군,차대차,정면충돌,정면충돌,중앙선 침범,단일로,기타단일로
37595,2021-01-27 11,주간,수,1,1,0,0,0,대전,대덕구,차대차,측면충돌,측면충돌,안전거리 미확보,단일로,기타단일로
37596,2021-01-19 20,야간,화,1,1,0,0,0,경기,파주시,차량단독,기타,기타,안전운전 의무 불이행,교차로,교차로부근
37597,2021-06-11 18,야간,금,1,1,0,0,0,경북,청도군,차대차,측면충돌,측면충돌,기타,교차로,교차로내
37598,2021-01-16 04,야간,토,1,3,0,1,1,경기,용인시,차대차,추돌,추돌,안전운전 의무 불이행,단일로,기타단일로
37599,2021-02-03 09,주간,수,1,3,1,1,0,부산,사하구,차대차,기타,기타,안전운전 의무 불이행,단일로,지하차도(도로)내
37600,2021-07-01 21,야간,목,1,1,0,0,0,경북,의성군,차대사람,기타,기타,안전운전 의무 불이행,기타,기타
37601,2021-06-21 14,주간,월,1,2,1,0,0,전남,장흥군,차대차,측면충돌,측면충돌,기타,교차로,교차로내
37602,2021-04-12 19,야간,월,1,1,0,0,0,전남,영암군,차량단독,도로이탈,도로이탈 기타,안전운전 의무 불이행,단일로,기타단일로
37603,2021-07-23 09,주간,금,1,1,0,0,0,경북,고령군,차대차,측면충돌,측면충돌,안전운전 의무 불이행,교차로,교차로내
37604,2021-08-10 14,주간,화,1,1,0,0,0,경북,봉화군,차대차,기타,기타,안전운전 의무 불이행,기타,기타
37605,2021-10-29 20,야간,금,1,1,0,0,0,경북,청송군,차대사람,횡단중,횡단중,안전운전 의무 불이행,단일로,지하차도(도로)내
37606,2021-07-27 08,주간,화,1,1,0,0,0,충남,청양군,차량단독,도로이탈,도로이탈 기타,안전운전 의무 불이행,기타,기타
37607,2021-02-20 19,야간,토,1,5,2,1,1,울산,울주군,차대차,추돌,추돌,안전운전 의무 불이행,단일로,기타단일로
37608,2021-05-24 18,야간,월,1,1,0,0,0,전남,담양군,차량단독,전도,전도,안전운전 의무 불이행,단일로,기타단일로
37609,2021-08-17 14,주간,화,1,1,0,0,0,전남,보성군,차대차,측면충돌,측면충돌,안전운전 의무 불이행,교차로,교차로내
37610,2021-04-23 17,주간,금,1,3,2,0,0,충남,태안군,차대차,측면충돌,측면충돌,안전운전 의무 불이행,단일로,기타단일로
37611,2021-05-27 13,주간,목,1,2,1,0,0,충북,옥천군,차대차,정면충돌,정면충돌,중앙선 침범,단일로,기타단일로
37612,2021-02-01 21,야간,월,2,2,0,0,0,제주,서귀포시,차량단독,기타,기타,기타,교차로,교차로부근
37613,2021-05-27 18,야간,목,1,2,0,1,0,강원,춘천시,차대차,측면충돌,측면충돌,기타,단일로,기타단일로
37614,2021-05-26 08,주간,수,1,1,0,0,0,전남,담양군,차대차,측면충돌,측면충돌,안전운전 의무 불이행,교차로,교차로부근
37615,2021-11-02 17,주간,화,1,1,0,0,0,경북,청송군,차대차,정면충돌,정면충돌,안전운전 의무 불이행,교차로,교차로내
37616,2021-01-26 19,야간,화,1,1,0,0,0,대구,북구,차대사람,횡단중,횡단중,안전운전 의무 불이행,교차로,교차로부근
37617,2021-04-28 20,야간,수,1,1,0,0,0,전북,고창군,차대사람,횡단중,횡단중,안전운전 의무 불이행,교차로,교차로내
37618,2021-08-06 22,야간,금,2,15,6,7,0,전북,완주군,차대차,추돌,추돌,기타,단일로,교량위
37619,2021-05-22 16,주간,토,1,1,0,0,0,경남,거창군,차량단독,공작물충돌,공작물충돌,안전운전 의무 불이행,단일로,기타단일로
37620,2021-12-06 04,야간,월,1,1,0,0,0,전북,순창군,차대사람,차도통행중,차도통행중,안전운전 의무 불이행,단일로,기타단일로
37621,2021-03-16 05,야간,화,1,1,0,0,0,충북,음성군,차대차,정면충돌,정면충돌,신호위반,교차로,교차로내
37622,2021-02-03 16,주간,수,1,2,0,1,0,경기,이천시,차대차,추돌,추돌,안전운전 의무 불이행,교차로,교차로부근
37623,2021-07-30 11,주간,금,1,2,0,1,0,경북,봉화군,차량단독,도로이탈,도로이탈 추락,안전운전 의무 불이행,기타,기타
37624,2021-05-13 17,주간,목,1,1,0,0,0,경북,영덕군,차대사람,기타,기타,안전운전 의무 불이행,단일로,기타단일로
37625,2021-04-21 11,주간,수,1,4,2,1,0,충북,충주시,차대차,추돌,추돌,안전운전 의무 불이행,단일로,기타단일로
37626,2021-08-30 18,야간,월,1,1,0,0,0,경남,산청군,차량단독,공작물충돌,공작물충돌,안전운전 의무 불이행,교차로,교차로내
37627,2021-07-21 07,주간,수,1,1,0,0,0,전남,장성군,차대차,측면충돌,측면충돌,안전운전 의무 불이행,단일로,기타단일로
37628,2021-02-11 20,야간,목,1,1,0,0,0,경남,창원시(통합),차대사람,횡단중,횡단중,안전운전 의무 불이행,교차로,교차로내
37629,2021-02-04 16,주간,목,1,4,1,2,0,경기,화성시,차대차,추돌,추돌,안전운전 의무 불이행,단일로,기타단일로
37630,2021-05-25 14,주간,화,1,1,0,0,0,충남,서천군,차량단독,공작물충돌,공작물충돌,안전운전 의무 불이행,단일로,기타단일로
37631,2021-03-17 09,주간,수,1,1,0,0,0,경남,밀양시,차대차,측면충돌,측면충돌,안전운전 의무 불이행,단일로,기타단일로
37632,2021-05-29 11,주간,토,1,1,0,0,0,전남,강진군,차량단독,기타,기타,안전운전 의무 불이행,단일로,기타단일로
37633,2021-02-05 13,주간,금,1,1,0,0,0,서울,마포구,차대차,측면충돌,측면충돌,신호위반,교차로,교차로내
37634,2021-09-19 15,주간,일,1,2,1,0,0,전남,함평군,차대차,측면충돌,측면충돌,기타,교차로,교차로내
37635,2021-04-08 14,주간,목,1,1,0,0,0,충남,예산군,차량단독,도로이탈,도로이탈 추락,안전운전 의무 불이행,단일로,기타단일로
37636,2021-06-01 12,주간,화,1,1,0,0,0,강원,홍천군,차량단독,도로이탈,도로이탈 기타,안전운전 의무 불이행,단일로,기타단일로
37637,2021-12-09 12,주간,목,1,1,0,0,0,강원,철원군,차대차,측면충돌,측면충돌,중앙선 침범,단일로,기타단일로
37638,2021-06-02 08,주간,수,1,2,1,0,0,경남,거창군,차대차,정면충돌,정면충돌,안전운전 의무 불이행,교차로,교차로내
37639,2021-03-02 07,주간,화,1,1,0,0,0,경북,칠곡군,차대사람,횡단중,횡단중,보행자 보호의무 위반,교차로,교차로횡단보도내
37640,2021-09-14 09,주간,화,1,1,0,0,0,전북,임실군,차대사람,기타,기타,중앙선 침범,단일로,기타단일로
37641,2021-04-02 09,주간,금,1,1,0,0,0,전북,정읍시,차량단독,도로이탈,도로이탈 추락,안전운전 의무 불이행,단일로,기타단일로
37642,2021-01-26 08,주간,화,1,1,0,0,0,전북,군산시,차대사람,횡단중,횡단중,보행자 보호의무 위반,교차로,교차로횡단보도내
37643,2021-03-05 01,야간,금,1,1,0,0,0,서울,성북구,차량단독,전도,전도,안전운전 의무 불이행,단일로,기타단일로
37644,2021-01-21 14,주간,목,1,1,0,0,0,충남,아산시,차대사람,횡단중,횡단중,보행자 보호의무 위반,교차로,교차로내
37645,2021-04-06 17,주간,화,1,1,0,0,0,전북,남원시,차대차,측면충돌,측면충돌,신호위반,교차로,교차로내
37646,2021-11-04 05,야간,목,1,1,0,0,0,경남,의령군,차대사람,기타,기타,기타,단일로,기타단일로
37647,2021-01-16 20,야간,토,1,1,0,0,0,경기,용인시,차대사람,기타,기타,안전운전 의무 불이행,단일로,기타단일로
37648,2021-05-27 17,주간,목,1,1,0,0,0,충남,부여군,차대사람,기타,기타,안전운전 의무 불이행,단일로,기타단일로
37649,2021-03-26 17,주간,금,1,3,2,0,0,경북,상주시,차대차,측면충돌,측면충돌,중앙선 침범,단일로,기타단일로
37650,2021-02-16 17,주간,화,1,1,0,0,0,경남,김해시,차량단독,전도,전도,기타,단일로,기타단일로
37651,2021-09-26 16,주간,일,1,2,1,0,0,전남,진도군,차량단독,도로이탈,도로이탈 추락,안전운전 의무 불이행,단일로,기타단일로
37652,2021-04-08 04,야간,목,1,1,0,0,0,전북,남원시,차량단독,도로이탈,도로이탈 추락,안전운전 의무 불이행,단일로,기타단일로
37653,2021-01-27 05,야간,수,1,2,0,1,0,경기,화성시,차대차,추돌,추돌,안전운전 의무 불이행,단일로,기타단일로
37654,2021-01-21 21,야간,목,1,1,0,0,0,경기,파주시,차량단독,공작물충돌,공작물충돌,안전운전 의무 불이행,단일로,지하차도(도로)내
37655,2021-12-28 17,주간,화,1,2,0,1,0,강원,철원군,차량단독,공작물충돌,공작물충돌,안전운전 의무 불이행,단일로,기타단일로
37656,2021-10-05 11,주간,화,1,1,0,0,0,경남,하동군,차대차,측면충돌,측면충돌,안전운전 의무 불이행,단일로,기타단일로
37657,2021-02-03 09,주간,수,1,1,0,0,0,인천,부평구,차대차,정면충돌,정면충돌,교차로 통행방법 위반,교차로,교차로내
37658,2021-12-10 18,야간,금,1,2,1,0,0,경북,청송군,차량단독,공작물충돌,공작물충돌,안전운전 의무 불이행,단일로,지하차도(도로)내
37659,2021-03-21 01,야간,일,1,1,0,0,0,경남,밀양시,차량단독,공작물충돌,공작물충돌,안전운전 의무 불이행,단일로,기타단일로
37660,2021-02-26 01,야간,금,1,1,0,0,0,울산,울주군,차량단독,공작물충돌,공작물충돌,안전운전 의무 불이행,단일로,기타단일로
37661,2021-06-10 07,주간,목,1,3,0,2,0,충북,옥천군,차대차,정면충돌,정면충돌,중앙선 침범,단일로,기타단일로
37662,2021-09-09 19,야간,목,1,2,1,0,0,전남,보성군,차량단독,공작물충돌,공작물충돌,안전운전 의무 불이행,단일로,기타단일로
37663,2021-08-24 12,주간,화,1,1,0,0,0,충남,금산군,차량단독,전도,전도,기타,단일로,기타단일로
37664,2021-01-31 22,야간,일,1,1,0,0,0,전북,전주시,차대사람,기타,기타,안전운전 의무 불이행,교차로,교차로내
37665,2021-02-09 05,야간,화,1,1,0,0,0,강원,춘천시,차량단독,전도,전도,안전운전 의무 불이행,교차로,교차로내
37666,2021-04-15 20,야간,목,1,2,0,1,0,충남,예산군,차대차,측면충돌,측면충돌,기타,교차로,교차로내
37667,2021-10-08 10,주간,금,1,1,0,0,0,전남,함평군,차대차,추돌,추돌,안전운전 의무 불이행,단일로,기타단일로
37668,2021-03-09 10,주간,화,1,1,0,0,0,서울,성북구,차대차,측면충돌,측면충돌,기타,교차로,교차로부근
37669,2021-03-22 07,주간,월,1,2,0,1,0,충북,음성군,차대차,추돌,추돌,안전운전 의무 불이행,단일로,기타단일로
37670,2021-03-25 14,주간,목,1,1,0,0,0,경북,영주시,차대사람,기타,기타,안전운전 의무 불이행,단일로,기타단일로
37671,2021-10-01 08,주간,금,1,2,1,0,0,경남,산청군,차대차,측면충돌,측면충돌,교차로 통행방법 위반,교차로,교차로내
37672,2021-09-03 13,주간,금,1,2,0,1,0,전북,무주군,차대차,기타,기타,안전운전 의무 불이행,단일로,기타단일로
37673,2021-10-09 19,야간,토,1,1,0,0,0,경남,하동군,차대차,추돌,추돌,신호위반,단일로,기타단일로
37674,2021-02-14 08,주간,일,1,1,0,0,0,서울,서대문구,차대차,정면충돌,정면충돌,안전운전 의무 불이행,교차로,교차로내
37675,2021-06-06 08,주간,일,1,1,0,0,0,강원,태백시,차량단독,공작물충돌,공작물충돌,안전운전 의무 불이행,단일로,기타단일로
37676,2021-02-08 09,주간,월,1,1,0,0,0,서울,강동구,차대차,정면충돌,정면충돌,기타,단일로,기타단일로
37677,2021-09-12 17,주간,일,1,1,0,0,0,전남,보성군,차량단독,기타,기타,안전운전 의무 불이행,단일로,교량위
37678,2021-06-06 20,야간,일,1,1,0,0,0,충남,서천군,차량단독,도로이탈,도로이탈 기타,안전운전 의무 불이행,단일로,기타단일로
37679,2021-12-29 15,주간,수,1,3,0,2,0,전남,구례군,차대차,정면충돌,정면충돌,중앙선 침범,단일로,기타단일로
37680,2021-03-19 09,주간,금,1,4,2,1,0,서울,은평구,차대차,추돌,추돌,안전운전 의무 불이행,교차로,교차로내
37681,2021-04-21 11,주간,수,1,6,0,2,3,충남,당진시,차대차,추돌,추돌,안전운전 의무 불이행,단일로,기타단일로
37682,2021-10-11 07,주간,월,1,1,0,0,0,전남,함평군,차량단독,도로이탈,도로이탈 추락,안전운전 의무 불이행,단일로,기타단일로
37683,2021-10-04 20,야간,월,1,1,0,0,0,경북,봉화군,차대사람,횡단중,횡단중,교차로 통행방법 위반,교차로,교차로내
37684,2021-04-13 16,주간,화,1,2,1,0,0,전북,완주군,차량단독,공작물충돌,공작물충돌,안전운전 의무 불이행,단일로,기타단일로
37685,2021-06-10 14,주간,목,1,2,0,1,0,강원,태백시,차대차,정면충돌,정면충돌,중앙선 침범,단일로,기타단일로
37686,2021-02-07 00,야간,일,1,1,0,0,0,서울,노원구,차량단독,공작물충돌,공작물충돌,기타,단일로,터널안
37687,2021-01-26 09,주간,화,1,1,0,0,0,경남,양산시,차대사람,횡단중,횡단중,안전운전 의무 불이행,교차로,교차로내
37688,2021-03-10 12,주간,수,1,1,0,0,0,충남,논산시,차량단독,공작물충돌,공작물충돌,안전운전 의무 불이행,단일로,기타단일로
37689,2021-03-22 15,주간,월,1,13,4,7,1,대구,서구,차대차,추돌,추돌,안전운전 의무 불이행,단일로,기타단일로
37690,2021-01-29 09,주간,금,1,1,0,0,0,대구,달서구,차대사람,횡단중,횡단중,기타,단일로,기타단일로
37691,2021-01-26 15,주간,화,1,1,0,0,0,대구,동구,차대사람,횡단중,횡단중,보행자 보호의무 위반,교차로,교차로횡단보도내
37692,2021-01-28 23,야간,목,1,2,1,0,0,경기,화성시,차대차,기타,기타,안전운전 의무 불이행,단일로,기타단일로
37693,2021-01-23 14,주간,토,1,2,0,0,1,강원,원주시,차량단독,도로이탈,도로이탈 기타,안전운전 의무 불이행,단일로,기타단일로
37694,2021-02-14 20,야간,일,1,2,0,1,0,인천,계양구,차대차,정면충돌,정면충돌,중앙선 침범,단일로,기타단일로
37695,2021-10-04 06,주간,월,1,3,2,0,0,전북,임실군,차량단독,공작물충돌,공작물충돌,기타,기타,기타
37696,2021-02-04 14,주간,목,1,1,0,0,0,서울,양천구,차대차,기타,기타,안전운전 의무 불이행,기타,기타
37697,2021-02-13 22,야간,토,1,2,1,0,0,부산,사상구,차량단독,기타,기타,안전운전 의무 불이행,단일로,기타단일로
37698,2021-04-18 20,야간,일,2,2,0,0,0,전남,해남군,차대차,추돌,추돌,안전운전 의무 불이행,단일로,기타단일로
37699,2021-09-18 04,야간,토,1,1,0,0,0,전북,장수군,차대차,추돌,추돌,안전운전 의무 불이행,단일로,기타단일로
37700,2021-01-25 16,주간,월,1,1,0,0,0,경북,경산시,차대차,측면충돌,측면충돌,안전운전 의무 불이행,단일로,기타단일로
37701,2021-03-02 23,야간,화,1,5,0,4,0,울산,울주군,차대차,측면충돌,측면충돌,안전운전 의무 불이행,교차로,교차로내
37702,2021-07-25 14,주간,일,1,1,0,0,0,경북,의성군,차대차,측면충돌,측면충돌,안전운전 의무 불이행,교차로,교차로내
37703,2021-05-16 16,주간,일,1,1,0,0,0,경기,가평군,차대차,측면충돌,측면충돌,교차로 통행방법 위반,교차로,교차로내
37704,2021-12-15 10,주간,수,1,1,0,0,0,경남,의령군,차대사람,횡단중,횡단중,안전운전 의무 불이행,교차로,교차로부근
37705,2021-10-17 12,주간,일,1,1,0,0,0,경남,산청군,차대차,측면충돌,측면충돌,중앙선 침범,단일로,기타단일로
37706,2021-06-28 22,야간,월,1,1,0,0,0,전남,영광군,차대사람,차도통행중,차도통행중,안전운전 의무 불이행,단일로,기타단일로
37707,2021-06-14 14,주간,월,1,1,0,0,0,경남,고성군,차량단독,전도,전도,안전운전 의무 불이행,기타,기타
37708,2021-05-13 04,야간,목,1,5,2,2,0,충북,청주시,차대차,추돌,추돌,안전운전 의무 불이행,단일로,기타단일로
37709,2021-04-26 14,주간,월,1,1,0,0,0,충남,공주시,차량단독,도로이탈,도로이탈 기타,안전운전 의무 불이행,단일로,기타단일로
37710,2021-10-18 12,주간,월,1,1,0,0,0,경남,산청군,차량단독,공작물충돌,공작물충돌,안전운전 의무 불이행,교차로,교차로내
37711,2021-01-30 15,주간,토,1,1,0,0,0,경북,포항시,차량단독,공작물충돌,공작물충돌,안전운전 의무 불이행,단일로,기타단일로
37712,2021-09-24 09,주간,금,1,1,0,0,0,전남,곡성군,차량단독,주정차차량 충돌,주정차차량 충돌,안전운전 의무 불이행,단일로,기타단일로
37713,2021-04-19 20,야간,월,1,1,0,0,0,전북,남원시,차대사람,기타,기타,안전운전 의무 불이행,단일로,기타단일로
37714,2021-09-10 19,야간,금,1,2,0,1,0,충남,청양군,차대차,추돌,추돌,안전운전 의무 불이행,기타,기타
37715,2021-05-14 15,주간,금,1,2,1,0,0,충북,보은군,차대차,기타,기타,기타,단일로,지하차도(도로)내
37716,2021-11-02 10,주간,화,1,2,1,0,0,경남,하동군,차대사람,기타,기타,안전운전 의무 불이행,단일로,기타단일로
37717,2021-02-06 12,주간,토,1,1,0,0,0,서울,양천구,차대사람,횡단중,횡단중,안전운전 의무 불이행,단일로,기타단일로
37718,2021-10-02 15,주간,토,1,1,0,0,0,전남,보성군,차량단독,기타,기타,안전운전 의무 불이행,단일로,기타단일로
37719,2021-05-13 21,야간,목,1,1,0,0,0,전남,영암군,차대차,측면충돌,측면충돌,신호위반,교차로,교차로내
37720,2021-11-12 06,주간,금,1,2,1,0,0,전북,무주군,차대차,측면충돌,측면충돌,교차로 통행방법 위반,교차로,교차로내
37721,2021-08-05 11,주간,목,1,1,0,0,0,전남,완도군,차대차,추돌,추돌,안전운전 의무 불이행,단일로,기타단일로
37722,2021-03-21 03,야간,일,1,1,0,0,0,경남,사천시,차량단독,전도,전도,안전운전 의무 불이행,단일로,기타단일로
37723,2021-01-25 09,주간,월,1,1,0,0,0,강원,원주시,차대차,측면충돌,측면충돌,안전운전 의무 불이행,단일로,기타단일로
37724,2021-01-21 11,주간,목,1,1,0,0,0,경기,시흥시,차대차,추돌,추돌,안전운전 의무 불이행,단일로,기타단일로
37725,2021-02-20 17,주간,토,1,3,2,0,0,충북,충주시,차대차,측면충돌,측면충돌,중앙선 침범,단일로,기타단일로
37726,2021-01-27 12,주간,수,1,1,0,0,0,전북,전주시,차대차,기타,기타,안전운전 의무 불이행,단일로,기타단일로
37727,2021-02-05 04,야간,금,1,1,0,0,0,경남,진주시,차대사람,횡단중,횡단중,보행자 보호의무 위반,교차로,교차로횡단보도내
37728,2021-04-09 06,주간,금,1,1,0,0,0,충북,진천군,차대사람,횡단중,횡단중,안전운전 의무 불이행,단일로,기타단일로
37729,2021-11-21 11,주간,일,1,1,0,0,0,전북,무주군,차량단독,공작물충돌,공작물충돌,기타,단일로,지하차도(도로)내
37730,2021-10-27 09,주간,수,1,1,0,0,0,전남,함평군,차량단독,전도,전도,안전운전 의무 불이행,단일로,기타단일로
37731,2021-05-02 13,주간,일,1,1,0,0,0,충남,서천군,차량단독,기타,기타,안전운전 의무 불이행,기타,기타
37732,2021-06-25 15,주간,금,1,1,0,0,0,전북,부안군,차대차,측면충돌,측면충돌,기타,교차로,교차로내
37733,2021-02-02 21,야간,화,1,1,0,0,0,대구,북구,차대차,측면충돌,측면충돌,신호위반,교차로,교차로내
37734,2021-02-05 10,주간,금,1,1,0,0,0,전북,전주시,차대사람,차도통행중,차도통행중,안전운전 의무 불이행,교차로,교차로부근
37735,2021-03-22 14,주간,월,1,1,0,0,0,경남,사천시,차대사람,횡단중,횡단중,안전운전 의무 불이행,교차로,교차로내
37736,2021-08-13 20,야간,금,1,2,1,0,0,경북,울진군,차량단독,공작물충돌,공작물충돌,안전운전 의무 불이행,기타,기타
37737,2021-02-21 23,야간,일,1,1,0,0,0,인천,중구,차량단독,기타,기타,안전운전 의무 불이행,교차로,교차로부근
37738,2021-02-05 19,야간,금,1,2,0,1,0,강원,강릉시,차대차,정면충돌,정면충돌,중앙선 침범,단일로,기타단일로
37739,2021-06-02 09,주간,수,1,1,0,0,0,인천,강화군,차량단독,도로이탈,도로이탈 추락,안전운전 의무 불이행,교차로,교차로부근
37740,2021-10-24 12,주간,일,1,1,0,0,0,전북,임실군,차대사람,차도통행중,차도통행중,안전운전 의무 불이행,교차로,교차로부근
37741,2021-02-20 03,야간,토,1,2,0,1,0,인천,계양구,차대차,정면충돌,정면충돌,중앙선 침범,단일로,기타단일로
37742,2021-02-11 18,야간,목,1,1,0,0,0,대구,달성군,차대차,기타,기타,안전운전 의무 불이행,단일로,기타단일로
37743,2021-09-01 02,야간,수,1,1,0,0,0,강원,횡성군,차량단독,공작물충돌,공작물충돌,중앙선 침범,단일로,기타단일로
37744,2021-03-06 12,주간,토,1,1,0,0,0,충북,제천시,차대차,정면충돌,정면충돌,중앙선 침범,단일로,지하차도(도로)내
37745,2021-08-18 10,주간,수,2,2,0,0,0,전남,완도군,차량단독,공작물충돌,공작물충돌,안전운전 의무 불이행,기타,기타
37746,2021-03-10 00,야간,수,1,1,0,0,0,울산,울주군,차량단독,공작물충돌,공작물충돌,안전운전 의무 불이행,교차로,교차로내
37747,2021-11-01 03,야간,월,1,1,0,0,0,경남,산청군,차량단독,공작물충돌,공작물충돌,안전운전 의무 불이행,단일로,기타단일로
37748,2021-08-06 14,주간,금,1,1,0,0,0,경북,청도군,차량단독,공작물충돌,공작물충돌,안전운전 의무 불이행,단일로,기타단일로
37749,2021-04-01 19,야간,목,1,1,0,0,0,경남,밀양시,차대사람,횡단중,횡단중,안전운전 의무 불이행,교차로,교차로내
37750,2021-06-25 14,주간,금,1,1,0,0,0,충남,서천군,차대차,측면충돌,측면충돌,안전운전 의무 불이행,교차로,교차로내
37751,2021-01-29 22,야간,금,1,1,0,0,0,전남,신안군,차량단독,전복,전복,안전운전 의무 불이행,교차로,교차로내
37752,2021-11-03 00,야간,수,1,1,0,0,0,경남,산청군,차량단독,기타,기타,안전운전 의무 불이행,단일로,기타단일로
37753,2021-09-13 10,주간,월,2,2,0,0,0,전남,장성군,차대차,측면충돌,측면충돌,안전운전 의무 불이행,교차로,교차로내
37754,2021-02-07 21,야간,일,2,2,0,0,0,충남,천안시,차대차,기타,기타,안전운전 의무 불이행,단일로,기타단일로
37755,2021-03-04 10,주간,목,1,2,0,1,0,경기,광주시,차대차,추돌,추돌,안전운전 의무 불이행,단일로,기타단일로
37756,2021-05-25 02,야간,화,2,5,2,1,0,충북,옥천군,차대차,추돌,추돌,안전운전 의무 불이행,단일로,기타단일로
37757,2021-11-19 15,주간,금,1,4,0,3,0,전남,함평군,차대차,추돌,추돌,안전운전 의무 불이행,교차로,교차로부근
37758,2021-04-26 17,주간,월,1,1,0,0,0,전북,정읍시,차대차,추돌,추돌,안전운전 의무 불이행,교차로,교차로내
37759,2021-03-29 11,주간,월,1,1,0,0,0,울산,동구,차대사람,횡단중,횡단중,안전운전 의무 불이행,단일로,지하차도(도로)내
37760,2021-11-19 21,야간,금,1,1,0,0,0,전남,함평군,차대차,추돌,추돌,안전운전 의무 불이행,단일로,기타단일로
37761,2021-08-12 08,주간,목,1,1,0,0,0,전남,장흥군,차량단독,도로이탈,도로이탈 추락,안전운전 의무 불이행,단일로,기타단일로
37762,2021-03-22 13,주간,월,1,1,0,0,0,충남,논산시,차대사람,횡단중,횡단중,보행자 보호의무 위반,단일로,기타단일로
37763,2021-04-03 10,주간,토,1,1,0,0,0,경기,여주시,차량단독,기타,기타,안전운전 의무 불이행,기타,기타
37764,2021-05-25 17,주간,화,1,9,0,8,0,충북,청주시,차대차,측면충돌,측면충돌,안전운전 의무 불이행,단일로,지하차도(도로)내
37765,2021-06-07 21,야간,월,1,1,0,0,0,인천,강화군,차대사람,기타,기타,안전운전 의무 불이행,단일로,지하차도(도로)내
37766,2021-10-01 03,야간,금,1,1,0,0,0,강원,고성군,차대차,추돌,추돌,안전운전 의무 불이행,기타,기타
37767,2021-08-27 18,야간,금,1,1,0,0,0,전남,완도군,차대사람,기타,기타,안전운전 의무 불이행,교차로,교차로횡단보도내
37768,2021-01-22 19,야간,금,1,1,0,0,0,경기,용인시,차대사람,횡단중,횡단중,안전운전 의무 불이행,단일로,기타단일로
37769,2021-10-22 15,주간,금,1,4,1,2,0,전남,보성군,차량단독,공작물충돌,공작물충돌,안전운전 의무 불이행,교차로,교차로내
37770,2021-07-28 00,야간,수,1,1,0,0,0,경기,연천군,차대차,정면충돌,정면충돌,중앙선 침범,단일로,기타단일로
37771,2021-02-24 09,주간,수,1,2,1,0,0,충남,당진시,차량단독,공작물충돌,공작물충돌,안전운전 의무 불이행,단일로,기타단일로
37772,2021-04-26 22,야간,월,1,1,0,0,0,서울,은평구,차량단독,기타,기타,안전운전 의무 불이행,단일로,기타단일로
37773,2021-08-14 11,주간,토,1,2,0,1,0,전남,장흥군,차대차,정면충돌,정면충돌,중앙선 침범,기타,기타
37774,2021-08-14 17,주간,토,1,1,0,0,0,전남,장흥군,차대사람,기타,기타,안전운전 의무 불이행,교차로,교차로내
37775,2021-05-11 06,주간,화,1,4,2,1,0,충남,예산군,차대차,추돌,추돌,기타,교차로,교차로내
37776,2021-10-23 06,주간,토,1,1,0,0,0,경남,함양군,차대사람,차도통행중,차도통행중,안전운전 의무 불이행,단일로,기타단일로
37777,2021-11-25 05,야간,목,1,1,0,0,0,경남,하동군,차대사람,차도통행중,차도통행중,안전운전 의무 불이행,단일로,기타단일로
37778,2021-07-13 21,야간,화,1,1,0,0,0,전남,담양군,차량단독,기타,기타,안전운전 의무 불이행,단일로,기타단일로
37779,2021-02-19 18,야간,금,1,5,2,2,0,경기,평택시,차대차,추돌,추돌,안전운전 의무 불이행,단일로,기타단일로
37780,2021-03-06 12,주간,토,1,1,0,0,0,광주,남구,차대사람,횡단중,횡단중,신호위반,교차로,교차로횡단보도내
37781,2021-02-18 04,야간,목,2,5,3,0,0,강원,춘천시,차량단독,공작물충돌,공작물충돌,기타,교차로,교차로부근
37782,2021-01-29 13,주간,금,1,2,0,1,0,경남,양산시,차대차,기타,기타,신호위반,교차로,교차로내
37783,2021-02-02 08,주간,화,1,1,0,0,0,부산,부산진구,차대차,기타,기타,안전운전 의무 불이행,단일로,기타단일로
37784,2021-05-08 18,야간,토,1,1,0,0,0,충남,공주시,차량단독,기타,기타,안전운전 의무 불이행,교차로,교차로내