교통사고이력ID(사고기록 순서),발생년월일시,주야코드,요일코드,사망자수,부상자수,중상자수,경상자수,부상신고자수,발생지시도코드,발생지시도코드,사고유형대분류코드,사고유형중분류코드,사고유형코드,법규위반코드,도로형태대분류코드,도로로형태코드
37986,2021-02-27 06,주간,토,1,1,0,0,0,경남,진주시,차대사람,횡단중,횡단중,안전운전 의무 불이행,단일로,기타단일로
37987,2021-05-11 23,야간,화,1,1,0,0,0,경기,여주시,차대사람,차도통행중,차도통행중,안전운전 의무 불이행,단일로,기타단일로
37988,2021-07-17 10,주간,토,1,1,0,0,0,경기,가평군,차대차,측면충돌,측면충돌,안전운전 의무 불이행,단일로,기타단일로
37989,2021-02-09 19,야간,화,1,1,0,0,0,경기,안산시,차대차,측면충돌,측면충돌,기타,교차로,교차로내
37990,2021-11-27 11,주간,토,1,1,0,0,0,전남,장흥군,차량단독,기타,기타,안전운전 의무 불이행,단일로,기타단일로
37991,2021-03-23 16,주간,화,1,1,0,0,0,서울,용산구,차량단독,기타,기타,안전운전 의무 불이행,단일로,기타단일로
37992,2021-05-07 16,주간,금,1,1,0,0,0,경남,사천시,차대사람,횡단중,횡단중,안전운전 의무 불이행,교차로,교차로내
37993,2021-05-29 07,주간,토,1,1,0,0,0,경북,영주시,차대사람,기타,기타,안전운전 의무 불이행,단일로,기타단일로
37994,2021-07-01 10,주간,목,1,1,0,0,0,부산,영도구,차대차,기타,기타,안전운전 의무 불이행,교차로,교차로내
37995,2021-06-18 15,주간,금,1,1,0,0,0,전북,완주군,차대사람,차도통행중,차도통행중,안전운전 의무 불이행,단일로,기타단일로
37996,2021-05-09 19,야간,일,1,2,1,0,0,경남,밀양시,차대사람,길가장자리구역통행중,길가장자리구역통행중,안전운전 의무 불이행,단일로,기타단일로
37997,2021-06-14 11,주간,월,1,1,0,0,0,전남,무안군,차대차,정면충돌,정면충돌,중앙선 침범,단일로,기타단일로
37998,2021-06-27 00,야간,일,1,1,0,0,0,전북,남원시,차대사람,기타,기타,안전운전 의무 불이행,단일로,기타단일로
37999,2021-06-01 02,야간,화,1,2,1,0,0,충남,홍성군,차대차,추돌,추돌,안전운전 의무 불이행,단일로,기타단일로
38000,2021-07-18 20,야간,일,1,1,0,0,0,경북,문경시,차대사람,차도통행중,차도통행중,안전운전 의무 불이행,단일로,기타단일로
38001,2021-09-25 17,주간,토,1,1,0,0,0,전북,부안군,차량단독,공작물충돌,공작물충돌,안전운전 의무 불이행,단일로,기타단일로
38002,2021-10-09 17,주간,토,1,1,0,0,0,전남,강진군,차량단독,공작물충돌,공작물충돌,기타,단일로,기타단일로
38003,2021-04-30 22,야간,금,2,2,0,0,0,경기,안양시,차량단독,기타,기타,기타,단일로,기타단일로
38004,2021-03-13 18,야간,토,1,9,0,8,0,경기,평택시,차대차,추돌,추돌,안전운전 의무 불이행,단일로,기타단일로
38005,2021-09-17 15,주간,금,1,3,1,1,0,전남,고흥군,차대차,측면충돌,측면충돌,안전운전 의무 불이행,단일로,기타단일로
38006,2021-02-23 06,주간,화,1,2,0,1,0,전북,전주시,차대차,추돌,추돌,중앙선 침범,단일로,기타단일로
38007,2021-08-05 21,야간,목,1,2,1,0,0,충남,당진시,차대차,정면충돌,정면충돌,중앙선 침범,단일로,기타단일로
38008,2021-02-25 11,주간,목,1,2,1,0,0,경기,구리시,차대차,추돌,추돌,안전운전 의무 불이행,단일로,교량위
38009,2021-04-02 13,주간,금,1,1,0,0,0,광주,남구,차대사람,기타,기타,안전운전 의무 불이행,교차로,교차로내
38010,2021-02-16 23,야간,화,1,1,0,0,0,전북,군산시,차량단독,전도,전도,안전운전 의무 불이행,교차로,교차로부근
38011,2021-05-13 17,주간,목,1,1,0,0,0,충남,보령시,차량단독,전도,전도,안전운전 의무 불이행,단일로,기타단일로
38012,2021-03-31 19,야간,수,1,1,0,0,0,경기,포천시,차대사람,횡단중,횡단중,안전운전 의무 불이행,단일로,기타단일로
38013,2021-06-19 01,야간,토,1,1,0,0,0,전남,무안군,차대차,정면충돌,정면충돌,중앙선 침범,교차로,교차로내
38014,2021-03-25 06,주간,목,1,1,0,0,0,서울,강북구,차대사람,횡단중,횡단중,안전운전 의무 불이행,단일로,기타단일로
38015,2021-06-02 07,주간,수,1,2,0,1,0,경북,영주시,차대차,정면충돌,정면충돌,안전운전 의무 불이행,단일로,기타단일로
38016,2021-06-02 20,야간,수,1,1,0,0,0,경북,영주시,차대사람,횡단중,횡단중,보행자 보호의무 위반,교차로,교차로횡단보도내
38017,2021-04-01 18,야간,목,1,1,0,0,0,부산,강서구,차대차,측면충돌,측면충돌,안전운전 의무 불이행,교차로,교차로부근
38018,2021-09-19 11,주간,일,1,1,0,0,0,충남,서천군,차대차,측면충돌,측면충돌,안전운전 의무 불이행,단일로,기타단일로
38019,2021-02-25 18,야간,목,1,2,0,1,0,경북,경주시,차대차,정면충돌,정면충돌,신호위반,교차로,교차로내
38020,2021-07-15 13,주간,목,1,1,0,0,0,충남,예산군,차대사람,횡단중,횡단중,신호위반,교차로,교차로내
38021,2021-12-28 08,주간,화,1,1,0,0,0,강원,정선군,차대사람,차도통행중,차도통행중,안전운전 의무 불이행,기타,기타
38022,2021-09-24 07,주간,금,1,1,0,0,0,경남,함안군,차대사람,횡단중,횡단중,안전운전 의무 불이행,단일로,기타단일로
38023,2021-11-03 13,주간,수,1,2,1,0,0,전남,영광군,차대차,측면충돌,측면충돌,신호위반,교차로,교차로내
38024,2021-09-26 19,야간,일,1,1,0,0,0,경남,함안군,차대차,측면충돌,측면충돌,기타,교차로,교차로부근
38025,2021-06-26 00,야간,토,1,1,0,0,0,전북,완주군,차량단독,공작물충돌,공작물충돌,안전운전 의무 불이행,단일로,기타단일로
38026,2021-02-08 14,주간,월,1,1,0,0,0,광주,광산구,차량단독,기타,기타,안전운전 의무 불이행,단일로,기타단일로
38027,2021-09-26 18,야간,일,1,1,0,0,0,강원,홍천군,차대사람,횡단중,횡단중,안전운전 의무 불이행,단일로,기타단일로
38028,2021-03-10 22,야간,수,1,1,0,0,0,경기,이천시,차대차,기타,기타,중앙선 침범,단일로,기타단일로
38029,2021-04-05 12,주간,월,1,1,0,0,0,경남,김해시,차대사람,차도통행중,차도통행중,신호위반,교차로,교차로부근
38030,2021-09-16 07,주간,목,1,1,0,0,0,충남,부여군,차대사람,차도통행중,차도통행중,안전운전 의무 불이행,단일로,기타단일로
38031,2021-02-27 12,주간,토,1,7,5,1,0,제주,서귀포시,차대차,정면충돌,정면충돌,중앙선 침범,단일로,기타단일로
38032,2021-04-30 15,주간,금,1,1,0,0,0,서울,성북구,차대차,기타,기타,기타,교차로,교차로내
38033,2021-02-27 15,주간,토,1,1,0,0,0,경기,남양주시,차량단독,기타,기타,안전운전 의무 불이행,기타,기타
38034,2021-02-26 09,주간,금,1,1,0,0,0,경북,경주시,차대사람,기타,기타,안전운전 의무 불이행,단일로,기타단일로
38035,2021-12-07 06,주간,화,1,1,0,0,0,경기,연천군,차대차,추돌,추돌,안전거리 미확보,단일로,교량위
38036,2021-02-18 19,야간,목,1,1,0,0,0,울산,남구,차대사람,횡단중,횡단중,안전운전 의무 불이행,교차로,교차로횡단보도내
38037,2021-07-09 18,야간,금,1,1,0,0,0,전북,정읍시,차량단독,전도,전도,안전운전 의무 불이행,단일로,기타단일로
38038,2021-05-19 11,주간,수,1,1,0,0,0,충남,보령시,차대차,기타,기타,기타,교차로,교차로내
38039,2021-04-09 22,야간,금,1,2,1,0,0,인천,남동구,차량단독,공작물충돌,공작물충돌,기타,교차로,교차로부근
38040,2021-10-07 22,야간,목,1,1,0,0,0,강원,태백시,차대사람,기타,기타,안전운전 의무 불이행,단일로,기타단일로
38041,2021-07-13 17,주간,화,1,1,0,0,0,부산,영도구,차대사람,기타,기타,안전운전 의무 불이행,교차로,교차로내
38042,2021-05-23 13,주간,일,1,1,0,0,0,경기,양평군,차대차,기타,기타,안전운전 의무 불이행,기타,기타
38043,2021-12-11 06,주간,토,1,3,1,0,1,세종,세종,차대차,추돌,추돌,안전운전 의무 불이행,단일로,기타단일로
38044,2021-02-28 23,야간,일,1,1,0,0,0,경기,남양주시,차대차,추돌,추돌,안전운전 의무 불이행,단일로,기타단일로
38045,2021-12-11 20,야간,토,1,3,1,1,0,경기,연천군,차대차,정면충돌,정면충돌,중앙선 침범,단일로,지하차도(도로)내
38046,2021-10-23 18,야간,토,1,1,0,0,0,경남,고성군,차대사람,횡단중,횡단중,보행자 보호의무 위반,단일로,기타단일로
38047,2021-03-18 14,주간,목,1,2,0,0,1,경기,평택시,차대사람,기타,기타,안전운전 의무 불이행,기타,기타
38048,2021-10-14 18,야간,목,1,1,0,0,0,경북,영덕군,차대사람,기타,기타,안전운전 의무 불이행,단일로,기타단일로
38049,2021-07-12 16,주간,월,1,1,0,0,0,전북,정읍시,차량단독,전도,전도,안전운전 의무 불이행,단일로,기타단일로
38050,2021-03-15 08,주간,월,1,1,0,0,0,경기,평택시,차대차,측면충돌,측면충돌,안전운전 의무 불이행,교차로,교차로내
38051,2021-10-25 11,주간,월,1,1,0,0,0,전남,강진군,차량단독,도로이탈,도로이탈 기타,안전운전 의무 불이행,단일로,기타단일로
38052,2021-05-02 12,주간,일,2,3,0,1,0,경북,칠곡군,차대사람,길가장자리구역통행중,길가장자리구역통행중,중앙선 침범,단일로,기타단일로
38053,2021-02-25 22,야간,목,1,1,0,0,0,서울,관악구,차대차,추돌,추돌,신호위반,교차로,교차로내
38054,2021-12-21 17,주간,화,1,2,0,1,0,전남,장흥군,차대사람,기타,기타,안전운전 의무 불이행,단일로,기타단일로
38055,2021-07-20 18,야간,화,1,1,0,0,0,충남,예산군,차량단독,도로이탈,도로이탈 추락,안전운전 의무 불이행,기타,기타
38056,2021-10-26 15,주간,화,1,2,1,0,0,전남,강진군,차량단독,기타,기타,안전운전 의무 불이행,단일로,기타단일로
38057,2021-02-24 22,야간,수,1,1,0,0,0,서울,영등포구,차대사람,횡단중,횡단중,안전운전 의무 불이행,단일로,기타단일로
38058,2021-10-10 13,주간,일,1,1,0,0,0,전북,부안군,차대차,측면충돌,측면충돌,교차로 통행방법 위반,교차로,교차로내
38059,2021-04-27 21,야간,화,1,1,0,0,0,전남,광양시,차대사람,횡단중,횡단중,안전운전 의무 불이행,단일로,기타단일로
38060,2021-05-10 12,주간,월,1,1,0,0,0,경북,영천시,차량단독,도로이탈,도로이탈 추락,안전운전 의무 불이행,단일로,기타단일로
38061,2021-12-23 12,주간,목,1,1,0,0,0,전남,장흥군,차량단독,기타,기타,안전운전 의무 불이행,단일로,기타단일로
38062,2021-03-05 11,주간,금,1,2,0,1,0,인천,부평구,차대사람,횡단중,횡단중,보행자 보호의무 위반,교차로,교차로내
38063,2021-03-01 09,주간,월,1,1,0,0,0,경북,포항시,차량단독,공작물충돌,공작물충돌,안전운전 의무 불이행,단일로,지하차도(도로)내
38064,2021-08-23 21,야간,월,1,1,0,0,0,충남,예산군,차대차,추돌,추돌,안전운전 의무 불이행,단일로,기타단일로
38065,2021-05-21 20,야간,금,1,1,0,0,0,충남,보령시,차대사람,횡단중,횡단중,안전운전 의무 불이행,단일로,기타단일로
38066,2021-04-06 21,야간,화,1,2,1,0,0,경기,화성시,차대차,추돌,추돌,안전운전 의무 불이행,단일로,기타단일로
38067,2021-08-12 20,야간,목,3,3,0,0,0,충남,태안군,차량단독,공작물충돌,공작물충돌,안전운전 의무 불이행,단일로,기타단일로
38068,2021-02-25 18,야간,목,1,2,1,0,0,경북,포항시,차대차,정면충돌,정면충돌,중앙선 침범,단일로,기타단일로
38069,2021-11-17 23,야간,수,1,1,0,0,0,전남,영광군,차대사람,차도통행중,차도통행중,안전운전 의무 불이행,단일로,기타단일로
38070,2021-12-27 15,주간,월,1,1,0,0,0,전남,장흥군,차량단독,기타,기타,안전운전 의무 불이행,기타,기타
38071,2021-03-01 11,주간,월,1,4,3,0,0,경북,경주시,차대차,정면충돌,정면충돌,중앙선 침범,단일로,기타단일로
38072,2021-04-16 20,야간,금,1,5,0,4,0,충북,제천시,차대차,정면충돌,정면충돌,중앙선 침범,단일로,기타단일로
38073,2021-03-29 04,야간,월,1,1,0,0,0,충남,당진시,차량단독,기타,기타,안전운전 의무 불이행,단일로,기타단일로
38074,2021-08-26 15,주간,목,1,1,0,0,0,대전,유성구,차대차,기타,기타,안전운전 의무 불이행,기타,기타
38075,2021-10-08 19,야간,금,1,1,0,0,0,전남,고흥군,차대사람,기타,기타,안전운전 의무 불이행,단일로,기타단일로
38076,2021-02-21 00,야간,일,1,1,0,0,0,울산,남구,차대사람,횡단중,횡단중,기타,교차로,교차로내
38077,2021-11-19 13,주간,금,1,1,0,0,0,전남,영광군,차대차,정면충돌,정면충돌,중앙선 침범,단일로,기타단일로
38078,2021-10-31 18,야간,일,1,1,0,0,0,경남,고성군,차대사람,횡단중,횡단중,안전운전 의무 불이행,단일로,기타단일로
38079,2021-12-30 17,주간,목,1,2,1,0,0,전남,장흥군,차대차,추돌,추돌,안전운전 의무 불이행,단일로,기타단일로
38080,2021-02-25 06,주간,목,1,1,0,0,0,전남,순천시,차대사람,횡단중,횡단중,보행자 보호의무 위반,단일로,기타단일로
38081,2021-09-14 14,주간,화,1,2,1,0,0,충북,영동군,차량단독,기타,기타,안전운전 의무 불이행,단일로,기타단일로
38082,2021-02-16 03,야간,화,1,1,0,0,0,대전,유성구,차대차,추돌,추돌,안전운전 의무 불이행,단일로,기타단일로
38083,2021-05-11 23,야간,화,1,1,0,0,0,서울,성북구,차대사람,횡단중,횡단중,기타,단일로,기타단일로
38084,2021-03-21 12,주간,일,1,1,0,0,0,부산,사하구,차대차,기타,기타,안전운전 의무 불이행,단일로,기타단일로
38085,2021-05-29 13,주간,토,1,2,1,0,0,경기,양평군,차량단독,기타,기타,안전운전 의무 불이행,단일로,기타단일로
38086,2021-07-04 00,야간,일,1,1,0,0,0,전남,무안군,차대사람,기타,기타,안전운전 의무 불이행,단일로,기타단일로
38087,2021-05-10 13,주간,월,1,1,0,0,0,서울,도봉구,차대차,측면충돌,측면충돌,안전운전 의무 불이행,교차로,교차로횡단보도내
38088,2021-02-21 09,주간,일,1,3,0,2,0,대구,달서구,차대차,측면충돌,측면충돌,안전거리 미확보,단일로,기타단일로
38089,2021-07-21 15,주간,수,1,1,0,0,0,경기,동두천시,차대차,기타,기타,안전운전 의무 불이행,단일로,기타단일로
38090,2021-04-09 07,주간,금,1,1,0,0,0,충남,서산시,차대차,추돌,추돌,안전거리 미확보,단일로,기타단일로
38091,2021-05-26 11,주간,수,1,1,0,0,0,경남,사천시,차대사람,차도통행중,차도통행중,안전운전 의무 불이행,단일로,기타단일로
38092,2021-05-30 19,야간,일,1,2,0,1,0,경기,여주시,차대사람,횡단중,횡단중,신호위반,교차로,교차로내
38093,2021-05-31 17,주간,월,1,1,0,0,0,충북,음성군,차량단독,전도,전도,안전운전 의무 불이행,불명,불명
38094,2021-11-02 09,주간,화,1,1,0,0,0,경북,성주군,차대차,기타,기타,안전운전 의무 불이행,단일로,기타단일로
38095,2021-07-30 16,주간,금,1,1,0,0,0,충남,예산군,차량단독,기타,기타,안전운전 의무 불이행,단일로,기타단일로
38096,2021-03-04 19,야간,목,1,1,0,0,0,경북,포항시,차대사람,횡단중,횡단중,안전운전 의무 불이행,단일로,기타단일로
38097,2021-10-05 11,주간,화,1,17,3,13,0,충북,보은군,차대차,추돌,추돌,안전운전 의무 불이행,단일로,지하차도(도로)내
38098,2021-06-18 16,주간,금,1,1,0,0,0,충북,진천군,차대차,측면충돌,측면충돌,기타,교차로,교차로내
38099,2021-06-02 20,야간,수,1,1,0,0,0,경기,양평군,차대사람,횡단중,횡단중,기타,교차로,교차로내
38100,2021-04-05 14,주간,월,1,2,1,0,0,인천,계양구,차대사람,차도통행중,차도통행중,안전운전 의무 불이행,단일로,기타단일로
38101,2021-05-04 13,주간,화,1,1,0,0,0,대구,중구,차대차,측면충돌,측면충돌,신호위반,교차로,교차로내
38102,2021-04-04 12,주간,일,1,1,0,0,0,경남,창원시(통합),차량단독,전복,전복,안전운전 의무 불이행,단일로,기타단일로
38103,2021-05-26 09,주간,수,1,1,0,0,0,충남,논산시,차대사람,횡단중,횡단중,안전운전 의무 불이행,단일로,기타단일로
38104,2021-04-14 22,야간,수,1,1,0,0,0,경기,구리시,차대사람,길가장자리구역통행중,길가장자리구역통행중,안전운전 의무 불이행,단일로,기타단일로
38105,2021-08-09 08,주간,월,1,2,1,0,0,경북,문경시,차량단독,공작물충돌,공작물충돌,안전운전 의무 불이행,단일로,기타단일로
38106,2021-11-15 17,주간,월,1,1,0,0,0,충북,옥천군,차대차,추돌,추돌,안전운전 의무 불이행,단일로,기타단일로
38107,2021-06-08 10,주간,화,1,1,0,0,0,전남,나주시,차대차,측면충돌,측면충돌,기타,교차로,교차로내
38108,2021-03-22 19,야간,월,1,1,0,0,0,경기,하남시,차대차,정면충돌,정면충돌,신호위반,교차로,교차로내
38109,2021-02-21 05,야간,일,1,1,0,0,0,대구,동구,차대차,정면충돌,정면충돌,안전운전 의무 불이행,단일로,기타단일로
38110,2021-04-20 04,야간,화,1,1,0,0,0,인천,남동구,차량단독,공작물충돌,공작물충돌,안전운전 의무 불이행,교차로,교차로부근
38111,2021-06-05 07,주간,토,1,1,0,0,0,경남,밀양시,차대차,측면충돌,측면충돌,안전운전 의무 불이행,교차로,교차로내
38112,2021-06-19 15,주간,토,1,1,0,0,0,서울,은평구,차량단독,공작물충돌,공작물충돌,안전운전 의무 불이행,단일로,기타단일로
38113,2021-10-27 14,주간,수,1,1,0,0,0,경남,거창군,차대사람,횡단중,횡단중,안전운전 의무 불이행,기타,기타
38114,2021-03-27 12,주간,토,1,2,0,1,0,부산,사상구,차대차,기타,기타,안전운전 의무 불이행,교차로,교차로내
38115,2021-08-06 07,주간,금,1,1,0,0,0,충남,예산군,차대사람,기타,기타,보행자 보호의무 위반,단일로,기타단일로
38116,2021-05-01 04,야간,토,1,2,0,1,0,부산,기장군,차대차,기타,기타,안전운전 의무 불이행,단일로,기타단일로
38117,2021-11-08 17,주간,월,1,1,0,0,0,경북,성주군,차량단독,공작물충돌,공작물충돌,신호위반,교차로,교차로부근
38118,2021-10-02 15,주간,토,1,1,0,0,0,강원,양양군,차량단독,기타,기타,안전운전 의무 불이행,단일로,기타단일로
38119,2021-11-20 20,야간,토,1,1,0,0,0,전남,담양군,차대사람,기타,기타,기타,단일로,기타단일로
38120,2021-08-15 15,주간,일,1,1,0,0,0,경북,문경시,차량단독,기타,기타,안전운전 의무 불이행,단일로,기타단일로
38121,2021-07-30 14,주간,금,1,1,0,0,0,경기,동두천시,차대차,기타,기타,안전운전 의무 불이행,교차로,교차로내
38122,2021-06-22 08,주간,화,1,1,0,0,0,서울,은평구,차대사람,횡단중,횡단중,보행자 보호의무 위반,교차로,교차로횡단보도내
38123,2021-04-25 14,주간,일,1,2,1,0,0,충북,제천시,차대사람,기타,기타,안전운전 의무 불이행,기타,기타
38124,2021-02-14 22,야간,일,1,2,1,0,0,광주,광산구,차량단독,기타,기타,안전운전 의무 불이행,교차로,교차로내
38125,2021-10-28 18,야간,목,1,1,0,0,0,경남,함안군,차대사람,횡단중,횡단중,안전운전 의무 불이행,교차로,교차로내
38126,2021-10-27 19,야간,수,1,1,0,0,0,강원,홍천군,차대사람,기타,기타,안전운전 의무 불이행,단일로,지하차도(도로)내
38127,2021-06-24 07,주간,목,1,1,0,0,0,부산,동구,차량단독,전복,전복,안전운전 의무 불이행,교차로,교차로부근
38128,2021-02-10 08,주간,수,1,2,1,0,0,경기,시흥시,차대사람,횡단중,횡단중,보행자 보호의무 위반,교차로,교차로내
38129,2021-02-06 16,주간,토,1,1,0,0,0,대구,수성구,차대차,측면충돌,측면충돌,안전운전 의무 불이행,교차로,교차로내
38130,2021-07-13 06,주간,화,1,1,0,0,0,서울,은평구,차대차,측면충돌,측면충돌,기타,단일로,기타단일로
38131,2021-10-27 15,주간,수,2,2,0,0,0,충남,부여군,차대차,추돌,추돌,안전운전 의무 불이행,단일로,기타단일로
38132,2021-11-02 09,주간,화,1,1,0,0,0,전북,부안군,차대차,측면충돌,측면충돌,안전운전 의무 불이행,교차로,교차로내
38133,2021-03-28 00,야간,일,1,2,1,0,0,서울,서초구,차대사람,기타,기타,기타,기타,기타
38134,2021-11-22 09,주간,월,1,1,0,0,0,전남,강진군,차대사람,횡단중,횡단중,안전운전 의무 불이행,단일로,기타단일로
38135,2021-02-21 18,야간,일,1,1,0,0,0,경남,양산시,차대사람,횡단중,횡단중,안전운전 의무 불이행,기타,기타
38136,2021-03-12 21,야간,금,1,1,0,0,0,경기,수원시,차대사람,기타,기타,안전운전 의무 불이행,교차로,교차로부근
38137,2021-06-24 00,야간,목,1,1,0,0,0,경북,상주시,차대차,정면충돌,정면충돌,교차로 통행방법 위반,교차로,교차로내
38138,2021-11-03 18,야간,수,1,1,0,0,0,전북,부안군,차대사람,길가장자리구역통행중,길가장자리구역통행중,안전운전 의무 불이행,단일로,기타단일로
38139,2021-04-29 17,주간,목,1,1,0,0,0,경북,김천시,차대차,추돌,추돌,안전운전 의무 불이행,단일로,기타단일로
38140,2021-07-08 20,야간,목,1,1,0,0,0,전북,김제시,차대사람,횡단중,횡단중,안전운전 의무 불이행,단일로,기타단일로
38141,2021-09-18 17,주간,토,1,11,2,7,1,충남,천안시,차대차,추돌,추돌,안전운전 의무 불이행,단일로,기타단일로
38142,2021-07-21 04,야간,수,1,2,1,0,0,전북,완주군,차대차,추돌,추돌,안전운전 의무 불이행,단일로,기타단일로
38143,2021-03-06 06,주간,토,1,1,0,0,0,대전,대덕구,차대사람,횡단중,횡단중,보행자 보호의무 위반,단일로,기타단일로
38144,2021-03-14 20,야간,일,1,1,0,0,0,대구,북구,차대사람,기타,기타,안전운전 의무 불이행,단일로,기타단일로
38145,2021-03-07 04,야간,일,1,1,0,0,0,대구,북구,차량단독,기타,기타,안전운전 의무 불이행,단일로,기타단일로
38146,2021-06-12 08,주간,토,1,1,0,0,0,충북,음성군,차대차,측면충돌,측면충돌,기타,교차로,교차로내
38147,2021-10-27 23,야간,수,1,3,0,2,0,충북,보은군,차대차,추돌,추돌,안전운전 의무 불이행,단일로,기타단일로
38148,2021-02-22 15,주간,월,1,1,0,0,0,전남,순천시,차량단독,공작물충돌,공작물충돌,안전운전 의무 불이행,단일로,기타단일로
38149,2021-04-27 19,야간,화,1,2,1,0,0,충북,제천시,차대차,정면충돌,정면충돌,신호위반,교차로,교차로내
38150,2021-11-25 19,야간,목,1,1,0,0,0,전남,강진군,차대차,정면충돌,정면충돌,중앙선 침범,교차로,교차로내
38151,2021-10-10 16,주간,일,1,3,0,2,0,강원,홍천군,차량단독,공작물충돌,공작물충돌,안전운전 의무 불이행,단일로,터널안
38152,2021-03-22 09,주간,월,1,1,0,0,0,경남,김해시,차대사람,차도통행중,차도통행중,안전운전 의무 불이행,단일로,기타단일로
38153,2021-02-18 03,야간,목,1,1,0,0,0,경기,파주시,차량단독,공작물충돌,공작물충돌,안전운전 의무 불이행,교차로,교차로내
38154,2021-02-09 22,야간,화,1,1,0,0,0,인천,서구,차량단독,공작물충돌,공작물충돌,안전운전 의무 불이행,단일로,기타단일로
38155,2021-02-22 15,주간,월,1,1,0,0,0,전북,전주시,차대차,측면충돌,측면충돌,안전운전 의무 불이행,교차로,교차로내
38156,2021-06-28 13,주간,월,1,1,0,0,0,경북,상주시,차대사람,길가장자리구역통행중,길가장자리구역통행중,안전운전 의무 불이행,단일로,기타단일로
38157,2021-06-03 20,야간,목,1,1,0,0,0,충남,보령시,차대사람,차도통행중,차도통행중,중앙선 침범,단일로,기타단일로
38158,2021-09-28 09,주간,화,2,2,0,0,0,전남,영암군,차대차,추돌,추돌,기타,단일로,기타단일로
38159,2021-11-09 06,주간,화,1,1,0,0,0,강원,홍천군,차대사람,횡단중,횡단중,안전운전 의무 불이행,교차로,교차로내
38160,2021-11-09 07,주간,화,3,18,5,10,0,강원,홍천군,차대차,정면충돌,정면충돌,중앙선 침범,단일로,기타단일로
38161,2021-03-30 12,주간,화,1,2,1,0,0,부산,사하구,차대차,추돌,추돌,신호위반,교차로,교차로내
38162,2021-03-10 19,야간,수,1,1,0,0,0,제주,서귀포시,차대사람,횡단중,횡단중,보행자 보호의무 위반,교차로,교차로내
38163,2021-03-29 20,야간,월,1,1,0,0,0,경기,안성시,차대사람,차도통행중,차도통행중,안전운전 의무 불이행,단일로,기타단일로
38164,2021-08-01 17,주간,일,1,1,0,0,0,전북,남원시,차량단독,공작물충돌,공작물충돌,안전운전 의무 불이행,단일로,기타단일로
38165,2021-04-10 01,야간,토,1,1,0,0,0,서울,서대문구,차량단독,공작물충돌,공작물충돌,안전운전 의무 불이행,단일로,기타단일로
38166,2021-06-16 00,야간,수,2,2,0,0,0,경남,밀양시,차대차,측면충돌,측면충돌,안전운전 의무 불이행,교차로,교차로내
38167,2021-06-30 08,주간,수,1,1,0,0,0,충북,진천군,차대사람,기타,기타,안전운전 의무 불이행,교차로,교차로내
38168,2021-11-26 18,야간,금,1,1,0,0,0,경북,성주군,차대사람,횡단중,횡단중,신호위반,단일로,기타단일로
38169,2021-02-22 03,야간,월,2,4,0,2,0,충남,아산시,차량단독,공작물충돌,공작물충돌,안전운전 의무 불이행,단일로,기타단일로
38170,2021-11-08 08,주간,월,2,2,0,0,0,충남,서천군,차대차,기타,기타,중앙선 침범,단일로,기타단일로
38171,2021-12-11 17,주간,토,1,1,0,0,0,충북,옥천군,차대차,추돌,추돌,안전운전 의무 불이행,단일로,기타단일로
38172,2021-03-04 23,야간,목,1,1,0,0,0,경기,고양시,차대사람,기타,기타,안전운전 의무 불이행,교차로,교차로내
38173,2021-08-24 23,야간,화,1,2,1,0,0,충남,예산군,차대차,측면충돌,측면충돌,기타,교차로,교차로내
38174,2021-06-18 22,야간,금,1,1,0,0,0,충북,음성군,차량단독,공작물충돌,공작물충돌,안전운전 의무 불이행,단일로,기타단일로
38175,2021-07-31 17,주간,토,1,1,0,0,0,전남,무안군,차량단독,기타,기타,안전운전 의무 불이행,단일로,기타단일로
38176,2021-11-24 04,야간,수,1,1,0,0,0,충북,충주시,차대차,추돌,추돌,안전운전 의무 불이행,단일로,지하차도(도로)내
38177,2021-11-25 11,주간,목,1,2,1,0,0,충북,괴산군,차량단독,공작물충돌,공작물충돌,안전운전 의무 불이행,단일로,지하차도(도로)내
38178,2021-12-12 11,주간,일,1,3,1,1,0,전남,강진군,차대차,추돌,추돌,안전운전 의무 불이행,교차로,교차로부근
38179,2021-06-07 11,주간,월,1,3,0,2,0,경북,상주시,차대차,추돌,추돌,안전운전 의무 불이행,단일로,기타단일로
38180,2021-02-25 04,야간,목,1,1,0,0,0,인천,남구,차대차,측면충돌,측면충돌,중앙선 침범,단일로,기타단일로
38181,2021-02-25 13,주간,목,1,1,0,0,0,경남,양산시,차대차,측면충돌,측면충돌,안전운전 의무 불이행,단일로,기타단일로
38182,2021-03-05 23,야간,금,1,1,0,0,0,경기,고양시,차량단독,공작물충돌,공작물충돌,안전운전 의무 불이행,단일로,기타단일로
38183,2021-11-26 07,주간,금,1,3,1,1,0,강원,홍천군,차대차,추돌,추돌,안전운전 의무 불이행,단일로,기타단일로
38184,2021-09-14 17,주간,화,1,1,0,0,0,충남,태안군,차대차,추돌,추돌,기타,단일로,기타단일로
38185,2021-04-17 09,주간,토,1,1,0,0,0,인천,계양구,차량단독,공작물충돌,공작물충돌,안전운전 의무 불이행,단일로,기타단일로
38186,2021-09-01 15,주간,수,1,1,0,0,0,충남,예산군,차량단독,도로이탈,도로이탈 추락,안전운전 의무 불이행,단일로,기타단일로