교통사고이력ID(사고기록 순서),발생년월일시,주야코드,요일코드,사망자수,부상자수,중상자수,경상자수,부상신고자수,발생지시도코드,발생지시도코드,사고유형대분류코드,사고유형중분류코드,사고유형코드,법규위반코드,도로형태대분류코드,도로로형태코드
38388,2021-07-28 17,주간,수,1,1,0,0,0,경기,양평군,차대사람,횡단중,횡단중,보행자 보호의무 위반,교차로,교차로횡단보도내
38389,2021-07-21 17,주간,수,1,1,0,0,0,충남,논산시,차대사람,횡단중,횡단중,안전운전 의무 불이행,교차로,교차로내
38390,2021-05-25 10,주간,화,1,1,0,0,0,경기,시흥시,차대사람,기타,기타,안전운전 의무 불이행,단일로,기타단일로
38391,2021-04-05 11,주간,월,1,1,0,0,0,서울,구로구,차대차,정면충돌,정면충돌,안전운전 의무 불이행,교차로,교차로내
38392,2021-06-03 13,주간,목,1,1,0,0,0,경남,김해시,차량단독,공작물충돌,공작물충돌,안전운전 의무 불이행,단일로,기타단일로
38393,2021-08-30 21,야간,월,1,1,0,0,0,부산,동구,차대사람,기타,기타,안전운전 의무 불이행,교차로,교차로내
38394,2021-06-12 18,야간,토,1,1,0,0,0,울산,중구,차량단독,공작물충돌,공작물충돌,신호위반,교차로,교차로부근
38395,2021-08-23 22,야간,월,1,1,0,0,0,충북,진천군,차량단독,공작물충돌,공작물충돌,안전운전 의무 불이행,교차로,교차로내
38396,2021-06-27 16,주간,일,1,1,0,0,0,전남,광양시,차량단독,공작물충돌,공작물충돌,안전운전 의무 불이행,단일로,기타단일로
38397,2021-07-22 16,주간,목,1,4,1,2,0,충남,논산시,차대차,측면충돌,측면충돌,중앙선 침범,단일로,기타단일로
38398,2021-05-05 16,주간,수,1,1,0,0,0,경기,안양시,차대사람,기타,기타,안전운전 의무 불이행,기타,기타
38399,2021-03-04 05,야간,목,1,1,0,0,0,광주,광산구,차대사람,횡단중,횡단중,신호위반,교차로,교차로횡단보도내
38400,2021-03-13 01,야간,토,1,1,0,0,0,경기,의정부시,차대사람,횡단중,횡단중,안전운전 의무 불이행,단일로,기타단일로
38401,2021-03-29 11,주간,월,1,4,3,0,0,대전,동구,차대차,정면충돌,정면충돌,중앙선 침범,단일로,기타단일로
38402,2021-03-22 22,야간,월,1,2,0,1,0,경기,화성시,차대차,추돌,추돌,안전운전 의무 불이행,단일로,기타단일로
38403,2021-08-27 12,주간,금,1,1,0,0,0,충북,진천군,차대차,정면충돌,정면충돌,중앙선 침범,단일로,기타단일로
38404,2021-03-19 08,주간,금,1,1,0,0,0,전남,신안군,차대차,기타,기타,중앙선 침범,기타,기타
38405,2021-12-30 13,주간,목,1,2,0,1,0,전남,영암군,차대사람,기타,기타,안전운전 의무 불이행,단일로,기타단일로
38406,2021-10-26 07,주간,화,1,1,0,0,0,충남,공주시,차대차,추돌,추돌,안전운전 의무 불이행,단일로,기타단일로
38407,2021-07-15 12,주간,목,2,4,0,2,0,경북,상주시,차대차,추돌,추돌,안전거리 미확보,단일로,기타단일로
38408,2021-06-07 19,야간,월,1,1,0,0,0,경남,김해시,차대차,추돌,추돌,신호위반,교차로,교차로내
38409,2021-02-28 12,주간,일,1,1,0,0,0,경기,시흥시,차대사람,기타,기타,안전운전 의무 불이행,단일로,기타단일로
38410,2021-06-30 18,야간,수,1,2,1,0,0,전남,광양시,차대차,정면충돌,정면충돌,안전운전 의무 불이행,단일로,기타단일로
38411,2021-10-14 18,야간,목,1,1,0,0,0,전남,무안군,차대사람,차도통행중,차도통행중,안전운전 의무 불이행,단일로,기타단일로
38412,2021-04-21 19,야간,수,1,1,0,0,0,경기,성남시,차대사람,기타,기타,기타,단일로,기타단일로
38413,2021-11-07 10,주간,일,1,3,1,1,0,서울,서초구,차대차,측면충돌,측면충돌,기타,교차로,교차로내
38414,2021-11-13 13,주간,토,1,1,0,0,0,전남,해남군,차량단독,공작물충돌,공작물충돌,안전운전 의무 불이행,기타,기타
38415,2021-03-27 18,야간,토,1,1,0,0,0,전북,군산시,차대사람,횡단중,횡단중,기타,교차로,교차로내
38416,2021-03-14 17,주간,일,1,1,0,0,0,제주,제주시,차량단독,기타,기타,안전운전 의무 불이행,단일로,기타단일로
38417,2021-12-03 20,야간,금,1,1,0,0,0,충남,예산군,차대사람,차도통행중,차도통행중,보행자 보호의무 위반,단일로,기타단일로
38418,2021-06-14 10,주간,월,1,2,1,0,0,경남,창원시(통합),차량단독,공작물충돌,공작물충돌,안전운전 의무 불이행,교차로,교차로부근
38419,2021-06-14 18,야간,월,1,1,0,0,0,충북,제천시,차대사람,횡단중,횡단중,안전운전 의무 불이행,교차로,교차로횡단보도내
38420,2021-05-27 10,주간,목,1,4,2,1,0,충남,서산시,차대차,정면충돌,정면충돌,교차로 통행방법 위반,교차로,교차로내
38421,2021-03-18 03,야간,목,1,1,0,0,0,부산,부산진구,차대사람,기타,기타,기타,단일로,기타단일로
38422,2021-08-04 13,주간,수,1,1,0,0,0,경기,양평군,차량단독,공작물충돌,공작물충돌,안전운전 의무 불이행,단일로,기타단일로
38423,2021-09-06 03,야간,월,1,2,1,0,0,서울,은평구,차량단독,기타,기타,안전운전 의무 불이행,단일로,기타단일로
38424,2021-02-28 10,주간,일,1,1,0,0,0,경기,용인시,차대차,측면충돌,측면충돌,안전운전 의무 불이행,단일로,기타단일로
38425,2021-06-02 06,주간,수,1,1,0,0,0,대구,남구,차대사람,횡단중,횡단중,신호위반,교차로,교차로횡단보도내
38426,2021-03-10 05,야간,수,1,1,0,0,0,경기,파주시,차대차,기타,기타,신호위반,교차로,교차로내
38427,2021-07-08 11,주간,목,1,1,0,0,0,대구,중구,차대사람,기타,기타,안전운전 의무 불이행,단일로,기타단일로
38428,2021-09-03 09,주간,금,1,1,0,0,0,경북,상주시,차량단독,기타,기타,안전운전 의무 불이행,단일로,기타단일로
38429,2021-04-06 12,주간,화,1,1,0,0,0,제주,서귀포시,차량단독,전도,전도,안전운전 의무 불이행,단일로,기타단일로
38430,2021-09-13 20,야간,월,1,1,0,0,0,충남,홍성군,차량단독,기타,기타,안전운전 의무 불이행,기타,기타
38431,2021-12-05 18,야간,일,1,2,0,1,0,충남,태안군,차대차,기타,기타,신호위반,교차로,교차로내
38432,2021-11-29 11,주간,월,1,1,0,0,0,전북,정읍시,차대사람,기타,기타,안전운전 의무 불이행,단일로,기타단일로
38433,2021-05-03 07,주간,월,1,2,1,0,0,경기,안성시,차대차,기타,기타,안전운전 의무 불이행,단일로,기타단일로
38434,2021-08-08 12,주간,일,2,4,1,0,1,경기,양평군,차대차,추돌,추돌,기타,단일로,기타단일로
38435,2021-10-02 14,주간,토,1,1,0,0,0,전북,김제시,차대사람,횡단중,횡단중,보행자 보호의무 위반,교차로,교차로횡단보도내
38436,2021-07-26 03,야간,월,2,3,0,1,0,경북,영천시,차대차,추돌,추돌,기타,교차로,교차로내
38437,2021-09-13 14,주간,월,1,2,1,0,0,강원,동해시,차대차,정면충돌,정면충돌,신호위반,교차로,교차로내
38438,2021-05-29 10,주간,토,1,4,3,0,0,경남,거제시,차량단독,공작물충돌,공작물충돌,안전운전 의무 불이행,단일로,기타단일로
38439,2021-04-16 11,주간,금,1,1,0,0,0,서울,강서구,차대사람,횡단중,횡단중,신호위반,교차로,교차로횡단보도내
38440,2021-05-26 11,주간,수,1,3,2,0,0,경북,안동시,차대차,정면충돌,정면충돌,중앙선 침범,단일로,기타단일로
38441,2021-12-09 17,주간,목,1,1,0,0,0,충남,태안군,차대사람,기타,기타,안전운전 의무 불이행,단일로,기타단일로
38442,2021-06-26 04,야간,토,1,1,0,0,0,경기,구리시,차량단독,공작물충돌,공작물충돌,기타,단일로,기타단일로
38443,2021-07-21 11,주간,수,1,2,0,1,0,서울,성북구,차대차,측면충돌,측면충돌,신호위반,교차로,교차로횡단보도내
38444,2021-03-23 10,주간,화,1,1,0,0,0,전남,목포시,차대사람,횡단중,횡단중,보행자 보호의무 위반,교차로,교차로횡단보도내
38445,2021-12-17 13,주간,금,1,1,0,0,0,충남,예산군,차대차,측면충돌,측면충돌,기타,교차로,교차로내
38446,2021-11-27 15,주간,토,1,1,0,0,0,전남,해남군,차대차,측면충돌,측면충돌,교차로 통행방법 위반,교차로,교차로내
38447,2021-03-23 15,주간,화,1,1,0,0,0,경기,수원시,차대차,기타,기타,안전운전 의무 불이행,교차로,교차로내
38448,2021-07-22 22,야간,목,1,1,0,0,0,경북,의성군,차대차,추돌,추돌,안전운전 의무 불이행,단일로,기타단일로
38449,2021-05-10 10,주간,월,1,6,0,5,0,경기,용인시,차대차,추돌,추돌,안전운전 의무 불이행,단일로,기타단일로
38450,2021-05-07 17,주간,금,1,1,0,0,0,부산,사하구,차대차,기타,기타,안전운전 의무 불이행,단일로,지하차도(도로)내
38451,2021-12-18 11,주간,토,1,1,0,0,0,경기,가평군,차대차,정면충돌,정면충돌,중앙선 침범,단일로,기타단일로
38452,2021-12-03 09,주간,금,1,2,0,1,0,충북,증평군,차량단독,공작물충돌,공작물충돌,안전운전 의무 불이행,단일로,기타단일로
38453,2021-06-01 01,야간,화,1,1,0,0,0,충남,서산시,차대차,기타,기타,안전운전 의무 불이행,단일로,기타단일로
38454,2021-06-02 19,야간,수,1,1,0,0,0,인천,부평구,차량단독,전도,전도,안전운전 의무 불이행,교차로,교차로부근
38455,2021-04-06 05,야간,화,1,1,0,0,0,경북,경주시,차대사람,횡단중,횡단중,안전운전 의무 불이행,교차로,교차로내
38456,2021-05-12 03,야간,수,1,1,0,0,0,경기,광명시,차대차,기타,기타,안전운전 의무 불이행,단일로,기타단일로
38457,2021-10-24 18,야간,일,1,1,0,0,0,전남,무안군,차대사람,기타,기타,안전운전 의무 불이행,기타,기타
38458,2021-08-05 18,야간,목,1,1,0,0,0,경기,안양시,차대사람,횡단중,횡단중,안전운전 의무 불이행,단일로,기타단일로
38459,2021-07-29 09,주간,목,1,2,0,1,0,경북,영천시,차대차,측면충돌,측면충돌,신호위반,교차로,교차로내
38460,2021-12-07 08,주간,화,1,3,0,2,0,전북,정읍시,차대차,추돌,추돌,기타,단일로,기타단일로
38461,2021-07-21 08,주간,수,1,1,0,0,0,서울,성북구,차대사람,횡단중,횡단중,보행자 보호의무 위반,교차로,교차로횡단보도내
38462,2021-05-27 06,주간,목,1,1,0,0,0,서울,서대문구,차대사람,횡단중,횡단중,안전운전 의무 불이행,교차로,교차로내
38463,2021-11-13 19,야간,토,1,1,0,0,0,충남,공주시,차대사람,차도통행중,차도통행중,안전운전 의무 불이행,단일로,기타단일로
38464,2021-05-01 08,주간,토,1,5,0,4,0,강원,춘천시,차대사람,차도통행중,차도통행중,기타,교차로,교차로횡단보도내
38465,2021-11-22 00,야간,월,1,1,0,0,0,서울,종로구,차대사람,기타,기타,안전운전 의무 불이행,단일로,기타단일로
38466,2021-12-22 11,주간,수,1,1,0,0,0,경북,문경시,차대차,측면충돌,측면충돌,안전운전 의무 불이행,교차로,교차로내
38467,2021-12-22 11,주간,수,1,1,0,0,0,경북,문경시,차량단독,전도,전도,안전운전 의무 불이행,단일로,기타단일로
38468,2021-06-03 10,주간,목,1,1,0,0,0,경남,거제시,차량단독,공작물충돌,공작물충돌,안전운전 의무 불이행,단일로,기타단일로
38469,2021-06-02 21,야간,수,2,2,0,0,0,충남,서산시,차대차,추돌,추돌,기타,단일로,기타단일로
38470,2021-10-28 07,주간,목,1,1,0,0,0,서울,은평구,차량단독,도로이탈,도로이탈 추락,안전운전 의무 불이행,단일로,기타단일로
38471,2021-06-08 08,주간,화,1,1,0,0,0,서울,송파구,차대차,측면충돌,측면충돌,안전운전 의무 불이행,단일로,교량위
38472,2021-03-20 20,야간,토,1,1,0,0,0,경기,안산시,차대차,추돌,추돌,안전운전 의무 불이행,교차로,교차로부근
38473,2021-12-10 18,야간,금,1,1,0,0,0,전북,정읍시,차대사람,기타,기타,보행자 보호의무 위반,교차로,교차로내
38474,2021-04-17 01,야간,토,1,1,0,0,0,강원,강릉시,차량단독,공작물충돌,공작물충돌,중앙선 침범,단일로,기타단일로
38475,2021-11-01 08,주간,월,1,1,0,0,0,부산,서구,차대차,측면충돌,측면충돌,신호위반,교차로,교차로부근
38476,2021-03-26 06,주간,금,1,1,0,0,0,전남,목포시,차대사람,횡단중,횡단중,신호위반,교차로,교차로부근
38477,2021-12-08 17,주간,수,1,1,0,0,0,전남,해남군,차량단독,공작물충돌,공작물충돌,안전운전 의무 불이행,단일로,기타단일로
38478,2021-06-01 13,주간,화,1,1,0,0,0,경기,포천시,차량단독,기타,기타,안전운전 의무 불이행,단일로,기타단일로
38479,2021-04-12 05,야간,월,1,1,0,0,0,전북,전주시,차대차,기타,기타,기타,교차로,교차로내
38480,2021-11-01 05,야간,월,1,1,0,0,0,전남,무안군,차대사람,기타,기타,안전운전 의무 불이행,교차로,교차로부근
38481,2021-05-02 10,주간,일,1,2,1,0,0,강원,춘천시,차대차,정면충돌,정면충돌,중앙선 침범,단일로,기타단일로
38482,2021-11-01 10,주간,월,1,1,0,0,0,전북,남원시,차대차,측면충돌,측면충돌,기타,교차로,교차로내
38483,2021-04-02 15,주간,금,1,1,0,0,0,충북,청주시,차대차,측면충돌,측면충돌,신호위반,교차로,교차로횡단보도내
38484,2021-04-11 09,주간,일,1,1,0,0,0,서울,관악구,차대사람,기타,기타,안전운전 의무 불이행,단일로,기타단일로
38485,2021-03-28 01,야간,일,1,1,0,0,0,대구,달서구,차대사람,차도통행중,차도통행중,기타,교차로,교차로부근
38486,2021-12-15 00,야간,수,1,2,0,1,0,전북,정읍시,차대차,정면충돌,정면충돌,기타,교차로,교차로부근
38487,2021-03-22 07,주간,월,1,2,1,0,0,대구,동구,차대차,측면충돌,측면충돌,신호위반,교차로,교차로부근
38488,2021-07-27 03,야간,화,1,2,0,1,0,경북,의성군,차대차,추돌,추돌,안전운전 의무 불이행,단일로,기타단일로
38489,2021-06-09 11,주간,수,1,2,0,1,0,광주,남구,차대차,측면충돌,측면충돌,안전운전 의무 불이행,교차로,교차로부근
38490,2021-03-09 12,주간,화,1,1,0,0,0,경북,구미시,차대차,추돌,추돌,안전운전 의무 불이행,단일로,기타단일로
38491,2021-05-09 14,주간,일,1,4,0,3,0,경기,남양주시,차대차,기타,기타,안전거리 미확보,단일로,기타단일로
38492,2021-03-24 03,야간,수,1,1,0,0,0,경남,양산시,차량단독,공작물충돌,공작물충돌,안전운전 의무 불이행,기타,기타
38493,2021-12-14 15,주간,화,1,1,0,0,0,전남,해남군,차대차,측면충돌,측면충돌,중앙선 침범,단일로,기타단일로
38494,2021-05-26 22,야간,수,1,1,0,0,0,충남,당진시,차량단독,도로이탈,도로이탈 추락,안전운전 의무 불이행,기타,기타
38495,2021-03-21 03,야간,일,1,1,0,0,0,제주,제주시,차대사람,기타,기타,기타,교차로,교차로내
38496,2021-04-07 12,주간,수,1,1,0,0,0,충북,청주시,차량단독,전복,전복,안전운전 의무 불이행,교차로,교차로부근
38497,2021-04-08 16,주간,목,1,2,0,1,0,경북,경주시,차대차,추돌,추돌,안전운전 의무 불이행,단일로,지하차도(도로)내
38498,2021-06-07 21,야간,월,1,1,0,0,0,경남,거제시,차대사람,기타,기타,기타,교차로,교차로부근
38499,2021-04-17 17,주간,토,1,1,0,0,0,경기,남양주시,차대사람,횡단중,횡단중,신호위반,단일로,기타단일로
38500,2021-04-10 22,야간,토,1,1,0,0,0,경기,성남시,차대사람,기타,기타,기타,단일로,기타단일로
38501,2021-07-11 18,야간,일,1,1,0,0,0,울산,울주군,차량단독,공작물충돌,공작물충돌,안전운전 의무 불이행,단일로,기타단일로
38502,2021-05-13 20,야간,목,1,2,0,1,0,부산,사하구,차대차,추돌,추돌,안전운전 의무 불이행,단일로,기타단일로
38503,2021-07-16 20,야간,금,1,1,0,0,0,전남,광양시,차량단독,공작물충돌,공작물충돌,안전운전 의무 불이행,단일로,기타단일로
38504,2021-05-14 08,주간,금,1,2,0,1,0,부산,사하구,차대사람,횡단중,횡단중,보행자 보호의무 위반,단일로,기타단일로
38505,2021-10-27 04,야간,수,1,7,4,2,0,전북,김제시,차대차,정면충돌,정면충돌,중앙선 침범,단일로,기타단일로
38506,2021-04-24 12,주간,토,1,1,0,0,0,서울,중랑구,차대사람,횡단중,횡단중,안전운전 의무 불이행,단일로,기타단일로
38507,2021-04-20 21,야간,화,1,1,0,0,0,강원,강릉시,차대차,추돌,추돌,안전운전 의무 불이행,기타,기타
38508,2021-05-17 13,주간,월,1,6,1,3,1,경기,용인시,차대차,추돌,추돌,안전운전 의무 불이행,기타,기타
38509,2021-09-14 16,주간,화,1,1,0,0,0,전남,나주시,차량단독,도로이탈,도로이탈 추락,안전운전 의무 불이행,교차로,교차로부근
38510,2021-03-21 17,주간,일,1,3,0,1,1,대전,서구,차대차,추돌,추돌,안전운전 의무 불이행,단일로,기타단일로
38511,2021-05-03 23,야간,월,1,1,0,0,0,경기,용인시,차대차,기타,기타,안전운전 의무 불이행,단일로,기타단일로
38512,2021-03-11 07,주간,목,1,1,0,0,0,경북,구미시,차량단독,공작물충돌,공작물충돌,안전운전 의무 불이행,단일로,기타단일로
38513,2021-03-25 10,주간,목,1,1,0,0,0,대구,동구,차대차,측면충돌,측면충돌,기타,교차로,교차로부근
38514,2021-09-18 11,주간,토,1,1,0,0,0,경북,영주시,차대차,측면충돌,측면충돌,신호위반,교차로,교차로내
38515,2021-06-11 10,주간,금,1,1,0,0,0,인천,계양구,차대차,기타,기타,신호위반,단일로,터널안
38516,2021-08-08 20,야간,일,1,1,0,0,0,경북,영천시,차대차,측면충돌,측면충돌,안전운전 의무 불이행,단일로,기타단일로
38517,2021-10-05 14,주간,화,1,1,0,0,0,경북,상주시,차대차,측면충돌,측면충돌,안전운전 의무 불이행,교차로,교차로내
38518,2021-06-24 22,야간,목,1,1,0,0,0,경남,창원시(통합),차대사람,횡단중,횡단중,보행자 보호의무 위반,교차로,교차로횡단보도내
38519,2021-04-03 08,주간,토,1,1,0,0,0,대전,서구,차대차,기타,기타,안전운전 의무 불이행,단일로,기타단일로
38520,2021-12-28 18,야간,화,1,1,0,0,0,전남,해남군,차대차,기타,기타,안전운전 의무 불이행,기타,기타
38521,2021-03-24 13,주간,수,1,2,0,1,0,경기,김포시,차대차,추돌,추돌,안전운전 의무 불이행,교차로,교차로부근
38522,2021-05-04 19,야간,화,1,1,0,0,0,경기,용인시,차대사람,횡단중,횡단중,안전운전 의무 불이행,단일로,기타단일로
38523,2021-05-05 08,주간,수,1,1,0,0,0,서울,마포구,차대차,측면충돌,측면충돌,기타,교차로,교차로내
38524,2021-06-09 15,주간,수,1,1,0,0,0,인천,중구,차대차,측면충돌,측면충돌,안전거리 미확보,기타,기타
38525,2021-10-14 18,야간,목,1,1,0,0,0,충남,홍성군,차대사람,차도통행중,차도통행중,안전운전 의무 불이행,단일로,기타단일로
38526,2021-04-21 01,야간,수,1,2,1,0,0,전북,익산시,차대사람,횡단중,횡단중,기타,교차로,교차로내
38527,2021-03-21 10,주간,일,1,1,0,0,0,강원,원주시,차대사람,차도통행중,차도통행중,안전운전 의무 불이행,단일로,기타단일로
38528,2021-09-11 19,야간,토,1,2,0,1,0,울산,동구,차대차,측면충돌,측면충돌,중앙선 침범,단일로,기타단일로
38529,2021-05-20 04,야간,목,1,3,2,0,0,경기,용인시,차대차,기타,기타,안전운전 의무 불이행,단일로,기타단일로
38530,2021-04-26 09,주간,월,1,1,0,0,0,서울,강서구,차대사람,보도통행중,보도통행중,보행자 보호의무 위반,교차로,교차로부근
38531,2021-03-27 18,야간,토,1,1,0,0,0,경기,안산시,차대차,추돌,추돌,안전운전 의무 불이행,교차로,교차로부근
38532,2021-08-07 09,주간,토,1,1,0,0,0,경북,영천시,차량단독,전도,전도,안전운전 의무 불이행,단일로,기타단일로
38533,2021-07-07 04,야간,수,1,1,0,0,0,부산,북구,차대사람,기타,기타,안전운전 의무 불이행,기타,기타
38534,2021-03-26 13,주간,금,1,1,0,0,0,충북,청주시,차대차,측면충돌,측면충돌,안전운전 의무 불이행,기타,기타
38535,2021-09-09 14,주간,목,1,1,0,0,0,부산,기장군,차대차,추돌,추돌,안전운전 의무 불이행,단일로,기타단일로
38536,2021-04-26 07,주간,월,1,1,0,0,0,서울,노원구,차대사람,차도통행중,차도통행중,안전운전 의무 불이행,단일로,기타단일로
38537,2021-10-17 02,야간,일,1,1,0,0,0,충남,홍성군,차량단독,전도,전도,안전운전 의무 불이행,단일로,기타단일로
38538,2021-03-28 05,야간,일,1,1,0,0,0,전남,여수시,차대사람,기타,기타,안전운전 의무 불이행,교차로,교차로내
38539,2021-07-20 15,주간,화,1,1,0,0,0,울산,울주군,차대사람,횡단중,횡단중,신호위반,교차로,교차로내
38540,2021-11-18 07,주간,목,1,2,0,1,0,전북,완주군,차대차,추돌,추돌,안전운전 의무 불이행,단일로,터널안
38541,2021-05-20 13,주간,목,1,1,0,0,0,충북,충주시,차량단독,전도,전도,안전운전 의무 불이행,단일로,기타단일로
38542,2021-06-03 05,야간,목,1,1,0,0,0,서울,동작구,차대사람,횡단중,횡단중,기타,단일로,기타단일로
38543,2021-05-22 01,야간,토,1,1,0,0,0,경기,군포시,차대차,측면충돌,측면충돌,기타,단일로,기타단일로
38544,2021-06-22 00,야간,화,1,1,0,0,0,경기,군포시,차대차,기타,기타,안전운전 의무 불이행,기타,기타
38545,2021-07-01 22,야간,목,1,1,0,0,0,경기,구리시,차대사람,차도통행중,차도통행중,안전운전 의무 불이행,단일로,기타단일로
38546,2021-06-24 16,주간,목,1,4,0,3,0,경기,시흥시,차대차,추돌,추돌,안전운전 의무 불이행,단일로,기타단일로
38547,2021-05-10 09,주간,월,1,1,0,0,0,강원,춘천시,차대차,측면충돌,측면충돌,신호위반,교차로,교차로내
38548,2021-06-10 23,야간,목,1,1,0,0,0,경북,안동시,차대사람,횡단중,횡단중,안전운전 의무 불이행,교차로,교차로내
38549,2021-11-22 13,주간,월,1,2,0,1,0,전북,남원시,차량단독,공작물충돌,공작물충돌,안전운전 의무 불이행,단일로,기타단일로
38550,2021-11-10 16,주간,수,1,13,9,3,0,전북,김제시,차대차,측면충돌,측면충돌,신호위반,교차로,교차로내
38551,2021-07-03 09,주간,토,1,6,2,3,0,경남,김해시,차대차,측면충돌,측면충돌,신호위반,교차로,교차로내
38552,2021-03-25 11,주간,목,1,1,0,0,0,대전,서구,차대사람,차도통행중,차도통행중,안전운전 의무 불이행,단일로,기타단일로
38553,2021-07-02 11,주간,금,1,2,1,0,0,경남,창원시(통합),차량단독,기타,기타,안전운전 의무 불이행,단일로,기타단일로
38554,2021-10-14 07,주간,목,1,1,0,0,0,충북,진천군,차대차,측면충돌,측면충돌,기타,단일로,기타단일로
38555,2021-10-14 09,주간,목,1,2,0,1,0,충북,진천군,차대차,정면충돌,정면충돌,신호위반,단일로,기타단일로
38556,2021-04-27 19,야간,화,1,1,0,0,0,경기,고양시,차대사람,횡단중,횡단중,안전운전 의무 불이행,교차로,교차로내
38557,2021-07-28 15,주간,수,1,1,0,0,0,전남,광양시,차대차,정면충돌,정면충돌,신호위반,교차로,교차로내
38558,2021-05-09 15,주간,일,1,1,0,0,0,서울,마포구,차대차,기타,기타,안전운전 의무 불이행,교차로,교차로내
38559,2021-06-16 11,주간,수,1,1,0,0,0,인천,중구,차대차,측면충돌,측면충돌,안전운전 의무 불이행,교차로,교차로횡단보도내
38560,2021-05-24 15,주간,월,1,1,0,0,0,부산,연제구,차대사람,기타,기타,안전운전 의무 불이행,단일로,기타단일로
38561,2021-05-10 10,주간,월,1,1,0,0,0,서울,마포구,차대차,기타,기타,기타,교차로,교차로내
38562,2021-04-04 01,야간,일,1,1,0,0,0,울산,남구,차대사람,횡단중,횡단중,안전운전 의무 불이행,교차로,교차로내
38563,2021-08-11 14,주간,수,1,8,5,2,0,경북,칠곡군,차대차,추돌,추돌,안전운전 의무 불이행,단일로,기타단일로
38564,2021-09-05 11,주간,일,1,1,0,0,0,경남,사천시,차대사람,횡단중,횡단중,안전운전 의무 불이행,단일로,기타단일로
38565,2021-04-14 11,주간,수,1,1,0,0,0,충북,청주시,차대차,측면충돌,측면충돌,교차로 통행방법 위반,교차로,교차로내
38566,2021-04-02 21,야간,금,2,2,0,0,0,전남,목포시,차대차,기타,기타,신호위반,교차로,교차로내
38567,2021-05-01 06,주간,토,1,1,0,0,0,서울,양천구,차대차,측면충돌,측면충돌,안전운전 의무 불이행,교차로,교차로부근
38568,2021-05-26 16,주간,수,1,1,0,0,0,부산,사하구,차대사람,횡단중,횡단중,안전운전 의무 불이행,단일로,기타단일로
38569,2021-11-30 18,야간,화,1,1,0,0,0,전남,무안군,차대차,기타,기타,안전운전 의무 불이행,기타,기타
38570,2021-03-22 17,주간,월,1,1,0,0,0,경기,파주시,차대차,정면충돌,정면충돌,신호위반,교차로,교차로내
38571,2021-04-01 13,주간,목,1,1,0,0,0,제주,제주시,차대차,기타,기타,기타,단일로,기타단일로
38572,2021-10-20 06,주간,수,1,1,0,0,0,충북,진천군,차대사람,횡단중,횡단중,안전운전 의무 불이행,교차로,교차로내
38573,2021-07-13 04,야간,화,1,1,0,0,0,서울,금천구,차대차,기타,기타,신호위반,교차로,교차로내
38574,2021-08-26 22,야간,목,1,1,0,0,0,서울,도봉구,차대사람,기타,기타,안전운전 의무 불이행,단일로,기타단일로
38575,2021-08-02 05,야간,월,1,1,0,0,0,전남,광양시,차대사람,기타,기타,안전운전 의무 불이행,교차로,교차로부근
38576,2021-04-12 16,주간,월,1,1,0,0,0,전북,군산시,차대사람,횡단중,횡단중,보행자 보호의무 위반,교차로,교차로내
38577,2021-04-23 23,야간,금,1,1,0,0,0,전북,전주시,차량단독,공작물충돌,공작물충돌,기타,단일로,기타단일로
38578,2021-10-24 00,야간,일,1,1,0,0,0,경북,상주시,차량단독,기타,기타,안전운전 의무 불이행,교차로,교차로부근
38579,2021-10-24 11,주간,일,1,1,0,0,0,경북,상주시,차대사람,보도통행중,보도통행중,안전운전 의무 불이행,단일로,기타단일로
38580,2021-07-08 19,야간,목,1,1,0,0,0,경남,창원시(통합),차대사람,차도통행중,차도통행중,안전운전 의무 불이행,단일로,기타단일로
38581,2021-04-05 22,야간,월,1,1,0,0,0,울산,남구,차대차,측면충돌,측면충돌,기타,단일로,기타단일로
38582,2021-10-25 19,야간,월,1,1,0,0,0,충남,홍성군,차대사람,차도통행중,차도통행중,기타,교차로,교차로부근
38583,2021-03-16 05,야간,화,1,1,0,0,0,충남,천안시,차대차,추돌,추돌,안전운전 의무 불이행,단일로,기타단일로
38584,2021-07-10 22,야간,토,1,1,0,0,0,경기,구리시,차량단독,공작물충돌,공작물충돌,안전운전 의무 불이행,단일로,기타단일로
38585,2021-10-07 15,주간,목,1,1,0,0,0,전남,나주시,차량단독,공작물충돌,공작물충돌,안전운전 의무 불이행,단일로,기타단일로
38586,2021-07-10 03,야간,토,1,2,1,0,0,경남,김해시,차대차,측면충돌,측면충돌,신호위반,교차로,교차로내
38587,2021-10-23 18,야간,토,1,1,0,0,0,충북,진천군,차대차,기타,기타,안전운전 의무 불이행,단일로,기타단일로
38588,2021-07-29 08,주간,목,1,3,0,2,0,울산,울주군,차대차,추돌,추돌,안전운전 의무 불이행,교차로,교차로부근
38589,2021-07-23 03,야간,금,1,1,0,0,0,울산,중구,차대사람,기타,기타,안전운전 의무 불이행,교차로,교차로내
38590,2021-07-03 10,주간,토,1,1,0,0,0,부산,강서구,차대차,측면충돌,측면충돌,신호위반,교차로,교차로내
38591,2021-03-13 02,야간,토,1,1,0,0,0,경기,시흥시,차대사람,횡단중,횡단중,기타,교차로,교차로횡단보도내