교통사고이력ID(사고기록 순서),발생년월일시,주야코드,요일코드,사망자수,부상자수,중상자수,경상자수,부상신고자수,발생지시도코드,발생지시도코드,사고유형대분류코드,사고유형중분류코드,사고유형코드,법규위반코드,도로형태대분류코드,도로로형태코드
38996,2021-11-10 07,주간,수,1,1,0,0,0,울산,울주군,차량단독,기타,기타,안전운전 의무 불이행,교차로,교차로내
38997,2021-10-27 22,야간,수,1,1,0,0,0,서울,금천구,차대사람,보도통행중,보도통행중,기타,교차로,교차로부근
38998,2021-10-28 10,주간,목,1,1,0,0,0,서울,금천구,차대사람,횡단중,횡단중,안전운전 의무 불이행,단일로,기타단일로
38999,2021-11-02 08,주간,화,1,2,1,0,0,경기,하남시,차량단독,공작물충돌,공작물충돌,안전운전 의무 불이행,단일로,기타단일로
39000,2021-05-23 01,야간,일,1,1,0,0,0,전남,신안군,차량단독,공작물충돌,공작물충돌,안전운전 의무 불이행,교차로,교차로내
39001,2021-10-08 01,야간,금,1,7,3,3,0,부산,강서구,차대차,측면충돌,측면충돌,신호위반,교차로,교차로내
39002,2021-07-14 03,야간,수,1,1,0,0,0,경기,용인시,차대사람,횡단중,횡단중,기타,단일로,기타단일로
39003,2021-12-10 08,주간,금,1,1,0,0,0,경북,성주군,차대차,추돌,추돌,안전운전 의무 불이행,단일로,기타단일로
39004,2021-09-25 04,야간,토,1,1,0,0,0,대구,남구,차대사람,횡단중,횡단중,신호위반,교차로,교차로횡단보도내
39005,2021-05-23 08,주간,일,1,2,0,1,0,전남,신안군,차대차,기타,기타,중앙선 침범,단일로,기타단일로
39006,2021-05-18 07,주간,화,1,1,0,0,0,제주,제주시,차대차,기타,기타,기타,단일로,기타단일로
39007,2021-11-20 13,주간,토,1,1,0,0,0,울산,울주군,차대차,측면충돌,측면충돌,안전운전 의무 불이행,교차로,교차로내
39008,2021-10-28 18,야간,목,1,1,0,0,0,경남,창원시(통합),차대사람,횡단중,횡단중,안전운전 의무 불이행,교차로,교차로부근
39009,2021-12-10 09,주간,금,2,12,6,4,0,경북,성주군,차대차,추돌,추돌,안전거리 미확보,단일로,기타단일로
39010,2021-07-03 20,야간,토,1,1,0,0,0,강원,강릉시,차대사람,횡단중,횡단중,안전운전 의무 불이행,단일로,기타단일로
39011,2021-05-09 17,주간,일,1,1,0,0,0,경기,의정부시,차대사람,기타,기타,안전운전 의무 불이행,교차로,교차로내
39012,2021-11-03 07,주간,수,1,1,0,0,0,경기,양주시,차대차,추돌,추돌,안전운전 의무 불이행,단일로,기타단일로
39013,2021-06-20 16,주간,일,1,2,1,0,0,제주,서귀포시,차대차,정면충돌,정면충돌,안전운전 의무 불이행,단일로,기타단일로
39014,2021-05-14 17,주간,금,1,1,0,0,0,경기,김포시,차량단독,기타,기타,안전운전 의무 불이행,단일로,기타단일로
39015,2021-06-06 04,야간,일,1,2,0,0,1,전남,순천시,차대차,측면충돌,측면충돌,기타,교차로,교차로부근
39016,2021-05-21 18,야간,금,1,1,0,0,0,전남,여수시,차대사람,횡단중,횡단중,기타,단일로,기타단일로
39017,2021-04-17 21,야간,토,1,1,0,0,0,경기,시흥시,차대사람,차도통행중,차도통행중,안전운전 의무 불이행,단일로,기타단일로
39018,2021-12-20 18,야간,월,1,1,0,0,0,경북,영천시,차량단독,도로이탈,도로이탈 추락,안전운전 의무 불이행,단일로,기타단일로
39019,2021-04-17 05,야간,토,1,2,1,0,0,인천,서구,차대차,추돌,추돌,기타,교차로,교차로내
39020,2021-07-31 15,주간,토,1,1,0,0,0,경기,성남시,차대사람,기타,기타,안전운전 의무 불이행,단일로,기타단일로
39021,2021-05-19 01,야간,수,1,1,0,0,0,제주,제주시,차량단독,공작물충돌,공작물충돌,안전운전 의무 불이행,단일로,기타단일로
39022,2021-06-22 07,주간,화,1,1,0,0,0,제주,서귀포시,차대차,정면충돌,정면충돌,중앙선 침범,단일로,기타단일로
39023,2021-09-07 10,주간,화,2,2,0,0,0,경기,포천시,차대차,기타,기타,신호위반,교차로,교차로내
39024,2021-12-22 18,야간,수,1,2,0,1,0,경북,영천시,차대차,정면충돌,정면충돌,중앙선 침범,기타,기타
39025,2021-10-10 22,야간,일,1,1,0,0,0,인천,부평구,차대사람,횡단중,횡단중,안전운전 의무 불이행,단일로,기타단일로
39026,2021-08-01 23,야간,일,1,1,0,0,0,경기,성남시,차대사람,횡단중,횡단중,안전운전 의무 불이행,교차로,교차로부근
39027,2021-11-05 10,주간,금,1,1,0,0,0,경남,김해시,차량단독,전도,전도,안전운전 의무 불이행,단일로,기타단일로
39028,2021-06-07 06,주간,월,1,2,0,0,1,전북,군산시,차대차,측면충돌,측면충돌,기타,교차로,교차로내
39029,2021-08-03 06,주간,화,1,1,0,0,0,경기,성남시,차량단독,전도,전도,안전운전 의무 불이행,단일로,기타단일로
39030,2021-09-18 10,주간,토,1,1,0,0,0,충남,서산시,차대차,추돌,추돌,신호위반,교차로,교차로횡단보도내
39031,2021-09-11 08,주간,토,1,1,0,0,0,부산,사상구,차대사람,횡단중,횡단중,보행자 보호의무 위반,교차로,교차로횡단보도내
39032,2021-12-12 00,야간,일,1,1,0,0,0,경북,칠곡군,차량단독,공작물충돌,공작물충돌,안전운전 의무 불이행,단일로,기타단일로
39033,2021-08-29 14,주간,일,1,1,0,0,0,경기,고양시,차대차,측면충돌,측면충돌,중앙선 침범,단일로,기타단일로
39034,2021-05-12 16,주간,수,1,1,0,0,0,경기,의정부시,차대사람,횡단중,횡단중,신호위반,교차로,교차로부근
39035,2021-12-23 14,주간,목,2,4,0,2,0,대구,달성군,차대사람,기타,기타,안전운전 의무 불이행,단일로,기타단일로
39036,2021-04-15 10,주간,목,1,1,0,0,0,대구,수성구,차량단독,기타,기타,안전운전 의무 불이행,단일로,기타단일로
39037,2021-08-07 21,야간,토,1,1,0,0,0,충북,충주시,차대사람,차도통행중,차도통행중,안전운전 의무 불이행,단일로,기타단일로
39038,2021-11-20 17,주간,토,1,1,0,0,0,울산,중구,차대사람,기타,기타,안전운전 의무 불이행,교차로,교차로부근
39039,2021-05-12 17,주간,수,1,1,0,0,0,강원,원주시,차량단독,전복,전복,안전운전 의무 불이행,기타,기타
39040,2021-07-08 01,야간,목,1,1,0,0,0,인천,연수구,차량단독,전도,전도,안전운전 의무 불이행,단일로,지하차도(도로)내
39041,2021-11-25 13,주간,목,1,2,0,0,1,부산,사상구,차대차,기타,기타,안전운전 의무 불이행,단일로,기타단일로
39042,2021-10-19 13,주간,화,1,1,0,0,0,부산,강서구,차대차,측면충돌,측면충돌,안전운전 의무 불이행,교차로,교차로부근
39043,2021-10-28 19,야간,목,1,1,0,0,0,충북,제천시,차대사람,기타,기타,안전운전 의무 불이행,기타,기타
39044,2021-09-30 04,야간,목,1,1,0,0,0,경기,군포시,차대사람,기타,기타,보행자 보호의무 위반,교차로,교차로부근
39045,2021-11-09 06,주간,화,1,1,0,0,0,경남,창원시(통합),차대사람,차도통행중,차도통행중,안전운전 의무 불이행,단일로,기타단일로
39046,2021-05-14 11,주간,금,1,1,0,0,0,경기,의정부시,차량단독,기타,기타,안전운전 의무 불이행,단일로,기타단일로
39047,2021-05-21 00,야간,금,1,1,0,0,0,충북,청주시,차대사람,횡단중,횡단중,안전운전 의무 불이행,단일로,기타단일로
39048,2021-12-24 07,주간,금,1,1,0,0,0,충남,보령시,차대사람,횡단중,횡단중,기타,교차로,교차로내
39049,2021-06-07 08,주간,월,1,2,0,1,0,경기,화성시,차대사람,기타,기타,안전운전 의무 불이행,단일로,기타단일로
39050,2021-10-28 01,야간,목,1,1,0,0,0,경기,구리시,차대사람,기타,기타,기타,단일로,기타단일로
39051,2021-10-30 03,야간,토,1,1,0,0,0,충북,제천시,차대사람,횡단중,횡단중,신호위반,교차로,교차로횡단보도내
39052,2021-12-30 03,야간,목,1,1,0,0,0,경북,안동시,차량단독,공작물충돌,공작물충돌,안전운전 의무 불이행,단일로,기타단일로
39053,2021-10-19 12,주간,화,1,1,0,0,0,인천,부평구,차대차,측면충돌,측면충돌,안전운전 의무 불이행,교차로,교차로부근
39054,2021-10-30 20,야간,토,1,2,0,1,0,충북,제천시,차대차,측면충돌,측면충돌,신호위반,교차로,교차로내
39055,2021-08-09 20,야간,월,1,2,1,0,0,경기,안성시,차대차,추돌,추돌,기타,단일로,지하차도(도로)내
39056,2021-11-30 09,주간,화,1,1,0,0,0,경남,김해시,차대차,측면충돌,측면충돌,기타,단일로,기타단일로
39057,2021-10-30 06,주간,토,1,1,0,0,0,경남,창원시(통합),차량단독,기타,기타,안전운전 의무 불이행,단일로,기타단일로
39058,2021-10-24 15,주간,일,2,5,1,2,0,경기,시흥시,차량단독,공작물충돌,공작물충돌,안전운전 의무 불이행,단일로,교량위
39059,2021-10-25 06,주간,월,1,1,0,0,0,경기,안양시,차량단독,공작물충돌,공작물충돌,안전운전 의무 불이행,단일로,기타단일로
39060,2021-05-04 00,야간,화,1,1,0,0,0,경기,수원시,차대사람,기타,기타,기타,단일로,기타단일로
39061,2021-06-04 07,주간,금,1,1,0,0,0,울산,남구,차대차,추돌,추돌,안전운전 의무 불이행,단일로,기타단일로
39062,2021-07-14 10,주간,수,1,1,0,0,0,경남,진주시,차대사람,기타,기타,안전운전 의무 불이행,단일로,기타단일로
39063,2021-06-04 07,주간,금,1,1,0,0,0,경기,고양시,차량단독,공작물충돌,공작물충돌,안전운전 의무 불이행,단일로,기타단일로
39064,2021-06-04 23,야간,금,1,1,0,0,0,경기,고양시,차대사람,기타,기타,안전운전 의무 불이행,단일로,기타단일로
39065,2021-08-16 16,주간,월,1,1,0,0,0,충북,충주시,차대사람,기타,기타,안전운전 의무 불이행,단일로,기타단일로
39066,2021-08-02 12,주간,월,1,1,0,0,0,대구,달성군,차량단독,기타,기타,안전운전 의무 불이행,기타,기타
39067,2021-09-21 05,야간,화,1,1,0,0,0,경북,안동시,차대차,측면충돌,측면충돌,신호위반,교차로,교차로내
39068,2021-05-23 00,야간,일,1,1,0,0,0,경북,경산시,차대사람,횡단중,횡단중,기타,단일로,기타단일로
39069,2021-07-31 21,야간,토,1,1,0,0,0,경기,이천시,차량단독,기타,기타,안전운전 의무 불이행,교차로,교차로내
39070,2021-10-28 05,야간,목,1,1,0,0,0,인천,동구,차대차,추돌,추돌,안전운전 의무 불이행,단일로,터널안
39071,2021-07-31 13,주간,토,1,4,2,1,0,서울,마포구,차대차,측면충돌,측면충돌,안전운전 의무 불이행,기타,기타
39072,2021-06-12 14,주간,토,1,1,0,0,0,대전,서구,차대차,기타,기타,교차로 통행방법 위반,교차로,교차로내
39073,2021-11-18 19,야간,목,1,1,0,0,0,서울,금천구,차대차,후진중충돌,후진중충돌,안전운전 의무 불이행,단일로,기타단일로
39074,2021-06-06 08,주간,일,1,1,0,0,0,경기,고양시,차량단독,공작물충돌,공작물충돌,안전운전 의무 불이행,단일로,기타단일로
39075,2021-11-21 12,주간,일,1,1,0,0,0,경남,김해시,차대차,측면충돌,측면충돌,중앙선 침범,단일로,기타단일로
39076,2021-07-09 18,야간,금,1,1,0,0,0,경기,수원시,차대사람,기타,기타,안전운전 의무 불이행,교차로,교차로부근
39077,2021-07-27 00,야간,화,1,1,0,0,0,강원,춘천시,차대차,기타,기타,안전운전 의무 불이행,교차로,교차로내
39078,2021-05-13 04,야간,목,1,1,0,0,0,경기,파주시,차량단독,공작물충돌,공작물충돌,안전운전 의무 불이행,단일로,기타단일로
39079,2021-05-24 08,주간,월,1,1,0,0,0,경기,김포시,차대사람,차도통행중,차도통행중,안전운전 의무 불이행,교차로,교차로내
39080,2021-04-22 00,야간,목,1,2,1,0,0,경기,용인시,차대차,정면충돌,정면충돌,교차로 통행방법 위반,교차로,교차로내
39081,2021-09-23 14,주간,목,1,1,0,0,0,경북,안동시,차대차,추돌,추돌,안전운전 의무 불이행,단일로,교량위
39082,2021-09-04 00,야간,토,1,1,0,0,0,부산,사하구,차대차,측면충돌,측면충돌,교차로 통행방법 위반,교차로,교차로내
39083,2021-11-25 02,야간,목,1,2,1,0,0,부산,북구,차량단독,공작물충돌,공작물충돌,안전운전 의무 불이행,단일로,지하차도(도로)내
39084,2021-06-18 04,야간,금,5,7,2,0,0,전남,순천시,차대차,정면충돌,정면충돌,중앙선 침범,교차로,교차로부근
39085,2021-09-07 19,야간,화,1,1,0,0,0,충남,당진시,차량단독,도로이탈,도로이탈 추락,안전운전 의무 불이행,단일로,기타단일로
39086,2021-09-18 20,야간,토,1,1,0,0,0,서울,강동구,차대차,추돌,추돌,신호위반,교차로,교차로내
39087,2021-12-08 10,주간,수,1,1,0,0,0,경북,김천시,차대차,정면충돌,정면충돌,교차로 통행방법 위반,교차로,교차로내
39088,2021-11-01 08,주간,월,1,1,0,0,0,부산,강서구,차량단독,기타,기타,안전운전 의무 불이행,교차로,교차로부근
39089,2021-12-24 13,주간,금,1,1,0,0,0,전남,광양시,차대사람,차도통행중,차도통행중,안전운전 의무 불이행,교차로,교차로내
39090,2021-10-04 12,주간,월,1,1,0,0,0,충남,서산시,차대차,정면충돌,정면충돌,교차로 통행방법 위반,교차로,교차로내
39091,2021-08-05 05,야간,목,1,2,0,1,0,서울,마포구,차대차,정면충돌,정면충돌,신호위반,교차로,교차로내
39092,2021-09-03 13,주간,금,1,1,0,0,0,경기,화성시,차대사람,기타,기타,안전운전 의무 불이행,단일로,기타단일로
39093,2021-12-13 22,야간,월,1,1,0,0,0,경남,김해시,차대사람,횡단중,횡단중,안전운전 의무 불이행,단일로,교량위
39094,2021-10-14 17,주간,목,1,1,0,0,0,경남,창원시(통합),차량단독,전도,전도,안전운전 의무 불이행,단일로,기타단일로
39095,2021-12-12 10,주간,일,2,2,0,0,0,경북,김천시,차량단독,공작물충돌,공작물충돌,안전운전 의무 불이행,교차로,교차로부근
39096,2021-12-10 22,야간,금,1,1,0,0,0,울산,중구,차대사람,차도통행중,차도통행중,안전운전 의무 불이행,단일로,기타단일로
39097,2021-07-26 11,주간,월,1,1,0,0,0,부산,해운대구,차량단독,공작물충돌,공작물충돌,안전운전 의무 불이행,단일로,기타단일로
39098,2021-09-27 18,야간,월,1,1,0,0,0,경북,안동시,차량단독,전도,전도,안전운전 의무 불이행,교차로,교차로내
39099,2021-06-23 04,야간,수,1,2,0,1,0,충북,청주시,차대차,기타,기타,기타,교차로,교차로횡단보도내
39100,2021-10-14 12,주간,목,1,1,0,0,0,경기,군포시,차대차,기타,기타,안전운전 의무 불이행,단일로,기타단일로
39101,2021-12-13 06,주간,월,1,1,0,0,0,울산,중구,차대사람,기타,기타,기타,단일로,기타단일로
39102,2021-10-19 20,야간,화,1,1,0,0,0,경기,부천시,차대차,정면충돌,정면충돌,중앙선 침범,단일로,기타단일로
39103,2021-09-06 13,주간,월,1,1,0,0,0,경기,안성시,차대사람,기타,기타,안전운전 의무 불이행,단일로,기타단일로
39104,2021-09-28 14,주간,화,1,1,0,0,0,부산,사상구,차대사람,기타,기타,안전운전 의무 불이행,교차로,교차로부근
39105,2021-08-27 05,야간,금,1,1,0,0,0,경기,광명시,차대사람,횡단중,횡단중,기타,교차로,교차로횡단보도내
39106,2021-05-30 18,야간,일,1,6,2,3,0,제주,제주시,차대차,측면충돌,측면충돌,신호위반,교차로,교차로내
39107,2021-06-07 08,주간,월,1,1,0,0,0,전남,신안군,차대사람,횡단중,횡단중,안전운전 의무 불이행,교차로,교차로부근
39108,2021-05-22 03,야간,토,1,4,2,1,0,경기,의정부시,차량단독,기타,기타,기타,교차로,교차로내
39109,2021-09-13 06,주간,월,1,1,0,0,0,충남,당진시,차대사람,기타,기타,안전운전 의무 불이행,기타,기타
39110,2021-09-13 21,야간,월,1,1,0,0,0,충남,당진시,차량단독,공작물충돌,공작물충돌,안전운전 의무 불이행,단일로,기타단일로
39111,2021-12-01 08,주간,수,1,1,0,0,0,서울,금천구,차대차,측면충돌,측면충돌,안전운전 의무 불이행,교차로,교차로부근
39112,2021-10-13 00,야간,수,1,1,0,0,0,경남,거제시,차량단독,공작물충돌,공작물충돌,안전운전 의무 불이행,기타,기타
39113,2021-06-24 14,주간,목,1,1,0,0,0,경북,경주시,차대차,기타,기타,안전운전 의무 불이행,단일로,기타단일로
39114,2021-07-23 08,주간,금,1,1,0,0,0,경남,진주시,차대차,정면충돌,정면충돌,중앙선 침범,단일로,기타단일로
39115,2021-10-04 01,야간,월,2,7,2,3,0,인천,중구,차대차,추돌,추돌,기타,단일로,기타단일로
39116,2021-12-03 16,주간,금,1,1,0,0,0,경기,고양시,차량단독,공작물충돌,공작물충돌,안전운전 의무 불이행,단일로,기타단일로
39117,2021-05-17 23,야간,월,1,1,0,0,0,경기,안산시,차량단독,공작물충돌,공작물충돌,안전운전 의무 불이행,교차로,교차로내
39118,2021-03-31 00,야간,수,1,4,1,0,2,경기,평택시,차대차,측면충돌,측면충돌,교차로 통행방법 위반,교차로,교차로내
39119,2021-10-02 11,주간,토,1,1,0,0,0,서울,서대문구,차대차,측면충돌,측면충돌,안전거리 미확보,교차로,교차로부근
39120,2021-10-20 06,주간,수,1,1,0,0,0,경기,군포시,차대차,기타,기타,안전운전 의무 불이행,교차로,교차로부근
39121,2021-10-17 07,주간,일,1,2,1,0,0,경남,거제시,차대차,기타,기타,안전운전 의무 불이행,단일로,기타단일로
39122,2021-08-11 17,주간,수,1,1,0,0,0,서울,마포구,차대사람,차도통행중,차도통행중,교차로 통행방법 위반,교차로,교차로내
39123,2021-11-29 05,야간,월,1,1,0,0,0,경남,창원시(통합),차대사람,횡단중,횡단중,신호위반,교차로,교차로횡단보도내
39124,2021-08-29 20,야간,일,1,1,0,0,0,충북,충주시,차대차,측면충돌,측면충돌,신호위반,교차로,교차로내
39125,2021-11-17 02,야간,수,1,1,0,0,0,인천,남동구,차량단독,공작물충돌,공작물충돌,안전운전 의무 불이행,단일로,교량위
39126,2021-09-11 03,야간,토,1,1,0,0,0,경기,안성시,차량단독,전복,전복,안전운전 의무 불이행,단일로,기타단일로
39127,2021-09-10 02,야간,금,1,1,0,0,0,경기,성남시,차대사람,기타,기타,안전운전 의무 불이행,단일로,기타단일로
39128,2021-12-28 16,주간,화,1,1,0,0,0,울산,울주군,차대사람,횡단중,횡단중,안전운전 의무 불이행,단일로,기타단일로
39129,2021-10-03 14,주간,일,1,1,0,0,0,경기,포천시,차대사람,차도통행중,차도통행중,중앙선 침범,단일로,기타단일로
39130,2021-11-01 18,야간,월,1,1,0,0,0,광주,남구,차대사람,횡단중,횡단중,보행자 보호의무 위반,교차로,교차로횡단보도내
39131,2021-10-16 18,야간,토,1,1,0,0,0,충남,서산시,차대사람,횡단중,횡단중,안전운전 의무 불이행,단일로,기타단일로
39132,2021-06-01 02,야간,화,1,2,1,0,0,경북,경산시,차량단독,공작물충돌,공작물충돌,안전운전 의무 불이행,단일로,지하차도(도로)내
39133,2021-08-15 16,주간,일,1,1,0,0,0,경기,이천시,차대사람,기타,기타,안전운전 의무 불이행,교차로,교차로부근
39134,2021-06-28 14,주간,월,1,1,0,0,0,충북,청주시,차대차,기타,기타,안전운전 의무 불이행,단일로,기타단일로
39135,2021-10-05 19,야간,화,1,1,0,0,0,서울,강동구,차대사람,횡단중,횡단중,신호위반,교차로,교차로내
39136,2021-12-24 03,야간,금,1,1,0,0,0,울산,중구,차대사람,횡단중,횡단중,안전운전 의무 불이행,단일로,기타단일로
39137,2021-10-17 21,야간,일,1,3,1,1,0,충남,서산시,차대차,정면충돌,정면충돌,중앙선 침범,단일로,기타단일로
39138,2021-07-15 18,야간,목,1,1,0,0,0,서울,동대문구,차대사람,횡단중,횡단중,보행자 보호의무 위반,교차로,교차로횡단보도내
39139,2021-06-30 01,야간,수,1,1,0,0,0,부산,남구,차대사람,기타,기타,안전운전 의무 불이행,교차로,교차로횡단보도내
39140,2021-06-20 14,주간,일,1,2,0,1,0,경기,화성시,차대차,정면충돌,정면충돌,중앙선 침범,단일로,기타단일로
39141,2021-07-28 15,주간,수,1,1,0,0,0,경남,진주시,차대사람,횡단중,횡단중,안전운전 의무 불이행,교차로,교차로내
39142,2021-11-03 13,주간,수,1,1,0,0,0,경기,부천시,차대사람,횡단중,횡단중,안전운전 의무 불이행,교차로,교차로횡단보도내
39143,2021-12-30 21,야간,목,1,1,0,0,0,부산,금정구,차대차,기타,기타,안전운전 의무 불이행,단일로,기타단일로
39144,2021-12-15 10,주간,수,1,1,0,0,0,부산,북구,차대차,기타,기타,신호위반,교차로,교차로부근
39145,2021-06-28 12,주간,월,1,1,0,0,0,충북,청주시,차량단독,공작물충돌,공작물충돌,안전운전 의무 불이행,단일로,지하차도(도로)내
39146,2021-11-23 09,주간,화,1,2,1,0,0,인천,남구,차대차,추돌,추돌,안전운전 의무 불이행,단일로,기타단일로
39147,2021-05-21 13,주간,금,1,1,0,0,0,경기,파주시,차대차,측면충돌,측면충돌,안전운전 의무 불이행,교차로,교차로내
39148,2021-07-14 22,야간,수,1,1,0,0,0,전북,전주시,차대사람,횡단중,횡단중,기타,교차로,교차로횡단보도내
39149,2021-09-04 11,주간,토,1,1,0,0,0,충북,충주시,차대차,측면충돌,측면충돌,신호위반,교차로,교차로내
39150,2021-06-12 20,야간,토,1,1,0,0,0,경남,양산시,차량단독,공작물충돌,공작물충돌,안전운전 의무 불이행,기타,기타
39151,2021-06-10 17,주간,목,1,1,0,0,0,부산,부산진구,차대사람,기타,기타,안전운전 의무 불이행,교차로,교차로내
39152,2021-11-12 22,야간,금,1,1,0,0,0,서울,성동구,차대사람,기타,기타,안전운전 의무 불이행,단일로,기타단일로
39153,2021-11-28 14,주간,일,1,1,0,0,0,충북,제천시,차량단독,공작물충돌,공작물충돌,안전운전 의무 불이행,기타,기타
39154,2021-10-09 02,야간,토,1,1,0,0,0,부산,사상구,차대사람,기타,기타,안전운전 의무 불이행,단일로,기타단일로
39155,2021-11-08 23,야간,월,1,1,0,0,0,경기,부천시,차대사람,기타,기타,안전운전 의무 불이행,단일로,기타단일로
39156,2021-05-14 20,야간,금,1,1,0,0,0,경기,수원시,차대차,추돌,추돌,안전운전 의무 불이행,단일로,기타단일로
39157,2021-05-01 23,야간,토,1,1,0,0,0,경기,시흥시,차대차,추돌,추돌,안전운전 의무 불이행,단일로,기타단일로
39158,2021-08-16 05,야간,월,1,1,0,0,0,인천,부평구,차대사람,횡단중,횡단중,안전운전 의무 불이행,기타,기타
39159,2021-09-29 09,주간,수,1,1,0,0,0,충남,당진시,차대사람,횡단중,횡단중,보행자 보호의무 위반,교차로,교차로내
39160,2021-06-01 00,야간,화,1,1,0,0,0,경기,의정부시,차대사람,차도통행중,차도통행중,기타,단일로,기타단일로
39161,2021-06-05 08,주간,토,1,1,0,0,0,경북,경산시,차대차,추돌,추돌,안전운전 의무 불이행,단일로,기타단일로
39162,2021-06-10 06,주간,목,1,1,0,0,0,전북,전주시,차대차,추돌,추돌,안전운전 의무 불이행,단일로,기타단일로
39163,2021-11-19 07,주간,금,1,1,0,0,0,서울,성동구,차량단독,기타,기타,안전운전 의무 불이행,교차로,교차로내
39164,2021-10-15 05,야간,금,1,4,0,3,0,서울,송파구,차대차,추돌,추돌,안전운전 의무 불이행,교차로,교차로부근
39165,2021-12-29 12,주간,수,1,1,0,0,0,부산,북구,차대차,측면충돌,측면충돌,신호위반,교차로,교차로내
39166,2021-06-25 21,야간,금,1,1,0,0,0,전북,군산시,차량단독,도로이탈,도로이탈 추락,기타,단일로,기타단일로
39167,2021-06-22 09,주간,화,1,1,0,0,0,경기,고양시,차대사람,횡단중,횡단중,보행자 보호의무 위반,교차로,교차로내
39168,2021-08-13 04,야간,금,1,2,1,0,0,강원,춘천시,차대차,추돌,추돌,안전거리 미확보,교차로,교차로부근
39169,2021-05-03 12,주간,월,1,2,0,1,0,경기,용인시,차대차,추돌,추돌,안전운전 의무 불이행,단일로,기타단일로
39170,2021-08-04 22,야간,수,1,1,0,0,0,인천,연수구,차대차,측면충돌,측면충돌,기타,단일로,지하차도(도로)내
39171,2021-10-31 00,야간,일,1,1,0,0,0,경남,거제시,차대사람,횡단중,횡단중,보행자 보호의무 위반,교차로,교차로횡단보도내
39172,2021-12-27 18,야간,월,1,1,0,0,0,경남,김해시,차대차,측면충돌,측면충돌,교차로 통행방법 위반,교차로,교차로내
39173,2021-06-24 08,주간,목,1,1,0,0,0,경기,고양시,차대사람,차도통행중,차도통행중,신호위반,교차로,교차로내
39174,2021-11-16 06,주간,화,1,1,0,0,0,서울,광진구,차대사람,기타,기타,안전운전 의무 불이행,단일로,기타단일로
39175,2021-07-20 04,야간,화,4,5,1,0,0,전북,전주시,차대차,측면충돌,측면충돌,중앙선 침범,교차로,교차로내
39176,2021-07-14 14,주간,수,1,1,0,0,0,경북,포항시,차대차,측면충돌,측면충돌,신호위반,교차로,교차로내
39177,2021-09-14 23,야간,화,1,2,0,1,0,경기,광명시,차대차,측면충돌,측면충돌,신호위반,교차로,교차로내
39178,2021-09-15 01,야간,수,1,1,0,0,0,경기,광명시,차량단독,공작물충돌,공작물충돌,안전운전 의무 불이행,기타,기타
39179,2021-05-19 13,주간,수,1,1,0,0,0,경북,구미시,차대차,추돌,추돌,안전운전 의무 불이행,교차로,교차로내
39180,2021-11-03 07,주간,수,1,1,0,0,0,경남,거제시,차대사람,차도통행중,차도통행중,안전운전 의무 불이행,단일로,기타단일로
39181,2021-10-23 02,야간,토,1,1,0,0,0,서울,서대문구,차대사람,횡단중,횡단중,기타,단일로,기타단일로
39182,2021-12-10 12,주간,금,1,4,0,3,0,충북,제천시,차대차,정면충돌,정면충돌,기타,교차로,교차로내
39183,2021-12-04 15,주간,토,1,1,0,0,0,경남,창원시(통합),차대사람,횡단중,횡단중,보행자 보호의무 위반,교차로,교차로횡단보도내
39184,2021-12-08 08,주간,수,1,1,0,0,0,인천,부평구,차대사람,횡단중,횡단중,보행자 보호의무 위반,교차로,교차로내
39185,2021-07-29 14,주간,목,1,1,0,0,0,서울,강서구,차대사람,기타,기타,기타,단일로,기타단일로
39186,2021-10-23 06,주간,토,1,2,0,1,0,서울,송파구,차대차,정면충돌,정면충돌,신호위반,교차로,교차로내
39187,2021-09-14 09,주간,화,1,1,0,0,0,충북,충주시,차량단독,전복,전복,안전운전 의무 불이행,기타,기타
39188,2021-10-26 05,야간,화,1,2,0,1,0,경북,안동시,차대사람,기타,기타,중앙선 침범,단일로,기타단일로
39189,2021-10-26 13,주간,화,1,1,0,0,0,경북,안동시,차대차,기타,기타,안전운전 의무 불이행,단일로,기타단일로
39190,2021-10-29 14,주간,금,1,1,0,0,0,인천,동구,차대사람,횡단중,횡단중,기타,단일로,기타단일로
39191,2021-05-29 03,야간,토,1,2,1,0,0,경기,파주시,차량단독,공작물충돌,공작물충돌,안전운전 의무 불이행,단일로,기타단일로
39192,2021-08-30 14,주간,월,1,1,0,0,0,경기,이천시,차량단독,공작물충돌,공작물충돌,안전운전 의무 불이행,단일로,기타단일로
39193,2021-11-06 23,야간,토,1,1,0,0,0,경남,거제시,차대사람,차도통행중,차도통행중,안전운전 의무 불이행,단일로,기타단일로
39194,2021-08-04 23,야간,수,1,1,0,0,0,전북,익산시,차량단독,도로이탈,도로이탈 추락,안전운전 의무 불이행,단일로,기타단일로
39195,2021-05-07 17,주간,금,1,1,0,0,0,경기,시흥시,차량단독,공작물충돌,공작물충돌,안전운전 의무 불이행,기타,기타
39196,2021-11-16 20,야간,화,1,1,0,0,0,경남,창원시(통합),차대사람,기타,기타,안전운전 의무 불이행,교차로,교차로부근
39197,2021-07-08 21,야간,목,1,5,2,2,0,충북,청주시,차대차,추돌,추돌,기타,단일로,기타단일로