교통사고이력ID(사고기록 순서),발생년월일시,주야코드,요일코드,사망자수,부상자수,중상자수,경상자수,부상신고자수,발생지시도코드,발생지시도코드,사고유형대분류코드,사고유형중분류코드,사고유형코드,법규위반코드,도로형태대분류코드,도로로형태코드
39198,2021-11-01 08,주간,월,1,2,1,0,0,부산,금정구,차대차,기타,기타,기타,단일로,기타단일로
39199,2021-11-25 13,주간,목,1,1,0,0,0,광주,남구,차대사람,기타,기타,안전운전 의무 불이행,교차로,교차로내
39200,2021-09-11 19,야간,토,1,1,0,0,0,경기,양주시,차량단독,공작물충돌,공작물충돌,안전운전 의무 불이행,단일로,교량위
39201,2021-10-27 23,야간,수,1,1,0,0,0,서울,강동구,차대사람,횡단중,횡단중,기타,단일로,기타단일로
39202,2021-07-13 12,주간,화,1,1,0,0,0,부산,남구,차대차,기타,기타,신호위반,교차로,교차로내
39203,2021-07-17 21,야간,토,1,1,0,0,0,대전,동구,차대사람,길가장자리구역통행중,길가장자리구역통행중,보행자 보호의무 위반,교차로,교차로내
39204,2021-09-10 22,야간,금,1,1,0,0,0,경남,김해시,차대차,기타,기타,안전운전 의무 불이행,교차로,교차로내
39205,2021-08-11 22,야간,수,1,1,0,0,0,인천,연수구,차대사람,횡단중,횡단중,기타,교차로,교차로횡단보도내
39206,2021-09-20 10,주간,월,1,1,0,0,0,경기,광명시,차대사람,보도통행중,보도통행중,기타,단일로,기타단일로
39207,2021-08-31 10,주간,화,1,1,0,0,0,경기,하남시,차대차,측면충돌,측면충돌,신호위반,교차로,교차로내
39208,2021-08-10 23,야간,화,1,1,0,0,0,경기,고양시,차대차,정면충돌,정면충돌,신호위반,교차로,교차로내
39209,2021-08-13 23,야간,금,1,1,0,0,0,서울,강남구,차량단독,공작물충돌,공작물충돌,안전운전 의무 불이행,단일로,기타단일로
39210,2021-10-10 09,주간,일,1,1,0,0,0,충남,당진시,차량단독,전복,전복,안전운전 의무 불이행,단일로,기타단일로
39211,2021-11-26 17,주간,금,1,1,0,0,0,경기,부천시,차대사람,횡단중,횡단중,보행자 보호의무 위반,교차로,교차로횡단보도내
39212,2021-12-02 05,야간,목,1,1,0,0,0,서울,성동구,차량단독,공작물충돌,공작물충돌,안전운전 의무 불이행,단일로,기타단일로
39213,2021-08-12 15,주간,목,1,1,0,0,0,인천,남동구,차대차,측면충돌,측면충돌,교차로 통행방법 위반,단일로,기타단일로
39214,2021-08-12 08,주간,목,1,1,0,0,0,경남,진주시,차대사람,차도통행중,차도통행중,중앙선 침범,단일로,기타단일로
39215,2021-06-30 11,주간,수,1,1,0,0,0,경기,화성시,차대차,기타,기타,안전운전 의무 불이행,교차로,교차로내
39216,2021-12-03 03,야간,금,1,1,0,0,0,서울,성동구,차대차,정면충돌,정면충돌,기타,단일로,기타단일로
39217,2021-05-08 20,야간,토,1,2,0,1,0,경기,용인시,차대차,추돌,추돌,기타,단일로,기타단일로
39218,2021-09-10 01,야간,금,1,1,0,0,0,서울,구로구,차량단독,공작물충돌,공작물충돌,안전운전 의무 불이행,단일로,기타단일로
39219,2021-09-19 00,야간,일,1,1,0,0,0,충북,충주시,차대사람,기타,기타,안전운전 의무 불이행,단일로,기타단일로
39220,2021-11-15 04,야간,월,1,1,0,0,0,서울,용산구,차량단독,공작물충돌,공작물충돌,안전운전 의무 불이행,단일로,교량위
39221,2021-11-30 23,야간,화,1,1,0,0,0,인천,남동구,차대차,측면충돌,측면충돌,안전운전 의무 불이행,단일로,기타단일로
39222,2021-07-30 06,주간,금,1,1,0,0,0,대구,북구,차대사람,횡단중,횡단중,안전운전 의무 불이행,교차로,교차로부근
39223,2021-11-12 19,야간,금,1,1,0,0,0,경남,거제시,차대차,기타,기타,안전운전 의무 불이행,교차로,교차로내
39224,2021-07-01 07,주간,목,1,1,0,0,0,경기,화성시,차대차,기타,기타,신호위반,교차로,교차로내
39225,2021-12-22 21,야간,수,1,1,0,0,0,경기,구리시,차대차,기타,기타,안전운전 의무 불이행,단일로,기타단일로
39226,2021-07-13 07,주간,화,1,3,0,2,0,경북,경주시,차대차,추돌,추돌,안전운전 의무 불이행,교차로,교차로부근
39227,2021-11-01 19,야간,월,1,1,0,0,0,경기,포천시,차대사람,기타,기타,안전운전 의무 불이행,단일로,기타단일로
39228,2021-09-20 17,주간,월,1,1,0,0,0,충북,충주시,차대사람,기타,기타,안전운전 의무 불이행,교차로,교차로횡단보도내
39229,2021-08-07 08,주간,토,2,7,2,3,0,서울,관악구,차대차,측면충돌,측면충돌,기타,단일로,기타단일로
39230,2021-06-22 11,주간,화,1,1,0,0,0,부산,부산진구,차대사람,차도통행중,차도통행중,안전운전 의무 불이행,교차로,교차로부근
39231,2021-10-29 19,야간,금,1,1,0,0,0,부산,사상구,차대차,기타,기타,안전운전 의무 불이행,단일로,기타단일로
39232,2021-12-02 00,야간,목,1,1,0,0,0,경기,부천시,차대차,기타,기타,안전운전 의무 불이행,단일로,기타단일로
39233,2021-07-31 14,주간,토,1,1,0,0,0,대구,북구,차대사람,기타,기타,보행자 보호의무 위반,단일로,기타단일로
39234,2021-08-05 12,주간,목,1,1,0,0,0,서울,동대문구,차대사람,횡단중,횡단중,보행자 보호의무 위반,교차로,교차로횡단보도내
39235,2021-07-04 00,야간,일,1,2,1,0,0,대전,중구,차대사람,횡단중,횡단중,기타,교차로,교차로내
39236,2021-10-14 18,야간,목,1,2,1,0,0,충남,당진시,차대차,추돌,추돌,기타,단일로,기타단일로
39237,2021-07-03 03,야간,토,1,1,0,0,0,울산,남구,차대차,추돌,추돌,안전운전 의무 불이행,단일로,기타단일로
39238,2021-12-20 12,주간,월,1,1,0,0,0,부산,강서구,차대차,추돌,추돌,안전운전 의무 불이행,단일로,기타단일로
39239,2021-07-23 14,주간,금,1,1,0,0,0,경북,포항시,차대사람,기타,기타,교차로 통행방법 위반,단일로,기타단일로
39240,2021-08-14 15,주간,토,1,1,0,0,0,서울,양천구,차대차,측면충돌,측면충돌,안전운전 의무 불이행,교차로,교차로부근
39241,2021-08-27 19,야간,금,1,2,0,1,0,강원,춘천시,차대차,측면충돌,측면충돌,신호위반,교차로,교차로내
39242,2021-08-07 11,주간,토,1,1,0,0,0,서울,동대문구,차대사람,차도통행중,차도통행중,안전운전 의무 불이행,단일로,기타단일로
39243,2021-12-18 07,주간,토,1,1,0,0,0,인천,계양구,차대차,측면충돌,측면충돌,안전거리 미확보,단일로,기타단일로
39244,2021-05-11 09,주간,화,1,2,1,0,0,인천,서구,차대사람,횡단중,횡단중,보행자 보호의무 위반,교차로,교차로내
39245,2021-11-08 07,주간,월,1,1,0,0,0,서울,강동구,차대사람,차도통행중,차도통행중,안전운전 의무 불이행,교차로,교차로횡단보도내
39246,2021-10-07 05,야간,목,1,2,0,1,0,경기,성남시,차대차,추돌,추돌,안전운전 의무 불이행,교차로,교차로부근
39247,2021-09-28 22,야간,화,1,1,0,0,0,경기,안성시,차대사람,기타,기타,기타,단일로,기타단일로
39248,2021-08-06 14,주간,금,1,1,0,0,0,경북,포항시,차대차,측면충돌,측면충돌,신호위반,교차로,교차로내
39249,2021-08-01 21,야간,일,1,1,0,0,0,제주,서귀포시,차대사람,기타,기타,안전운전 의무 불이행,교차로,교차로부근
39250,2021-05-27 09,주간,목,1,1,0,0,0,광주,광산구,차대사람,횡단중,횡단중,보행자 보호의무 위반,교차로,교차로부근
39251,2021-07-23 20,야간,금,1,1,0,0,0,대전,동구,차대사람,기타,기타,안전운전 의무 불이행,단일로,기타단일로
39252,2021-11-05 23,야간,금,1,1,0,0,0,경기,포천시,차대사람,횡단중,횡단중,기타,교차로,교차로횡단보도내
39253,2021-08-14 02,야간,토,1,1,0,0,0,경기,수원시,차량단독,기타,기타,안전운전 의무 불이행,단일로,기타단일로
39254,2021-10-19 11,주간,화,1,1,0,0,0,충남,당진시,차대차,추돌,추돌,안전거리 미확보,단일로,기타단일로
39255,2021-10-19 18,야간,화,1,1,0,0,0,충남,당진시,차대사람,차도통행중,차도통행중,안전운전 의무 불이행,단일로,기타단일로
39256,2021-07-18 08,주간,일,1,2,1,0,0,경북,경주시,차량단독,전도,전도,안전운전 의무 불이행,단일로,기타단일로
39257,2021-05-27 19,야간,목,1,1,0,0,0,경북,구미시,차량단독,공작물충돌,공작물충돌,안전운전 의무 불이행,교차로,교차로부근
39258,2021-08-26 11,주간,목,1,1,0,0,0,서울,강남구,차대차,추돌,추돌,안전운전 의무 불이행,교차로,교차로내
39259,2021-11-12 14,주간,금,1,1,0,0,0,서울,강동구,차대사람,횡단중,횡단중,보행자 보호의무 위반,교차로,교차로횡단보도내
39260,2021-09-13 17,주간,월,1,2,0,1,0,서울,마포구,차대차,측면충돌,측면충돌,기타,교차로,교차로내
39261,2021-08-09 20,야간,월,1,3,0,2,0,서울,강서구,차대차,측면충돌,측면충돌,신호위반,교차로,교차로내
39262,2021-10-01 20,야간,금,1,1,0,0,0,경기,안성시,차대사람,길가장자리구역통행중,길가장자리구역통행중,안전운전 의무 불이행,단일로,기타단일로
39263,2021-07-29 10,주간,목,1,1,0,0,0,경북,포항시,차대차,측면충돌,측면충돌,안전운전 의무 불이행,단일로,기타단일로
39264,2021-10-06 15,주간,수,1,1,0,0,0,경기,남양주시,차대사람,횡단중,횡단중,안전운전 의무 불이행,단일로,기타단일로
39265,2021-08-18 05,야간,수,1,1,0,0,0,전북,익산시,차대사람,횡단중,횡단중,안전운전 의무 불이행,단일로,기타단일로
39266,2021-07-09 22,야간,금,1,1,0,0,0,대전,중구,차대차,측면충돌,측면충돌,신호위반,교차로,교차로내
39267,2021-08-21 11,주간,토,1,2,0,1,0,경남,진주시,차량단독,전복,전복,기타,단일로,기타단일로
39268,2021-12-05 03,야간,일,1,1,0,0,0,경기,군포시,차량단독,공작물충돌,공작물충돌,안전운전 의무 불이행,단일로,기타단일로
39269,2021-08-18 12,주간,수,1,3,0,2,0,전북,익산시,차대차,측면충돌,측면충돌,기타,단일로,기타단일로
39270,2021-06-12 09,주간,토,1,1,0,0,0,충남,아산시,차량단독,전도,전도,안전운전 의무 불이행,단일로,기타단일로
39271,2021-09-13 03,야간,월,1,2,1,0,0,대구,달성군,차대차,추돌,추돌,안전운전 의무 불이행,단일로,기타단일로
39272,2021-08-13 05,야간,금,1,1,0,0,0,서울,강서구,차대차,기타,기타,안전운전 의무 불이행,교차로,교차로부근
39273,2021-07-06 13,주간,화,2,2,0,0,0,전남,신안군,차량단독,기타,기타,안전운전 의무 불이행,단일로,기타단일로
39274,2021-08-18 00,야간,수,1,1,0,0,0,강원,강릉시,차대차,추돌,추돌,안전운전 의무 불이행,단일로,기타단일로
39275,2021-10-14 06,주간,목,1,1,0,0,0,경기,성남시,차대사람,횡단중,횡단중,안전운전 의무 불이행,교차로,교차로내
39276,2021-08-13 11,주간,금,1,1,0,0,0,서울,동대문구,차량단독,공작물충돌,공작물충돌,안전운전 의무 불이행,단일로,기타단일로
39277,2021-08-23 21,야간,월,1,4,0,3,0,서울,양천구,차대차,기타,기타,기타,단일로,기타단일로
39278,2021-09-25 08,주간,토,1,1,0,0,0,경기,오산시,차대차,측면충돌,측면충돌,안전운전 의무 불이행,교차로,교차로내
39279,2021-11-24 15,주간,수,1,2,1,0,0,충남,서산시,차대차,정면충돌,정면충돌,중앙선 침범,단일로,기타단일로
39280,2021-07-29 21,야간,목,1,1,0,0,0,대전,동구,차대사람,횡단중,횡단중,안전운전 의무 불이행,단일로,기타단일로
39281,2021-08-21 05,야간,토,1,1,0,0,0,전북,익산시,차대차,추돌,추돌,안전운전 의무 불이행,단일로,기타단일로
39282,2021-10-25 23,야간,월,1,1,0,0,0,충남,당진시,차대사람,횡단중,횡단중,신호위반,교차로,교차로횡단보도내
39283,2021-12-03 18,야간,금,1,1,0,0,0,서울,용산구,차대사람,횡단중,횡단중,기타,단일로,기타단일로
39284,2021-11-19 06,주간,금,1,1,0,0,0,경북,안동시,차대차,기타,기타,안전운전 의무 불이행,단일로,기타단일로
39285,2021-10-08 22,야간,금,1,1,0,0,0,경기,안성시,차대차,정면충돌,정면충돌,안전운전 의무 불이행,교차로,교차로내
39286,2021-07-06 23,야간,화,1,1,0,0,0,서울,강남구,차대사람,기타,기타,안전운전 의무 불이행,단일로,기타단일로
39287,2021-08-14 03,야간,토,1,1,0,0,0,경북,포항시,차대사람,횡단중,횡단중,안전운전 의무 불이행,단일로,지하차도(도로)내
39288,2021-12-15 06,주간,수,1,1,0,0,0,서울,강북구,차대사람,기타,기타,안전운전 의무 불이행,단일로,기타단일로
39289,2021-11-25 06,주간,목,1,1,0,0,0,인천,중구,차대차,측면충돌,측면충돌,안전운전 의무 불이행,교차로,교차로부근
39290,2021-06-10 06,주간,목,1,1,0,0,0,대전,유성구,차량단독,공작물충돌,공작물충돌,기타,단일로,기타단일로
39291,2021-09-03 05,야간,금,1,3,1,1,0,서울,서초구,차대차,정면충돌,정면충돌,중앙선 침범,단일로,기타단일로
39292,2021-08-20 21,야간,금,1,1,0,0,0,강원,강릉시,차대사람,횡단중,횡단중,안전운전 의무 불이행,단일로,기타단일로
39293,2021-08-24 13,주간,화,1,1,0,0,0,경남,진주시,차대차,기타,기타,안전운전 의무 불이행,교차로,교차로내
39294,2021-07-21 05,야간,수,1,1,0,0,0,충북,청주시,차대사람,횡단중,횡단중,안전운전 의무 불이행,교차로,교차로횡단보도내
39295,2021-08-21 09,주간,토,1,1,0,0,0,강원,강릉시,차대사람,횡단중,횡단중,보행자 보호의무 위반,기타,기타
39296,2021-08-18 04,야간,수,1,1,0,0,0,서울,강서구,차대사람,횡단중,횡단중,안전운전 의무 불이행,단일로,기타단일로
39297,2021-12-15 05,야간,수,1,1,0,0,0,경남,창원시(통합),차대사람,횡단중,횡단중,안전운전 의무 불이행,단일로,기타단일로
39298,2021-12-23 10,주간,목,1,1,0,0,0,광주,남구,차대사람,횡단중,횡단중,보행자 보호의무 위반,교차로,교차로횡단보도내
39299,2021-09-10 08,주간,금,1,1,0,0,0,대구,서구,차대차,측면충돌,측면충돌,안전운전 의무 불이행,단일로,기타단일로
39300,2021-10-29 11,주간,금,1,1,0,0,0,충남,당진시,차대차,기타,기타,안전운전 의무 불이행,교차로,교차로내
39301,2021-05-25 01,야간,화,1,1,0,0,0,충남,천안시,차량단독,공작물충돌,공작물충돌,안전운전 의무 불이행,단일로,지하차도(도로)내
39302,2021-11-21 01,야간,일,1,1,0,0,0,경기,포천시,차대사람,횡단중,횡단중,안전운전 의무 불이행,교차로,교차로부근
39303,2021-07-09 15,주간,금,1,2,1,0,0,경남,양산시,차대차,기타,기타,안전운전 의무 불이행,단일로,기타단일로
39304,2021-07-18 13,주간,일,1,1,0,0,0,경기,화성시,차대차,추돌,추돌,교차로 통행방법 위반,교차로,교차로내
39305,2021-10-09 18,야간,토,1,1,0,0,0,충북,충주시,차량단독,전도,전도,안전운전 의무 불이행,단일로,기타단일로
39306,2021-12-08 01,야간,수,1,1,0,0,0,경남,거제시,차량단독,공작물충돌,공작물충돌,안전운전 의무 불이행,기타,기타
39307,2021-06-16 18,야간,수,1,2,1,0,0,대구,달서구,차대차,기타,기타,중앙선 침범,단일로,기타단일로
39308,2021-06-10 21,야간,목,1,1,0,0,0,경기,파주시,차대차,정면충돌,정면충돌,신호위반,교차로,교차로내
39309,2021-12-05 09,주간,일,1,1,0,0,0,충남,서산시,차대사람,횡단중,횡단중,안전운전 의무 불이행,교차로,교차로내
39310,2021-10-11 05,야간,월,1,1,0,0,0,충북,충주시,차대사람,횡단중,횡단중,안전운전 의무 불이행,교차로,교차로부근
39311,2021-06-08 01,야간,화,1,1,0,0,0,경기,부천시,차대사람,횡단중,횡단중,안전운전 의무 불이행,교차로,교차로횡단보도내
39312,2021-12-20 17,주간,월,1,1,0,0,0,경남,창원시(통합),차량단독,전도,전도,기타,단일로,기타단일로
39313,2021-08-25 05,야간,수,1,1,0,0,0,강원,강릉시,차대사람,횡단중,횡단중,안전운전 의무 불이행,단일로,기타단일로
39314,2021-08-21 14,주간,토,1,1,0,0,0,서울,동대문구,차대사람,횡단중,횡단중,보행자 보호의무 위반,단일로,기타단일로
39315,2021-11-26 23,야간,금,1,1,0,0,0,경북,안동시,차대차,기타,기타,안전운전 의무 불이행,단일로,기타단일로
39316,2021-11-28 06,주간,일,1,3,2,0,0,경북,안동시,차대차,정면충돌,정면충돌,기타,단일로,기타단일로
39317,2021-05-31 13,주간,월,1,1,0,0,0,광주,북구,차량단독,공작물충돌,공작물충돌,안전운전 의무 불이행,단일로,터널안
39318,2021-06-04 10,주간,금,1,1,0,0,0,경기,수원시,차대차,측면충돌,측면충돌,안전운전 의무 불이행,교차로,교차로횡단보도내
39319,2021-07-27 21,야간,화,1,1,0,0,0,경북,경주시,차대사람,횡단중,횡단중,신호위반,교차로,교차로내
39320,2021-12-03 07,주간,금,1,2,0,1,0,서울,서대문구,차대차,측면충돌,측면충돌,안전거리 미확보,단일로,기타단일로
39321,2021-06-29 12,주간,화,1,1,0,0,0,대전,서구,차대사람,길가장자리구역통행중,길가장자리구역통행중,안전운전 의무 불이행,단일로,기타단일로
39322,2021-10-22 06,주간,금,1,2,0,1,0,경기,남양주시,차대차,추돌,추돌,안전운전 의무 불이행,단일로,기타단일로
39323,2021-10-07 18,야간,목,1,1,0,0,0,경기,오산시,차대차,측면충돌,측면충돌,신호위반,교차로,교차로부근
39324,2021-12-18 00,야간,토,1,1,0,0,0,서울,강남구,차량단독,공작물충돌,공작물충돌,안전운전 의무 불이행,기타,기타
39325,2021-06-20 11,주간,일,1,2,1,0,0,대구,달서구,차대차,기타,기타,신호위반,교차로,교차로내
39326,2021-07-15 10,주간,목,1,1,0,0,0,전남,목포시,차대차,기타,기타,안전운전 의무 불이행,교차로,교차로내
39327,2021-06-24 13,주간,목,1,1,0,0,0,경기,의정부시,차대차,측면충돌,측면충돌,신호위반,교차로,교차로횡단보도내
39328,2021-12-15 01,야간,수,1,3,1,1,0,경남,거제시,차대차,정면충돌,정면충돌,중앙선 침범,단일로,터널안
39329,2021-11-09 15,주간,화,1,1,0,0,0,부산,사하구,차대차,추돌,추돌,안전거리 미확보,교차로,교차로내
39330,2021-09-16 22,야간,목,1,2,1,0,0,서울,중랑구,차대사람,횡단중,횡단중,안전운전 의무 불이행,교차로,교차로내
39331,2021-12-16 07,주간,목,1,1,0,0,0,충남,서산시,차대사람,기타,기타,안전운전 의무 불이행,교차로,교차로내
39332,2021-08-05 20,야간,목,1,1,0,0,0,경남,창원시(통합),차대사람,횡단중,횡단중,보행자 보호의무 위반,교차로,교차로내
39333,2021-07-25 08,주간,일,1,1,0,0,0,경기,화성시,차대차,기타,기타,안전거리 미확보,기타,기타
39334,2021-12-03 07,주간,금,1,1,0,0,0,경북,안동시,차대차,기타,기타,안전운전 의무 불이행,단일로,기타단일로
39335,2021-07-31 02,야간,토,1,3,2,0,0,전남,순천시,차대차,추돌,추돌,안전운전 의무 불이행,단일로,기타단일로
39336,2021-11-02 05,야간,화,1,2,0,0,1,경기,이천시,차대차,추돌,추돌,안전운전 의무 불이행,단일로,기타단일로
39337,2021-08-31 21,야간,화,1,1,0,0,0,전북,익산시,차대사람,횡단중,횡단중,안전운전 의무 불이행,단일로,기타단일로
39338,2021-07-27 15,주간,화,1,1,0,0,0,서울,영등포구,차대사람,횡단중,횡단중,안전운전 의무 불이행,단일로,기타단일로
39339,2021-12-09 22,야간,목,1,3,0,1,1,서울,서대문구,차대차,측면충돌,측면충돌,신호위반,교차로,교차로내
39340,2021-08-11 20,야간,수,1,2,1,0,0,경북,포항시,차대차,추돌,추돌,기타,단일로,기타단일로
39341,2021-08-17 13,주간,화,1,1,0,0,0,충남,천안시,차량단독,기타,기타,안전운전 의무 불이행,교차로,교차로부근
39342,2021-09-23 15,주간,목,1,1,0,0,0,대구,북구,차량단독,도로이탈,도로이탈 추락,안전운전 의무 불이행,단일로,기타단일로
39343,2021-11-09 20,야간,화,1,1,0,0,0,충남,당진시,차대차,추돌,추돌,안전거리 미확보,단일로,기타단일로
39344,2021-10-20 10,주간,수,1,1,0,0,0,경기,성남시,차대차,측면충돌,측면충돌,신호위반,단일로,기타단일로
39345,2021-07-30 20,야간,금,1,1,0,0,0,충북,청주시,차대차,측면충돌,측면충돌,안전운전 의무 불이행,단일로,기타단일로
39346,2021-11-05 02,야간,금,1,5,1,3,0,경기,여주시,차대차,추돌,추돌,안전운전 의무 불이행,단일로,기타단일로
39347,2021-10-20 12,주간,수,1,1,0,0,0,세종,세종,차대차,기타,기타,안전운전 의무 불이행,단일로,기타단일로
39348,2021-12-05 02,야간,일,1,1,0,0,0,경기,포천시,차대사람,기타,기타,안전운전 의무 불이행,단일로,기타단일로
39349,2021-12-15 08,주간,수,1,1,0,0,0,인천,중구,차대차,측면충돌,측면충돌,안전운전 의무 불이행,교차로,교차로횡단보도내
39350,2021-07-08 05,야간,목,1,1,0,0,0,전북,전주시,차대사람,기타,기타,안전운전 의무 불이행,교차로,교차로부근
39351,2021-11-06 00,야간,토,1,1,0,0,0,경기,용인시,차량단독,공작물충돌,공작물충돌,안전운전 의무 불이행,단일로,기타단일로
39352,2021-09-07 21,야간,화,1,1,0,0,0,서울,관악구,차대사람,차도통행중,차도통행중,안전운전 의무 불이행,단일로,기타단일로
39353,2021-06-11 08,주간,금,1,1,0,0,0,경북,구미시,차량단독,공작물충돌,공작물충돌,안전운전 의무 불이행,단일로,기타단일로
39354,2021-10-29 16,주간,금,1,1,0,0,0,경기,남양주시,차대차,측면충돌,측면충돌,안전운전 의무 불이행,교차로,교차로내
39355,2021-07-30 21,야간,금,1,1,0,0,0,충북,청주시,차대차,추돌,추돌,안전운전 의무 불이행,단일로,기타단일로
39356,2021-11-13 13,주간,토,1,1,0,0,0,충남,당진시,차대차,측면충돌,측면충돌,안전운전 의무 불이행,교차로,교차로내
39357,2021-10-27 06,주간,수,1,1,0,0,0,세종,세종,차대사람,횡단중,횡단중,기타,교차로,교차로부근
39358,2021-05-26 13,주간,수,1,2,0,1,0,인천,서구,차대차,추돌,추돌,안전운전 의무 불이행,단일로,기타단일로
39359,2021-10-28 21,야간,목,1,1,0,0,0,경기,안성시,차대사람,횡단중,횡단중,안전운전 의무 불이행,단일로,기타단일로
39360,2021-07-13 10,주간,화,1,1,0,0,0,부산,부산진구,차량단독,공작물충돌,공작물충돌,안전운전 의무 불이행,기타,기타
39361,2021-07-13 11,주간,화,1,1,0,0,0,부산,부산진구,차대차,측면충돌,측면충돌,신호위반,교차로,교차로내
39362,2021-12-10 22,야간,금,1,5,0,4,0,경북,안동시,차대차,기타,기타,신호위반,교차로,교차로내
39363,2021-12-07 14,주간,화,1,1,0,0,0,경기,포천시,차대사람,기타,기타,안전운전 의무 불이행,교차로,교차로부근
39364,2021-11-08 00,야간,월,1,1,0,0,0,경기,성남시,차대차,추돌,추돌,안전운전 의무 불이행,단일로,기타단일로
39365,2021-06-20 22,야간,일,1,1,0,0,0,대전,유성구,차량단독,기타,기타,안전운전 의무 불이행,단일로,기타단일로
39366,2021-06-20 22,야간,일,1,1,0,0,0,경기,광주시,차대차,추돌,추돌,안전운전 의무 불이행,단일로,기타단일로
39367,2021-08-05 20,야간,목,1,1,0,0,0,경북,경주시,차대사람,차도통행중,차도통행중,안전운전 의무 불이행,교차로,교차로부근
39368,2021-12-13 11,주간,월,1,1,0,0,0,경북,안동시,차대차,기타,기타,안전운전 의무 불이행,단일로,기타단일로
39369,2021-11-08 23,야간,월,1,1,0,0,0,경기,여주시,차대사람,기타,기타,안전운전 의무 불이행,단일로,기타단일로
39370,2021-06-27 01,야간,일,1,1,0,0,0,대구,달서구,차대사람,차도통행중,차도통행중,안전운전 의무 불이행,단일로,기타단일로
39371,2021-11-16 10,주간,화,1,3,0,2,0,충남,당진시,차대차,측면충돌,측면충돌,교차로 통행방법 위반,교차로,교차로내
39372,2021-09-24 21,야간,금,1,1,0,0,0,부산,해운대구,차대사람,차도통행중,차도통행중,안전운전 의무 불이행,단일로,기타단일로
39373,2021-07-07 18,야간,수,1,1,0,0,0,제주,제주시,차대사람,차도통행중,차도통행중,안전운전 의무 불이행,단일로,기타단일로
39374,2021-07-27 03,야간,화,1,1,0,0,0,울산,남구,차대사람,기타,기타,안전운전 의무 불이행,교차로,교차로내
39375,2021-10-10 20,야간,일,1,2,1,0,0,대구,달성군,차대차,추돌,추돌,기타,단일로,기타단일로
39376,2021-12-15 16,주간,수,1,1,0,0,0,부산,사상구,차대사람,기타,기타,안전운전 의무 불이행,단일로,기타단일로
39377,2021-11-18 13,주간,목,1,1,0,0,0,충남,당진시,차량단독,기타,기타,안전운전 의무 불이행,단일로,기타단일로
39378,2021-09-07 19,야간,화,1,1,0,0,0,서울,동대문구,차대사람,횡단중,횡단중,보행자 보호의무 위반,단일로,기타단일로
39379,2021-07-30 06,주간,금,1,1,0,0,0,전북,군산시,차대사람,길가장자리구역통행중,길가장자리구역통행중,안전운전 의무 불이행,단일로,기타단일로
39380,2021-12-28 06,주간,화,1,1,0,0,0,인천,중구,차대사람,횡단중,횡단중,보행자 보호의무 위반,교차로,교차로횡단보도내
39381,2021-08-22 14,주간,일,1,4,3,0,0,경북,포항시,차대차,정면충돌,정면충돌,신호위반,교차로,교차로내
39382,2021-09-15 00,야간,수,1,2,1,0,0,경남,진주시,차대차,측면충돌,측면충돌,신호위반,교차로,교차로내
39383,2021-10-05 02,야간,화,1,2,0,1,0,대구,북구,차량단독,공작물충돌,공작물충돌,안전운전 의무 불이행,교차로,교차로부근
39384,2021-06-05 01,야간,토,1,1,0,0,0,서울,송파구,차량단독,공작물충돌,공작물충돌,안전운전 의무 불이행,단일로,기타단일로
39385,2021-07-10 01,야간,토,1,1,0,0,0,경기,안산시,차대사람,횡단중,횡단중,기타,단일로,기타단일로
39386,2021-08-24 17,주간,화,1,1,0,0,0,대전,동구,차량단독,공작물충돌,공작물충돌,안전운전 의무 불이행,단일로,기타단일로
39387,2021-08-14 03,야간,토,1,1,0,0,0,경기,성남시,차량단독,공작물충돌,공작물충돌,안전운전 의무 불이행,단일로,터널안
39388,2021-08-26 11,주간,목,1,1,0,0,0,경남,진주시,차량단독,공작물충돌,공작물충돌,안전운전 의무 불이행,단일로,기타단일로
39389,2021-07-02 02,야간,금,1,2,1,0,0,강원,원주시,차대차,측면충돌,측면충돌,신호위반,교차로,교차로내
39390,2021-12-30 14,주간,목,1,1,0,0,0,인천,옹진군,차량단독,공작물충돌,공작물충돌,안전운전 의무 불이행,단일로,기타단일로
39391,2021-07-20 08,주간,화,5,19,1,13,0,전남,여수시,차대사람,횡단중,횡단중,보행자 보호의무 위반,교차로,교차로횡단보도내
39392,2021-11-03 01,야간,수,1,1,0,0,0,경기,성남시,차량단독,공작물충돌,공작물충돌,안전운전 의무 불이행,단일로,기타단일로
39393,2021-09-21 06,주간,화,1,2,0,0,1,인천,남동구,차대사람,횡단중,횡단중,기타,교차로,교차로부근
39394,2021-10-29 10,주간,금,1,1,0,0,0,서울,구로구,차대차,측면충돌,측면충돌,안전운전 의무 불이행,교차로,교차로부근
39395,2021-09-17 15,주간,금,1,1,0,0,0,경남,진주시,차대사람,보도통행중,보도통행중,기타,기타,기타
39396,2021-08-02 12,주간,월,1,1,0,0,0,전북,군산시,차대차,측면충돌,측면충돌,신호위반,교차로,교차로내
39397,2021-09-11 18,야간,토,1,1,0,0,0,경북,포항시,차대차,측면충돌,측면충돌,안전운전 의무 불이행,기타,기타
39398,2021-07-25 05,야간,일,1,1,0,0,0,대구,동구,차량단독,공작물충돌,공작물충돌,안전운전 의무 불이행,단일로,기타단일로
39399,2021-11-02 05,야간,화,1,1,0,0,0,경기,양주시,차대사람,차도통행중,차도통행중,안전운전 의무 불이행,단일로,기타단일로