교통사고이력ID(사고기록 순서),발생년월일시,주야코드,요일코드,사망자수,부상자수,중상자수,경상자수,부상신고자수,발생지시도코드,발생지시도코드,사고유형대분류코드,사고유형중분류코드,사고유형코드,법규위반코드,도로형태대분류코드,도로로형태코드
39400,2021-09-23 01,야간,목,1,1,0,0,0,경기,고양시,차대차,추돌,추돌,안전운전 의무 불이행,단일로,기타단일로
39401,2021-11-11 11,주간,목,1,1,0,0,0,경기,안성시,차대차,추돌,추돌,안전운전 의무 불이행,단일로,기타단일로
39402,2021-07-03 04,야간,토,1,1,0,0,0,충남,아산시,차대차,측면충돌,측면충돌,중앙선 침범,기타,기타
39403,2021-11-25 15,주간,목,1,1,0,0,0,충남,당진시,차대차,정면충돌,정면충돌,신호위반,교차로,교차로내
39404,2021-08-15 07,주간,일,1,1,0,0,0,전남,순천시,차대차,추돌,추돌,안전운전 의무 불이행,단일로,기타단일로
39405,2021-07-07 21,야간,수,1,1,0,0,0,경기,의정부시,차대차,측면충돌,측면충돌,신호위반,교차로,교차로횡단보도내
39406,2021-10-10 18,야간,일,1,3,0,2,0,대구,서구,차대차,측면충돌,측면충돌,신호위반,교차로,교차로내
39407,2021-09-15 10,주간,수,1,1,0,0,0,서울,강서구,차대차,기타,기타,안전운전 의무 불이행,단일로,기타단일로
39408,2021-09-30 08,주간,목,1,1,0,0,0,인천,연수구,차대차,측면충돌,측면충돌,안전운전 의무 불이행,교차로,교차로횡단보도내
39409,2021-11-27 00,야간,토,1,1,0,0,0,충남,당진시,차대차,추돌,추돌,안전운전 의무 불이행,단일로,기타단일로
39410,2021-06-27 10,주간,일,1,1,0,0,0,경기,파주시,차대차,정면충돌,정면충돌,안전운전 의무 불이행,단일로,기타단일로
39411,2021-09-07 20,야간,화,1,2,0,1,0,대전,대덕구,차대사람,기타,기타,안전운전 의무 불이행,단일로,기타단일로
39412,2021-09-15 15,주간,수,1,1,0,0,0,서울,동대문구,차대사람,기타,기타,보행자 보호의무 위반,교차로,교차로횡단보도내
39413,2021-09-26 07,주간,일,1,1,0,0,0,경기,남양주시,차대차,기타,기타,기타,단일로,기타단일로
39414,2021-12-27 23,야간,월,1,1,0,0,0,서울,동작구,차대사람,횡단중,횡단중,안전운전 의무 불이행,단일로,기타단일로
39415,2021-04-30 09,주간,금,1,1,0,0,0,경기,평택시,차량단독,공작물충돌,공작물충돌,안전운전 의무 불이행,교차로,교차로부근
39416,2021-11-07 02,야간,일,1,1,0,0,0,서울,구로구,차량단독,기타,기타,안전운전 의무 불이행,단일로,고가도로위
39417,2021-10-23 09,주간,토,1,1,0,0,0,대구,달성군,차대사람,기타,기타,안전운전 의무 불이행,교차로,교차로부근
39418,2021-07-15 04,야간,목,1,1,0,0,0,충북,청주시,차대사람,기타,기타,안전운전 의무 불이행,단일로,기타단일로
39419,2021-08-13 23,야간,금,1,1,0,0,0,경기,화성시,차대차,기타,기타,기타,단일로,기타단일로
39420,2021-09-25 05,야간,토,1,1,0,0,0,경기,수원시,차량단독,기타,기타,안전운전 의무 불이행,단일로,기타단일로
39421,2021-08-08 17,주간,일,1,1,0,0,0,대전,중구,차량단독,공작물충돌,공작물충돌,안전운전 의무 불이행,단일로,기타단일로
39422,2021-09-23 19,야간,목,1,1,0,0,0,경남,진주시,차대사람,횡단중,횡단중,안전운전 의무 불이행,단일로,기타단일로
39423,2021-06-11 23,야간,금,1,1,0,0,0,충남,천안시,차대사람,기타,기타,안전운전 의무 불이행,교차로,교차로부근
39424,2021-09-29 03,야간,수,1,1,0,0,0,경기,고양시,차대사람,차도통행중,차도통행중,안전운전 의무 불이행,교차로,교차로횡단보도내
39425,2021-08-20 07,주간,금,1,1,0,0,0,전남,순천시,차대차,측면충돌,측면충돌,기타,교차로,교차로내
39426,2021-08-19 20,야간,목,1,1,0,0,0,경북,경주시,차대사람,차도통행중,차도통행중,안전운전 의무 불이행,단일로,기타단일로
39427,2021-12-30 21,야간,목,1,1,0,0,0,서울,동작구,차대사람,차도통행중,차도통행중,안전운전 의무 불이행,단일로,기타단일로
39428,2021-08-26 05,야간,목,1,1,0,0,0,경기,성남시,차대사람,기타,기타,기타,단일로,기타단일로
39429,2021-09-15 20,야간,수,1,1,0,0,0,대구,서구,차대사람,기타,기타,안전운전 의무 불이행,단일로,기타단일로
39430,2021-12-22 13,주간,수,2,2,0,0,0,부산,수영구,차대사람,기타,기타,기타,교차로,교차로내
39431,2021-07-02 21,야간,금,1,3,2,0,0,대전,유성구,차대사람,횡단중,횡단중,기타,교차로,교차로내
39432,2021-09-13 10,주간,월,1,1,0,0,0,대전,대덕구,차대사람,횡단중,횡단중,안전운전 의무 불이행,교차로,교차로내
39433,2021-08-22 08,주간,일,1,1,0,0,0,경북,경주시,차량단독,공작물충돌,공작물충돌,안전운전 의무 불이행,단일로,기타단일로
39434,2021-06-17 01,야간,목,1,1,0,0,0,광주,북구,차대차,측면충돌,측면충돌,신호위반,교차로,교차로내
39435,2021-10-04 19,야간,월,1,1,0,0,0,인천,남동구,차대사람,횡단중,횡단중,안전운전 의무 불이행,단일로,기타단일로
39436,2021-07-20 14,주간,화,1,1,0,0,0,경기,안산시,차대차,기타,기타,안전운전 의무 불이행,단일로,기타단일로
39437,2021-09-25 18,야간,토,1,1,0,0,0,전북,익산시,차대사람,횡단중,횡단중,신호위반,교차로,교차로내
39438,2021-09-26 15,주간,일,1,1,0,0,0,전북,익산시,차대사람,기타,기타,안전운전 의무 불이행,교차로,교차로내
39439,2021-08-11 18,야간,수,1,1,0,0,0,대전,중구,차량단독,공작물충돌,공작물충돌,안전운전 의무 불이행,단일로,기타단일로
39440,2021-09-23 06,주간,목,1,1,0,0,0,경북,포항시,차량단독,공작물충돌,공작물충돌,안전운전 의무 불이행,단일로,지하차도(도로)내
39441,2021-09-21 14,주간,화,1,1,0,0,0,서울,동대문구,차대차,추돌,추돌,안전거리 미확보,단일로,기타단일로
39442,2021-10-29 18,야간,금,1,1,0,0,0,대구,달성군,차대사람,횡단중,횡단중,안전운전 의무 불이행,단일로,기타단일로
39443,2021-10-04 21,야간,월,1,1,0,0,0,경기,고양시,차대사람,횡단중,횡단중,안전운전 의무 불이행,단일로,기타단일로
39444,2021-10-05 09,주간,화,1,1,0,0,0,경기,고양시,차대사람,기타,기타,안전운전 의무 불이행,교차로,교차로내
39445,2021-12-07 23,야간,화,1,2,0,1,0,경기,용인시,차대차,추돌,추돌,안전운전 의무 불이행,단일로,터널안
39446,2021-10-29 22,야간,금,1,1,0,0,0,경기,하남시,차대차,기타,기타,신호위반,교차로,교차로부근
39447,2021-09-09 05,야간,목,1,1,0,0,0,대전,동구,차대사람,횡단중,횡단중,기타,단일로,기타단일로
39448,2021-12-08 06,주간,수,1,1,0,0,0,서울,송파구,차대차,추돌,추돌,안전운전 의무 불이행,단일로,기타단일로
39449,2021-05-04 03,야간,화,1,1,0,0,0,경기,평택시,차대차,추돌,추돌,안전운전 의무 불이행,단일로,기타단일로
39450,2021-10-10 20,야간,일,1,1,0,0,0,인천,연수구,차대사람,기타,기타,안전운전 의무 불이행,단일로,기타단일로
39451,2021-09-28 16,주간,화,1,2,1,0,0,전북,익산시,차대차,측면충돌,측면충돌,안전운전 의무 불이행,교차로,교차로내
39452,2021-07-11 15,주간,일,1,1,0,0,0,충남,아산시,차대차,기타,기타,중앙선 침범,단일로,기타단일로
39453,2021-08-13 07,주간,금,1,1,0,0,0,울산,남구,차대차,측면충돌,측면충돌,신호위반,교차로,교차로내
39454,2021-11-16 19,야간,화,1,1,0,0,0,경남,김해시,차대차,추돌,추돌,안전운전 의무 불이행,단일로,기타단일로
39455,2021-10-07 18,야간,목,1,1,0,0,0,경기,남양주시,차대사람,기타,기타,안전운전 의무 불이행,단일로,기타단일로
39456,2021-09-26 17,주간,일,1,2,0,0,1,서울,동대문구,차대차,추돌,추돌,안전운전 의무 불이행,단일로,기타단일로
39457,2021-10-14 21,야간,목,1,1,0,0,0,인천,연수구,차량단독,공작물충돌,공작물충돌,안전운전 의무 불이행,단일로,기타단일로
39458,2021-08-27 11,주간,금,1,2,0,1,0,충북,청주시,차대차,추돌,추돌,안전운전 의무 불이행,단일로,기타단일로
39459,2021-08-25 22,야간,수,1,1,0,0,0,충북,청주시,차대사람,횡단중,횡단중,안전운전 의무 불이행,교차로,교차로횡단보도내
39460,2021-11-21 01,야간,일,1,1,0,0,0,경기,오산시,차량단독,기타,기타,안전운전 의무 불이행,단일로,기타단일로
39461,2021-11-23 18,야간,화,1,2,0,1,0,충북,충주시,차대차,정면충돌,정면충돌,중앙선 침범,단일로,기타단일로
39462,2021-09-10 22,야간,금,1,5,4,0,0,경북,포항시,차대차,정면충돌,정면충돌,기타,교차로,교차로내
39463,2021-10-04 15,주간,월,1,1,0,0,0,강원,강릉시,차량단독,도로이탈,도로이탈 추락,안전운전 의무 불이행,단일로,기타단일로
39464,2021-10-15 23,야간,금,1,1,0,0,0,서울,노원구,차량단독,공작물충돌,공작물충돌,안전운전 의무 불이행,단일로,기타단일로
39465,2021-08-30 07,주간,월,1,1,0,0,0,경북,경주시,차대사람,횡단중,횡단중,보행자 보호의무 위반,교차로,교차로내
39466,2021-08-17 21,야간,화,1,1,0,0,0,울산,남구,차대사람,기타,기타,기타,단일로,기타단일로
39467,2021-11-26 19,야간,금,1,1,0,0,0,충북,충주시,차대사람,기타,기타,안전운전 의무 불이행,단일로,기타단일로
39468,2021-10-26 21,야간,화,1,1,0,0,0,강원,춘천시,차대차,정면충돌,정면충돌,신호위반,교차로,교차로내
39469,2021-06-14 15,주간,월,1,1,0,0,0,경기,용인시,차량단독,전복,전복,안전운전 의무 불이행,단일로,기타단일로
39470,2021-08-17 12,주간,화,1,1,0,0,0,전북,군산시,차대사람,횡단중,횡단중,보행자 보호의무 위반,교차로,교차로횡단보도내
39471,2021-09-30 16,주간,목,1,1,0,0,0,서울,동대문구,차대사람,기타,기타,안전운전 의무 불이행,교차로,교차로부근
39472,2021-12-31 11,주간,금,1,2,0,1,0,부산,사하구,차대차,기타,기타,신호위반,교차로,교차로내
39473,2021-10-27 02,야간,수,1,1,0,0,0,부산,해운대구,차대차,측면충돌,측면충돌,안전운전 의무 불이행,교차로,교차로내
39474,2021-08-28 15,주간,토,1,1,0,0,0,경기,화성시,차량단독,기타,기타,안전운전 의무 불이행,교차로,교차로부근
39475,2021-09-01 10,주간,수,1,1,0,0,0,전남,순천시,차대사람,차도통행중,차도통행중,안전운전 의무 불이행,단일로,기타단일로
39476,2021-07-27 21,야간,화,1,1,0,0,0,경북,경산시,차대차,측면충돌,측면충돌,기타,단일로,기타단일로
39477,2021-06-27 00,야간,일,1,1,0,0,0,광주,북구,차대사람,기타,기타,안전운전 의무 불이행,단일로,기타단일로
39478,2021-10-17 20,야간,일,1,6,0,5,0,경기,고양시,차대차,추돌,추돌,안전운전 의무 불이행,교차로,교차로부근
39479,2021-12-04 17,주간,토,1,2,0,1,0,경기,성남시,차대차,정면충돌,정면충돌,신호위반,교차로,교차로내
39480,2021-11-12 18,야간,금,1,2,1,0,0,경기,이천시,차대차,정면충돌,정면충돌,신호위반,교차로,교차로내
39481,2021-07-22 07,주간,목,1,1,0,0,0,경기,의정부시,차대사람,횡단중,횡단중,신호위반,교차로,교차로횡단보도내
39482,2021-08-09 17,주간,월,1,1,0,0,0,전남,여수시,차량단독,전복,전복,안전운전 의무 불이행,단일로,기타단일로
39483,2021-12-08 17,주간,수,1,1,0,0,0,경기,안성시,차대차,측면충돌,측면충돌,기타,교차로,교차로내
39484,2021-10-10 08,주간,일,1,1,0,0,0,강원,강릉시,차량단독,기타,기타,안전운전 의무 불이행,단일로,기타단일로
39485,2021-09-22 19,야간,수,1,1,0,0,0,전북,전주시,차대차,측면충돌,측면충돌,중앙선 침범,단일로,기타단일로
39486,2021-07-19 19,야간,월,1,1,0,0,0,충남,아산시,차량단독,도로이탈,도로이탈 추락,안전운전 의무 불이행,단일로,기타단일로
39487,2021-08-27 02,야간,금,1,1,0,0,0,대전,중구,차대사람,횡단중,횡단중,기타,교차로,교차로횡단보도내
39488,2021-12-08 10,주간,수,1,1,0,0,0,충북,충주시,차대차,정면충돌,정면충돌,신호위반,교차로,교차로내
39489,2021-12-02 21,야간,목,1,1,0,0,0,경기,양주시,차대사람,보도통행중,보도통행중,안전운전 의무 불이행,단일로,기타단일로
39490,2021-10-22 18,야간,금,1,1,0,0,0,서울,양천구,차대사람,횡단중,횡단중,안전운전 의무 불이행,교차로,교차로부근
39491,2021-12-09 10,주간,목,1,1,0,0,0,경기,성남시,차대차,기타,기타,안전운전 의무 불이행,단일로,기타단일로
39492,2021-08-23 11,주간,월,1,2,0,1,0,경기,고양시,차대차,측면충돌,측면충돌,신호위반,교차로,교차로내
39493,2021-07-07 08,주간,수,1,2,1,0,0,경북,구미시,차대차,측면충돌,측면충돌,중앙선 침범,단일로,기타단일로
39494,2021-07-22 13,주간,목,1,3,2,0,0,강원,원주시,차대차,기타,기타,안전운전 의무 불이행,교차로,교차로내
39495,2021-10-18 18,야간,월,1,1,0,0,0,전북,익산시,차대사람,차도통행중,차도통행중,안전운전 의무 불이행,단일로,기타단일로
39496,2021-07-30 23,야간,금,1,1,0,0,0,경기,김포시,차량단독,기타,기타,안전운전 의무 불이행,기타,기타
39497,2021-09-23 12,주간,목,1,1,0,0,0,경남,창원시(통합),차대사람,횡단중,횡단중,안전운전 의무 불이행,단일로,기타단일로
39498,2021-09-09 05,야간,목,1,1,0,0,0,경북,경주시,차량단독,공작물충돌,공작물충돌,안전운전 의무 불이행,단일로,지하차도(도로)내
39499,2021-10-19 18,야간,화,1,1,0,0,0,경남,진주시,차대사람,길가장자리구역통행중,길가장자리구역통행중,안전운전 의무 불이행,단일로,기타단일로
39500,2021-07-05 05,야간,월,1,1,0,0,0,광주,광산구,차량단독,공작물충돌,공작물충돌,안전운전 의무 불이행,단일로,기타단일로
39501,2021-10-28 20,야간,목,1,1,0,0,0,서울,노원구,차량단독,공작물충돌,공작물충돌,안전운전 의무 불이행,교차로,교차로부근
39502,2021-10-29 12,주간,금,1,1,0,0,0,경기,남양주시,차량단독,공작물충돌,공작물충돌,안전운전 의무 불이행,교차로,교차로내
39503,2021-11-02 06,주간,화,1,3,2,0,0,인천,연수구,차대사람,보도통행중,보도통행중,신호위반,교차로,교차로횡단보도내
39504,2021-06-21 23,야간,월,1,1,0,0,0,경기,시흥시,차량단독,전도,전도,안전운전 의무 불이행,단일로,기타단일로
39505,2021-05-14 22,야간,금,1,1,0,0,0,경기,평택시,차대사람,횡단중,횡단중,기타,교차로,교차로내
39506,2021-09-11 05,야간,토,1,1,0,0,0,충북,청주시,차대차,기타,기타,안전거리 미확보,기타,기타
39507,2021-10-11 20,야간,월,1,1,0,0,0,대구,북구,차대사람,횡단중,횡단중,기타,단일로,기타단일로
39508,2021-07-25 00,야간,일,1,1,0,0,0,충남,아산시,차대차,추돌,추돌,안전운전 의무 불이행,단일로,터널안
39509,2021-09-11 14,주간,토,1,1,0,0,0,전남,순천시,차대차,측면충돌,측면충돌,안전운전 의무 불이행,교차로,교차로부근
39510,2021-11-15 07,주간,월,1,2,0,0,1,서울,서초구,차대사람,기타,기타,안전운전 의무 불이행,단일로,기타단일로
39511,2021-08-05 08,주간,목,1,1,0,0,0,충북,청주시,차대차,기타,기타,교차로 통행방법 위반,교차로,교차로내
39512,2021-10-08 22,야간,금,1,1,0,0,0,제주,서귀포시,차대사람,기타,기타,기타,단일로,기타단일로
39513,2021-08-11 03,야간,수,1,2,0,1,0,전북,전주시,차대차,추돌,추돌,안전운전 의무 불이행,단일로,기타단일로
39514,2021-08-07 02,야간,토,1,4,2,1,0,제주,제주시,차량단독,공작물충돌,공작물충돌,기타,단일로,기타단일로
39515,2021-07-03 21,야간,토,1,1,0,0,0,광주,북구,차대사람,기타,기타,안전운전 의무 불이행,단일로,기타단일로
39516,2021-07-20 15,주간,화,1,1,0,0,0,경기,파주시,차대사람,기타,기타,기타,단일로,기타단일로
39517,2021-07-03 23,야간,토,1,2,1,0,0,광주,북구,차대사람,기타,기타,안전운전 의무 불이행,단일로,기타단일로
39518,2021-09-13 11,주간,월,2,2,0,0,0,경북,경주시,차대차,추돌,추돌,안전운전 의무 불이행,단일로,터널안
39519,2021-09-04 12,주간,토,2,2,0,0,0,대구,달서구,차량단독,공작물충돌,공작물충돌,안전운전 의무 불이행,교차로,교차로내
39520,2021-09-12 03,야간,일,1,1,0,0,0,경기,화성시,차량단독,기타,기타,기타,단일로,기타단일로
39521,2021-11-25 06,주간,목,1,1,0,0,0,경기,이천시,차대사람,기타,기타,안전운전 의무 불이행,단일로,기타단일로
39522,2021-10-27 19,야간,수,1,1,0,0,0,서울,강서구,차대사람,횡단중,횡단중,안전운전 의무 불이행,단일로,기타단일로
39523,2021-09-04 18,야간,토,1,2,0,0,1,대전,중구,차대차,측면충돌,측면충돌,신호위반,교차로,교차로내
39524,2021-11-22 05,야간,월,1,1,0,0,0,대구,북구,차대차,추돌,추돌,안전운전 의무 불이행,단일로,기타단일로
39525,2021-11-22 12,주간,월,1,3,1,1,0,대구,북구,차대차,정면충돌,정면충돌,중앙선 침범,단일로,기타단일로
39526,2021-11-17 05,야간,수,1,1,0,0,0,부산,해운대구,차대사람,횡단중,횡단중,기타,교차로,교차로횡단보도내
39527,2021-07-21 13,주간,수,1,1,0,0,0,대전,유성구,차대차,측면충돌,측면충돌,안전운전 의무 불이행,교차로,교차로내
39528,2021-11-06 07,주간,토,1,1,0,0,0,경기,용인시,차량단독,기타,기타,안전운전 의무 불이행,단일로,기타단일로
39529,2021-10-29 00,야간,금,1,1,0,0,0,서울,강서구,차대차,기타,기타,안전운전 의무 불이행,단일로,기타단일로
39530,2021-08-30 13,주간,월,1,1,0,0,0,경남,양산시,차대차,추돌,추돌,안전운전 의무 불이행,교차로,교차로부근
39531,2021-10-28 22,야간,목,1,1,0,0,0,전북,익산시,차대사람,기타,기타,안전운전 의무 불이행,교차로,교차로내
39532,2021-08-31 08,주간,화,1,1,0,0,0,경남,양산시,차대사람,횡단중,횡단중,안전운전 의무 불이행,교차로,교차로내
39533,2021-08-27 03,야간,금,1,2,0,1,0,전남,목포시,차량단독,기타,기타,안전운전 의무 불이행,기타,기타
39534,2021-09-17 03,야간,금,1,1,0,0,0,전남,순천시,차대차,추돌,추돌,안전운전 의무 불이행,단일로,기타단일로
39535,2021-09-02 05,야간,목,1,1,0,0,0,경기,고양시,차대차,측면충돌,측면충돌,신호위반,단일로,기타단일로
39536,2021-11-28 11,주간,일,1,1,0,0,0,경기,이천시,차대차,기타,기타,신호위반,교차로,교차로내
39537,2021-08-14 04,야간,토,1,1,0,0,0,광주,서구,차대사람,기타,기타,안전운전 의무 불이행,단일로,기타단일로
39538,2021-09-02 13,주간,목,1,1,0,0,0,경기,고양시,차대차,정면충돌,정면충돌,안전운전 의무 불이행,교차로,교차로내
39539,2021-07-31 21,야간,토,1,1,0,0,0,대구,달서구,차대사람,횡단중,횡단중,기타,단일로,기타단일로
39540,2021-12-30 23,야간,목,1,1,0,0,0,경기,안성시,차량단독,공작물충돌,공작물충돌,안전운전 의무 불이행,단일로,기타단일로
39541,2021-09-17 12,주간,금,1,1,0,0,0,대전,서구,차대사람,횡단중,횡단중,안전운전 의무 불이행,교차로,교차로내
39542,2021-12-25 04,야간,토,1,1,0,0,0,서울,마포구,차대사람,기타,기타,안전운전 의무 불이행,교차로,교차로내
39543,2021-12-25 04,야간,토,1,1,0,0,0,서울,마포구,차대사람,기타,기타,안전운전 의무 불이행,단일로,기타단일로
39544,2021-10-20 17,주간,수,1,1,0,0,0,대구,서구,차대차,측면충돌,측면충돌,안전거리 미확보,단일로,기타단일로
39545,2021-09-18 01,야간,토,1,1,0,0,0,경북,경주시,차량단독,공작물충돌,공작물충돌,안전운전 의무 불이행,교차로,교차로내
39546,2021-07-25 09,주간,일,1,5,3,0,1,경기,광주시,차량단독,공작물충돌,공작물충돌,안전운전 의무 불이행,기타,기타
39547,2021-10-24 22,야간,일,1,1,0,0,0,경북,포항시,차대사람,횡단중,횡단중,기타,교차로,교차로내
39548,2021-09-04 20,야간,토,1,1,0,0,0,경기,고양시,차대차,정면충돌,정면충돌,기타,교차로,교차로내
39549,2021-11-03 15,주간,수,1,1,0,0,0,전북,익산시,차량단독,전도,전도,안전운전 의무 불이행,단일로,기타단일로
39550,2021-10-06 22,야간,수,1,1,0,0,0,경남,창원시(통합),차량단독,공작물충돌,공작물충돌,안전운전 의무 불이행,교차로,교차로내
39551,2021-08-01 04,야간,일,1,1,0,0,0,충남,아산시,차량단독,기타,기타,기타,단일로,기타단일로
39552,2021-08-15 00,야간,일,1,1,0,0,0,제주,제주시,차대사람,차도통행중,차도통행중,안전운전 의무 불이행,단일로,기타단일로
39553,2021-09-07 00,야간,화,1,1,0,0,0,서울,강남구,차대사람,횡단중,횡단중,기타,단일로,기타단일로
39554,2021-10-11 05,야간,월,1,2,1,0,0,전북,전주시,차대차,측면충돌,측면충돌,기타,교차로,교차로내
39555,2021-11-05 14,주간,금,1,1,0,0,0,전북,익산시,차대사람,기타,기타,안전운전 의무 불이행,단일로,기타단일로
39556,2021-08-14 00,야간,토,1,1,0,0,0,경북,경산시,차대차,추돌,추돌,안전운전 의무 불이행,단일로,기타단일로
39557,2021-11-05 14,주간,금,1,1,0,0,0,서울,강서구,차대차,측면충돌,측면충돌,신호위반,교차로,교차로부근
39558,2021-09-28 00,야간,화,1,2,0,1,0,경기,성남시,차대차,기타,기타,안전운전 의무 불이행,단일로,기타단일로
39559,2021-11-04 10,주간,목,1,1,0,0,0,경남,진주시,차대사람,차도통행중,차도통행중,안전운전 의무 불이행,교차로,교차로내
39560,2021-11-24 11,주간,수,3,4,1,0,0,강원,춘천시,차대사람,기타,기타,안전운전 의무 불이행,단일로,기타단일로
39561,2021-08-03 11,주간,화,1,1,0,0,0,강원,원주시,차대사람,횡단중,횡단중,보행자 보호의무 위반,교차로,교차로횡단보도내
39562,2021-09-21 14,주간,화,1,1,0,0,0,경북,경주시,차대사람,기타,기타,안전운전 의무 불이행,단일로,기타단일로
39563,2021-09-22 03,야간,수,2,2,0,0,0,경기,화성시,차대차,기타,기타,안전운전 의무 불이행,단일로,기타단일로
39564,2021-09-01 19,야간,수,1,1,0,0,0,전남,목포시,차대사람,기타,기타,안전운전 의무 불이행,단일로,기타단일로
39565,2021-07-01 09,주간,목,1,1,0,0,0,경기,시흥시,차대사람,횡단중,횡단중,안전운전 의무 불이행,교차로,교차로내
39566,2021-10-13 20,야간,수,1,1,0,0,0,전북,전주시,차대사람,기타,기타,안전운전 의무 불이행,단일로,기타단일로
39567,2021-08-06 11,주간,금,1,1,0,0,0,제주,제주시,차대사람,횡단중,횡단중,보행자 보호의무 위반,교차로,교차로횡단보도내
39568,2021-06-30 17,주간,수,1,1,0,0,0,인천,서구,차대사람,횡단중,횡단중,보행자 보호의무 위반,교차로,교차로횡단보도내
39569,2021-08-07 00,야간,토,1,1,0,0,0,제주,제주시,차량단독,전도,전도,기타,단일로,기타단일로
39570,2021-09-20 16,주간,월,1,1,0,0,0,서울,영등포구,차대차,추돌,추돌,안전운전 의무 불이행,교차로,교차로부근
39571,2021-11-16 19,야간,화,1,1,0,0,0,서울,금천구,차대사람,차도통행중,차도통행중,기타,단일로,기타단일로
39572,2021-08-22 16,주간,일,1,1,0,0,0,전북,전주시,차대사람,횡단중,횡단중,보행자 보호의무 위반,교차로,교차로횡단보도내
39573,2021-10-08 12,주간,금,1,1,0,0,0,부산,수영구,차대사람,차도통행중,차도통행중,기타,단일로,기타단일로
39574,2021-08-07 17,주간,토,1,2,1,0,0,충남,아산시,차대차,측면충돌,측면충돌,안전운전 의무 불이행,교차로,교차로내
39575,2021-08-08 00,야간,일,1,3,0,2,0,충남,아산시,차대차,추돌,추돌,안전운전 의무 불이행,기타,기타
39576,2021-07-17 10,주간,토,1,1,0,0,0,광주,광산구,차대차,정면충돌,정면충돌,안전운전 의무 불이행,교차로,교차로부근
39577,2021-10-13 10,주간,수,1,1,0,0,0,경북,포항시,차량단독,공작물충돌,공작물충돌,안전운전 의무 불이행,단일로,기타단일로
39578,2021-11-07 17,주간,일,1,2,1,0,0,강원,강릉시,차대차,정면충돌,정면충돌,중앙선 침범,단일로,기타단일로
39579,2021-11-22 05,야간,월,1,1,0,0,0,서울,양천구,차대사람,기타,기타,안전운전 의무 불이행,단일로,기타단일로
39580,2021-09-12 10,주간,일,1,5,2,2,0,경기,고양시,차대차,추돌,추돌,안전운전 의무 불이행,단일로,기타단일로
39581,2021-08-07 21,야간,토,1,1,0,0,0,경기,김포시,차량단독,기타,기타,안전운전 의무 불이행,기타,기타
39582,2021-09-25 19,야간,토,1,1,0,0,0,서울,영등포구,차대사람,횡단중,횡단중,안전운전 의무 불이행,교차로,교차로내
39583,2021-11-05 14,주간,금,1,1,0,0,0,경북,포항시,차대사람,차도통행중,차도통행중,안전운전 의무 불이행,교차로,교차로내
39584,2021-08-22 16,주간,일,1,1,0,0,0,경북,경산시,차량단독,공작물충돌,공작물충돌,안전운전 의무 불이행,단일로,기타단일로
39585,2021-08-20 04,야간,금,1,1,0,0,0,경기,김포시,차대차,추돌,추돌,안전운전 의무 불이행,단일로,교량위
39586,2021-07-24 14,주간,토,1,1,0,0,0,경북,구미시,차대사람,기타,기타,기타,단일로,기타단일로
39587,2021-11-18 07,주간,목,1,1,0,0,0,전북,익산시,차대차,측면충돌,측면충돌,안전운전 의무 불이행,교차로,교차로내
39588,2021-11-25 13,주간,목,1,1,0,0,0,경기,고양시,차대사람,횡단중,횡단중,안전운전 의무 불이행,기타,기타
39589,2021-12-24 18,야간,금,1,1,0,0,0,경기,하남시,차대사람,기타,기타,안전운전 의무 불이행,단일로,기타단일로
39590,2021-11-07 05,야간,일,1,1,0,0,0,서울,동대문구,차대사람,차도통행중,차도통행중,안전운전 의무 불이행,교차로,교차로횡단보도내
39591,2021-12-06 07,주간,월,1,2,0,1,0,강원,춘천시,차대차,정면충돌,정면충돌,중앙선 침범,단일로,기타단일로
39592,2021-09-10 04,야간,금,1,2,0,0,1,전남,목포시,차대차,기타,기타,안전운전 의무 불이행,단일로,기타단일로
39593,2021-08-23 21,야간,월,1,1,0,0,0,경북,경산시,차대사람,차도통행중,차도통행중,안전운전 의무 불이행,단일로,기타단일로
39594,2021-07-06 13,주간,화,1,2,1,0,0,경기,용인시,차량단독,기타,기타,안전운전 의무 불이행,교차로,교차로부근
39595,2021-11-17 14,주간,수,1,1,0,0,0,경기,수원시,차대차,측면충돌,측면충돌,신호위반,교차로,교차로내
39596,2021-10-23 13,주간,토,1,1,0,0,0,전북,전주시,차대차,기타,기타,안전운전 의무 불이행,단일로,기타단일로
39597,2021-10-01 22,야간,금,1,1,0,0,0,경기,화성시,차대사람,횡단중,횡단중,안전운전 의무 불이행,교차로,교차로횡단보도내
39598,2021-12-07 19,야간,화,1,1,0,0,0,강원,춘천시,차대사람,횡단중,횡단중,보행자 보호의무 위반,교차로,교차로횡단보도내
39599,2021-11-01 00,야간,월,1,1,0,0,0,충남,천안시,차량단독,공작물충돌,공작물충돌,안전운전 의무 불이행,단일로,기타단일로
39600,2021-07-06 07,주간,화,1,1,0,0,0,인천,서구,차대사람,기타,기타,안전운전 의무 불이행,교차로,교차로내
39601,2021-12-13 19,야간,월,1,1,0,0,0,서울,중랑구,차대사람,차도통행중,차도통행중,안전운전 의무 불이행,단일로,기타단일로