교통사고이력ID(사고기록 순서),발생년월일시,주야코드,요일코드,사망자수,부상자수,중상자수,경상자수,부상신고자수,발생지시도코드,발생지시도코드,사고유형대분류코드,사고유형중분류코드,사고유형코드,법규위반코드,도로형태대분류코드,도로로형태코드
40007,2022-01-22 20,야간,토,1,1,0,0,0,전남,완도군,차량단독,도로이탈,도로이탈 추락,안전운전 의무 불이행,단일로,기타단일로
40008,2022-01-10 03,야간,월,1,1,0,0,0,전남,해남군,차대차,기타,기타,안전운전 의무 불이행,단일로,기타단일로
40009,2022-01-08 06,주간,토,1,2,0,1,0,경북,영주시,차대차,추돌,추돌,안전운전 의무 불이행,단일로,기타단일로
40010,2022-01-06 21,야간,목,1,1,0,0,0,서울,성동구,차대사람,횡단중,횡단중,신호위반,단일로,기타단일로
40011,2022-02-06 18,야간,일,1,1,0,0,0,경남,하동군,차량단독,공작물충돌,공작물충돌,안전운전 의무 불이행,단일로,기타단일로
40012,2022-01-11 01,야간,화,1,1,0,0,0,전북,정읍시,차대차,측면충돌,측면충돌,중앙선 침범,교차로,교차로부근
40013,2022-02-11 10,주간,금,1,1,0,0,0,전남,진도군,차대차,정면충돌,정면충돌,안전운전 의무 불이행,단일로,기타단일로
40014,2022-02-07 12,주간,월,1,1,0,0,0,경남,하동군,차대차,추돌,추돌,안전운전 의무 불이행,단일로,기타단일로
40015,2022-01-06 01,야간,목,1,1,0,0,0,경기,포천시,차량단독,공작물충돌,공작물충돌,안전운전 의무 불이행,단일로,기타단일로
40016,2022-01-26 16,주간,수,1,1,0,0,0,전남,보성군,차량단독,도로이탈,도로이탈 추락,안전운전 의무 불이행,기타,기타
40017,2022-02-16 10,주간,수,1,2,0,1,0,경남,산청군,차대차,정면충돌,정면충돌,중앙선 침범,단일로,기타단일로
40018,2022-01-21 12,주간,금,1,6,1,4,0,충북,진천군,차대차,추돌,추돌,안전운전 의무 불이행,단일로,기타단일로
40019,2022-01-07 14,주간,금,1,1,0,0,0,경남,거제시,차량단독,공작물충돌,공작물충돌,안전운전 의무 불이행,단일로,기타단일로
40020,2022-04-05 16,주간,화,1,1,0,0,0,전남,곡성군,차대차,추돌,추돌,안전운전 의무 불이행,단일로,기타단일로
40021,2022-02-02 06,주간,수,1,1,0,0,0,전남,장성군,차대사람,차도통행중,차도통행중,안전운전 의무 불이행,단일로,기타단일로
40022,2022-04-10 17,주간,일,1,1,0,0,0,전북,장수군,차대사람,기타,기타,안전운전 의무 불이행,단일로,기타단일로
40023,2022-01-03 22,야간,월,1,1,0,0,0,강원,강릉시,차대사람,횡단중,횡단중,안전운전 의무 불이행,단일로,기타단일로
40024,2022-03-01 15,주간,화,1,3,1,1,0,전북,순창군,차량단독,공작물충돌,공작물충돌,기타,단일로,기타단일로
40025,2022-01-24 11,주간,월,1,1,0,0,0,경남,고성군,차대차,측면충돌,측면충돌,중앙선 침범,단일로,기타단일로
40026,2022-01-27 07,주간,목,1,1,0,0,0,경남,창녕군,차대사람,기타,기타,신호위반,단일로,기타단일로
40027,2022-01-10 18,야간,월,1,1,0,0,0,충남,논산시,차대사람,횡단중,횡단중,기타,교차로,교차로부근
40028,2022-01-15 16,주간,토,1,1,0,0,0,전남,해남군,차량단독,기타,기타,안전운전 의무 불이행,기타,기타
40029,2022-01-25 11,주간,화,1,1,0,0,0,경남,고성군,차대사람,횡단중,횡단중,보행자 보호의무 위반,단일로,기타단일로
40030,2022-01-24 06,주간,월,1,1,0,0,0,충남,서천군,차대사람,기타,기타,안전운전 의무 불이행,교차로,교차로내
40031,2022-01-07 01,야간,금,2,2,0,0,0,경남,창원시(통합),차대차,정면충돌,정면충돌,중앙선 침범,단일로,기타단일로
40032,2022-01-31 20,야간,월,2,6,0,4,0,강원,정선군,차대차,정면충돌,정면충돌,중앙선 침범,단일로,기타단일로
40033,2022-01-04 17,주간,화,1,1,0,0,0,부산,부산진구,차대사람,횡단중,횡단중,기타,교차로,교차로내
40034,2022-03-25 13,주간,금,1,1,0,0,0,강원,양구군,차대사람,기타,기타,안전운전 의무 불이행,교차로,교차로부근
40035,2022-02-26 19,야간,토,1,2,0,1,0,경남,의령군,차량단독,도로이탈,도로이탈 추락,안전운전 의무 불이행,단일로,기타단일로
40036,2022-02-11 15,주간,금,1,1,0,0,0,강원,횡성군,차량단독,도로이탈,도로이탈 추락,안전운전 의무 불이행,단일로,기타단일로
40037,2022-01-09 05,야간,일,1,6,0,5,0,서울,서대문구,차대차,추돌,추돌,안전운전 의무 불이행,단일로,기타단일로
40038,2022-01-19 11,주간,수,1,4,2,1,0,강원,인제군,차대차,측면충돌,측면충돌,안전운전 의무 불이행,단일로,터널안
40039,2022-02-14 16,주간,월,1,1,0,0,0,충남,금산군,차대차,측면충돌,측면충돌,안전운전 의무 불이행,단일로,기타단일로
40040,2022-02-03 12,주간,목,1,8,0,6,1,경북,울진군,차대차,정면충돌,정면충돌,중앙선 침범,단일로,기타단일로
40041,2022-01-10 02,야간,월,1,2,0,1,0,경남,거제시,차대차,기타,기타,중앙선 침범,단일로,기타단일로
40042,2022-01-22 20,야간,토,1,1,0,0,0,충남,예산군,차량단독,공작물충돌,공작물충돌,안전운전 의무 불이행,교차로,교차로부근
40043,2022-01-23 05,야간,일,1,1,0,0,0,전남,고흥군,차대사람,기타,기타,안전운전 의무 불이행,단일로,기타단일로
40044,2022-03-06 20,야간,일,1,1,0,0,0,경남,산청군,차대사람,횡단중,횡단중,보행자 보호의무 위반,단일로,기타단일로
40045,2022-03-28 11,주간,월,1,1,0,0,0,전북,순창군,차량단독,도로이탈,도로이탈 기타,안전운전 의무 불이행,단일로,기타단일로
40046,2022-01-19 18,야간,수,1,3,1,1,0,강원,강릉시,차대차,추돌,추돌,안전거리 미확보,단일로,기타단일로
40047,2022-02-18 19,야간,금,1,1,0,0,0,충남,청양군,차대차,측면충돌,측면충돌,신호위반,교차로,교차로내
40048,2022-01-27 10,주간,목,1,1,0,0,0,경북,영덕군,차량단독,공작물충돌,공작물충돌,안전운전 의무 불이행,단일로,기타단일로
40049,2022-01-07 14,주간,금,1,3,1,1,0,경북,안동시,차대차,추돌,추돌,안전운전 의무 불이행,단일로,기타단일로
40050,2022-01-09 01,야간,일,1,1,0,0,0,경남,창원시(통합),차량단독,공작물충돌,공작물충돌,기타,단일로,기타단일로
40051,2022-01-18 18,야간,화,1,1,0,0,0,전남,해남군,차대사람,횡단중,횡단중,교차로 통행방법 위반,교차로,교차로부근
40052,2022-03-15 08,주간,화,1,1,0,0,0,전남,광양시,차량단독,전도,전도,안전운전 의무 불이행,기타,기타
40053,2022-03-08 08,주간,화,1,1,0,0,0,경남,하동군,차량단독,도로이탈,도로이탈 추락,안전운전 의무 불이행,단일로,기타단일로
40054,2022-01-08 05,야간,토,1,1,0,0,0,경기,용인시,차대사람,횡단중,횡단중,안전운전 의무 불이행,단일로,기타단일로
40055,2022-01-10 17,주간,월,1,1,0,0,0,인천,부평구,차대사람,횡단중,횡단중,신호위반,단일로,기타단일로
40056,2022-04-04 22,야간,월,1,1,0,0,0,경북,군위군,차량단독,공작물충돌,공작물충돌,안전운전 의무 불이행,단일로,기타단일로
40057,2022-01-29 11,주간,토,1,1,0,0,0,인천,강화군,차대차,측면충돌,측면충돌,교차로 통행방법 위반,교차로,교차로내
40058,2022-01-04 19,야간,화,1,3,2,0,0,경기,파주시,차대차,정면충돌,정면충돌,안전운전 의무 불이행,단일로,기타단일로
40059,2022-04-12 22,야간,화,1,1,0,0,0,경북,군위군,차대차,추돌,추돌,안전운전 의무 불이행,단일로,기타단일로
40060,2022-01-10 06,주간,월,1,3,0,2,0,인천,남동구,차대차,추돌,추돌,기타,교차로,교차로부근
40061,2022-01-18 06,주간,화,1,1,0,0,0,전남,나주시,차대사람,횡단중,횡단중,안전운전 의무 불이행,단일로,기타단일로
40062,2022-01-03 18,야간,월,1,1,0,0,0,경기,시흥시,차대사람,횡단중,횡단중,안전운전 의무 불이행,단일로,기타단일로
40063,2022-01-28 17,주간,금,1,1,0,0,0,충북,증평군,차대차,측면충돌,측면충돌,안전운전 의무 불이행,교차로,교차로부근
40064,2022-03-11 11,주간,금,1,1,0,0,0,경남,함양군,차대사람,횡단중,횡단중,안전운전 의무 불이행,단일로,기타단일로
40065,2022-03-14 15,주간,월,1,1,0,0,0,경남,함양군,차대차,측면충돌,측면충돌,교차로 통행방법 위반,교차로,교차로내
40066,2022-01-14 21,야간,금,1,1,0,0,0,부산,기장군,차대차,기타,기타,안전운전 의무 불이행,단일로,기타단일로
40067,2022-01-15 22,야간,토,1,3,2,0,0,경남,창원시(통합),차량단독,공작물충돌,공작물충돌,안전운전 의무 불이행,교차로,교차로내
40068,2022-03-28 20,야간,월,1,2,0,1,0,전북,무주군,차대차,추돌,추돌,안전운전 의무 불이행,단일로,기타단일로
40069,2022-03-30 07,주간,수,1,1,0,0,0,전북,임실군,차량단독,공작물충돌,공작물충돌,안전운전 의무 불이행,단일로,교량위
40070,2022-02-06 18,야간,일,1,1,0,0,0,경북,성주군,차대차,추돌,추돌,안전운전 의무 불이행,단일로,기타단일로
40071,2022-01-06 22,야간,목,1,2,1,0,0,전남,신안군,차량단독,공작물충돌,공작물충돌,안전운전 의무 불이행,교차로,교차로부근
40072,2022-01-24 06,주간,월,1,1,0,0,0,충남,태안군,차대차,추돌,추돌,안전운전 의무 불이행,단일로,기타단일로
40073,2022-02-22 10,주간,화,1,2,1,0,0,경북,고령군,차대차,기타,기타,안전운전 의무 불이행,교차로,교차로내
40074,2022-01-13 00,야간,목,1,1,0,0,0,경기,군포시,차대사람,차도통행중,차도통행중,안전운전 의무 불이행,단일로,기타단일로
40075,2022-03-12 16,주간,토,1,1,0,0,0,전북,무주군,차량단독,전도,전도,안전운전 의무 불이행,단일로,지하차도(도로)내
40076,2022-01-07 06,주간,금,1,1,0,0,0,광주,서구,차대차,측면충돌,측면충돌,중앙선 침범,단일로,기타단일로
40077,2022-04-04 09,주간,월,1,3,1,1,0,충북,단양군,차대차,정면충돌,정면충돌,중앙선 침범,단일로,기타단일로
40078,2022-03-19 14,주간,토,1,1,0,0,0,충남,청양군,차량단독,도로이탈,도로이탈 추락,안전운전 의무 불이행,교차로,교차로부근
40079,2022-01-07 21,야간,금,1,1,0,0,0,대구,달서구,차대사람,횡단중,횡단중,신호위반,교차로,교차로내
40080,2022-05-12 08,주간,목,1,1,0,0,0,전북,순창군,차대사람,기타,기타,안전운전 의무 불이행,단일로,기타단일로
40081,2022-03-15 05,야간,화,1,1,0,0,0,경남,남해군,차량단독,공작물충돌,공작물충돌,안전운전 의무 불이행,교차로,교차로내
40082,2022-04-12 08,주간,화,1,5,0,4,0,전남,광양시,차대차,추돌,추돌,안전운전 의무 불이행,기타,기타
40083,2022-05-14 18,야간,토,1,5,0,4,0,강원,양구군,차대차,추돌,추돌,중앙선 침범,기타,기타
40084,2022-02-10 13,주간,목,1,2,0,1,0,전남,영암군,차대차,측면충돌,측면충돌,안전운전 의무 불이행,교차로,교차로내
40085,2022-01-11 00,야간,화,1,1,0,0,0,경기,이천시,차량단독,공작물충돌,공작물충돌,안전운전 의무 불이행,단일로,기타단일로
40086,2022-06-01 07,주간,수,1,1,0,0,0,전북,진안군,차량단독,기타,기타,안전운전 의무 불이행,교차로,교차로내
40087,2022-02-02 00,야간,수,1,1,0,0,0,충남,부여군,차량단독,도로이탈,도로이탈 추락,안전운전 의무 불이행,단일로,교량위
40088,2022-06-03 10,주간,금,1,1,0,0,0,전북,진안군,차대사람,횡단중,횡단중,기타,단일로,기타단일로
40089,2022-05-23 13,주간,월,1,1,0,0,0,강원,양구군,차대차,추돌,추돌,안전운전 의무 불이행,단일로,기타단일로
40090,2022-02-26 11,주간,토,1,1,0,0,0,강원,정선군,차량단독,공작물충돌,공작물충돌,안전운전 의무 불이행,단일로,기타단일로
40091,2022-04-08 14,주간,금,1,1,0,0,0,경남,의령군,차대차,측면충돌,측면충돌,안전운전 의무 불이행,교차로,교차로내
40092,2022-04-06 16,주간,수,1,1,0,0,0,경남,함양군,차량단독,공작물충돌,공작물충돌,안전운전 의무 불이행,교차로,교차로부근
40093,2022-03-08 17,주간,화,1,3,2,0,0,강원,평창군,차대차,정면충돌,정면충돌,교차로 통행방법 위반,교차로,교차로내
40094,2022-03-11 07,주간,금,1,2,1,0,0,강원,평창군,차대차,정면충돌,정면충돌,중앙선 침범,단일로,지하차도(도로)내
40095,2022-04-07 15,주간,목,1,5,0,4,0,강원,횡성군,차대차,정면충돌,정면충돌,중앙선 침범,단일로,기타단일로
40096,2022-01-17 23,야간,월,1,1,0,0,0,인천,중구,차대사람,횡단중,횡단중,안전운전 의무 불이행,교차로,교차로횡단보도내
40097,2022-01-19 20,야간,수,1,1,0,0,0,경기,이천시,차대차,측면충돌,측면충돌,안전운전 의무 불이행,단일로,기타단일로
40098,2022-06-03 09,주간,금,1,1,0,0,0,경북,군위군,차대차,정면충돌,정면충돌,중앙선 침범,단일로,기타단일로
40099,2022-01-29 21,야간,토,1,2,0,0,1,서울,은평구,차대사람,횡단중,횡단중,기타,교차로,교차로부근
40100,2022-01-06 20,야간,목,1,1,0,0,0,경기,부천시,차대사람,횡단중,횡단중,안전운전 의무 불이행,단일로,기타단일로
40101,2022-01-25 12,주간,화,1,2,0,1,0,경남,사천시,차량단독,전도,전도,안전운전 의무 불이행,단일로,기타단일로
40102,2022-08-01 21,야간,월,1,1,0,0,0,전북,장수군,차대차,정면충돌,정면충돌,중앙선 침범,단일로,기타단일로
40103,2022-01-15 18,야간,토,1,1,0,0,0,경기,남양주시,차대사람,횡단중,횡단중,보행자 보호의무 위반,교차로,교차로횡단보도내
40104,2022-06-16 13,주간,목,1,1,0,0,0,전북,진안군,차량단독,공작물충돌,공작물충돌,안전운전 의무 불이행,단일로,기타단일로
40105,2022-02-19 00,야간,토,1,1,0,0,0,전남,강진군,차량단독,공작물충돌,공작물충돌,안전운전 의무 불이행,단일로,기타단일로
40106,2022-01-15 13,주간,토,1,1,0,0,0,경남,창원시(통합),차대차,측면충돌,측면충돌,안전거리 미확보,단일로,기타단일로
40107,2022-01-15 18,야간,토,1,1,0,0,0,경기,안양시,차대차,기타,기타,안전운전 의무 불이행,단일로,기타단일로
40108,2022-02-16 18,야간,수,1,1,0,0,0,인천,강화군,차대차,추돌,추돌,안전운전 의무 불이행,단일로,지하차도(도로)내
40109,2022-01-12 13,주간,수,1,1,0,0,0,서울,양천구,차대사람,횡단중,횡단중,신호위반,교차로,교차로부근
40110,2022-04-21 13,주간,목,1,1,0,0,0,경남,산청군,차대차,추돌,추돌,안전거리 미확보,단일로,기타단일로
40111,2022-01-26 14,주간,수,1,1,0,0,0,충남,논산시,차대차,측면충돌,측면충돌,중앙선 침범,교차로,교차로내
40112,2022-06-20 22,야간,월,1,4,2,1,0,전북,군산시,차대차,추돌,추돌,안전운전 의무 불이행,단일로,기타단일로
40113,2022-01-24 19,야간,월,1,2,0,1,0,경북,구미시,차대차,추돌,추돌,안전운전 의무 불이행,단일로,기타단일로
40114,2022-06-21 14,주간,화,1,1,0,0,0,강원,양구군,차량단독,공작물충돌,공작물충돌,안전운전 의무 불이행,기타,기타
40115,2022-02-25 00,야간,금,1,1,0,0,0,경남,고성군,차량단독,기타,기타,안전운전 의무 불이행,교차로,교차로내
40116,2022-03-15 17,주간,화,1,1,0,0,0,경북,고령군,차량단독,공작물충돌,공작물충돌,안전운전 의무 불이행,단일로,기타단일로
40117,2022-03-27 17,주간,일,1,3,1,1,0,경북,의성군,차대차,정면충돌,정면충돌,중앙선 침범,단일로,기타단일로
40118,2022-02-14 18,야간,월,1,1,0,0,0,충남,공주시,차대사람,횡단중,횡단중,안전운전 의무 불이행,단일로,기타단일로
40119,2022-01-13 15,주간,목,1,2,0,1,0,경기,양주시,차대사람,기타,기타,안전운전 의무 불이행,단일로,기타단일로
40120,2022-02-25 16,주간,금,1,1,0,0,0,전남,담양군,차대차,측면충돌,측면충돌,안전운전 의무 불이행,단일로,기타단일로
40121,2022-06-11 06,주간,토,1,1,0,0,0,강원,인제군,차대차,추돌,추돌,안전운전 의무 불이행,교차로,교차로내
40122,2022-04-21 13,주간,목,1,1,0,0,0,전북,무주군,차대사람,길가장자리구역통행중,길가장자리구역통행중,안전운전 의무 불이행,단일로,지하차도(도로)내
40123,2022-01-08 06,주간,토,2,4,0,2,0,경북,경산시,차대차,정면충돌,정면충돌,중앙선 침범,단일로,기타단일로
40124,2022-04-05 13,주간,화,1,1,0,0,0,전남,보성군,차량단독,전도,전도,안전운전 의무 불이행,교차로,교차로내
40125,2022-08-07 08,주간,일,1,1,0,0,0,경북,영양군,차대차,측면충돌,측면충돌,교차로 통행방법 위반,교차로,교차로내
40126,2022-01-19 07,주간,수,1,1,0,0,0,인천,부평구,차대사람,횡단중,횡단중,신호위반,단일로,기타단일로
40127,2022-01-12 09,주간,수,1,1,0,0,0,서울,강서구,차대사람,횡단중,횡단중,안전운전 의무 불이행,교차로,교차로내
40128,2022-01-14 20,야간,금,1,1,0,0,0,경기,광명시,차대차,추돌,추돌,안전운전 의무 불이행,단일로,기타단일로
40129,2022-04-18 19,야간,월,1,1,0,0,0,경남,함양군,차량단독,전도,전도,안전운전 의무 불이행,단일로,기타단일로
40130,2022-01-15 13,주간,토,1,1,0,0,0,경기,성남시,차대차,측면충돌,측면충돌,안전운전 의무 불이행,교차로,교차로내
40131,2022-03-29 14,주간,화,1,1,0,0,0,경북,울진군,차량단독,공작물충돌,공작물충돌,안전운전 의무 불이행,교차로,교차로내
40132,2022-05-30 07,주간,월,1,2,0,1,0,전남,함평군,차량단독,공작물충돌,공작물충돌,기타,기타,기타
40133,2022-03-16 14,주간,수,1,2,0,1,0,강원,홍천군,차대차,정면충돌,정면충돌,중앙선 침범,기타,기타
40134,2022-04-27 00,야간,수,1,1,0,0,0,전북,무주군,차대사람,차도통행중,차도통행중,중앙선 침범,단일로,지하차도(도로)내
40135,2022-07-04 07,주간,월,1,1,0,0,0,전남,곡성군,차대차,측면충돌,측면충돌,기타,교차로,교차로내
40136,2022-01-08 21,야간,토,1,3,2,0,0,강원,원주시,차대차,추돌,추돌,기타,단일로,기타단일로
40137,2022-03-21 11,주간,월,1,1,0,0,0,전북,부안군,차대사람,기타,기타,안전운전 의무 불이행,주차장,주차장
40138,2022-04-29 13,주간,금,1,1,0,0,0,전북,무주군,차량단독,공작물충돌,공작물충돌,안전운전 의무 불이행,단일로,지하차도(도로)내
40139,2022-04-18 13,주간,월,1,3,2,0,0,경남,합천군,차대사람,길가장자리구역통행중,길가장자리구역통행중,신호위반,교차로,교차로부근
40140,2022-02-25 14,주간,금,1,1,0,0,0,전남,고흥군,차량단독,기타,기타,안전운전 의무 불이행,교차로,교차로내
40141,2022-03-14 05,야간,월,1,1,0,0,0,경북,영덕군,차대사람,차도통행중,차도통행중,안전거리 미확보,단일로,기타단일로
40142,2022-01-10 05,야간,월,2,5,3,0,0,충남,아산시,차대차,정면충돌,정면충돌,중앙선 침범,단일로,기타단일로
40143,2022-07-13 13,주간,수,1,2,0,1,0,강원,철원군,차량단독,도로이탈,도로이탈 추락,안전운전 의무 불이행,단일로,기타단일로
40144,2022-02-02 04,야간,수,1,1,0,0,0,부산,기장군,차량단독,공작물충돌,공작물충돌,안전운전 의무 불이행,교차로,교차로부근
40145,2022-02-28 19,야간,월,1,1,0,0,0,전남,영암군,차대차,측면충돌,측면충돌,기타,교차로,교차로내
40146,2022-04-29 11,주간,금,1,1,0,0,0,전남,구례군,차대사람,횡단중,횡단중,안전운전 의무 불이행,교차로,교차로내
40147,2022-04-05 09,주간,화,1,1,0,0,0,전남,장성군,차대차,기타,기타,안전운전 의무 불이행,단일로,기타단일로
40148,2022-06-10 12,주간,금,1,1,0,0,0,전남,무안군,차대차,추돌,추돌,안전운전 의무 불이행,기타,기타
40149,2022-01-15 21,야간,토,1,1,0,0,0,경기,광명시,차대사람,횡단중,횡단중,보행자 보호의무 위반,교차로,교차로내
40150,2022-07-06 13,주간,수,1,1,0,0,0,전북,순창군,차량단독,공작물충돌,공작물충돌,안전운전 의무 불이행,교차로,교차로내
40151,2022-07-19 12,주간,화,1,1,0,0,0,전남,곡성군,차대차,추돌,추돌,안전운전 의무 불이행,단일로,기타단일로
40152,2022-01-13 22,야간,목,1,1,0,0,0,강원,춘천시,차대사람,기타,기타,안전운전 의무 불이행,교차로,교차로부근
40153,2022-03-26 00,야간,토,1,2,1,0,0,충북,괴산군,차량단독,공작물충돌,공작물충돌,기타,단일로,기타단일로
40154,2022-01-12 16,주간,수,1,1,0,0,0,경북,포항시,차대차,측면충돌,측면충돌,신호위반,교차로,교차로내
40155,2022-01-29 16,주간,토,1,1,0,0,0,충북,진천군,차량단독,전도,전도,안전운전 의무 불이행,단일로,기타단일로
40156,2022-03-14 19,야간,월,1,3,0,2,0,충남,서천군,차대차,정면충돌,정면충돌,중앙선 침범,단일로,기타단일로
40157,2022-03-06 10,주간,일,1,1,0,0,0,전남,영암군,차량단독,공작물충돌,공작물충돌,안전운전 의무 불이행,단일로,기타단일로
40158,2022-01-09 21,야간,일,1,7,0,6,0,경기,고양시,차대차,추돌,추돌,안전운전 의무 불이행,단일로,기타단일로
40159,2022-02-23 06,주간,수,1,1,0,0,0,전북,정읍시,차대사람,횡단중,횡단중,기타,교차로,교차로내
40160,2022-08-07 07,주간,일,1,1,0,0,0,강원,양구군,차량단독,도로이탈,도로이탈 추락,안전운전 의무 불이행,단일로,기타단일로
40161,2022-07-16 22,야간,토,1,1,0,0,0,전북,순창군,차대사람,차도통행중,차도통행중,안전운전 의무 불이행,단일로,기타단일로
40162,2022-02-25 18,야간,금,1,1,0,0,0,서울,중구,차대사람,기타,기타,안전운전 의무 불이행,단일로,기타단일로
40163,2022-01-23 06,주간,일,1,2,0,1,0,인천,중구,차대사람,차도통행중,차도통행중,안전운전 의무 불이행,단일로,기타단일로
40164,2022-03-20 15,주간,일,1,1,0,0,0,경북,성주군,차량단독,도로이탈,도로이탈 기타,안전운전 의무 불이행,단일로,기타단일로
40165,2022-02-19 11,주간,토,1,1,0,0,0,전북,남원시,차대차,측면충돌,측면충돌,안전거리 미확보,단일로,기타단일로
40166,2022-05-28 23,야간,토,1,1,0,0,0,경남,의령군,차량단독,도로이탈,도로이탈 추락,기타,단일로,기타단일로
40167,2022-03-26 12,주간,토,1,3,0,2,0,경남,거창군,차대차,추돌,추돌,안전운전 의무 불이행,단일로,기타단일로
40168,2022-05-01 21,야간,일,1,1,0,0,0,전남,진도군,차량단독,도로이탈,도로이탈 추락,안전운전 의무 불이행,단일로,지하차도(도로)내
40169,2022-01-12 15,주간,수,1,2,1,0,0,경기,수원시,차량단독,공작물충돌,공작물충돌,안전운전 의무 불이행,단일로,기타단일로
40170,2022-01-12 10,주간,수,1,1,0,0,0,전남,순천시,차량단독,기타,기타,안전운전 의무 불이행,단일로,기타단일로
40171,2022-01-28 07,주간,금,1,1,0,0,0,경기,의정부시,차대차,기타,기타,안전운전 의무 불이행,단일로,기타단일로
40172,2022-01-16 20,야간,일,1,1,0,0,0,경기,남양주시,차대차,정면충돌,정면충돌,안전운전 의무 불이행,단일로,기타단일로
40173,2022-03-16 21,야간,수,1,1,0,0,0,경남,함안군,차대사람,횡단중,횡단중,기타,단일로,기타단일로
40174,2022-08-11 11,주간,목,1,3,1,1,0,전북,완주군,차대차,추돌,추돌,안전운전 의무 불이행,단일로,기타단일로
40175,2022-05-28 11,주간,토,1,2,0,1,0,충북,단양군,차대차,정면충돌,정면충돌,중앙선 침범,단일로,기타단일로
40176,2022-01-21 07,주간,금,1,1,0,0,0,경기,부천시,차대사람,횡단중,횡단중,안전운전 의무 불이행,단일로,기타단일로
40177,2022-06-13 11,주간,월,1,1,0,0,0,경북,봉화군,차량단독,전도,전도,안전운전 의무 불이행,단일로,기타단일로
40178,2022-06-09 15,주간,목,1,1,0,0,0,경남,의령군,차대차,측면충돌,측면충돌,교차로 통행방법 위반,교차로,교차로부근
40179,2022-02-05 15,주간,토,1,1,0,0,0,경기,여주시,차량단독,공작물충돌,공작물충돌,안전운전 의무 불이행,단일로,기타단일로
40180,2022-01-14 04,야간,금,1,1,0,0,0,전북,군산시,차량단독,공작물충돌,공작물충돌,안전운전 의무 불이행,교차로,교차로내
40181,2022-01-09 18,야간,일,1,2,0,1,0,경기,의정부시,차대차,측면충돌,측면충돌,교차로 통행방법 위반,교차로,교차로내
40182,2022-03-15 06,주간,화,1,1,0,0,0,대전,유성구,차대차,추돌,추돌,안전운전 의무 불이행,단일로,기타단일로
40183,2022-02-25 08,주간,금,1,1,0,0,0,전북,김제시,차량단독,전도,전도,안전운전 의무 불이행,단일로,기타단일로
40184,2022-04-06 14,주간,수,1,1,0,0,0,경북,예천군,차량단독,전복,전복,안전운전 의무 불이행,단일로,기타단일로
40185,2022-05-13 20,야간,금,1,1,0,0,0,경남,하동군,차대차,기타,기타,중앙선 침범,단일로,기타단일로
40186,2022-01-11 00,야간,화,1,1,0,0,0,충북,청주시,차대사람,기타,기타,안전운전 의무 불이행,기타,기타
40187,2022-02-23 12,주간,수,1,2,1,0,0,경북,문경시,철길건널목,철길건널목,철길건널목,기타,철길건널목,철길건널목
40188,2022-03-10 09,주간,목,1,1,0,0,0,전남,강진군,차대차,측면충돌,측면충돌,안전운전 의무 불이행,교차로,교차로내
40189,2022-06-04 07,주간,토,1,1,0,0,0,전북,무주군,차량단독,도로이탈,도로이탈 추락,안전운전 의무 불이행,단일로,지하차도(도로)내
40190,2022-01-10 20,야간,월,1,1,0,0,0,경북,구미시,차대차,정면충돌,정면충돌,중앙선 침범,단일로,기타단일로
40191,2022-01-13 23,야간,목,1,3,2,0,0,충남,천안시,차대차,정면충돌,정면충돌,중앙선 침범,단일로,교량위
40192,2022-06-07 09,주간,화,1,1,0,0,0,전북,임실군,차량단독,공작물충돌,공작물충돌,안전운전 의무 불이행,단일로,지하차도(도로)내
40193,2022-01-16 22,야간,일,1,2,0,1,0,경남,김해시,차대차,측면충돌,측면충돌,신호위반,교차로,교차로내
40194,2022-01-15 14,주간,토,1,4,0,3,0,인천,연수구,차대차,측면충돌,측면충돌,중앙선 침범,교차로,교차로부근
40195,2022-08-09 15,주간,화,1,1,0,0,0,전북,순창군,차대사람,차도통행중,차도통행중,안전운전 의무 불이행,단일로,기타단일로
40196,2022-01-18 15,주간,화,1,1,0,0,0,경기,남양주시,차대사람,횡단중,횡단중,안전운전 의무 불이행,교차로,교차로부근
40197,2022-04-27 17,주간,수,1,2,0,1,0,강원,고성군,차량단독,도로이탈,도로이탈 기타,안전운전 의무 불이행,교차로,교차로부근
40198,2022-03-23 11,주간,수,1,2,1,0,0,경남,함안군,차대사람,횡단중,횡단중,안전운전 의무 불이행,교차로,교차로부근
40199,2022-05-20 15,주간,금,1,9,2,4,2,경남,남해군,차대차,정면충돌,정면충돌,중앙선 침범,단일로,기타단일로
40200,2022-08-03 16,주간,수,1,1,0,0,0,경북,청송군,차량단독,공작물충돌,공작물충돌,안전운전 의무 불이행,단일로,지하차도(도로)내
40201,2022-01-11 08,주간,화,1,1,0,0,0,경북,구미시,차대사람,차도통행중,차도통행중,안전운전 의무 불이행,교차로,교차로부근
40202,2022-05-11 20,야간,수,1,1,0,0,0,충남,청양군,차대차,기타,기타,기타,단일로,기타단일로
40203,2022-06-06 04,야간,월,1,1,0,0,0,경남,산청군,차량단독,도로이탈,도로이탈 추락,안전운전 의무 불이행,단일로,기타단일로
40204,2022-01-13 22,야간,목,2,4,0,2,0,서울,영등포구,차대차,정면충돌,정면충돌,중앙선 침범,단일로,고가도로위
40205,2022-01-21 18,야간,금,1,5,0,4,0,충남,당진시,차대차,추돌,추돌,안전운전 의무 불이행,단일로,기타단일로