교통사고이력ID(사고기록 순서),발생년월일시,주야코드,요일코드,사망자수,부상자수,중상자수,경상자수,부상신고자수,발생지시도코드,발생지시도코드,사고유형대분류코드,사고유형중분류코드,사고유형코드,법규위반코드,도로형태대분류코드,도로로형태코드
40206,2022-11-04 13,주간,금,1,2,1,0,0,전북,장수군,차대차,정면충돌,정면충돌,중앙선 침범,단일로,기타단일로
40207,2022-05-23 19,야간,월,1,1,0,0,0,경남,하동군,차량단독,전도,전도,안전운전 의무 불이행,교차로,교차로부근
40208,2022-05-24 05,야간,화,1,3,1,1,0,경남,하동군,차대차,추돌,추돌,안전운전 의무 불이행,단일로,기타단일로
40209,2022-04-27 20,야간,수,1,1,0,0,0,경북,고령군,차량단독,기타,기타,안전운전 의무 불이행,교차로,교차로내
40210,2022-09-15 10,주간,목,1,1,0,0,0,전남,곡성군,차량단독,기타,기타,안전운전 의무 불이행,기타,기타
40211,2022-09-19 21,야간,월,1,1,0,0,0,전북,진안군,차량단독,공작물충돌,공작물충돌,안전운전 의무 불이행,단일로,교량위
40212,2022-10-16 15,주간,일,1,3,0,2,0,경북,영양군,차대차,정면충돌,정면충돌,안전운전 의무 불이행,단일로,기타단일로
40213,2022-02-09 19,야간,수,1,5,3,1,0,충남,보령시,차대차,측면충돌,측면충돌,안전운전 의무 불이행,단일로,기타단일로
40214,2022-02-12 15,주간,토,1,1,0,0,0,충남,홍성군,차대차,측면충돌,측면충돌,기타,단일로,기타단일로
40215,2022-08-09 22,야간,화,1,1,0,0,0,경북,청송군,차대사람,차도통행중,차도통행중,안전운전 의무 불이행,단일로,지하차도(도로)내
40216,2022-04-10 15,주간,일,1,1,0,0,0,전북,부안군,차대차,측면충돌,측면충돌,중앙선 침범,교차로,교차로내
40217,2022-03-31 02,야간,목,1,3,1,1,0,경남,진주시,차대차,기타,기타,안전운전 의무 불이행,단일로,기타단일로
40218,2022-05-23 14,주간,월,1,1,0,0,0,강원,영월군,차량단독,공작물충돌,공작물충돌,안전운전 의무 불이행,단일로,기타단일로
40219,2022-02-03 03,야간,목,2,2,0,0,0,경북,영천시,철길건널목,철길건널목,철길건널목,기타,철길건널목,철길건널목
40220,2022-04-04 14,주간,월,1,1,0,0,0,충북,옥천군,차량단독,공작물충돌,공작물충돌,안전운전 의무 불이행,단일로,교량위
40221,2022-03-23 19,야간,수,1,2,1,0,0,전남,고흥군,차량단독,공작물충돌,공작물충돌,안전운전 의무 불이행,단일로,기타단일로
40222,2022-02-10 06,주간,목,1,1,0,0,0,경남,밀양시,차량단독,공작물충돌,공작물충돌,안전운전 의무 불이행,단일로,기타단일로
40223,2022-01-18 17,주간,화,1,2,1,0,0,강원,춘천시,차대사람,횡단중,횡단중,보행자 보호의무 위반,교차로,교차로횡단보도내
40224,2022-09-29 07,주간,목,1,1,0,0,0,전북,진안군,차대사람,기타,기타,안전운전 의무 불이행,단일로,기타단일로
40225,2022-01-13 07,주간,목,1,1,0,0,0,충북,청주시,차대사람,횡단중,횡단중,보행자 보호의무 위반,단일로,기타단일로
40226,2022-03-31 23,야간,목,1,1,0,0,0,인천,강화군,차량단독,공작물충돌,공작물충돌,기타,단일로,지하차도(도로)내
40227,2022-09-21 21,야간,수,1,1,0,0,0,전남,곡성군,차대사람,횡단중,횡단중,기타,단일로,기타단일로
40228,2022-07-04 09,주간,월,1,1,0,0,0,경남,의령군,차대차,측면충돌,측면충돌,중앙선 침범,교차로,교차로부근
40229,2022-03-08 11,주간,화,1,1,0,0,0,경기,가평군,차량단독,공작물충돌,공작물충돌,안전운전 의무 불이행,단일로,기타단일로
40230,2022-04-28 19,야간,목,1,1,0,0,0,경기,과천시,차량단독,전도,전도,안전운전 의무 불이행,단일로,기타단일로
40231,2022-05-12 08,주간,목,1,3,0,2,0,경북,고령군,차대차,기타,기타,안전운전 의무 불이행,단일로,기타단일로
40232,2022-01-22 13,주간,토,1,1,0,0,0,서울,구로구,차대차,측면충돌,측면충돌,안전거리 미확보,단일로,기타단일로
40233,2022-07-08 09,주간,금,1,1,0,0,0,전북,무주군,차량단독,공작물충돌,공작물충돌,안전운전 의무 불이행,단일로,지하차도(도로)내
40234,2022-01-10 10,주간,월,1,2,1,0,0,인천,서구,차대차,정면충돌,정면충돌,중앙선 침범,교차로,교차로내
40235,2022-04-27 12,주간,수,1,1,0,0,0,경북,영덕군,차대사람,길가장자리구역통행중,길가장자리구역통행중,안전운전 의무 불이행,단일로,기타단일로
40236,2022-05-30 07,주간,월,1,1,0,0,0,전남,진도군,차대차,측면충돌,측면충돌,교차로 통행방법 위반,교차로,교차로내
40237,2022-01-22 12,주간,토,1,1,0,0,0,부산,사상구,차량단독,기타,기타,안전운전 의무 불이행,교차로,교차로내
40238,2022-02-10 19,야간,목,1,4,2,1,0,경북,고령군,차대차,기타,기타,안전운전 의무 불이행,단일로,기타단일로
40239,2022-06-02 10,주간,목,1,1,0,0,0,강원,영월군,차량단독,공작물충돌,공작물충돌,안전운전 의무 불이행,단일로,기타단일로
40240,2022-01-28 22,야간,금,1,1,0,0,0,경기,군포시,차대사람,횡단중,횡단중,안전운전 의무 불이행,기타,기타
40241,2022-03-03 03,야간,목,1,1,0,0,0,서울,은평구,차대차,정면충돌,정면충돌,신호위반,교차로,교차로내
40242,2022-04-05 07,주간,화,1,1,0,0,0,경남,함안군,차대차,측면충돌,측면충돌,안전운전 의무 불이행,교차로,교차로내
40243,2022-05-31 16,주간,화,1,2,1,0,0,경남,합천군,차대차,추돌,추돌,안전운전 의무 불이행,단일로,고가도로위
40244,2022-02-20 05,야간,일,1,1,0,0,0,충남,홍성군,차대사람,횡단중,횡단중,안전운전 의무 불이행,단일로,기타단일로
40245,2022-05-05 06,주간,목,1,1,0,0,0,전남,완도군,차대차,측면충돌,측면충돌,안전운전 의무 불이행,단일로,기타단일로
40246,2022-05-13 13,주간,금,1,1,0,0,0,경북,의성군,차대사람,횡단중,횡단중,보행자 보호의무 위반,교차로,교차로부근
40247,2022-08-01 20,야간,월,1,1,0,0,0,전남,함평군,차대사람,기타,기타,기타,단일로,기타단일로
40248,2022-05-20 18,야간,금,1,1,0,0,0,경북,고령군,차량단독,도로이탈,도로이탈 추락,안전운전 의무 불이행,기타,기타
40249,2022-01-18 17,주간,화,1,2,1,0,0,경기,화성시,차량단독,전도,전도,안전운전 의무 불이행,단일로,기타단일로
40250,2022-10-26 01,야간,수,1,2,1,0,0,전북,전주시,차대차,기타,기타,안전운전 의무 불이행,단일로,기타단일로
40251,2022-01-14 10,주간,금,1,2,1,0,0,경기,광주시,차대차,정면충돌,정면충돌,중앙선 침범,단일로,기타단일로
40252,2022-05-09 04,야간,월,1,1,0,0,0,경기,과천시,차량단독,공작물충돌,공작물충돌,안전운전 의무 불이행,단일로,기타단일로
40253,2022-04-25 10,주간,월,1,5,0,4,0,충북,충주시,차대차,추돌,추돌,안전운전 의무 불이행,단일로,기타단일로
40254,2022-02-25 09,주간,금,1,2,0,1,0,경기,양평군,차대차,추돌,추돌,안전운전 의무 불이행,단일로,기타단일로
40255,2022-02-09 05,야간,수,1,1,0,0,0,경북,영천시,차량단독,공작물충돌,공작물충돌,안전운전 의무 불이행,단일로,기타단일로
40256,2022-01-31 23,야간,월,1,1,0,0,0,인천,부평구,차대사람,횡단중,횡단중,안전운전 의무 불이행,단일로,기타단일로
40257,2022-04-04 05,야간,월,1,1,0,0,0,전남,영암군,차대사람,차도통행중,차도통행중,안전운전 의무 불이행,단일로,기타단일로
40258,2022-11-04 17,주간,금,1,1,0,0,0,전북,고창군,차대사람,기타,기타,안전운전 의무 불이행,단일로,기타단일로
40259,2022-01-17 23,야간,월,1,2,1,0,0,서울,영등포구,차대차,정면충돌,정면충돌,신호위반,단일로,지하차도(도로)내
40260,2022-01-29 10,주간,토,1,1,0,0,0,부산,강서구,차대차,측면충돌,측면충돌,안전운전 의무 불이행,교차로,교차로내
40261,2022-06-13 10,주간,월,1,2,1,0,0,충남,금산군,차량단독,공작물충돌,공작물충돌,중앙선 침범,단일로,기타단일로
40262,2022-02-20 14,주간,일,1,1,0,0,0,경기,여주시,차량단독,기타,기타,안전운전 의무 불이행,단일로,기타단일로
40263,2022-01-17 06,주간,월,1,1,0,0,0,경기,성남시,차대사람,횡단중,횡단중,신호위반,교차로,교차로횡단보도내
40264,2022-05-11 12,주간,수,1,1,0,0,0,경북,영덕군,차량단독,공작물충돌,공작물충돌,안전운전 의무 불이행,교차로,교차로내
40265,2022-01-15 20,야간,토,1,1,0,0,0,대전,유성구,차대차,추돌,추돌,기타,단일로,기타단일로
40266,2022-02-07 17,주간,월,3,5,0,2,0,경북,김천시,차대차,정면충돌,정면충돌,중앙선 침범,단일로,기타단일로
40267,2022-09-01 14,주간,목,1,3,1,1,0,전남,순천시,차대차,추돌,추돌,안전운전 의무 불이행,단일로,기타단일로
40268,2022-02-06 21,야간,일,1,1,0,0,0,서울,금천구,차대차,정면충돌,정면충돌,신호위반,교차로,교차로내
40269,2022-04-27 22,야간,수,1,2,0,1,0,충북,청주시,차대차,추돌,추돌,안전운전 의무 불이행,단일로,기타단일로
40270,2022-01-20 13,주간,목,1,1,0,0,0,부산,남구,차대사람,횡단중,횡단중,보행자 보호의무 위반,단일로,기타단일로
40271,2022-05-10 17,주간,화,1,1,0,0,0,강원,홍천군,차대차,측면충돌,측면충돌,안전운전 의무 불이행,교차로,교차로내
40272,2022-01-25 04,야간,화,1,1,0,0,0,서울,서초구,차대차,기타,기타,안전운전 의무 불이행,단일로,기타단일로
40273,2022-02-10 07,주간,목,1,1,0,0,0,충남,서산시,차대사람,횡단중,횡단중,안전운전 의무 불이행,단일로,기타단일로
40274,2022-03-03 12,주간,목,1,1,0,0,0,경기,의왕시,차대사람,횡단중,횡단중,안전운전 의무 불이행,교차로,교차로횡단보도내
40275,2022-03-22 20,야간,화,1,1,0,0,0,강원,삼척시,차량단독,공작물충돌,공작물충돌,기타,단일로,기타단일로
40276,2022-01-19 12,주간,수,1,1,0,0,0,전북,군산시,차대차,측면충돌,측면충돌,기타,교차로,교차로내
40277,2022-09-24 08,주간,토,1,1,0,0,0,강원,인제군,차대차,정면충돌,정면충돌,안전운전 의무 불이행,교차로,교차로내
40278,2022-01-27 21,야간,목,1,1,0,0,0,서울,강동구,차대사람,기타,기타,안전운전 의무 불이행,단일로,기타단일로
40279,2022-06-18 20,야간,토,1,1,0,0,0,충남,금산군,차대차,기타,기타,안전운전 의무 불이행,단일로,기타단일로
40280,2022-01-09 18,야간,일,1,1,0,0,0,경기,평택시,차대사람,횡단중,횡단중,안전운전 의무 불이행,단일로,기타단일로
40281,2022-06-13 10,주간,월,1,1,0,0,0,강원,평창군,차대차,측면충돌,측면충돌,안전운전 의무 불이행,단일로,지하차도(도로)내
40282,2022-06-02 18,야간,목,1,1,0,0,0,경북,고령군,차량단독,기타,기타,안전운전 의무 불이행,단일로,기타단일로
40283,2022-01-30 20,야간,일,1,1,0,0,0,경북,안동시,차대사람,기타,기타,기타,교차로,교차로부근
40284,2022-01-17 14,주간,월,1,1,0,0,0,제주,제주시,차량단독,기타,기타,안전운전 의무 불이행,단일로,기타단일로
40285,2022-02-20 21,야간,일,1,1,0,0,0,충남,보령시,차량단독,전도,전도,안전운전 의무 불이행,단일로,기타단일로
40286,2022-02-24 14,주간,목,1,1,0,0,0,충북,진천군,차대사람,횡단중,횡단중,안전운전 의무 불이행,단일로,지하차도(도로)내
40287,2022-10-28 17,주간,금,1,1,0,0,0,전북,순창군,차량단독,전도,전도,안전운전 의무 불이행,교차로,교차로부근
40288,2022-02-22 11,주간,화,1,1,0,0,0,경남,사천시,차대사람,기타,기타,안전운전 의무 불이행,단일로,기타단일로
40289,2022-04-07 18,야간,목,1,1,0,0,0,부산,중구,차대차,측면충돌,측면충돌,신호위반,교차로,교차로내
40290,2022-11-22 14,주간,화,1,2,0,1,0,전북,익산시,차대차,추돌,추돌,안전운전 의무 불이행,단일로,기타단일로
40291,2022-02-01 00,야간,화,1,1,0,0,0,세종,세종,차대차,추돌,추돌,안전운전 의무 불이행,단일로,기타단일로
40292,2022-08-05 15,주간,금,1,1,0,0,0,경북,봉화군,차량단독,기타,기타,기타,교차로,교차로내
40293,2022-11-06 09,주간,일,1,1,0,0,0,전북,순창군,차대차,측면충돌,측면충돌,안전운전 의무 불이행,교차로,교차로내
40294,2022-02-02 21,야간,수,1,1,0,0,0,부산,사상구,차대사람,횡단중,횡단중,기타,단일로,지하차도(도로)내
40295,2022-06-14 08,주간,화,1,1,0,0,0,충남,청양군,차대차,추돌,추돌,안전운전 의무 불이행,단일로,기타단일로
40296,2022-06-30 01,야간,목,1,2,1,0,0,강원,영월군,차량단독,공작물충돌,공작물충돌,기타,단일로,기타단일로
40297,2022-04-22 12,주간,금,1,1,0,0,0,전남,고흥군,차대차,측면충돌,측면충돌,기타,교차로,교차로내
40298,2022-04-13 12,주간,수,1,3,1,1,0,전남,영암군,차대차,정면충돌,정면충돌,중앙선 침범,단일로,기타단일로
40299,2022-12-10 09,주간,토,1,1,0,0,0,전북,진안군,차량단독,도로이탈,도로이탈 추락,중앙선 침범,단일로,기타단일로
40300,2022-09-16 13,주간,금,1,1,0,0,0,전남,함평군,차량단독,공작물충돌,공작물충돌,안전운전 의무 불이행,단일로,기타단일로
40301,2022-04-22 10,주간,금,1,1,0,0,0,전남,고흥군,차량단독,기타,기타,안전운전 의무 불이행,단일로,기타단일로
40302,2022-04-14 08,주간,목,1,1,0,0,0,전남,영암군,차대차,측면충돌,측면충돌,기타,교차로,교차로내
40303,2022-04-01 22,야간,금,1,3,2,0,0,강원,평창군,차대사람,기타,기타,안전운전 의무 불이행,단일로,지하차도(도로)내
40304,2022-02-04 13,주간,금,1,1,0,0,0,인천,계양구,차대사람,횡단중,횡단중,보행자 보호의무 위반,교차로,교차로부근
40305,2022-07-01 15,주간,금,1,1,0,0,0,충남,금산군,차대사람,기타,기타,안전운전 의무 불이행,교차로,교차로부근
40306,2022-03-17 22,야간,목,1,1,0,0,0,전남,무안군,차대사람,횡단중,횡단중,기타,단일로,기타단일로
40307,2022-05-28 13,주간,토,1,1,0,0,0,경북,울진군,차량단독,공작물충돌,공작물충돌,중앙선 침범,교차로,교차로내
40308,2022-11-12 17,주간,토,1,1,0,0,0,전북,순창군,차량단독,공작물충돌,공작물충돌,안전운전 의무 불이행,교차로,교차로내
40309,2022-05-30 16,주간,월,1,1,0,0,0,경북,예천군,차대차,측면충돌,측면충돌,안전운전 의무 불이행,교차로,교차로내
40310,2022-03-05 07,주간,토,1,1,0,0,0,경북,상주시,차대사람,기타,기타,안전운전 의무 불이행,단일로,기타단일로
40311,2022-05-13 13,주간,금,1,1,0,0,0,전북,부안군,차량단독,공작물충돌,공작물충돌,안전운전 의무 불이행,단일로,기타단일로
40312,2022-01-18 16,주간,화,1,1,0,0,0,대전,대덕구,차대차,기타,기타,안전운전 의무 불이행,교차로,교차로내
40313,2022-02-20 07,주간,일,1,1,0,0,0,경북,구미시,차량단독,공작물충돌,공작물충돌,안전운전 의무 불이행,단일로,기타단일로
40314,2022-07-06 07,주간,수,1,1,0,0,0,충북,영동군,차대차,측면충돌,측면충돌,안전운전 의무 불이행,단일로,기타단일로
40315,2022-05-10 01,야간,화,1,2,0,1,0,충북,영동군,차대차,추돌,추돌,안전운전 의무 불이행,단일로,기타단일로
40316,2022-05-21 12,주간,토,1,1,0,0,0,경북,영덕군,차량단독,기타,기타,안전운전 의무 불이행,교차로,교차로내
40317,2022-01-20 17,주간,목,1,1,0,0,0,경남,창원시(통합),차대차,측면충돌,측면충돌,신호위반,교차로,교차로내
40318,2022-02-19 10,주간,토,1,1,0,0,0,경북,영천시,차량단독,공작물충돌,공작물충돌,안전운전 의무 불이행,단일로,기타단일로
40319,2022-04-07 06,주간,목,1,1,0,0,0,충남,공주시,차대차,측면충돌,측면충돌,신호위반,교차로,교차로내
40320,2022-04-28 20,야간,목,1,2,0,1,0,전북,고창군,차대사람,길가장자리구역통행중,길가장자리구역통행중,안전운전 의무 불이행,단일로,기타단일로
40321,2022-01-18 18,야간,화,1,1,0,0,0,제주,제주시,차대차,추돌,추돌,안전운전 의무 불이행,단일로,기타단일로
40322,2022-09-10 09,주간,토,1,1,0,0,0,전남,함평군,차대사람,기타,기타,안전운전 의무 불이행,단일로,기타단일로
40323,2022-03-17 23,야간,목,1,1,0,0,0,서울,성북구,차량단독,공작물충돌,공작물충돌,기타,단일로,터널안
40324,2022-06-07 13,주간,화,1,1,0,0,0,경북,예천군,차대차,측면충돌,측면충돌,안전거리 미확보,단일로,기타단일로
40325,2022-12-03 14,주간,토,1,3,0,2,0,전북,순창군,차량단독,공작물충돌,공작물충돌,안전운전 의무 불이행,단일로,기타단일로
40326,2022-01-19 05,야간,수,1,1,0,0,0,대구,달서구,차대사람,횡단중,횡단중,기타,교차로,교차로횡단보도내
40327,2022-01-10 13,주간,월,1,1,0,0,0,경기,평택시,차대차,기타,기타,신호위반,교차로,교차로횡단보도내
40328,2022-10-06 05,야간,목,1,2,1,0,0,전북,무주군,차대차,추돌,추돌,안전운전 의무 불이행,단일로,기타단일로
40329,2022-08-12 16,주간,금,1,1,0,0,0,경북,봉화군,차대사람,기타,기타,안전운전 의무 불이행,단일로,기타단일로
40330,2022-02-27 14,주간,일,1,1,0,0,0,충북,음성군,차대차,측면충돌,측면충돌,교차로 통행방법 위반,교차로,교차로내
40331,2022-05-30 16,주간,월,1,1,0,0,0,경북,청도군,차대사람,기타,기타,안전거리 미확보,단일로,기타단일로
40332,2022-08-15 18,야간,월,1,1,0,0,0,경북,봉화군,차량단독,기타,기타,안전운전 의무 불이행,단일로,기타단일로
40333,2022-08-09 17,주간,화,1,1,0,0,0,전남,구례군,차대차,후진중충돌,후진중충돌,기타,기타,기타
40334,2022-06-05 03,야간,일,1,3,2,0,0,경북,울진군,차대차,정면충돌,정면충돌,중앙선 침범,단일로,기타단일로
40335,2022-02-08 03,야간,화,1,1,0,0,0,서울,용산구,차량단독,주정차차량 충돌,주정차차량 충돌,안전운전 의무 불이행,단일로,기타단일로
40336,2022-02-12 23,야간,토,2,3,1,0,0,경남,창원시(통합),차대차,측면충돌,측면충돌,기타,단일로,기타단일로
40337,2022-03-06 14,주간,일,1,1,0,0,0,충남,논산시,차대차,측면충돌,측면충돌,기타,단일로,기타단일로
40338,2022-02-22 10,주간,화,1,1,0,0,0,경북,영천시,차대차,측면충돌,측면충돌,안전거리 미확보,교차로,교차로부근
40339,2022-03-08 15,주간,화,1,1,0,0,0,충남,홍성군,차대사람,횡단중,횡단중,안전운전 의무 불이행,단일로,기타단일로
40340,2022-12-20 03,야간,화,1,1,0,0,0,전남,곡성군,차대사람,횡단중,횡단중,안전운전 의무 불이행,단일로,기타단일로
40341,2022-07-24 21,야간,일,1,1,0,0,0,전남,진도군,차대사람,차도통행중,차도통행중,안전운전 의무 불이행,단일로,지하차도(도로)내
40342,2022-01-24 08,주간,월,1,1,0,0,0,부산,남구,차대사람,보도통행중,보도통행중,보행자 보호의무 위반,단일로,기타단일로
40343,2022-02-09 12,주간,수,1,1,0,0,0,인천,계양구,차대사람,횡단중,횡단중,보행자 보호의무 위반,교차로,교차로횡단보도내
40344,2022-01-20 06,주간,목,1,2,1,0,0,대구,달서구,차대사람,기타,기타,기타,단일로,기타단일로
40345,2022-02-04 16,주간,금,1,2,1,0,0,경북,안동시,차대차,정면충돌,정면충돌,중앙선 침범,단일로,기타단일로
40346,2022-07-12 13,주간,화,1,4,3,0,0,경남,함양군,차대차,측면충돌,측면충돌,신호위반,교차로,교차로내
40347,2022-04-13 20,야간,수,1,1,0,0,0,충남,공주시,차대차,기타,기타,안전운전 의무 불이행,단일로,기타단일로
40348,2022-07-15 21,야간,금,1,1,0,0,0,경남,함양군,차대사람,길가장자리구역통행중,길가장자리구역통행중,안전운전 의무 불이행,단일로,기타단일로
40349,2022-10-15 01,야간,토,2,2,0,0,0,전남,장성군,차대차,추돌,추돌,안전운전 의무 불이행,단일로,기타단일로
40350,2022-08-04 08,주간,목,1,2,0,1,0,경남,하동군,차대사람,기타,기타,보행자 보호의무 위반,교차로,교차로횡단보도내
40351,2022-12-22 17,주간,목,1,1,0,0,0,강원,화천군,차대사람,횡단중,횡단중,기타,단일로,기타단일로
40352,2022-07-20 20,야간,수,1,1,0,0,0,경남,함양군,차대사람,차도통행중,차도통행중,안전운전 의무 불이행,교차로,교차로내
40353,2022-07-21 05,야간,목,1,1,0,0,0,경남,함양군,차대사람,기타,기타,기타,단일로,기타단일로
40354,2022-03-24 02,야간,목,1,1,0,0,0,서울,은평구,차량단독,전복,전복,안전운전 의무 불이행,단일로,지하차도(도로)내
40355,2022-06-24 06,주간,금,1,1,0,0,0,경북,예천군,차량단독,공작물충돌,공작물충돌,안전운전 의무 불이행,단일로,기타단일로
40356,2022-11-23 16,주간,수,1,1,0,0,0,강원,인제군,차대차,측면충돌,측면충돌,안전운전 의무 불이행,단일로,기타단일로
40357,2022-08-02 21,야간,화,1,1,0,0,0,전남,보성군,차대사람,길가장자리구역통행중,길가장자리구역통행중,기타,기타,기타
40358,2022-10-24 20,야간,월,1,1,0,0,0,전남,광양시,차대차,추돌,추돌,안전운전 의무 불이행,단일로,기타단일로
40359,2022-03-12 18,야간,토,1,1,0,0,0,경북,상주시,차량단독,도로이탈,도로이탈 추락,안전운전 의무 불이행,단일로,기타단일로
40360,2022-07-15 13,주간,금,1,2,1,0,0,강원,평창군,차대차,정면충돌,정면충돌,중앙선 침범,단일로,지하차도(도로)내
40361,2022-01-25 01,야간,화,1,1,0,0,0,서울,강서구,차량단독,공작물충돌,공작물충돌,안전운전 의무 불이행,단일로,터널안
40362,2022-08-05 21,야간,금,1,1,0,0,0,전남,진도군,차대차,추돌,추돌,안전운전 의무 불이행,단일로,지하차도(도로)내
40363,2022-10-27 11,주간,목,1,1,0,0,0,전남,순천시,차량단독,공작물충돌,공작물충돌,안전운전 의무 불이행,단일로,기타단일로
40364,2022-03-30 14,주간,수,1,2,1,0,0,부산,서구,차대사람,기타,기타,기타,단일로,지하차도(도로)내
40365,2022-02-23 22,야간,수,1,1,0,0,0,경북,칠곡군,차대사람,횡단중,횡단중,보행자 보호의무 위반,교차로,교차로횡단보도내
40366,2022-01-22 23,야간,토,1,1,0,0,0,충북,청주시,차량단독,전복,전복,안전운전 의무 불이행,기타,기타
40367,2022-01-16 21,야간,일,1,1,0,0,0,충남,천안시,차대사람,기타,기타,안전운전 의무 불이행,단일로,기타단일로
40368,2022-05-24 12,주간,화,1,1,0,0,0,경북,성주군,차량단독,전도,전도,안전운전 의무 불이행,단일로,기타단일로
40369,2022-01-25 06,주간,화,1,1,0,0,0,충북,청주시,차대사람,횡단중,횡단중,안전운전 의무 불이행,단일로,기타단일로
40370,2022-03-06 19,야간,일,1,1,0,0,0,충북,음성군,차량단독,공작물충돌,공작물충돌,안전운전 의무 불이행,교차로,교차로부근
40371,2022-02-19 21,야간,토,1,1,0,0,0,경북,김천시,차량단독,공작물충돌,공작물충돌,안전운전 의무 불이행,교차로,교차로내
40372,2022-04-08 03,야간,금,1,1,0,0,0,전북,김제시,차대사람,보도통행중,보도통행중,안전운전 의무 불이행,단일로,기타단일로
40373,2022-10-08 03,야간,토,1,1,0,0,0,전남,함평군,차대사람,기타,기타,안전운전 의무 불이행,단일로,기타단일로
40374,2022-07-09 13,주간,토,1,1,0,0,0,경북,고령군,차대차,기타,기타,안전운전 의무 불이행,단일로,기타단일로
40375,2022-02-09 06,주간,수,1,1,0,0,0,충북,충주시,차대차,추돌,추돌,안전운전 의무 불이행,단일로,기타단일로
40376,2022-03-02 19,야간,수,1,2,1,0,0,경북,영천시,차대차,추돌,추돌,안전운전 의무 불이행,단일로,기타단일로
40377,2022-08-15 20,야간,월,1,1,0,0,0,전남,보성군,차량단독,도로이탈,도로이탈 추락,안전운전 의무 불이행,단일로,기타단일로
40378,2022-11-07 07,주간,월,1,1,0,0,0,전북,익산시,차량단독,공작물충돌,공작물충돌,안전운전 의무 불이행,단일로,기타단일로
40379,2022-02-07 22,야간,월,1,1,0,0,0,서울,동작구,차대사람,차도통행중,차도통행중,안전운전 의무 불이행,단일로,기타단일로
40380,2022-04-24 19,야간,일,1,1,0,0,0,충남,공주시,차대차,추돌,추돌,기타,단일로,기타단일로
40381,2022-01-17 06,주간,월,1,1,0,0,0,광주,북구,차대사람,횡단중,횡단중,안전운전 의무 불이행,교차로,교차로횡단보도내
40382,2022-01-30 21,야간,일,1,1,0,0,0,서울,구로구,차대사람,기타,기타,안전운전 의무 불이행,단일로,기타단일로
40383,2022-03-11 13,주간,금,1,1,0,0,0,경기,여주시,차대차,측면충돌,측면충돌,신호위반,교차로,교차로내
40384,2022-11-15 18,야간,화,1,3,1,1,0,전북,진안군,차대차,추돌,추돌,안전운전 의무 불이행,단일로,터널안
40385,2022-06-19 07,주간,일,1,1,0,0,0,강원,홍천군,차량단독,공작물충돌,공작물충돌,안전운전 의무 불이행,단일로,기타단일로
40386,2022-01-26 05,야간,수,1,1,0,0,0,전북,전주시,차대차,기타,기타,기타,교차로,교차로내
40387,2022-02-07 14,주간,월,1,1,0,0,0,충남,당진시,차대사람,횡단중,횡단중,보행자 보호의무 위반,교차로,교차로횡단보도내
40388,2022-03-04 15,주간,금,1,2,0,0,1,경북,문경시,차량단독,기타,기타,안전운전 의무 불이행,단일로,터널안
40389,2022-06-02 05,야간,목,1,1,0,0,0,경남,고성군,차대차,측면충돌,측면충돌,안전운전 의무 불이행,교차로,교차로내
40390,2022-05-28 02,야간,토,2,4,2,0,0,경남,창원시(통합),차대차,추돌,추돌,안전운전 의무 불이행,단일로,기타단일로
40391,2022-01-27 04,야간,목,1,1,0,0,0,경기,성남시,차대사람,횡단중,횡단중,기타,단일로,기타단일로
40392,2022-08-09 14,주간,화,1,1,0,0,0,경남,함양군,차대사람,차도통행중,차도통행중,안전운전 의무 불이행,교차로,교차로내
40393,2022-01-24 18,야간,월,1,1,0,0,0,전남,순천시,차대사람,횡단중,횡단중,보행자 보호의무 위반,교차로,교차로횡단보도내
40394,2022-06-08 10,주간,수,1,1,0,0,0,전북,부안군,차대사람,횡단중,횡단중,보행자 보호의무 위반,교차로,교차로횡단보도내
40395,2022-06-02 17,주간,목,1,1,0,0,0,전남,장흥군,차대차,정면충돌,정면충돌,중앙선 침범,단일로,기타단일로
40396,2022-03-12 16,주간,토,1,1,0,0,0,경북,영주시,차량단독,전도,전도,안전운전 의무 불이행,기타,기타
40397,2022-05-16 20,야간,월,1,2,0,1,0,충남,서천군,차대사람,기타,기타,보행자 보호의무 위반,교차로,교차로내
40398,2022-02-12 21,야간,토,1,1,0,0,0,경남,창원시(통합),차대차,추돌,추돌,기타,단일로,기타단일로
40399,2022-11-18 02,야간,금,1,1,0,0,0,광주,광산구,차대사람,기타,기타,안전운전 의무 불이행,단일로,기타단일로
40400,2022-05-04 05,야간,수,1,2,0,1,0,충남,홍성군,차대차,추돌,추돌,안전운전 의무 불이행,단일로,기타단일로
40401,2022-08-21 12,주간,일,1,1,0,0,0,충남,금산군,차량단독,도로이탈,도로이탈 추락,안전운전 의무 불이행,단일로,기타단일로
40402,2022-06-29 12,주간,수,1,1,0,0,0,경북,울진군,차량단독,공작물충돌,공작물충돌,안전운전 의무 불이행,단일로,기타단일로
40403,2022-06-03 10,주간,금,1,1,0,0,0,경북,성주군,차대사람,차도통행중,차도통행중,안전운전 의무 불이행,단일로,기타단일로
40404,2022-02-11 12,주간,금,1,4,0,3,0,충북,충주시,차대차,추돌,추돌,안전운전 의무 불이행,교차로,교차로내
40405,2022-06-29 18,야간,수,1,1,0,0,0,경기,연천군,차량단독,도로이탈,도로이탈 추락,안전운전 의무 불이행,단일로,기타단일로