교통사고이력ID(사고기록 순서),발생년월일시,주야코드,요일코드,사망자수,부상자수,중상자수,경상자수,부상신고자수,발생지시도코드,발생지시도코드,사고유형대분류코드,사고유형중분류코드,사고유형코드,법규위반코드,도로형태대분류코드,도로로형태코드
40406,2022-08-08 08,주간,월,1,2,1,0,0,경남,합천군,차대차,측면충돌,측면충돌,교차로 통행방법 위반,교차로,교차로내
40407,2022-06-15 03,야간,수,1,2,0,1,0,충북,충주시,차대차,추돌,추돌,안전운전 의무 불이행,단일로,기타단일로
40408,2022-05-03 14,주간,화,1,1,0,0,0,전남,영암군,차대차,측면충돌,측면충돌,신호위반,교차로,교차로내
40409,2022-06-16 11,주간,목,1,1,0,0,0,충북,단양군,차대차,추돌,추돌,안전운전 의무 불이행,단일로,기타단일로
40410,2022-02-12 05,야간,토,1,1,0,0,0,경북,안동시,차대사람,기타,기타,안전운전 의무 불이행,단일로,기타단일로
40411,2022-01-25 23,야간,화,1,1,0,0,0,경기,화성시,차대차,기타,기타,안전운전 의무 불이행,단일로,기타단일로
40412,2022-01-25 19,야간,화,1,1,0,0,0,강원,강릉시,차대차,기타,기타,신호위반,교차로,교차로내
40413,2022-10-13 17,주간,목,1,1,0,0,0,전북,임실군,차량단독,기타,기타,안전운전 의무 불이행,기타,기타
40414,2022-09-19 19,야간,월,1,1,0,0,0,경남,산청군,차대차,추돌,추돌,안전운전 의무 불이행,단일로,교량위
40415,2022-02-25 13,주간,금,1,1,0,0,0,충남,서산시,차대차,측면충돌,측면충돌,신호위반,교차로,교차로내
40416,2022-05-23 16,주간,월,1,1,0,0,0,전북,고창군,차대차,측면충돌,측면충돌,기타,교차로,교차로내
40417,2022-06-06 12,주간,월,1,1,0,0,0,경남,거창군,차대차,추돌,추돌,안전운전 의무 불이행,단일로,기타단일로
40418,2022-03-18 23,야간,금,1,1,0,0,0,광주,동구,차대사람,횡단중,횡단중,안전운전 의무 불이행,단일로,기타단일로
40419,2022-10-11 18,야간,화,1,1,0,0,0,경북,봉화군,차대차,추돌,추돌,안전운전 의무 불이행,단일로,기타단일로
40420,2022-05-02 15,주간,월,1,2,0,1,0,전남,화순군,차량단독,기타,기타,안전운전 의무 불이행,단일로,기타단일로
40421,2022-03-17 08,주간,목,1,1,0,0,0,경북,영주시,차량단독,공작물충돌,공작물충돌,안전운전 의무 불이행,단일로,기타단일로
40422,2022-02-04 06,주간,금,1,1,0,0,0,서울,양천구,차대사람,횡단중,횡단중,안전운전 의무 불이행,교차로,교차로횡단보도내
40423,2022-01-21 04,야간,금,2,2,0,0,0,충남,아산시,차량단독,공작물충돌,공작물충돌,안전운전 의무 불이행,단일로,기타단일로
40424,2022-09-01 14,주간,목,1,1,0,0,0,강원,횡성군,차량단독,전도,전도,안전운전 의무 불이행,단일로,기타단일로
40425,2022-01-24 19,야간,월,1,1,0,0,0,경기,성남시,차대차,기타,기타,신호위반,교차로,교차로내
40426,2022-04-18 10,주간,월,1,1,0,0,0,전북,완주군,차대사람,횡단중,횡단중,보행자 보호의무 위반,교차로,교차로내
40427,2022-08-17 10,주간,수,1,1,0,0,0,강원,영월군,차대사람,차도통행중,차도통행중,안전운전 의무 불이행,단일로,기타단일로
40428,2022-08-21 12,주간,일,1,2,1,0,0,충북,영동군,차량단독,공작물충돌,공작물충돌,안전운전 의무 불이행,단일로,기타단일로
40429,2022-02-26 22,야간,토,1,1,0,0,0,경남,창원시(통합),차대사람,횡단중,횡단중,안전운전 의무 불이행,교차로,교차로횡단보도내
40430,2022-11-10 17,주간,목,1,1,0,0,0,충북,보은군,차대차,추돌,추돌,안전운전 의무 불이행,단일로,기타단일로
40431,2022-09-20 16,주간,화,1,2,0,1,0,경남,하동군,차대차,기타,기타,안전운전 의무 불이행,기타,기타
40432,2022-03-17 09,주간,목,1,1,0,0,0,충남,보령시,차대사람,횡단중,횡단중,안전운전 의무 불이행,교차로,교차로내
40433,2022-02-09 08,주간,수,1,1,0,0,0,경기,안성시,차대사람,횡단중,횡단중,보행자 보호의무 위반,교차로,교차로횡단보도내
40434,2022-06-20 11,주간,월,1,1,0,0,0,전북,부안군,차대차,측면충돌,측면충돌,안전운전 의무 불이행,교차로,교차로내
40435,2022-03-15 15,주간,화,1,2,1,0,0,경남,밀양시,차대차,측면충돌,측면충돌,안전운전 의무 불이행,단일로,기타단일로
40436,2022-10-27 12,주간,목,1,1,0,0,0,전북,임실군,차대사람,길가장자리구역통행중,길가장자리구역통행중,기타,단일로,지하차도(도로)내
40437,2022-09-03 11,주간,토,1,1,0,0,0,강원,횡성군,차량단독,공작물충돌,공작물충돌,안전운전 의무 불이행,단일로,고가도로위
40438,2022-03-22 16,주간,화,1,1,0,0,0,광주,동구,차대차,기타,기타,안전운전 의무 불이행,교차로,교차로내
40439,2022-08-26 14,주간,금,1,1,0,0,0,충북,영동군,차대차,측면충돌,측면충돌,안전운전 의무 불이행,단일로,기타단일로
40440,2022-05-30 11,주간,월,1,1,0,0,0,전북,고창군,차대차,측면충돌,측면충돌,중앙선 침범,단일로,기타단일로
40441,2022-04-06 11,주간,수,1,1,0,0,0,경기,의왕시,차대사람,횡단중,횡단중,기타,교차로,교차로횡단보도내
40442,2022-04-19 07,주간,화,1,1,0,0,0,전북,남원시,차량단독,도로이탈,도로이탈 추락,안전운전 의무 불이행,단일로,기타단일로
40443,2022-07-03 09,주간,일,1,1,0,0,0,경북,영덕군,차량단독,도로이탈,도로이탈 추락,안전운전 의무 불이행,단일로,기타단일로
40444,2022-02-13 19,야간,일,1,1,0,0,0,충남,당진시,차대사람,횡단중,횡단중,안전운전 의무 불이행,교차로,교차로횡단보도내
40445,2022-01-28 07,주간,금,1,1,0,0,0,경북,경주시,차대사람,차도통행중,차도통행중,기타,단일로,기타단일로
40446,2022-07-16 16,주간,토,1,1,0,0,0,강원,홍천군,차대차,추돌,추돌,안전운전 의무 불이행,단일로,기타단일로
40447,2022-06-18 16,주간,토,1,1,0,0,0,경남,거창군,차량단독,공작물충돌,공작물충돌,안전운전 의무 불이행,단일로,기타단일로
40448,2022-06-21 19,야간,화,1,1,0,0,0,전남,영광군,차량단독,기타,기타,안전운전 의무 불이행,교차로,교차로내
40449,2022-06-15 22,야간,수,2,5,1,1,1,경남,거창군,차대차,기타,기타,기타,단일로,기타단일로
40450,2022-11-14 11,주간,월,1,1,0,0,0,전남,함평군,차대차,측면충돌,측면충돌,기타,단일로,기타단일로
40451,2022-06-30 00,야간,목,1,1,0,0,0,충북,제천시,차량단독,공작물충돌,공작물충돌,안전운전 의무 불이행,단일로,기타단일로
40452,2022-06-01 09,주간,수,1,1,0,0,0,전북,고창군,차량단독,기타,기타,안전거리 미확보,단일로,기타단일로
40453,2022-05-31 09,주간,화,1,1,0,0,0,경남,창녕군,차대차,측면충돌,측면충돌,안전운전 의무 불이행,교차로,교차로내
40454,2022-02-15 19,야간,화,1,1,0,0,0,경기,부천시,차대사람,횡단중,횡단중,보행자 보호의무 위반,단일로,기타단일로
40455,2022-07-01 04,야간,금,1,5,2,2,0,충북,영동군,차대차,측면충돌,측면충돌,안전운전 의무 불이행,단일로,기타단일로
40456,2022-02-12 17,주간,토,1,3,2,0,0,경기,안성시,차대차,정면충돌,정면충돌,중앙선 침범,기타,기타
40457,2022-05-30 11,주간,월,1,1,0,0,0,충남,서천군,차대사람,횡단중,횡단중,보행자 보호의무 위반,단일로,기타단일로
40458,2022-03-12 15,주간,토,1,1,0,0,0,경북,영천시,차량단독,공작물충돌,공작물충돌,안전운전 의무 불이행,단일로,기타단일로
40459,2022-08-08 17,주간,월,1,1,0,0,0,전남,완도군,차량단독,도로이탈,도로이탈 기타,안전운전 의무 불이행,단일로,기타단일로
40460,2022-02-24 12,주간,목,1,5,0,4,0,울산,북구,차대차,추돌,추돌,안전운전 의무 불이행,교차로,교차로부근
40461,2022-04-10 03,야간,일,1,1,0,0,0,서울,은평구,차량단독,전도,전도,안전운전 의무 불이행,단일로,기타단일로
40462,2022-08-21 00,야간,일,1,1,0,0,0,강원,평창군,차대사람,차도통행중,차도통행중,기타,단일로,지하차도(도로)내
40463,2022-10-07 18,야간,금,1,1,0,0,0,전남,진도군,차대사람,횡단중,횡단중,안전운전 의무 불이행,단일로,기타단일로
40464,2022-07-02 19,야간,토,1,5,4,0,0,충북,음성군,차량단독,전복,전복,안전운전 의무 불이행,단일로,기타단일로
40465,2022-06-26 10,주간,일,1,1,0,0,0,경남,고성군,차량단독,기타,기타,안전운전 의무 불이행,단일로,기타단일로
40466,2022-01-31 16,주간,월,1,1,0,0,0,전남,목포시,차대사람,횡단중,횡단중,보행자 보호의무 위반,단일로,기타단일로
40467,2022-09-04 13,주간,일,1,2,1,0,0,충북,영동군,차대차,정면충돌,정면충돌,중앙선 침범,단일로,기타단일로
40468,2022-02-22 10,주간,화,1,1,0,0,0,경기,화성시,차대차,추돌,추돌,안전운전 의무 불이행,단일로,기타단일로
40469,2022-07-25 04,야간,월,1,1,0,0,0,경기,연천군,차대차,추돌,추돌,안전거리 미확보,단일로,교량위
40470,2022-08-13 09,주간,토,1,1,0,0,0,경북,예천군,차대차,추돌,추돌,안전운전 의무 불이행,단일로,기타단일로
40471,2022-10-21 23,야간,금,1,1,0,0,0,경남,산청군,차량단독,공작물충돌,공작물충돌,안전운전 의무 불이행,단일로,기타단일로
40472,2022-05-06 09,주간,금,1,1,0,0,0,전남,해남군,차대차,추돌,추돌,안전운전 의무 불이행,교차로,교차로내
40473,2022-01-25 16,주간,화,1,1,0,0,0,제주,제주시,차대사람,기타,기타,안전운전 의무 불이행,단일로,기타단일로
40474,2022-03-23 03,야간,수,1,2,1,0,0,경남,사천시,차대차,측면충돌,측면충돌,신호위반,교차로,교차로내
40475,2022-03-25 20,야간,금,1,1,0,0,0,경북,영주시,차량단독,도로이탈,도로이탈 추락,안전운전 의무 불이행,기타,기타
40476,2022-02-04 00,야간,금,1,3,1,1,0,경기,이천시,차대차,정면충돌,정면충돌,중앙선 침범,단일로,기타단일로
40477,2022-02-23 19,야간,수,1,1,0,0,0,인천,옹진군,차대사람,길가장자리구역통행중,길가장자리구역통행중,안전운전 의무 불이행,단일로,기타단일로
40478,2022-09-28 14,주간,수,1,1,0,0,0,경남,남해군,차대차,측면충돌,측면충돌,교차로 통행방법 위반,교차로,교차로내
40479,2022-07-23 15,주간,토,1,1,0,0,0,경북,영덕군,차대사람,차도통행중,차도통행중,안전운전 의무 불이행,단일로,기타단일로
40480,2022-03-14 14,주간,월,1,1,0,0,0,울산,울주군,차대차,측면충돌,측면충돌,중앙선 침범,교차로,교차로내
40481,2022-02-26 19,야간,토,1,1,0,0,0,경남,김해시,차대차,추돌,추돌,안전운전 의무 불이행,단일로,기타단일로
40482,2022-07-29 11,주간,금,1,8,0,7,0,경기,연천군,차대차,측면충돌,측면충돌,신호위반,교차로,교차로내
40483,2022-02-13 21,야간,일,1,1,0,0,0,경기,오산시,차대차,기타,기타,안전운전 의무 불이행,단일로,기타단일로
40484,2022-01-24 13,주간,월,1,1,0,0,0,경기,고양시,차대사람,기타,기타,기타,교차로,교차로부근
40485,2022-01-30 23,야간,일,1,1,0,0,0,부산,남구,차대사람,보도통행중,보도통행중,안전운전 의무 불이행,교차로,교차로횡단보도내
40486,2022-03-01 09,주간,화,1,1,0,0,0,광주,남구,차대차,측면충돌,측면충돌,안전거리 미확보,단일로,기타단일로
40487,2022-03-27 17,주간,일,1,2,0,1,0,경북,영주시,차대차,추돌,추돌,안전운전 의무 불이행,단일로,교량위
40488,2022-06-06 21,야간,월,1,1,0,0,0,충남,서천군,차량단독,도로이탈,도로이탈 기타,안전운전 의무 불이행,단일로,기타단일로
40489,2022-04-03 19,야간,일,1,1,0,0,0,전남,나주시,차대사람,차도통행중,차도통행중,안전운전 의무 불이행,단일로,기타단일로
40490,2022-05-09 18,야간,월,1,1,0,0,0,충남,예산군,차대차,측면충돌,측면충돌,기타,교차로,교차로내
40491,2022-08-15 08,주간,월,1,1,0,0,0,경북,의성군,차대차,추돌,추돌,안전운전 의무 불이행,단일로,기타단일로
40492,2022-03-30 12,주간,수,1,1,0,0,0,충남,보령시,차대차,정면충돌,정면충돌,안전운전 의무 불이행,단일로,기타단일로
40493,2022-07-10 20,야간,일,1,19,7,11,0,충북,제천시,차대차,기타,기타,기타,단일로,기타단일로
40494,2022-02-28 17,주간,월,1,3,0,2,0,경남,거제시,차대차,정면충돌,정면충돌,중앙선 침범,단일로,기타단일로
40495,2022-10-04 19,야간,화,1,1,0,0,0,경남,남해군,차대사람,횡단중,횡단중,안전운전 의무 불이행,단일로,기타단일로
40496,2022-04-19 10,주간,화,1,1,0,0,0,경기,의왕시,차대차,측면충돌,측면충돌,신호위반,단일로,기타단일로
40497,2022-06-02 10,주간,목,1,2,0,1,0,충남,부여군,차량단독,도로이탈,도로이탈 추락,안전운전 의무 불이행,단일로,기타단일로
40498,2022-05-26 06,주간,목,1,1,0,0,0,충남,당진시,차대차,추돌,추돌,안전운전 의무 불이행,단일로,기타단일로
40499,2022-06-21 15,주간,화,2,2,0,0,0,강원,춘천시,차대차,추돌,추돌,안전운전 의무 불이행,단일로,기타단일로
40500,2022-08-03 08,주간,수,1,1,0,0,0,경북,청도군,차량단독,도로이탈,도로이탈 기타,안전운전 의무 불이행,단일로,기타단일로
40501,2022-02-12 18,야간,토,1,1,0,0,0,경기,남양주시,차량단독,공작물충돌,공작물충돌,안전운전 의무 불이행,교차로,교차로내
40502,2022-06-12 08,주간,일,1,1,0,0,0,경남,창녕군,차대차,기타,기타,안전운전 의무 불이행,교차로,교차로내
40503,2022-10-11 13,주간,화,1,1,0,0,0,경남,남해군,차대사람,횡단중,횡단중,신호위반,교차로,교차로부근
40504,2022-09-19 10,주간,월,1,1,0,0,0,경북,고령군,차량단독,공작물충돌,공작물충돌,안전운전 의무 불이행,교차로,교차로내
40505,2022-11-07 18,야간,월,1,1,0,0,0,경남,산청군,차량단독,공작물충돌,공작물충돌,안전운전 의무 불이행,단일로,기타단일로
40506,2022-09-06 14,주간,화,1,2,1,0,0,강원,평창군,차대차,추돌,추돌,안전운전 의무 불이행,단일로,지하차도(도로)내
40507,2022-11-01 16,주간,화,1,2,1,0,0,경남,하동군,차대차,정면충돌,정면충돌,중앙선 침범,단일로,기타단일로
40508,2022-03-06 19,야간,일,1,1,0,0,0,경남,창원시(통합),차대차,정면충돌,정면충돌,안전운전 의무 불이행,교차로,교차로내
40509,2022-06-16 22,야간,목,1,1,0,0,0,전북,고창군,차량단독,공작물충돌,공작물충돌,안전운전 의무 불이행,단일로,기타단일로
40510,2022-02-20 18,야간,일,1,1,0,0,0,경기,남양주시,차대사람,횡단중,횡단중,안전운전 의무 불이행,단일로,기타단일로
40511,2022-06-13 07,주간,월,1,1,0,0,0,충남,서천군,차대차,측면충돌,측면충돌,안전거리 미확보,단일로,기타단일로
40512,2022-07-14 15,주간,목,1,1,0,0,0,전남,영광군,차량단독,공작물충돌,공작물충돌,안전운전 의무 불이행,단일로,기타단일로
40513,2022-10-08 07,주간,토,1,1,0,0,0,경남,함양군,차대사람,차도통행중,차도통행중,안전운전 의무 불이행,교차로,교차로부근
40514,2022-02-15 22,야간,화,1,1,0,0,0,경기,광명시,차대사람,횡단중,횡단중,신호위반,교차로,교차로부근
40515,2022-02-24 20,야간,목,1,1,0,0,0,부산,강서구,차대차,측면충돌,측면충돌,신호위반,교차로,교차로내
40516,2022-02-15 07,주간,화,1,1,0,0,0,경기,양주시,차대차,측면충돌,측면충돌,신호위반,교차로,교차로내
40517,2022-04-02 11,주간,토,1,2,0,1,0,충남,보령시,차대차,정면충돌,정면충돌,신호위반,교차로,교차로내
40518,2022-01-27 08,주간,목,1,1,0,0,0,전남,여수시,차량단독,기타,기타,안전운전 의무 불이행,단일로,기타단일로
40519,2022-03-24 23,야간,목,1,1,0,0,0,서울,도봉구,차대사람,기타,기타,신호위반,교차로,교차로횡단보도내
40520,2022-02-02 20,야간,수,1,1,0,0,0,인천,남동구,차대사람,차도통행중,차도통행중,안전운전 의무 불이행,단일로,기타단일로
40521,2022-05-31 00,야간,화,1,2,0,1,0,충남,천안시,차대차,추돌,추돌,안전운전 의무 불이행,기타,기타
40522,2022-12-06 17,주간,화,1,1,0,0,0,경북,봉화군,차량단독,전도,전도,안전운전 의무 불이행,단일로,기타단일로
40523,2022-05-14 16,주간,토,1,1,0,0,0,충남,예산군,차량단독,공작물충돌,공작물충돌,안전운전 의무 불이행,교차로,교차로부근
40524,2022-04-19 18,야간,화,1,2,0,1,0,전북,정읍시,차대차,측면충돌,측면충돌,신호위반,교차로,교차로부근
40525,2022-05-15 10,주간,일,1,1,0,0,0,충남,예산군,차량단독,도로이탈,도로이탈 추락,안전운전 의무 불이행,단일로,고가도로위
40526,2022-03-15 20,야간,화,1,1,0,0,0,전남,광양시,차대사람,길가장자리구역통행중,길가장자리구역통행중,안전운전 의무 불이행,단일로,기타단일로
40527,2022-02-03 20,야간,목,1,2,0,1,0,경북,포항시,차대차,기타,기타,신호위반,교차로,교차로내
40528,2022-10-01 19,야간,토,1,1,0,0,0,경남,합천군,차대사람,차도통행중,차도통행중,안전운전 의무 불이행,단일로,기타단일로
40529,2022-10-07 14,주간,금,1,1,0,0,0,강원,횡성군,차대차,정면충돌,정면충돌,중앙선 침범,단일로,기타단일로
40530,2022-02-23 02,야간,수,2,2,0,0,0,서울,강동구,차량단독,공작물충돌,공작물충돌,안전운전 의무 불이행,단일로,기타단일로
40531,2022-02-25 12,주간,금,1,1,0,0,0,경남,창원시(통합),차대차,추돌,추돌,안전운전 의무 불이행,단일로,기타단일로
40532,2022-09-10 16,주간,토,1,1,0,0,0,강원,평창군,차량단독,도로이탈,도로이탈 기타,안전운전 의무 불이행,교차로,교차로부근
40533,2022-10-24 14,주간,월,1,1,0,0,0,충남,금산군,차대차,측면충돌,측면충돌,안전운전 의무 불이행,단일로,기타단일로
40534,2022-01-31 19,야간,월,1,1,0,0,0,서울,동대문구,차량단독,기타,기타,안전운전 의무 불이행,단일로,기타단일로
40535,2022-06-22 17,주간,수,1,1,0,0,0,전남,고흥군,차대차,측면충돌,측면충돌,안전운전 의무 불이행,교차로,교차로내
40536,2022-08-22 14,주간,월,1,1,0,0,0,경북,울진군,차대차,기타,기타,기타,단일로,기타단일로
40537,2022-07-18 23,야간,월,1,2,1,0,0,충북,보은군,차대차,추돌,추돌,안전운전 의무 불이행,단일로,기타단일로
40538,2022-09-22 15,주간,목,1,1,0,0,0,충북,영동군,차대차,측면충돌,측면충돌,기타,교차로,교차로내
40539,2022-01-28 22,야간,금,1,2,1,0,0,경북,경산시,차량단독,공작물충돌,공작물충돌,안전운전 의무 불이행,단일로,기타단일로
40540,2022-01-18 17,주간,화,1,2,1,0,0,경기,시흥시,차대사람,횡단중,횡단중,신호위반,교차로,교차로부근
40541,2022-02-21 20,야간,월,1,1,0,0,0,충남,당진시,차대사람,횡단중,횡단중,안전운전 의무 불이행,단일로,기타단일로
40542,2022-04-30 20,야간,토,1,2,0,0,1,전남,무안군,차량단독,공작물충돌,공작물충돌,안전운전 의무 불이행,단일로,기타단일로
40543,2022-05-27 13,주간,금,1,1,0,0,0,충북,괴산군,차량단독,전도,전도,안전운전 의무 불이행,단일로,교량위
40544,2022-09-15 16,주간,목,1,1,0,0,0,강원,평창군,차량단독,도로이탈,도로이탈 기타,안전운전 의무 불이행,단일로,지하차도(도로)내
40545,2022-10-14 13,주간,금,1,1,0,0,0,강원,횡성군,차대차,기타,기타,안전운전 의무 불이행,단일로,기타단일로
40546,2022-05-03 22,야간,화,1,1,0,0,0,전북,완주군,차대사람,기타,기타,안전운전 의무 불이행,단일로,기타단일로
40547,2022-03-24 19,야간,목,1,1,0,0,0,경북,영천시,차대차,정면충돌,정면충돌,신호위반,교차로,교차로내
40548,2022-02-03 22,야간,목,1,1,0,0,0,울산,남구,차대사람,차도통행중,차도통행중,안전운전 의무 불이행,단일로,기타단일로
40549,2022-09-29 01,야간,목,1,1,0,0,0,충북,영동군,차대차,추돌,추돌,안전운전 의무 불이행,단일로,기타단일로
40550,2022-01-31 06,주간,월,1,1,0,0,0,광주,서구,차대사람,횡단중,횡단중,기타,교차로,교차로횡단보도내
40551,2022-07-29 19,야간,금,1,1,0,0,0,전남,영광군,차대차,측면충돌,측면충돌,기타,교차로,교차로내
40552,2022-09-13 05,야간,화,2,3,1,0,0,경북,의성군,차대사람,횡단중,횡단중,기타,교차로,교차로내
40553,2022-02-27 11,주간,일,1,1,0,0,0,경남,창원시(통합),차대차,측면충돌,측면충돌,교차로 통행방법 위반,교차로,교차로내
40554,2022-09-07 14,주간,수,1,1,0,0,0,전남,완도군,차량단독,도로이탈,도로이탈 추락,안전운전 의무 불이행,단일로,기타단일로
40555,2022-02-11 21,야간,금,1,1,0,0,0,서울,관악구,차대사람,횡단중,횡단중,안전운전 의무 불이행,단일로,기타단일로
40556,2022-03-02 14,주간,수,1,5,1,3,0,부산,강서구,차대차,추돌,추돌,안전운전 의무 불이행,교차로,교차로부근
40557,2022-07-10 10,주간,일,1,1,0,0,0,경남,함안군,차대차,측면충돌,측면충돌,안전운전 의무 불이행,단일로,기타단일로
40558,2022-02-28 19,야간,월,1,1,0,0,0,경남,창원시(통합),차대사람,길가장자리구역통행중,길가장자리구역통행중,안전운전 의무 불이행,단일로,기타단일로
40559,2022-07-30 13,주간,토,1,1,0,0,0,경남,고성군,차량단독,도로이탈,도로이탈 추락,안전운전 의무 불이행,단일로,기타단일로
40560,2022-03-20 19,야간,일,1,2,0,1,0,전남,광양시,차대차,기타,기타,신호위반,교차로,교차로내
40561,2022-08-06 23,야간,토,1,1,0,0,0,전남,영광군,차대사람,차도통행중,차도통행중,안전운전 의무 불이행,단일로,기타단일로
40562,2022-09-16 15,주간,금,1,2,1,0,0,전남,완도군,차량단독,공작물충돌,공작물충돌,안전운전 의무 불이행,단일로,기타단일로
40563,2022-08-27 14,주간,토,1,1,0,0,0,강원,홍천군,차량단독,공작물충돌,공작물충돌,안전운전 의무 불이행,단일로,기타단일로
40564,2022-07-28 15,주간,목,1,4,1,1,1,경북,성주군,차량단독,공작물충돌,공작물충돌,안전운전 의무 불이행,단일로,기타단일로
40565,2022-12-12 20,야간,월,1,1,0,0,0,경남,산청군,차대사람,차도통행중,차도통행중,안전운전 의무 불이행,단일로,기타단일로
40566,2022-03-26 16,주간,토,1,1,0,0,0,울산,울주군,차량단독,기타,기타,안전운전 의무 불이행,단일로,기타단일로
40567,2022-04-24 17,주간,일,1,1,0,0,0,경북,상주시,차량단독,공작물충돌,공작물충돌,안전운전 의무 불이행,단일로,지하차도(도로)내
40568,2022-02-23 04,야간,수,1,1,0,0,0,서울,마포구,차대사람,기타,기타,안전운전 의무 불이행,교차로,교차로내
40569,2022-06-06 08,주간,월,1,1,0,0,0,충북,괴산군,차대차,추돌,추돌,안전운전 의무 불이행,단일로,기타단일로
40570,2022-03-03 09,주간,목,1,1,0,0,0,경기,군포시,차대사람,횡단중,횡단중,안전운전 의무 불이행,단일로,기타단일로
40571,2022-05-10 17,주간,화,1,1,0,0,0,전북,완주군,차량단독,전복,전복,안전운전 의무 불이행,기타,기타
40572,2022-02-19 15,주간,토,1,1,0,0,0,경기,양주시,차량단독,전복,전복,안전운전 의무 불이행,단일로,교량위
40573,2022-11-14 17,주간,월,1,10,0,9,0,경남,남해군,차대차,추돌,추돌,안전운전 의무 불이행,교차로,교차로부근
40574,2022-09-27 18,야간,화,1,1,0,0,0,경북,의성군,차대사람,길가장자리구역통행중,길가장자리구역통행중,안전운전 의무 불이행,단일로,기타단일로
40575,2022-03-31 21,야간,목,1,1,0,0,0,경남,통영시,차대사람,횡단중,횡단중,기타,단일로,기타단일로
40576,2022-06-06 12,주간,월,1,1,0,0,0,충북,증평군,차대사람,횡단중,횡단중,안전운전 의무 불이행,교차로,교차로부근
40577,2022-02-25 09,주간,금,1,1,0,0,0,서울,동작구,차대사람,차도통행중,차도통행중,보행자 보호의무 위반,교차로,교차로횡단보도내
40578,2022-08-01 16,주간,월,1,1,0,0,0,경북,성주군,차량단독,도로이탈,도로이탈 추락,안전운전 의무 불이행,단일로,기타단일로
40579,2022-03-05 14,주간,토,1,3,0,2,0,부산,강서구,차대차,기타,기타,신호위반,교차로,교차로내
40580,2022-09-21 21,야간,수,1,1,0,0,0,전남,완도군,차대사람,차도통행중,차도통행중,안전운전 의무 불이행,단일로,기타단일로
40581,2022-10-18 18,야간,화,1,1,0,0,0,충남,청양군,차대차,추돌,추돌,안전운전 의무 불이행,단일로,기타단일로
40582,2022-02-05 06,주간,토,1,1,0,0,0,경남,양산시,차대사람,횡단중,횡단중,안전운전 의무 불이행,교차로,교차로횡단보도내
40583,2022-09-03 11,주간,토,1,2,0,1,0,강원,홍천군,차대차,측면충돌,측면충돌,안전거리 미확보,단일로,기타단일로
40584,2022-07-20 07,주간,수,1,1,0,0,0,강원,태백시,차대차,측면충돌,측면충돌,교차로 통행방법 위반,교차로,교차로내
40585,2022-10-22 11,주간,토,1,1,0,0,0,충남,청양군,차량단독,도로이탈,도로이탈 기타,안전운전 의무 불이행,단일로,기타단일로
40586,2022-03-13 03,야간,일,1,1,0,0,0,경남,거제시,차대사람,기타,기타,안전운전 의무 불이행,단일로,고가도로위
40587,2022-05-15 05,야간,일,1,2,1,0,0,서울,종로구,차량단독,공작물충돌,공작물충돌,신호위반,교차로,교차로내
40588,2022-12-22 13,주간,목,1,1,0,0,0,전남,진도군,차대사람,기타,기타,안전운전 의무 불이행,단일로,기타단일로
40589,2022-09-29 17,주간,목,1,1,0,0,0,전남,완도군,차량단독,기타,기타,안전운전 의무 불이행,단일로,기타단일로
40590,2022-07-09 09,주간,토,1,2,0,1,0,전남,강진군,차대사람,기타,기타,안전운전 의무 불이행,단일로,기타단일로
40591,2022-03-14 08,주간,월,1,1,0,0,0,경남,거제시,차대차,정면충돌,정면충돌,안전운전 의무 불이행,교차로,교차로부근
40592,2022-04-08 03,야간,금,1,2,0,1,0,경북,포항시,차대차,추돌,추돌,안전운전 의무 불이행,단일로,기타단일로
40593,2022-02-12 14,주간,토,1,2,1,0,0,충남,천안시,차대차,기타,기타,안전운전 의무 불이행,교차로,교차로부근
40594,2022-12-04 12,주간,일,1,1,0,0,0,경남,남해군,차량단독,공작물충돌,공작물충돌,안전운전 의무 불이행,단일로,기타단일로
40595,2022-07-30 19,야간,토,1,1,0,0,0,경남,거창군,차량단독,공작물충돌,공작물충돌,안전운전 의무 불이행,단일로,기타단일로
40596,2022-12-09 18,야간,금,1,1,0,0,0,전남,보성군,차대사람,횡단중,횡단중,안전운전 의무 불이행,교차로,교차로내
40597,2022-04-17 09,주간,일,1,1,0,0,0,충남,보령시,차대차,측면충돌,측면충돌,중앙선 침범,단일로,기타단일로
40598,2022-11-01 13,주간,화,1,5,2,2,0,강원,영월군,차대차,정면충돌,정면충돌,신호위반,단일로,교량위
40599,2022-06-20 15,주간,월,1,3,1,1,0,충남,공주시,차대차,정면충돌,정면충돌,안전운전 의무 불이행,기타,기타
40600,2022-04-25 06,주간,월,1,2,0,1,0,충남,홍성군,차대차,추돌,추돌,안전운전 의무 불이행,교차로,교차로내
40601,2022-02-10 06,주간,목,1,2,0,0,1,전북,군산시,차대차,기타,기타,안전운전 의무 불이행,교차로,교차로부근
40602,2022-02-11 01,야간,금,1,1,0,0,0,서울,강남구,차대사람,기타,기타,안전운전 의무 불이행,단일로,기타단일로
40603,2022-11-19 17,주간,토,1,1,0,0,0,경남,합천군,차량단독,도로이탈,도로이탈 기타,안전운전 의무 불이행,단일로,기타단일로
40604,2022-01-26 21,야간,수,1,1,0,0,0,충남,천안시,차대사람,기타,기타,안전운전 의무 불이행,기타,기타