교통사고이력ID(사고기록 순서),발생년월일시,주야코드,요일코드,사망자수,부상자수,중상자수,경상자수,부상신고자수,발생지시도코드,발생지시도코드,사고유형대분류코드,사고유형중분류코드,사고유형코드,법규위반코드,도로형태대분류코드,도로로형태코드
40804,2022-11-07 18,야간,월,1,1,0,0,0,경북,성주군,차대사람,차도통행중,차도통행중,안전운전 의무 불이행,단일로,기타단일로
40805,2022-11-28 08,주간,월,1,4,0,3,0,전남,장흥군,차대차,측면충돌,측면충돌,기타,교차로,교차로내
40806,2022-03-16 08,주간,수,1,1,0,0,0,대구,서구,차대차,기타,기타,안전운전 의무 불이행,교차로,교차로내
40807,2022-08-10 14,주간,수,1,1,0,0,0,충남,공주시,차량단독,공작물충돌,공작물충돌,안전운전 의무 불이행,단일로,기타단일로
40808,2022-10-05 16,주간,수,1,1,0,0,0,경남,거창군,차량단독,공작물충돌,공작물충돌,안전운전 의무 불이행,단일로,기타단일로
40809,2022-06-24 10,주간,금,1,1,0,0,0,서울,은평구,차대사람,차도통행중,차도통행중,안전운전 의무 불이행,단일로,기타단일로
40810,2022-03-14 20,야간,월,1,1,0,0,0,경기,남양주시,차량단독,도로이탈,도로이탈 추락,안전운전 의무 불이행,단일로,기타단일로
40811,2022-04-30 12,주간,토,1,1,0,0,0,서울,금천구,차대사람,보도통행중,보도통행중,기타,단일로,기타단일로
40812,2022-07-11 07,주간,월,1,2,0,1,0,전북,남원시,차대차,정면충돌,정면충돌,중앙선 침범,단일로,기타단일로
40813,2022-04-20 11,주간,수,1,1,0,0,0,울산,북구,차량단독,도로이탈,도로이탈 추락,안전운전 의무 불이행,단일로,기타단일로
40814,2022-11-07 17,주간,월,2,2,0,0,0,경남,고성군,차량단독,도로이탈,도로이탈 추락,안전운전 의무 불이행,단일로,기타단일로
40815,2022-05-03 10,주간,화,1,1,0,0,0,경북,김천시,차대차,측면충돌,측면충돌,안전운전 의무 불이행,교차로,교차로부근
40816,2022-07-12 08,주간,화,1,1,0,0,0,전북,남원시,차대사람,기타,기타,안전운전 의무 불이행,단일로,기타단일로
40817,2022-12-17 14,주간,토,1,1,0,0,0,경기,과천시,차대사람,횡단중,횡단중,보행자 보호의무 위반,단일로,기타단일로
40818,2022-02-26 10,주간,토,1,1,0,0,0,경기,수원시,차대차,측면충돌,측면충돌,안전운전 의무 불이행,교차로,교차로횡단보도내
40819,2022-12-18 03,야간,일,1,1,0,0,0,경기,과천시,차량단독,공작물충돌,공작물충돌,안전운전 의무 불이행,단일로,기타단일로
40820,2022-06-24 15,주간,금,1,1,0,0,0,강원,동해시,차대차,측면충돌,측면충돌,신호위반,교차로,교차로부근
40821,2022-07-22 10,주간,금,1,1,0,0,0,경기,동두천시,차대차,기타,기타,안전운전 의무 불이행,교차로,교차로내
40822,2022-05-20 21,야간,금,1,1,0,0,0,경북,영주시,차대차,추돌,추돌,안전운전 의무 불이행,단일로,기타단일로
40823,2022-04-04 11,주간,월,1,1,0,0,0,경기,군포시,차대사람,기타,기타,보행자 보호의무 위반,교차로,교차로횡단보도내
40824,2022-02-14 14,주간,월,1,2,1,0,0,충북,청주시,차대차,추돌,추돌,안전운전 의무 불이행,단일로,기타단일로
40825,2022-10-16 23,야간,일,1,1,0,0,0,경남,함안군,차량단독,전복,전복,안전운전 의무 불이행,단일로,기타단일로
40826,2022-04-07 21,야간,목,1,8,4,3,0,세종,세종,차대차,측면충돌,측면충돌,기타,교차로,교차로부근
40827,2022-03-05 06,주간,토,1,1,0,0,0,전북,전주시,차대차,기타,기타,안전운전 의무 불이행,단일로,기타단일로
40828,2022-11-07 07,주간,월,1,1,0,0,0,충북,옥천군,차량단독,도로이탈,도로이탈 추락,안전운전 의무 불이행,단일로,기타단일로
40829,2022-02-18 13,주간,금,1,1,0,0,0,경북,경산시,차량단독,공작물충돌,공작물충돌,안전운전 의무 불이행,단일로,기타단일로
40830,2022-08-30 09,주간,화,1,1,0,0,0,부산,영도구,차대사람,기타,기타,안전운전 의무 불이행,단일로,기타단일로
40831,2022-09-02 17,주간,금,1,1,0,0,0,전남,영암군,차량단독,전도,전도,안전운전 의무 불이행,단일로,기타단일로
40832,2022-03-19 10,주간,토,1,1,0,0,0,인천,부평구,차대사람,길가장자리구역통행중,길가장자리구역통행중,보행자 보호의무 위반,교차로,교차로내
40833,2022-02-23 10,주간,수,1,1,0,0,0,경기,성남시,차대사람,기타,기타,기타,기타,기타
40834,2022-09-04 16,주간,일,1,1,0,0,0,전남,영암군,차량단독,전도,전도,안전운전 의무 불이행,단일로,기타단일로
40835,2022-04-06 05,야간,수,1,1,0,0,0,서울,강북구,차대사람,길가장자리구역통행중,길가장자리구역통행중,기타,단일로,기타단일로
40836,2022-07-29 13,주간,금,2,3,0,1,0,충남,예산군,차대차,정면충돌,정면충돌,중앙선 침범,교차로,교차로부근
40837,2022-06-07 21,야간,화,1,1,0,0,0,충남,홍성군,차대사람,차도통행중,차도통행중,안전운전 의무 불이행,단일로,기타단일로
40838,2022-05-22 23,야간,일,1,4,1,2,0,경북,경주시,차대차,추돌,추돌,안전운전 의무 불이행,단일로,지하차도(도로)내
40839,2022-10-21 04,야간,금,1,1,0,0,0,전남,담양군,차대사람,보도통행중,보도통행중,안전운전 의무 불이행,단일로,기타단일로
40840,2022-11-20 18,야간,일,1,1,0,0,0,전북,부안군,차대사람,횡단중,횡단중,안전운전 의무 불이행,교차로,교차로부근
40841,2022-07-29 06,주간,금,1,1,0,0,0,전북,정읍시,차대사람,횡단중,횡단중,안전운전 의무 불이행,단일로,기타단일로
40842,2022-10-18 20,야간,화,1,1,0,0,0,강원,태백시,차대사람,차도통행중,차도통행중,안전운전 의무 불이행,단일로,기타단일로
40843,2022-10-21 18,야간,금,1,1,0,0,0,전남,담양군,차대차,기타,기타,안전운전 의무 불이행,단일로,기타단일로
40844,2022-06-27 21,야간,월,1,1,0,0,0,부산,동구,차대사람,횡단중,횡단중,안전운전 의무 불이행,단일로,기타단일로
40845,2022-11-19 12,주간,토,1,2,1,0,0,경남,고성군,차대차,측면충돌,측면충돌,기타,교차로,교차로내
40846,2022-02-16 14,주간,수,1,1,0,0,0,대전,유성구,차대사람,기타,기타,안전운전 의무 불이행,교차로,교차로내
40847,2022-04-13 06,주간,수,1,1,0,0,0,경남,창원시(통합),차량단독,기타,기타,안전운전 의무 불이행,교차로,교차로내
40848,2022-07-19 16,주간,화,1,1,0,0,0,전북,남원시,차량단독,전도,전도,안전운전 의무 불이행,단일로,기타단일로
40849,2022-04-13 18,야간,수,1,1,0,0,0,부산,강서구,차량단독,공작물충돌,공작물충돌,안전운전 의무 불이행,단일로,기타단일로
40850,2022-05-24 23,야간,화,1,2,1,0,0,경북,상주시,차대차,추돌,추돌,안전운전 의무 불이행,단일로,기타단일로
40851,2022-05-30 13,주간,월,1,1,0,0,0,경북,영주시,차대차,정면충돌,정면충돌,중앙선 침범,단일로,기타단일로
40852,2022-12-30 16,주간,금,1,1,0,0,0,경기,연천군,차대사람,길가장자리구역통행중,길가장자리구역통행중,안전운전 의무 불이행,단일로,기타단일로
40853,2022-05-07 03,야간,토,1,1,0,0,0,대구,중구,차대사람,횡단중,횡단중,안전운전 의무 불이행,단일로,기타단일로
40854,2022-02-03 04,야간,목,1,1,0,0,0,경기,시흥시,차대차,기타,기타,안전운전 의무 불이행,단일로,기타단일로
40855,2022-05-08 13,주간,일,1,2,1,0,0,서울,금천구,차량단독,기타,기타,안전운전 의무 불이행,단일로,기타단일로
40856,2022-11-17 15,주간,목,1,1,0,0,0,충북,옥천군,차량단독,기타,기타,안전운전 의무 불이행,단일로,기타단일로
40857,2022-04-30 22,야간,토,1,1,0,0,0,경남,창원시(통합),차대사람,횡단중,횡단중,기타,교차로,교차로부근
40858,2022-10-10 21,야간,월,1,1,0,0,0,경남,창녕군,차량단독,공작물충돌,공작물충돌,안전운전 의무 불이행,단일로,기타단일로
40859,2022-04-25 13,주간,월,1,1,0,0,0,울산,울주군,차대차,측면충돌,측면충돌,안전운전 의무 불이행,단일로,기타단일로
40860,2022-05-29 09,주간,일,1,2,0,1,0,충남,논산시,차대차,측면충돌,측면충돌,기타,교차로,교차로내
40861,2022-08-02 18,야간,화,1,2,0,1,0,전북,정읍시,차대차,측면충돌,측면충돌,교차로 통행방법 위반,교차로,교차로내
40862,2022-03-29 01,야간,화,1,2,0,1,0,충남,당진시,차량단독,공작물충돌,공작물충돌,안전운전 의무 불이행,단일로,기타단일로
40863,2022-03-04 20,야간,금,1,1,0,0,0,경북,포항시,차대차,기타,기타,기타,단일로,기타단일로
40864,2022-02-26 19,야간,토,1,1,0,0,0,충북,청주시,차대사람,횡단중,횡단중,신호위반,교차로,교차로횡단보도내
40865,2022-02-23 22,야간,수,1,1,0,0,0,경남,양산시,차량단독,공작물충돌,공작물충돌,안전운전 의무 불이행,단일로,기타단일로
40866,2022-08-05 21,야간,금,1,1,0,0,0,충남,예산군,차량단독,공작물충돌,공작물충돌,안전운전 의무 불이행,교차로,교차로부근
40867,2022-11-01 12,주간,화,1,3,2,0,0,경남,함안군,차대차,추돌,추돌,안전운전 의무 불이행,단일로,기타단일로
40868,2022-03-07 07,주간,월,2,3,1,0,0,경남,진주시,차량단독,공작물충돌,공작물충돌,안전운전 의무 불이행,단일로,기타단일로
40869,2022-08-06 22,야간,토,1,1,0,0,0,충남,예산군,차대사람,차도통행중,차도통행중,안전운전 의무 불이행,단일로,기타단일로
40870,2022-12-08 17,주간,목,1,1,0,0,0,경북,성주군,차량단독,공작물충돌,공작물충돌,안전운전 의무 불이행,단일로,기타단일로
40871,2022-06-22 12,주간,수,1,1,0,0,0,서울,은평구,차대차,기타,기타,안전운전 의무 불이행,교차로,교차로내
40872,2022-03-02 16,주간,수,1,1,0,0,0,경기,화성시,차대사람,횡단중,횡단중,안전운전 의무 불이행,교차로,교차로내
40873,2022-04-17 20,야간,일,1,3,2,0,0,부산,강서구,차대차,추돌,추돌,안전운전 의무 불이행,단일로,기타단일로
40874,2022-03-02 05,야간,수,1,1,0,0,0,대전,중구,차대사람,횡단중,횡단중,안전운전 의무 불이행,교차로,교차로내
40875,2022-03-30 22,야간,수,1,3,0,2,0,충남,당진시,차대차,정면충돌,정면충돌,중앙선 침범,단일로,기타단일로
40876,2022-04-25 19,야간,월,1,1,0,0,0,경남,김해시,차대사람,차도통행중,차도통행중,안전운전 의무 불이행,교차로,교차로내
40877,2022-06-14 19,야간,화,1,1,0,0,0,서울,성북구,차대사람,횡단중,횡단중,보행자 보호의무 위반,단일로,기타단일로
40878,2022-05-30 05,야간,월,1,1,0,0,0,경기,여주시,차대차,추돌,추돌,기타,교차로,교차로내
40879,2022-06-06 15,주간,월,1,1,0,0,0,경북,영주시,차대차,측면충돌,측면충돌,신호위반,교차로,교차로내
40880,2022-10-13 18,야간,목,1,2,1,0,0,충남,서천군,차대사람,차도통행중,차도통행중,중앙선 침범,단일로,기타단일로
40881,2022-09-01 17,주간,목,1,1,0,0,0,충북,괴산군,차대차,정면충돌,정면충돌,중앙선 침범,단일로,기타단일로
40882,2022-12-12 20,야간,월,1,1,0,0,0,전북,부안군,차량단독,기타,기타,안전운전 의무 불이행,단일로,기타단일로
40883,2022-12-28 00,야간,수,1,1,0,0,0,충북,보은군,차대차,추돌,추돌,안전운전 의무 불이행,단일로,기타단일로
40884,2022-03-03 16,주간,목,1,4,0,3,0,경기,화성시,차대차,추돌,추돌,안전운전 의무 불이행,단일로,기타단일로
40885,2022-06-15 22,야간,수,1,1,0,0,0,충북,진천군,차대차,정면충돌,정면충돌,중앙선 침범,단일로,지하차도(도로)내
40886,2022-03-15 16,주간,화,1,1,0,0,0,전북,익산시,차대사람,횡단중,횡단중,보행자 보호의무 위반,교차로,교차로횡단보도내
40887,2022-02-12 15,주간,토,1,1,0,0,0,충남,천안시,차대차,기타,기타,안전운전 의무 불이행,교차로,교차로내
40888,2022-10-30 09,주간,일,1,1,0,0,0,전남,고흥군,차량단독,기타,기타,안전운전 의무 불이행,단일로,기타단일로
40889,2022-10-06 18,야간,목,1,1,0,0,0,충남,부여군,차대사람,기타,기타,안전운전 의무 불이행,단일로,기타단일로
40890,2022-04-22 11,주간,금,1,1,0,0,0,충남,서산시,차대차,측면충돌,측면충돌,신호위반,교차로,교차로내
40891,2022-05-12 14,주간,목,1,1,0,0,0,인천,계양구,차대차,정면충돌,정면충돌,안전운전 의무 불이행,단일로,기타단일로
40892,2022-04-19 18,야간,화,1,1,0,0,0,부산,금정구,차대사람,기타,기타,안전운전 의무 불이행,단일로,기타단일로
40893,2022-08-31 19,야간,수,1,1,0,0,0,충남,공주시,차대차,추돌,추돌,안전운전 의무 불이행,단일로,기타단일로
40894,2022-04-08 20,야간,금,1,1,0,0,0,경기,안양시,차대차,추돌,추돌,안전운전 의무 불이행,단일로,기타단일로
40895,2022-10-31 09,주간,월,1,2,0,0,1,전남,강진군,차량단독,도로이탈,도로이탈 추락,안전운전 의무 불이행,교차로,교차로내
40896,2022-03-07 06,주간,월,2,2,0,0,0,강원,강릉시,차량단독,공작물충돌,공작물충돌,기타,단일로,기타단일로
40897,2022-08-05 09,주간,금,1,1,0,0,0,전북,김제시,차대차,측면충돌,측면충돌,신호위반,교차로,교차로내
40898,2022-02-28 07,주간,월,1,1,0,0,0,전남,순천시,차대사람,횡단중,횡단중,신호위반,단일로,기타단일로
40899,2022-10-25 10,주간,화,1,16,5,2,8,경남,창녕군,차대차,추돌,추돌,안전운전 의무 불이행,단일로,기타단일로
40900,2022-04-14 12,주간,목,1,1,0,0,0,세종,세종,차량단독,공작물충돌,공작물충돌,안전운전 의무 불이행,단일로,기타단일로
40901,2022-04-02 10,주간,토,1,1,0,0,0,충남,당진시,차량단독,기타,기타,안전운전 의무 불이행,단일로,기타단일로
40902,2022-06-06 21,야간,월,1,1,0,0,0,충남,논산시,차량단독,공작물충돌,공작물충돌,안전운전 의무 불이행,교차로,교차로내
40903,2022-04-30 04,야간,토,1,1,0,0,0,경남,창원시(통합),차대사람,횡단중,횡단중,안전운전 의무 불이행,단일로,기타단일로
40904,2022-03-03 21,야간,목,1,1,0,0,0,전남,목포시,차대사람,횡단중,횡단중,안전운전 의무 불이행,기타,기타
40905,2022-10-27 15,주간,목,1,1,0,0,0,경남,창녕군,차대사람,기타,기타,안전운전 의무 불이행,교차로,교차로횡단보도내
40906,2022-09-25 16,주간,일,1,1,0,0,0,전남,영암군,차량단독,전도,전도,안전운전 의무 불이행,단일로,기타단일로
40907,2022-02-26 02,야간,토,1,1,0,0,0,광주,서구,차대차,기타,기타,안전운전 의무 불이행,교차로,교차로부근
40908,2022-03-23 07,주간,수,1,1,0,0,0,경남,김해시,차대사람,길가장자리구역통행중,길가장자리구역통행중,안전운전 의무 불이행,단일로,기타단일로
40909,2022-02-19 08,주간,토,1,2,0,1,0,충북,청주시,차대차,정면충돌,정면충돌,안전운전 의무 불이행,교차로,교차로내
40910,2022-03-25 18,야간,금,1,5,2,2,0,경기,평택시,차대차,추돌,추돌,안전운전 의무 불이행,단일로,기타단일로
40911,2022-04-19 07,주간,화,1,1,0,0,0,경기,포천시,차대차,기타,기타,신호위반,교차로,교차로내
40912,2022-04-21 21,야간,목,1,1,0,0,0,부산,강서구,차대사람,차도통행중,차도통행중,안전운전 의무 불이행,단일로,기타단일로
40913,2022-09-16 22,야간,금,1,1,0,0,0,전남,화순군,차량단독,기타,기타,안전운전 의무 불이행,단일로,기타단일로
40914,2022-07-16 21,야간,토,1,1,0,0,0,서울,은평구,차량단독,기타,기타,안전운전 의무 불이행,단일로,기타단일로
40915,2022-05-23 01,야간,월,1,1,0,0,0,경기,남양주시,차대사람,기타,기타,안전운전 의무 불이행,단일로,터널안
40916,2022-07-12 16,주간,화,1,1,0,0,0,경북,상주시,차대사람,차도통행중,차도통행중,안전운전 의무 불이행,단일로,지하차도(도로)내
40917,2022-09-08 19,야간,목,1,1,0,0,0,충북,괴산군,차량단독,공작물충돌,공작물충돌,안전운전 의무 불이행,단일로,기타단일로
40918,2022-04-17 19,야간,일,1,1,0,0,0,경북,안동시,차량단독,기타,기타,안전운전 의무 불이행,단일로,기타단일로
40919,2022-08-22 09,주간,월,1,1,0,0,0,경기,의왕시,차대사람,보도통행중,보도통행중,기타,단일로,기타단일로
40920,2022-03-04 20,야간,금,1,1,0,0,0,대전,대덕구,차대차,기타,기타,신호위반,교차로,교차로내
40921,2022-11-12 07,주간,토,1,1,0,0,0,경남,거창군,차대사람,횡단중,횡단중,안전운전 의무 불이행,단일로,기타단일로
40922,2022-05-16 23,야간,월,2,2,0,0,0,경북,김천시,차대차,정면충돌,정면충돌,안전운전 의무 불이행,단일로,기타단일로
40923,2022-04-07 07,주간,목,1,2,0,1,0,충북,충주시,차대차,정면충돌,정면충돌,안전운전 의무 불이행,교차로,교차로내
40924,2022-06-25 11,주간,토,1,3,0,2,0,충남,홍성군,차대차,추돌,추돌,안전운전 의무 불이행,단일로,기타단일로
40925,2022-06-09 16,주간,목,1,1,0,0,0,서울,도봉구,차대사람,횡단중,횡단중,안전운전 의무 불이행,교차로,교차로내
40926,2022-10-19 07,주간,수,1,1,0,0,0,충남,부여군,차대사람,횡단중,횡단중,안전운전 의무 불이행,단일로,기타단일로
40927,2022-08-08 14,주간,월,1,1,0,0,0,세종,세종,차량단독,도로이탈,도로이탈 기타,안전운전 의무 불이행,단일로,기타단일로
40928,2022-08-26 15,주간,금,2,2,0,0,0,충남,태안군,차대차,기타,기타,신호위반,교차로,교차로내
40929,2022-11-06 05,야간,일,1,1,0,0,0,전북,고창군,차대사람,횡단중,횡단중,안전운전 의무 불이행,단일로,기타단일로
40930,2022-07-14 22,야간,목,1,1,0,0,0,경북,상주시,차량단독,공작물충돌,공작물충돌,안전운전 의무 불이행,교차로,교차로내
40931,2022-04-08 04,야간,금,1,1,0,0,0,경기,남양주시,차대사람,기타,기타,안전운전 의무 불이행,단일로,기타단일로
40932,2022-02-25 19,야간,금,1,1,0,0,0,대구,동구,차량단독,공작물충돌,공작물충돌,안전운전 의무 불이행,단일로,기타단일로
40933,2022-08-19 08,주간,금,1,2,1,0,0,전북,정읍시,차대차,기타,기타,안전운전 의무 불이행,교차로,교차로내
40934,2022-04-17 04,야간,일,1,1,0,0,0,경남,창원시(통합),차대사람,횡단중,횡단중,기타,교차로,교차로횡단보도내
40935,2022-06-29 07,주간,수,1,3,0,2,0,충남,홍성군,차대차,추돌,추돌,기타,교차로,교차로부근
40936,2022-05-12 15,주간,목,1,1,0,0,0,울산,울주군,차량단독,도로이탈,도로이탈 추락,안전운전 의무 불이행,단일로,기타단일로
40937,2022-04-29 21,야간,금,1,1,0,0,0,서울,성동구,차대사람,기타,기타,안전운전 의무 불이행,기타,기타
40938,2022-11-09 11,주간,수,1,2,1,0,0,전북,고창군,차대차,측면충돌,측면충돌,교차로 통행방법 위반,교차로,교차로내
40939,2022-08-17 01,야간,수,1,1,0,0,0,강원,삼척시,차대사람,기타,기타,안전운전 의무 불이행,단일로,기타단일로
40940,2022-04-01 20,야간,금,1,1,0,0,0,경기,오산시,차대차,기타,기타,안전운전 의무 불이행,단일로,기타단일로
40941,2022-06-10 07,주간,금,1,1,0,0,0,경기,여주시,차대사람,기타,기타,안전운전 의무 불이행,교차로,교차로부근
40942,2022-10-27 13,주간,목,1,3,1,1,0,인천,강화군,차량단독,공작물충돌,공작물충돌,안전운전 의무 불이행,단일로,기타단일로
40943,2022-03-15 14,주간,화,1,1,0,0,0,경남,진주시,차대차,정면충돌,정면충돌,신호위반,교차로,교차로내
40944,2022-04-23 16,주간,토,1,1,0,0,0,경기,포천시,차량단독,공작물충돌,공작물충돌,기타,단일로,기타단일로
40945,2022-04-24 12,주간,일,1,1,0,0,0,경남,창원시(통합),차대차,기타,기타,안전운전 의무 불이행,단일로,기타단일로
40946,2022-10-12 14,주간,수,1,1,0,0,0,서울,서초구,차대사람,횡단중,횡단중,안전운전 의무 불이행,교차로,교차로부근
40947,2022-03-19 20,야간,토,1,1,0,0,0,서울,강남구,차대차,추돌,추돌,기타,단일로,기타단일로
40948,2022-09-02 12,주간,금,1,1,0,0,0,전남,해남군,차량단독,기타,기타,안전운전 의무 불이행,단일로,기타단일로
40949,2022-02-11 22,야간,금,1,1,0,0,0,서울,송파구,차량단독,공작물충돌,공작물충돌,안전운전 의무 불이행,단일로,기타단일로
40950,2022-07-02 17,주간,토,1,1,0,0,0,부산,기장군,차대사람,횡단중,횡단중,보행자 보호의무 위반,교차로,교차로내
40951,2022-09-03 17,주간,토,1,1,0,0,0,전남,해남군,차대차,기타,기타,안전운전 의무 불이행,단일로,기타단일로
40952,2022-04-20 23,야간,수,1,1,0,0,0,세종,세종,차량단독,기타,기타,안전운전 의무 불이행,단일로,기타단일로
40953,2022-05-24 14,주간,화,1,1,0,0,0,서울,금천구,차대차,기타,기타,안전운전 의무 불이행,단일로,기타단일로
40954,2022-03-21 18,야간,월,1,1,0,0,0,대구,달성군,차대차,측면충돌,측면충돌,안전운전 의무 불이행,단일로,기타단일로
40955,2022-02-09 05,야간,수,1,1,0,0,0,인천,서구,차대차,측면충돌,측면충돌,신호위반,교차로,교차로내
40956,2022-02-27 13,주간,일,1,1,0,0,0,부산,부산진구,차대사람,기타,기타,안전운전 의무 불이행,단일로,기타단일로
40957,2022-05-13 08,주간,금,1,1,0,0,0,충북,제천시,차대사람,차도통행중,차도통행중,안전운전 의무 불이행,교차로,교차로내
40958,2022-03-30 12,주간,수,1,1,0,0,0,서울,서초구,차대차,측면충돌,측면충돌,안전운전 의무 불이행,교차로,교차로내
40959,2022-03-05 22,야간,토,1,2,1,0,0,충북,청주시,차량단독,도로이탈,도로이탈 추락,안전운전 의무 불이행,단일로,기타단일로
40960,2022-03-18 10,주간,금,1,2,0,1,0,인천,연수구,차대차,추돌,추돌,안전운전 의무 불이행,단일로,기타단일로
40961,2022-11-02 14,주간,수,1,1,0,0,0,충남,부여군,차량단독,도로이탈,도로이탈 추락,안전운전 의무 불이행,단일로,기타단일로
40962,2022-12-17 16,주간,토,1,1,0,0,0,전남,담양군,차량단독,전도,전도,안전운전 의무 불이행,단일로,기타단일로
40963,2022-02-22 07,주간,화,1,1,0,0,0,경기,김포시,차량단독,공작물충돌,공작물충돌,안전운전 의무 불이행,교차로,교차로부근
40964,2022-08-14 08,주간,일,1,1,0,0,0,전북,완주군,차대사람,횡단중,횡단중,안전운전 의무 불이행,단일로,기타단일로
40965,2022-06-27 21,야간,월,1,1,0,0,0,전남,나주시,차대차,기타,기타,기타,단일로,기타단일로
40966,2022-09-24 23,야간,토,1,1,0,0,0,충남,공주시,차량단독,공작물충돌,공작물충돌,안전운전 의무 불이행,교차로,교차로내
40967,2022-03-09 21,야간,수,1,1,0,0,0,전남,목포시,차대사람,차도통행중,차도통행중,안전운전 의무 불이행,단일로,기타단일로
40968,2022-02-28 23,야간,월,1,1,0,0,0,부산,부산진구,차대차,기타,기타,신호위반,교차로,교차로내
40969,2022-04-27 23,야간,수,1,1,0,0,0,경기,포천시,차대사람,횡단중,횡단중,기타,교차로,교차로횡단보도내
40970,2022-05-17 00,야간,화,1,1,0,0,0,충북,제천시,차대차,추돌,추돌,안전운전 의무 불이행,단일로,기타단일로
40971,2022-08-16 09,주간,화,1,1,0,0,0,서울,종로구,차대사람,횡단중,횡단중,안전운전 의무 불이행,단일로,기타단일로
40972,2022-04-12 00,야간,화,1,1,0,0,0,서울,구로구,차량단독,공작물충돌,공작물충돌,안전운전 의무 불이행,단일로,기타단일로
40973,2022-09-06 16,주간,화,1,1,0,0,0,전북,정읍시,차대차,측면충돌,측면충돌,교차로 통행방법 위반,교차로,교차로내
40974,2022-08-02 20,야간,화,1,1,0,0,0,강원,동해시,차대사람,횡단중,횡단중,안전운전 의무 불이행,교차로,교차로부근
40975,2022-02-20 11,주간,일,1,1,0,0,0,경북,구미시,차량단독,전도,전도,안전운전 의무 불이행,교차로,교차로내
40976,2022-06-09 17,주간,목,1,1,0,0,0,서울,중랑구,차량단독,도로이탈,도로이탈 추락,안전운전 의무 불이행,단일로,기타단일로
40977,2022-12-23 22,야간,금,1,1,0,0,0,강원,태백시,차대사람,횡단중,횡단중,안전운전 의무 불이행,단일로,기타단일로
40978,2022-06-21 09,주간,화,1,1,0,0,0,충남,보령시,차대차,측면충돌,측면충돌,안전운전 의무 불이행,단일로,기타단일로
40979,2022-06-05 15,주간,일,1,1,0,0,0,경북,칠곡군,차대차,측면충돌,측면충돌,안전운전 의무 불이행,단일로,기타단일로
40980,2022-08-19 07,주간,금,1,1,0,0,0,경기,가평군,차대차,추돌,추돌,안전운전 의무 불이행,단일로,기타단일로
40981,2022-07-02 20,야간,토,1,1,0,0,0,경남,밀양시,차대사람,횡단중,횡단중,안전운전 의무 불이행,단일로,기타단일로
40982,2022-08-22 14,주간,월,1,1,0,0,0,전남,무안군,차대사람,기타,기타,안전운전 의무 불이행,단일로,기타단일로
40983,2022-08-28 19,야간,일,1,1,0,0,0,세종,세종,차대사람,차도통행중,차도통행중,안전운전 의무 불이행,단일로,기타단일로
40984,2022-09-02 10,주간,금,1,1,0,0,0,전북,김제시,차대차,측면충돌,측면충돌,기타,교차로,교차로내
40985,2022-03-26 06,주간,토,1,2,1,0,0,서울,강남구,차대차,측면충돌,측면충돌,신호위반,교차로,교차로내
40986,2022-03-18 18,야간,금,1,1,0,0,0,경북,포항시,차대사람,횡단중,횡단중,신호위반,교차로,교차로내
40987,2022-06-29 09,주간,수,1,1,0,0,0,경북,영주시,차대차,추돌,추돌,안전운전 의무 불이행,단일로,기타단일로
40988,2022-12-02 13,주간,금,1,1,0,0,0,충남,서천군,차량단독,전도,전도,안전운전 의무 불이행,단일로,기타단일로
40989,2022-05-17 06,주간,화,1,1,0,0,0,경남,김해시,차대차,기타,기타,안전운전 의무 불이행,단일로,기타단일로
40990,2022-04-28 08,주간,목,1,1,0,0,0,세종,세종,차량단독,도로이탈,도로이탈 추락,안전운전 의무 불이행,단일로,기타단일로
40991,2022-03-02 23,야간,수,1,1,0,0,0,제주,제주시,차대사람,차도통행중,차도통행중,기타,단일로,기타단일로
40992,2022-07-17 02,야간,일,1,2,1,0,0,충북,음성군,차대차,추돌,추돌,기타,단일로,기타단일로
40993,2022-06-22 00,야간,수,1,2,0,1,0,경북,경산시,차대차,추돌,추돌,안전운전 의무 불이행,단일로,기타단일로
40994,2022-12-28 05,야간,수,1,1,0,0,0,전남,고흥군,차대사람,기타,기타,안전운전 의무 불이행,단일로,기타단일로
40995,2022-09-22 03,야간,목,1,1,0,0,0,전남,해남군,차대사람,기타,기타,안전운전 의무 불이행,단일로,기타단일로
40996,2022-05-24 21,야간,화,1,1,0,0,0,강원,속초시,차대사람,횡단중,횡단중,안전운전 의무 불이행,교차로,교차로내
40997,2022-11-26 18,야간,토,1,1,0,0,0,충남,부여군,차대사람,횡단중,횡단중,안전운전 의무 불이행,단일로,기타단일로
40998,2022-03-20 12,주간,일,1,1,0,0,0,경북,포항시,차량단독,전도,전도,안전운전 의무 불이행,교차로,교차로부근
40999,2022-06-25 04,야간,토,1,2,0,1,0,충남,보령시,차량단독,공작물충돌,공작물충돌,안전운전 의무 불이행,교차로,교차로내
41000,2022-06-03 03,야간,금,1,1,0,0,0,전남,광양시,차량단독,공작물충돌,공작물충돌,안전운전 의무 불이행,교차로,교차로내
41001,2022-03-18 00,야간,금,1,1,0,0,0,서울,영등포구,차량단독,전도,전도,기타,교차로,교차로부근
41002,2022-12-24 19,야간,토,1,1,0,0,0,경남,창녕군,차대사람,차도통행중,차도통행중,안전운전 의무 불이행,교차로,교차로내