교통사고이력ID(사고기록 순서),발생년월일시,주야코드,요일코드,사망자수,부상자수,중상자수,경상자수,부상신고자수,발생지시도코드,발생지시도코드,사고유형대분류코드,사고유형중분류코드,사고유형코드,법규위반코드,도로형태대분류코드,도로로형태코드
41205,2022-11-25 15,주간,금,1,1,0,0,0,전북,남원시,차대차,기타,기타,교차로 통행방법 위반,교차로,교차로내
41206,2022-04-29 21,야간,금,1,1,0,0,0,대구,북구,차대사람,횡단중,횡단중,안전운전 의무 불이행,단일로,기타단일로
41207,2022-06-01 07,주간,수,1,1,0,0,0,세종,세종,차량단독,공작물충돌,공작물충돌,기타,단일로,기타단일로
41208,2022-05-16 04,야간,월,2,2,0,0,0,서울,구로구,차량단독,기타,기타,기타,단일로,교량위
41209,2022-06-01 10,주간,수,1,1,0,0,0,세종,세종,차대차,기타,기타,안전운전 의무 불이행,단일로,기타단일로
41210,2022-11-22 18,야간,화,1,1,0,0,0,충남,예산군,차대차,기타,기타,안전운전 의무 불이행,단일로,기타단일로
41211,2022-07-13 09,주간,수,1,1,0,0,0,서울,금천구,차대차,기타,기타,중앙선 침범,단일로,기타단일로
41212,2022-05-15 03,야간,일,1,2,1,0,0,부산,사하구,차량단독,공작물충돌,공작물충돌,안전운전 의무 불이행,단일로,기타단일로
41213,2022-09-07 11,주간,수,1,2,0,1,0,서울,성북구,차대차,기타,기타,안전운전 의무 불이행,교차로,교차로부근
41214,2022-05-14 11,주간,토,1,1,0,0,0,충북,충주시,차량단독,도로이탈,도로이탈 추락,안전운전 의무 불이행,단일로,기타단일로
41215,2022-11-29 11,주간,화,1,1,0,0,0,전북,남원시,차량단독,공작물충돌,공작물충돌,안전운전 의무 불이행,단일로,기타단일로
41216,2022-04-17 19,야간,일,1,1,0,0,0,경기,수원시,차대차,기타,기타,안전거리 미확보,기타,기타
41217,2022-04-23 10,주간,토,1,1,0,0,0,대구,북구,차대사람,횡단중,횡단중,보행자 보호의무 위반,교차로,교차로횡단보도내
41218,2022-11-14 17,주간,월,1,1,0,0,0,강원,삼척시,차량단독,공작물충돌,공작물충돌,안전운전 의무 불이행,단일로,기타단일로
41219,2022-04-07 22,야간,목,1,1,0,0,0,전남,목포시,차대차,정면충돌,정면충돌,신호위반,교차로,교차로부근
41220,2022-12-12 10,주간,월,1,1,0,0,0,충남,태안군,차대사람,차도통행중,차도통행중,안전운전 의무 불이행,단일로,기타단일로
41221,2022-04-08 08,주간,금,1,2,0,1,0,경기,화성시,차대차,정면충돌,정면충돌,중앙선 침범,단일로,기타단일로
41222,2022-04-26 02,야간,화,1,1,0,0,0,경북,포항시,차대사람,횡단중,횡단중,안전운전 의무 불이행,단일로,기타단일로
41223,2022-04-05 10,주간,화,1,1,0,0,0,경북,경주시,차대차,측면충돌,측면충돌,안전운전 의무 불이행,교차로,교차로내
41224,2022-10-08 12,주간,토,1,1,0,0,0,경북,상주시,차량단독,공작물충돌,공작물충돌,안전운전 의무 불이행,단일로,기타단일로
41225,2022-05-29 03,야간,일,1,1,0,0,0,경기,고양시,차대사람,횡단중,횡단중,안전운전 의무 불이행,단일로,기타단일로
41226,2022-09-13 18,야간,화,1,4,1,2,0,충북,음성군,차대차,정면충돌,정면충돌,교차로 통행방법 위반,교차로,교차로내
41227,2022-04-08 09,주간,금,1,1,0,0,0,전남,신안군,차대사람,기타,기타,안전운전 의무 불이행,단일로,기타단일로
41228,2022-04-05 12,주간,화,1,1,0,0,0,대전,중구,차대사람,횡단중,횡단중,보행자 보호의무 위반,교차로,교차로횡단보도내
41229,2022-12-11 18,야간,일,1,1,0,0,0,전북,정읍시,차량단독,기타,기타,안전운전 의무 불이행,단일로,기타단일로
41230,2022-03-19 17,주간,토,1,1,0,0,0,충남,아산시,차량단독,공작물충돌,공작물충돌,안전운전 의무 불이행,단일로,기타단일로
41231,2022-12-03 20,야간,토,1,1,0,0,0,충남,예산군,차대사람,기타,기타,안전운전 의무 불이행,단일로,기타단일로
41232,2022-03-16 11,주간,수,1,2,0,1,0,경기,광주시,차대차,기타,기타,안전운전 의무 불이행,기타,기타
41233,2022-07-20 20,야간,수,1,1,0,0,0,경북,김천시,차대사람,차도통행중,차도통행중,중앙선 침범,단일로,기타단일로
41234,2022-09-19 07,주간,월,1,1,0,0,0,충남,홍성군,차대차,추돌,추돌,안전운전 의무 불이행,단일로,기타단일로
41235,2022-07-03 10,주간,일,1,1,0,0,0,부산,북구,차대차,기타,기타,신호위반,교차로,교차로내
41236,2022-06-18 03,야간,토,1,1,0,0,0,부산,금정구,차대사람,길가장자리구역통행중,길가장자리구역통행중,안전운전 의무 불이행,교차로,교차로내
41237,2022-12-13 18,야간,화,1,1,0,0,0,전북,정읍시,차대사람,기타,기타,안전운전 의무 불이행,단일로,기타단일로
41238,2022-11-17 11,주간,목,1,1,0,0,0,전남,무안군,차량단독,기타,기타,안전운전 의무 불이행,교차로,교차로부근
41239,2022-05-08 16,주간,일,1,1,0,0,0,경남,김해시,차량단독,공작물충돌,공작물충돌,안전운전 의무 불이행,교차로,교차로내
41240,2022-09-30 15,주간,금,1,1,0,0,0,서울,중구,차대사람,차도통행중,차도통행중,안전운전 의무 불이행,교차로,교차로내
41241,2022-06-28 02,야간,화,1,1,0,0,0,충북,제천시,차대차,추돌,추돌,안전거리 미확보,단일로,기타단일로
41242,2022-04-27 19,야간,수,1,1,0,0,0,경북,포항시,차량단독,기타,기타,안전운전 의무 불이행,단일로,지하차도(도로)내
41243,2022-11-21 09,주간,월,1,1,0,0,0,전북,완주군,차대차,기타,기타,중앙선 침범,교차로,교차로부근
41244,2022-12-18 22,야간,일,1,1,0,0,0,전남,해남군,차대사람,횡단중,횡단중,안전운전 의무 불이행,단일로,기타단일로
41245,2022-06-14 12,주간,화,1,1,0,0,0,충남,서산시,차량단독,도로이탈,도로이탈 추락,안전운전 의무 불이행,기타,기타
41246,2022-11-22 17,주간,화,1,1,0,0,0,강원,삼척시,차대사람,횡단중,횡단중,안전운전 의무 불이행,교차로,교차로부근
41247,2022-05-13 20,야간,금,1,1,0,0,0,대구,서구,차대사람,횡단중,횡단중,안전운전 의무 불이행,단일로,기타단일로
41248,2022-11-22 20,야간,화,1,4,1,2,0,전북,완주군,차대차,추돌,추돌,교차로 통행방법 위반,교차로,교차로부근
41249,2022-04-28 12,주간,목,1,1,0,0,0,경북,포항시,차대사람,기타,기타,안전운전 의무 불이행,교차로,교차로부근
41250,2022-05-10 18,야간,화,1,2,1,0,0,경기,평택시,차대차,추돌,추돌,안전운전 의무 불이행,단일로,기타단일로
41251,2022-06-13 17,주간,월,1,1,0,0,0,경남,창원시(통합),차대차,측면충돌,측면충돌,안전운전 의무 불이행,교차로,교차로내
41252,2022-03-12 18,야간,토,1,1,0,0,0,광주,북구,차대차,기타,기타,안전운전 의무 불이행,단일로,기타단일로
41253,2022-06-09 14,주간,목,1,1,0,0,0,경기,포천시,차대사람,횡단중,횡단중,기타,교차로,교차로내
41254,2022-08-08 23,야간,월,1,1,0,0,0,경기,남양주시,차대사람,기타,기타,안전운전 의무 불이행,단일로,기타단일로
41255,2022-06-15 11,주간,수,1,2,0,1,0,부산,사상구,차대사람,횡단중,횡단중,안전운전 의무 불이행,교차로,교차로부근
41256,2022-12-11 09,주간,일,1,1,0,0,0,충남,예산군,차대사람,기타,기타,안전운전 의무 불이행,단일로,기타단일로
41257,2022-05-12 17,주간,목,1,1,0,0,0,경기,안성시,차량단독,전도,전도,안전운전 의무 불이행,단일로,기타단일로
41258,2022-12-16 09,주간,금,1,2,1,0,0,경기,동두천시,차대차,측면충돌,측면충돌,기타,단일로,교량위
41259,2022-04-09 19,야간,토,1,1,0,0,0,전남,신안군,차량단독,공작물충돌,공작물충돌,안전운전 의무 불이행,단일로,기타단일로
41260,2022-07-25 17,주간,월,1,1,0,0,0,경북,김천시,차대사람,차도통행중,차도통행중,안전운전 의무 불이행,단일로,기타단일로
41261,2022-10-14 17,주간,금,1,2,0,1,0,경북,상주시,차대차,측면충돌,측면충돌,안전운전 의무 불이행,교차로,교차로내
41262,2022-04-07 21,야간,목,2,2,0,0,0,경북,경주시,차량단독,전도,전도,안전운전 의무 불이행,교차로,교차로내
41263,2022-03-21 19,야간,월,1,1,0,0,0,강원,원주시,차대사람,보도통행중,보도통행중,기타,단일로,기타단일로
41264,2022-10-16 08,주간,일,1,2,0,1,0,강원,동해시,차대차,정면충돌,정면충돌,교차로 통행방법 위반,교차로,교차로내
41265,2022-06-17 16,주간,금,1,2,1,0,0,부산,강서구,차대차,추돌,추돌,안전운전 의무 불이행,단일로,교량위
41266,2022-05-12 02,야간,목,1,1,0,0,0,서울,양천구,차대사람,횡단중,횡단중,신호위반,교차로,교차로횡단보도내
41267,2022-04-18 01,야간,월,1,1,0,0,0,서울,강서구,차대사람,횡단중,횡단중,기타,기타,기타
41268,2022-08-16 23,야간,화,1,2,0,1,0,경북,영천시,차대차,추돌,추돌,안전운전 의무 불이행,단일로,기타단일로
41269,2022-03-09 11,주간,수,1,1,0,0,0,충남,천안시,차대차,기타,기타,안전운전 의무 불이행,기타,기타
41270,2022-06-08 13,주간,수,1,1,0,0,0,부산,연제구,차대사람,기타,기타,안전운전 의무 불이행,단일로,기타단일로
41271,2022-06-18 22,야간,토,1,1,0,0,0,부산,강서구,차대사람,기타,기타,기타,단일로,기타단일로
41272,2022-09-27 17,주간,화,1,2,1,0,0,충남,홍성군,차대차,정면충돌,정면충돌,신호위반,교차로,교차로내
41273,2022-08-05 07,주간,금,1,1,0,0,0,경기,양평군,차량단독,기타,기타,안전운전 의무 불이행,단일로,기타단일로
41274,2022-05-13 23,야간,금,1,1,0,0,0,경남,김해시,차대사람,횡단중,횡단중,안전운전 의무 불이행,단일로,기타단일로
41275,2022-04-09 08,주간,토,1,1,0,0,0,대전,중구,차량단독,전복,전복,안전운전 의무 불이행,단일로,고가도로위
41276,2022-03-24 05,야간,목,1,1,0,0,0,대전,유성구,차대차,기타,기타,안전운전 의무 불이행,교차로,교차로횡단보도내
41277,2022-08-14 01,야간,일,1,1,0,0,0,서울,광진구,차대사람,차도통행중,차도통행중,기타,단일로,기타단일로
41278,2022-07-28 19,야간,목,1,2,0,1,0,경북,김천시,차대사람,횡단중,횡단중,안전운전 의무 불이행,단일로,기타단일로
41279,2022-12-01 23,야간,목,1,1,0,0,0,전북,완주군,차량단독,공작물충돌,공작물충돌,안전운전 의무 불이행,교차로,교차로부근
41280,2022-12-02 07,주간,금,2,2,0,0,0,전북,완주군,차대차,기타,기타,중앙선 침범,단일로,기타단일로
41281,2022-12-09 06,주간,금,1,1,0,0,0,부산,서구,차대사람,횡단중,횡단중,안전운전 의무 불이행,단일로,기타단일로
41282,2022-07-09 14,주간,토,1,2,1,0,0,경북,경주시,차량단독,공작물충돌,공작물충돌,안전운전 의무 불이행,단일로,기타단일로
41283,2022-06-21 22,야간,화,1,1,0,0,0,서울,용산구,차량단독,전도,전도,안전운전 의무 불이행,단일로,기타단일로
41284,2022-09-25 15,주간,일,1,1,0,0,0,충북,음성군,차대사람,기타,기타,안전운전 의무 불이행,교차로,교차로부근
41285,2022-09-29 14,주간,목,1,1,0,0,0,충남,홍성군,차대차,측면충돌,측면충돌,중앙선 침범,단일로,기타단일로
41286,2022-09-09 16,주간,금,1,1,0,0,0,경남,밀양시,차량단독,도로이탈,도로이탈 추락,안전운전 의무 불이행,단일로,기타단일로
41287,2022-05-14 16,주간,토,2,7,1,4,0,경기,안성시,차대차,추돌,추돌,안전운전 의무 불이행,단일로,터널안
41288,2022-12-04 17,주간,일,1,1,0,0,0,전북,완주군,차대사람,횡단중,횡단중,보행자 보호의무 위반,단일로,기타단일로
41289,2022-08-29 19,야간,월,1,1,0,0,0,경남,사천시,차대사람,횡단중,횡단중,안전운전 의무 불이행,단일로,기타단일로
41290,2022-03-19 04,야간,토,1,1,0,0,0,경기,안산시,차대차,추돌,추돌,기타,단일로,기타단일로
41291,2022-03-16 11,주간,수,1,1,0,0,0,광주,북구,차량단독,도로이탈,도로이탈 추락,안전운전 의무 불이행,단일로,기타단일로
41292,2022-10-24 11,주간,월,1,3,0,2,0,경북,상주시,차대차,추돌,추돌,안전거리 미확보,단일로,기타단일로
41293,2022-04-16 06,주간,토,1,3,2,0,0,서울,영등포구,차대차,기타,기타,중앙선 침범,단일로,기타단일로
41294,2022-06-23 12,주간,목,1,1,0,0,0,서울,용산구,차대사람,횡단중,횡단중,중앙선 침범,단일로,기타단일로
41295,2022-05-23 09,주간,월,1,1,0,0,0,충북,충주시,차량단독,기타,기타,안전운전 의무 불이행,단일로,기타단일로
41296,2022-04-28 20,야간,목,1,1,0,0,0,경기,용인시,차대사람,기타,기타,안전운전 의무 불이행,교차로,교차로부근
41297,2022-07-01 03,야간,금,1,1,0,0,0,서울,성동구,차대사람,기타,기타,안전운전 의무 불이행,단일로,기타단일로
41298,2022-08-21 20,야간,일,1,1,0,0,0,경북,칠곡군,차대사람,기타,기타,안전운전 의무 불이행,단일로,기타단일로
41299,2022-12-08 06,주간,목,1,1,0,0,0,전북,완주군,차대차,추돌,추돌,안전운전 의무 불이행,단일로,기타단일로
41300,2022-06-21 06,주간,화,1,1,0,0,0,경기,군포시,차대차,측면충돌,측면충돌,신호위반,교차로,교차로내
41301,2022-08-04 04,야간,목,1,1,0,0,0,울산,울주군,차량단독,공작물충돌,공작물충돌,안전운전 의무 불이행,단일로,기타단일로
41302,2022-09-03 21,야간,토,1,1,0,0,0,충남,보령시,차대차,기타,기타,기타,교차로,교차로내
41303,2022-08-22 04,야간,월,1,1,0,0,0,경기,이천시,차대차,추돌,추돌,안전거리 미확보,단일로,기타단일로
41304,2022-12-11 12,주간,일,1,1,0,0,0,전남,무안군,차량단독,전도,전도,안전운전 의무 불이행,단일로,기타단일로
41305,2022-04-02 12,주간,토,1,1,0,0,0,경기,고양시,차대차,측면충돌,측면충돌,기타,단일로,기타단일로
41306,2022-04-18 02,야간,월,1,1,0,0,0,충남,천안시,차대사람,기타,기타,안전운전 의무 불이행,단일로,기타단일로
41307,2022-06-24 12,주간,금,1,1,0,0,0,경남,창원시(통합),차대차,기타,기타,안전운전 의무 불이행,교차로,교차로내
41308,2022-03-20 18,야간,일,1,2,0,1,0,경기,파주시,차대차,측면충돌,측면충돌,중앙선 침범,단일로,기타단일로
41309,2022-07-06 15,주간,수,1,1,0,0,0,충북,제천시,차량단독,공작물충돌,공작물충돌,안전운전 의무 불이행,교차로,교차로부근
41310,2022-04-02 23,야간,토,1,1,0,0,0,경기,고양시,차대사람,횡단중,횡단중,안전운전 의무 불이행,단일로,교량위
41311,2022-12-12 11,주간,월,1,2,0,1,0,전북,완주군,차대차,추돌,추돌,안전운전 의무 불이행,단일로,기타단일로
41312,2022-04-19 04,야간,화,1,1,0,0,0,대전,대덕구,차대차,측면충돌,측면충돌,안전운전 의무 불이행,단일로,기타단일로
41313,2022-06-30 19,야간,목,1,1,0,0,0,경남,거제시,차량단독,도로이탈,도로이탈 추락,안전운전 의무 불이행,단일로,기타단일로
41314,2022-03-25 10,주간,금,1,2,0,1,0,경기,김포시,차대차,기타,기타,안전운전 의무 불이행,단일로,지하차도(도로)내
41315,2022-08-08 19,야간,월,2,2,0,0,0,전남,광양시,차량단독,도로이탈,도로이탈 기타,기타,교차로,교차로내
41316,2022-05-07 13,주간,토,1,1,0,0,0,경기,이천시,차대사람,길가장자리구역통행중,길가장자리구역통행중,안전운전 의무 불이행,단일로,기타단일로
41317,2022-04-06 20,야간,수,1,1,0,0,0,대전,서구,차대사람,횡단중,횡단중,보행자 보호의무 위반,교차로,교차로횡단보도내
41318,2022-10-01 08,주간,토,1,1,0,0,0,충북,진천군,차량단독,공작물충돌,공작물충돌,안전운전 의무 불이행,교차로,교차로내
41319,2022-04-22 21,야간,금,2,3,0,1,0,경남,창원시(통합),차대차,측면충돌,측면충돌,신호위반,교차로,교차로내
41320,2022-11-04 14,주간,금,1,1,0,0,0,경북,상주시,차대차,기타,기타,안전운전 의무 불이행,단일로,지하차도(도로)내
41321,2022-04-14 16,주간,목,1,1,0,0,0,전남,순천시,차대차,정면충돌,정면충돌,안전운전 의무 불이행,교차로,교차로내
41322,2022-12-20 15,주간,화,2,2,0,0,0,강원,삼척시,차량단독,도로이탈,도로이탈 추락,안전운전 의무 불이행,단일로,기타단일로
41323,2022-05-07 07,주간,토,1,1,0,0,0,서울,관악구,차대사람,횡단중,횡단중,교차로 통행방법 위반,교차로,교차로횡단보도내
41324,2022-03-05 22,야간,토,1,1,0,0,0,경기,시흥시,차대사람,기타,기타,기타,교차로,교차로횡단보도내
41325,2022-04-24 04,야간,일,1,1,0,0,0,서울,강서구,차량단독,전도,전도,안전운전 의무 불이행,단일로,기타단일로
41326,2022-04-07 01,야간,목,1,1,0,0,0,서울,강남구,차대사람,기타,기타,기타,교차로,교차로내
41327,2022-09-10 03,야간,토,1,1,0,0,0,충남,보령시,차대사람,기타,기타,안전운전 의무 불이행,단일로,기타단일로
41328,2022-12-20 09,주간,화,1,3,0,2,0,전북,완주군,차대차,기타,기타,신호위반,교차로,교차로내
41329,2022-09-10 02,야간,토,1,1,0,0,0,충남,논산시,차대사람,기타,기타,안전운전 의무 불이행,단일로,기타단일로
41330,2022-04-12 05,야간,화,1,1,0,0,0,전북,전주시,차대사람,횡단중,횡단중,보행자 보호의무 위반,교차로,교차로횡단보도내
41331,2022-04-04 15,주간,월,1,1,0,0,0,전남,여수시,차대차,추돌,추돌,안전운전 의무 불이행,단일로,기타단일로
41332,2022-06-23 19,야간,목,1,1,0,0,0,경기,포천시,차량단독,공작물충돌,공작물충돌,안전운전 의무 불이행,단일로,기타단일로
41333,2022-08-21 15,주간,일,1,1,0,0,0,경북,영천시,차대사람,길가장자리구역통행중,길가장자리구역통행중,안전운전 의무 불이행,단일로,기타단일로
41334,2022-05-25 20,야간,수,1,1,0,0,0,경기,성남시,차량단독,기타,기타,안전운전 의무 불이행,단일로,기타단일로
41335,2022-05-24 19,야간,화,1,1,0,0,0,경기,오산시,차량단독,공작물충돌,공작물충돌,안전운전 의무 불이행,교차로,교차로부근
41336,2022-10-28 12,주간,금,1,1,0,0,0,부산,기장군,차대사람,기타,기타,안전운전 의무 불이행,기타,기타
41337,2022-08-31 17,주간,수,1,1,0,0,0,경기,양평군,차대차,추돌,추돌,안전운전 의무 불이행,단일로,기타단일로
41338,2022-04-05 05,야간,화,1,1,0,0,0,전남,여수시,차대사람,차도통행중,차도통행중,안전운전 의무 불이행,단일로,기타단일로
41339,2022-04-05 08,주간,화,1,1,0,0,0,전남,여수시,차대차,기타,기타,안전거리 미확보,단일로,기타단일로
41340,2022-05-08 18,야간,일,1,2,1,0,0,서울,강남구,차대사람,횡단중,횡단중,안전운전 의무 불이행,교차로,교차로내
41341,2022-05-02 14,주간,월,1,1,0,0,0,대전,동구,차대사람,횡단중,횡단중,안전운전 의무 불이행,단일로,기타단일로
41342,2022-09-16 10,주간,금,1,1,0,0,0,충남,보령시,차량단독,기타,기타,안전운전 의무 불이행,단일로,기타단일로
41343,2022-04-07 17,주간,목,1,2,1,0,0,대구,달서구,차대차,측면충돌,측면충돌,신호위반,교차로,교차로내
41344,2022-09-23 11,주간,금,1,4,3,0,0,경북,영주시,차대차,기타,기타,안전운전 의무 불이행,단일로,기타단일로
41345,2022-03-21 10,주간,월,1,1,0,0,0,경기,수원시,차대차,정면충돌,정면충돌,기타,교차로,교차로내
41346,2022-07-24 06,주간,일,1,3,1,0,1,경남,양산시,차대차,기타,기타,안전운전 의무 불이행,단일로,기타단일로
41347,2022-05-28 04,야간,토,1,1,0,0,0,경기,성남시,차량단독,공작물충돌,공작물충돌,안전운전 의무 불이행,단일로,기타단일로
41348,2022-04-17 17,주간,일,1,1,0,0,0,경북,경주시,차대사람,차도통행중,차도통행중,안전운전 의무 불이행,교차로,교차로부근
41349,2022-08-26 14,주간,금,1,2,1,0,0,서울,성북구,차대차,기타,기타,안전운전 의무 불이행,교차로,교차로부근
41350,2022-08-15 06,주간,월,1,2,1,0,0,경북,김천시,차량단독,도로이탈,도로이탈 추락,안전운전 의무 불이행,단일로,기타단일로
41351,2022-04-07 00,야간,목,1,1,0,0,0,전남,여수시,차량단독,공작물충돌,공작물충돌,안전운전 의무 불이행,단일로,기타단일로
41352,2022-11-17 12,주간,목,1,4,0,3,0,강원,동해시,차대차,추돌,추돌,안전운전 의무 불이행,교차로,교차로부근
41353,2022-09-21 07,주간,수,1,1,0,0,0,경기,양평군,차대사람,길가장자리구역통행중,길가장자리구역통행중,안전운전 의무 불이행,단일로,기타단일로
41354,2022-02-20 16,주간,일,2,8,6,0,0,경기,평택시,차대차,측면충돌,측면충돌,기타,단일로,기타단일로
41355,2022-05-04 10,주간,수,1,1,0,0,0,전북,전주시,차대차,측면충돌,측면충돌,안전운전 의무 불이행,교차로,교차로내
41356,2022-05-09 18,야간,월,1,1,0,0,0,경기,용인시,차량단독,공작물충돌,공작물충돌,안전운전 의무 불이행,단일로,터널안
41357,2022-07-11 11,주간,월,1,1,0,0,0,경남,거제시,차대사람,차도통행중,차도통행중,안전운전 의무 불이행,교차로,교차로내
41358,2022-03-17 03,야간,목,1,1,0,0,0,충남,천안시,차대사람,기타,기타,안전운전 의무 불이행,단일로,기타단일로
41359,2022-06-16 23,야간,목,1,1,0,0,0,경기,남양주시,차대차,측면충돌,측면충돌,기타,교차로,교차로부근
41360,2022-04-21 07,주간,목,1,2,0,1,0,충북,청주시,차대차,측면충돌,측면충돌,신호위반,교차로,교차로내
41361,2022-06-11 18,야간,토,1,1,0,0,0,경북,안동시,차량단독,전도,전도,안전운전 의무 불이행,단일로,기타단일로
41362,2022-11-28 06,주간,월,1,1,0,0,0,부산,동구,차대사람,차도통행중,차도통행중,안전운전 의무 불이행,단일로,지하차도(도로)내
41363,2022-06-03 04,야간,금,1,1,0,0,0,충북,충주시,차대차,측면충돌,측면충돌,신호위반,교차로,교차로내
41364,2022-05-30 09,주간,월,1,2,0,1,0,경기,안성시,차대차,추돌,추돌,안전운전 의무 불이행,단일로,터널안
41365,2022-04-01 14,주간,금,2,3,1,0,0,강원,원주시,차대차,기타,기타,중앙선 침범,단일로,기타단일로
41366,2022-09-12 16,주간,월,1,3,2,0,0,경북,성주군,차량단독,기타,기타,안전운전 의무 불이행,주차장,주차장
41367,2022-03-29 05,야간,화,1,2,1,0,0,경기,광주시,차대차,추돌,추돌,안전운전 의무 불이행,단일로,기타단일로
41368,2022-06-27 00,야간,월,1,1,0,0,0,경기,고양시,차대차,측면충돌,측면충돌,기타,교차로,교차로내
41369,2022-03-26 23,야간,토,1,1,0,0,0,경기,파주시,차대차,기타,기타,신호위반,단일로,기타단일로
41370,2022-11-22 13,주간,화,1,1,0,0,0,경북,상주시,차대차,측면충돌,측면충돌,기타,교차로,교차로내
41371,2022-05-06 07,주간,금,2,2,0,0,0,대전,동구,차대차,기타,기타,안전운전 의무 불이행,교차로,교차로부근
41372,2022-11-30 08,주간,수,1,1,0,0,0,부산,동구,차대차,측면충돌,측면충돌,안전운전 의무 불이행,단일로,기타단일로
41373,2022-06-11 23,야간,토,1,1,0,0,0,경기,성남시,차대차,측면충돌,측면충돌,안전운전 의무 불이행,기타,기타
41374,2022-05-11 20,야간,수,1,1,0,0,0,경남,진주시,차대사람,횡단중,횡단중,안전운전 의무 불이행,단일로,기타단일로
41375,2022-10-01 15,주간,토,1,1,0,0,0,경북,영주시,차대사람,기타,기타,안전운전 의무 불이행,단일로,교량위
41376,2022-04-03 23,야간,일,1,3,1,1,0,충북,청주시,차대차,측면충돌,측면충돌,신호위반,교차로,교차로내
41377,2022-07-05 15,주간,화,1,1,0,0,0,충남,서산시,차대사람,차도통행중,차도통행중,안전운전 의무 불이행,교차로,교차로내
41378,2022-05-30 10,주간,월,1,1,0,0,0,경기,양주시,차대차,측면충돌,측면충돌,안전운전 의무 불이행,단일로,기타단일로
41379,2022-05-16 03,야간,월,1,1,0,0,0,경북,포항시,차대사람,기타,기타,안전운전 의무 불이행,단일로,지하차도(도로)내
41380,2022-06-25 08,주간,토,1,1,0,0,0,부산,동래구,차량단독,공작물충돌,공작물충돌,안전운전 의무 불이행,단일로,기타단일로
41381,2022-05-30 13,주간,월,1,2,1,0,0,경기,양주시,차대차,추돌,추돌,안전운전 의무 불이행,단일로,기타단일로
41382,2022-09-28 19,야간,수,1,1,0,0,0,경기,양평군,차대사람,차도통행중,차도통행중,안전운전 의무 불이행,단일로,기타단일로
41383,2022-07-15 09,주간,금,1,2,1,0,0,경기,부천시,차대차,측면충돌,측면충돌,기타,교차로,교차로내
41384,2022-10-22 20,야간,토,2,2,0,0,0,충북,진천군,차대차,추돌,추돌,기타,단일로,지하차도(도로)내
41385,2022-08-22 06,주간,월,1,1,0,0,0,경북,김천시,차대차,추돌,추돌,안전운전 의무 불이행,단일로,기타단일로
41386,2022-09-12 23,야간,월,1,1,0,0,0,경기,고양시,차량단독,공작물충돌,공작물충돌,안전운전 의무 불이행,단일로,기타단일로
41387,2022-06-06 20,야간,월,2,2,0,0,0,충북,충주시,차대차,추돌,추돌,안전운전 의무 불이행,단일로,기타단일로
41388,2022-06-07 07,주간,화,1,1,0,0,0,충북,충주시,차대차,추돌,추돌,안전운전 의무 불이행,단일로,기타단일로
41389,2022-07-03 02,야간,일,2,5,1,2,0,인천,남동구,차대차,정면충돌,정면충돌,중앙선 침범,단일로,고가도로위
41390,2022-09-28 12,주간,수,1,1,0,0,0,충남,보령시,차대차,측면충돌,측면충돌,기타,교차로,교차로내
41391,2022-05-07 02,야간,토,1,2,1,0,0,전북,전주시,차량단독,도로이탈,도로이탈 추락,안전운전 의무 불이행,단일로,기타단일로
41392,2022-10-28 11,주간,금,1,1,0,0,0,서울,성북구,차대차,측면충돌,측면충돌,중앙선 침범,불명,불명
41393,2022-08-11 23,야간,목,1,3,2,0,0,서울,강서구,차대차,정면충돌,정면충돌,신호위반,기타,기타
41394,2022-11-01 08,주간,화,1,1,0,0,0,충남,홍성군,차대차,정면충돌,정면충돌,중앙선 침범,단일로,기타단일로
41395,2022-06-24 00,야간,금,1,2,0,1,0,경기,안양시,차대사람,보도통행중,보도통행중,기타,기타,기타
41396,2022-06-11 21,야간,토,2,3,0,1,0,충남,당진시,차대차,측면충돌,측면충돌,안전운전 의무 불이행,교차로,교차로내
41397,2022-09-08 04,야간,목,1,2,1,0,0,서울,광진구,차대차,추돌,추돌,안전운전 의무 불이행,단일로,기타단일로
41398,2022-05-23 14,주간,월,1,1,0,0,0,서울,중랑구,차대차,기타,기타,안전운전 의무 불이행,교차로,교차로내
41399,2022-11-17 11,주간,목,1,2,0,1,0,부산,기장군,차대차,기타,기타,안전운전 의무 불이행,단일로,기타단일로
41400,2022-06-02 10,주간,목,1,1,0,0,0,서울,양천구,차대사람,기타,기타,안전운전 의무 불이행,단일로,기타단일로
41401,2022-06-05 16,주간,일,2,8,0,0,6,경기,여주시,차량단독,공작물충돌,공작물충돌,안전운전 의무 불이행,단일로,기타단일로
41402,2022-08-25 18,야간,목,1,1,0,0,0,경북,김천시,차대차,측면충돌,측면충돌,교차로 통행방법 위반,교차로,교차로내
41403,2022-10-26 18,야간,수,1,1,0,0,0,전남,나주시,차대사람,횡단중,횡단중,안전운전 의무 불이행,교차로,교차로내
41404,2022-06-12 21,야간,일,1,1,0,0,0,서울,마포구,차대차,측면충돌,측면충돌,신호위반,단일로,기타단일로
41405,2022-04-22 17,주간,금,1,1,0,0,0,충북,청주시,차량단독,공작물충돌,공작물충돌,안전운전 의무 불이행,단일로,기타단일로
41406,2022-07-25 01,야간,월,1,1,0,0,0,서울,성동구,차대차,추돌,추돌,기타,교차로,교차로내