교통사고이력ID(사고기록 순서),발생년월일시,주야코드,요일코드,사망자수,부상자수,중상자수,경상자수,부상신고자수,발생지시도코드,발생지시도코드,사고유형대분류코드,사고유형중분류코드,사고유형코드,법규위반코드,도로형태대분류코드,도로로형태코드
41407,2022-05-19 17,주간,목,1,1,0,0,0,경북,포항시,차대사람,횡단중,횡단중,보행자 보호의무 위반,교차로,교차로횡단보도내
41408,2022-04-14 22,야간,목,1,6,0,4,1,경기,고양시,차대차,측면충돌,측면충돌,신호위반,교차로,교차로내
41409,2022-10-08 06,주간,토,1,1,0,0,0,경기,양평군,차대차,추돌,추돌,안전운전 의무 불이행,단일로,기타단일로
41410,2022-06-27 15,주간,월,1,1,0,0,0,경기,남양주시,차량단독,전도,전도,안전운전 의무 불이행,단일로,기타단일로
41411,2022-07-08 17,주간,금,1,1,0,0,0,경북,안동시,차량단독,기타,기타,안전운전 의무 불이행,단일로,기타단일로
41412,2022-05-03 04,야간,화,1,1,0,0,0,대전,대덕구,차대사람,기타,기타,기타,교차로,교차로부근
41413,2022-10-04 08,주간,화,1,1,0,0,0,경남,사천시,차대차,측면충돌,측면충돌,교차로 통행방법 위반,교차로,교차로내
41414,2022-05-28 19,야간,토,1,1,0,0,0,전북,익산시,차대사람,횡단중,횡단중,안전운전 의무 불이행,단일로,기타단일로
41415,2022-10-06 19,야간,목,1,1,0,0,0,충남,논산시,차대차,정면충돌,정면충돌,안전운전 의무 불이행,교차로,교차로내
41416,2022-09-28 14,주간,수,1,4,2,1,0,경북,김천시,차대차,기타,기타,안전운전 의무 불이행,단일로,기타단일로
41417,2022-07-12 20,야간,화,1,1,0,0,0,경남,창원시(통합),차량단독,기타,기타,안전운전 의무 불이행,단일로,기타단일로
41418,2022-06-18 04,야간,토,1,2,0,1,0,부산,사하구,차대차,추돌,추돌,신호위반,교차로,교차로내
41419,2022-05-23 10,주간,월,1,2,0,1,0,대구,달성군,차대차,정면충돌,정면충돌,신호위반,교차로,교차로내
41420,2022-04-23 09,주간,토,2,4,2,0,0,경북,경주시,차량단독,공작물충돌,공작물충돌,안전운전 의무 불이행,단일로,지하차도(도로)내
41421,2022-05-21 17,주간,토,1,1,0,0,0,경북,포항시,차대차,측면충돌,측면충돌,중앙선 침범,단일로,기타단일로
41422,2022-03-31 07,주간,목,1,11,7,3,0,경기,파주시,차대차,측면충돌,측면충돌,신호위반,단일로,기타단일로
41423,2022-10-08 17,주간,토,1,1,0,0,0,충남,논산시,차대사람,횡단중,횡단중,안전운전 의무 불이행,교차로,교차로부근
41424,2022-10-08 18,야간,토,1,1,0,0,0,경남,통영시,차량단독,도로이탈,도로이탈 추락,안전운전 의무 불이행,기타,기타
41425,2022-10-16 09,주간,일,1,1,0,0,0,경기,여주시,차량단독,주정차차량 충돌,주정차차량 충돌,안전운전 의무 불이행,단일로,기타단일로
41426,2022-12-04 22,야간,일,1,1,0,0,0,서울,은평구,차대사람,기타,기타,안전운전 의무 불이행,단일로,기타단일로
41427,2022-07-11 15,주간,월,1,1,0,0,0,경북,안동시,차량단독,도로이탈,도로이탈 추락,안전운전 의무 불이행,단일로,기타단일로
41428,2022-03-16 12,주간,수,1,1,0,0,0,경기,시흥시,차대차,추돌,추돌,안전거리 미확보,단일로,기타단일로
41429,2022-05-21 10,주간,토,1,1,0,0,0,경기,용인시,차대사람,횡단중,횡단중,보행자 보호의무 위반,단일로,기타단일로
41430,2022-08-12 10,주간,금,1,1,0,0,0,부산,기장군,차량단독,공작물충돌,공작물충돌,안전운전 의무 불이행,단일로,기타단일로
41431,2022-07-12 15,주간,화,1,2,0,0,1,세종,세종,차대차,측면충돌,측면충돌,기타,단일로,기타단일로
41432,2022-08-10 13,주간,수,1,1,0,0,0,경남,김해시,차대차,기타,기타,안전운전 의무 불이행,교차로,교차로내
41433,2022-07-15 18,야간,금,1,1,0,0,0,충남,서산시,차량단독,전도,전도,안전운전 의무 불이행,기타,기타
41434,2022-05-06 18,야간,금,1,1,0,0,0,서울,강서구,차대차,기타,기타,중앙선 침범,단일로,기타단일로
41435,2022-05-24 22,야간,화,1,1,0,0,0,대구,달성군,차대차,추돌,추돌,안전운전 의무 불이행,단일로,기타단일로
41436,2022-11-22 14,주간,화,1,1,0,0,0,충남,홍성군,차량단독,공작물충돌,공작물충돌,안전운전 의무 불이행,교차로,교차로부근
41437,2022-05-24 12,주간,화,1,1,0,0,0,경북,포항시,차대차,측면충돌,측면충돌,안전거리 미확보,단일로,기타단일로
41438,2022-05-04 10,주간,수,1,1,0,0,0,전북,군산시,차대사람,기타,기타,안전운전 의무 불이행,단일로,기타단일로
41439,2022-07-06 11,주간,수,1,1,0,0,0,부산,강서구,차량단독,공작물충돌,공작물충돌,안전운전 의무 불이행,단일로,기타단일로
41440,2022-04-26 03,야간,화,1,1,0,0,0,경북,경주시,차량단독,공작물충돌,공작물충돌,안전운전 의무 불이행,단일로,기타단일로
41441,2022-12-02 06,주간,금,1,1,0,0,0,부산,기장군,차대사람,횡단중,횡단중,기타,교차로,교차로내
41442,2022-04-29 12,주간,금,1,1,0,0,0,충북,청주시,차량단독,전복,전복,안전운전 의무 불이행,단일로,기타단일로
41443,2022-07-28 21,야간,목,1,1,0,0,0,경남,거제시,차대사람,횡단중,횡단중,안전운전 의무 불이행,교차로,교차로내
41444,2022-04-29 20,야간,금,1,1,0,0,0,대전,서구,차대사람,기타,기타,기타,단일로,기타단일로
41445,2022-08-02 13,주간,화,1,1,0,0,0,충북,제천시,차량단독,도로이탈,도로이탈 추락,안전운전 의무 불이행,교차로,교차로부근
41446,2022-06-17 08,주간,금,1,1,0,0,0,충북,충주시,차대차,측면충돌,측면충돌,신호위반,교차로,교차로내
41447,2022-05-02 08,주간,월,1,1,0,0,0,경기,화성시,차대차,기타,기타,신호위반,교차로,교차로내
41448,2022-03-23 20,야간,수,1,1,0,0,0,경기,용인시,차대차,추돌,추돌,안전운전 의무 불이행,단일로,기타단일로
41449,2022-06-23 14,주간,목,1,4,1,2,0,부산,사하구,차대사람,기타,기타,신호위반,교차로,교차로내
41450,2022-08-01 15,주간,월,1,1,0,0,0,부산,금정구,차대차,측면충돌,측면충돌,교차로 통행방법 위반,교차로,교차로내
41451,2022-10-15 00,야간,토,1,2,1,0,0,경남,사천시,차대차,측면충돌,측면충돌,기타,교차로,교차로내
41452,2022-08-22 03,야간,월,1,1,0,0,0,울산,북구,차대사람,기타,기타,안전운전 의무 불이행,단일로,기타단일로
41453,2022-04-28 15,주간,목,1,1,0,0,0,충북,청주시,차대차,측면충돌,측면충돌,신호위반,단일로,기타단일로
41454,2022-05-16 23,야간,월,1,1,0,0,0,인천,연수구,차량단독,전도,전도,안전운전 의무 불이행,교차로,교차로부근
41455,2022-08-16 03,야간,화,1,1,0,0,0,경남,창원시(통합),차대사람,횡단중,횡단중,안전운전 의무 불이행,단일로,기타단일로
41456,2022-05-07 04,야간,토,1,1,0,0,0,충남,천안시,차대차,추돌,추돌,안전운전 의무 불이행,단일로,기타단일로
41457,2022-06-06 02,야간,월,1,1,0,0,0,대구,북구,차대사람,차도통행중,차도통행중,안전운전 의무 불이행,단일로,기타단일로
41458,2022-06-25 12,주간,토,1,1,0,0,0,경기,성남시,차대사람,기타,기타,보행자 보호의무 위반,교차로,교차로횡단보도내
41459,2022-06-04 13,주간,토,1,1,0,0,0,전북,익산시,차대차,측면충돌,측면충돌,기타,기타,기타
41460,2022-08-03 11,주간,수,1,1,0,0,0,부산,금정구,차대사람,길가장자리구역통행중,길가장자리구역통행중,안전운전 의무 불이행,교차로,교차로횡단보도내
41461,2022-10-18 18,야간,화,1,1,0,0,0,충남,논산시,차대차,추돌,추돌,안전운전 의무 불이행,단일로,기타단일로
41462,2022-07-21 22,야간,목,1,2,1,0,0,서울,서대문구,차대차,측면충돌,측면충돌,신호위반,교차로,교차로내
41463,2022-07-30 20,야간,토,1,1,0,0,0,부산,사상구,차대차,측면충돌,측면충돌,안전거리 미확보,교차로,교차로부근
41464,2022-07-31 05,야간,일,1,1,0,0,0,부산,사상구,차대차,측면충돌,측면충돌,신호위반,교차로,교차로횡단보도내
41465,2022-06-06 02,야간,월,1,1,0,0,0,전북,익산시,차대사람,횡단중,횡단중,기타,단일로,기타단일로
41466,2022-04-03 10,주간,일,1,1,0,0,0,경기,의정부시,차대차,측면충돌,측면충돌,중앙선 침범,단일로,기타단일로
41467,2022-10-17 06,주간,월,1,1,0,0,0,충남,보령시,차량단독,공작물충돌,공작물충돌,안전운전 의무 불이행,단일로,기타단일로
41468,2022-11-17 09,주간,목,1,1,0,0,0,충북,음성군,차대차,측면충돌,측면충돌,중앙선 침범,단일로,기타단일로
41469,2022-10-10 16,주간,월,1,3,0,2,0,경북,칠곡군,차대차,추돌,추돌,안전거리 미확보,단일로,기타단일로
41470,2022-05-09 08,주간,월,1,1,0,0,0,제주,서귀포시,차대사람,기타,기타,안전운전 의무 불이행,단일로,기타단일로
41471,2022-08-24 05,야간,수,2,4,0,2,0,울산,북구,차대차,추돌,추돌,안전운전 의무 불이행,단일로,기타단일로
41472,2022-07-24 19,야간,일,1,1,0,0,0,경남,창원시(통합),차대차,정면충돌,정면충돌,신호위반,교차로,교차로부근
41473,2022-04-15 20,야간,금,1,1,0,0,0,제주,제주시,차대사람,횡단중,횡단중,안전운전 의무 불이행,교차로,교차로횡단보도내
41474,2022-10-21 14,주간,금,1,1,0,0,0,경남,통영시,차량단독,기타,기타,안전운전 의무 불이행,단일로,기타단일로
41475,2022-12-05 22,야간,월,1,1,0,0,0,충남,홍성군,차대사람,기타,기타,안전운전 의무 불이행,단일로,기타단일로
41476,2022-07-28 11,주간,목,1,1,0,0,0,경기,군포시,차대사람,횡단중,횡단중,안전운전 의무 불이행,단일로,기타단일로
41477,2022-08-08 13,주간,월,1,1,0,0,0,충북,제천시,차대차,기타,기타,안전운전 의무 불이행,단일로,기타단일로
41478,2022-07-27 00,야간,수,1,1,0,0,0,경기,부천시,차대차,기타,기타,안전운전 의무 불이행,교차로,교차로횡단보도내
41479,2022-09-27 14,주간,화,1,2,0,1,0,서울,광진구,차대차,기타,기타,안전운전 의무 불이행,교차로,교차로내
41480,2022-10-27 17,주간,목,1,1,0,0,0,경기,양평군,차량단독,도로이탈,도로이탈 추락,안전운전 의무 불이행,단일로,기타단일로
41481,2022-06-15 04,야간,수,1,1,0,0,0,경기,양주시,차대사람,차도통행중,차도통행중,기타,교차로,교차로부근
41482,2022-10-14 04,야간,금,1,4,1,2,0,경북,김천시,차대차,추돌,추돌,안전운전 의무 불이행,단일로,기타단일로
41483,2022-05-04 01,야간,수,1,1,0,0,0,전남,목포시,차대사람,차도통행중,차도통행중,안전운전 의무 불이행,단일로,기타단일로
41484,2022-09-17 00,야간,토,1,1,0,0,0,전남,광양시,차량단독,기타,기타,안전운전 의무 불이행,교차로,교차로부근
41485,2022-07-26 21,야간,화,1,1,0,0,0,충남,서산시,차량단독,도로이탈,도로이탈 추락,안전운전 의무 불이행,단일로,기타단일로
41486,2022-08-06 09,주간,토,1,1,0,0,0,부산,강서구,차대차,측면충돌,측면충돌,신호위반,교차로,교차로내
41487,2022-04-17 00,야간,일,1,1,0,0,0,제주,제주시,차대차,측면충돌,측면충돌,신호위반,교차로,교차로내
41488,2022-06-01 00,야간,수,1,3,2,0,0,대구,달성군,차대사람,보도통행중,보도통행중,기타,단일로,기타단일로
41489,2022-04-10 17,주간,일,1,1,0,0,0,경기,광주시,차대차,측면충돌,측면충돌,신호위반,교차로,교차로내
41490,2022-09-30 08,주간,금,1,1,0,0,0,서울,광진구,차대사람,기타,기타,안전운전 의무 불이행,교차로,교차로부근
41491,2022-09-22 19,야간,목,1,1,0,0,0,경기,안양시,차량단독,기타,기타,안전운전 의무 불이행,단일로,기타단일로
41492,2022-07-29 23,야간,금,1,1,0,0,0,경남,창원시(통합),차대사람,횡단중,횡단중,기타,교차로,교차로횡단보도내
41493,2022-06-01 07,주간,수,1,1,0,0,0,서울,강남구,차대차,기타,기타,중앙선 침범,교차로,교차로내
41494,2022-05-24 10,주간,화,1,1,0,0,0,강원,강릉시,차대차,추돌,추돌,안전운전 의무 불이행,단일로,기타단일로
41495,2022-07-22 12,주간,금,1,1,0,0,0,인천,남동구,차대차,정면충돌,정면충돌,안전운전 의무 불이행,단일로,기타단일로
41496,2022-07-16 23,야간,토,1,2,0,0,1,경기,고양시,차대차,측면충돌,측면충돌,신호위반,교차로,교차로내
41497,2022-12-14 18,야간,수,1,1,0,0,0,충남,홍성군,차대사람,횡단중,횡단중,보행자 보호의무 위반,교차로,교차로횡단보도내
41498,2022-04-22 11,주간,금,1,1,0,0,0,제주,제주시,차대사람,횡단중,횡단중,안전운전 의무 불이행,단일로,기타단일로
41499,2022-04-09 01,야간,토,1,1,0,0,0,경기,부천시,차대차,측면충돌,측면충돌,신호위반,교차로,교차로내
41500,2022-04-29 08,주간,금,1,1,0,0,0,경남,양산시,차대사람,횡단중,횡단중,안전운전 의무 불이행,교차로,교차로내
41501,2022-05-15 15,주간,일,1,3,1,1,0,서울,강서구,차대사람,길가장자리구역통행중,길가장자리구역통행중,안전운전 의무 불이행,교차로,교차로내
41502,2022-08-21 21,야간,일,1,2,1,0,0,인천,중구,차대차,측면충돌,측면충돌,안전거리 미확보,단일로,기타단일로
41503,2022-05-28 10,주간,토,1,1,0,0,0,경남,진주시,차대차,정면충돌,정면충돌,중앙선 침범,단일로,기타단일로
41504,2022-05-13 03,야간,금,1,2,0,1,0,서울,영등포구,차량단독,기타,기타,안전운전 의무 불이행,단일로,기타단일로
41505,2022-11-02 04,야간,수,1,1,0,0,0,경남,통영시,차대사람,횡단중,횡단중,기타,교차로,교차로횡단보도내
41506,2022-08-30 07,주간,화,1,1,0,0,0,경남,김해시,차대사람,길가장자리구역통행중,길가장자리구역통행중,안전운전 의무 불이행,교차로,교차로부근
41507,2022-06-10 02,야간,금,1,1,0,0,0,서울,노원구,차량단독,공작물충돌,공작물충돌,안전운전 의무 불이행,단일로,기타단일로
41508,2022-10-13 19,야간,목,1,1,0,0,0,경북,영천시,차대사람,횡단중,횡단중,기타,교차로,교차로내
41509,2022-06-26 07,주간,일,1,1,0,0,0,경기,성남시,차대차,측면충돌,측면충돌,안전거리 미확보,단일로,기타단일로
41510,2022-04-26 16,주간,화,1,1,0,0,0,경기,고양시,차대사람,차도통행중,차도통행중,안전운전 의무 불이행,교차로,교차로내
41511,2022-12-12 18,야간,월,1,1,0,0,0,서울,성북구,차대사람,횡단중,횡단중,신호위반,교차로,교차로횡단보도내
41512,2022-08-06 08,주간,토,1,1,0,0,0,서울,용산구,차대사람,횡단중,횡단중,안전운전 의무 불이행,교차로,교차로내
41513,2022-11-11 21,야간,금,1,1,0,0,0,경기,양평군,차량단독,기타,기타,안전운전 의무 불이행,단일로,기타단일로
41514,2022-07-28 10,주간,목,1,1,0,0,0,경기,포천시,차량단독,공작물충돌,공작물충돌,안전운전 의무 불이행,단일로,기타단일로
41515,2022-07-26 07,주간,화,1,1,0,0,0,인천,남동구,차대차,정면충돌,정면충돌,신호위반,교차로,교차로내
41516,2022-12-24 15,주간,토,2,5,3,0,0,충남,홍성군,차대차,측면충돌,측면충돌,안전운전 의무 불이행,교차로,교차로내
41517,2022-08-22 21,야간,월,1,1,0,0,0,강원,양양군,차대사람,횡단중,횡단중,안전운전 의무 불이행,단일로,기타단일로
41518,2022-05-15 03,야간,일,1,1,0,0,0,제주,서귀포시,차대사람,횡단중,횡단중,안전운전 의무 불이행,교차로,교차로부근
41519,2022-05-04 08,주간,수,1,1,0,0,0,경기,성남시,차대사람,기타,기타,안전운전 의무 불이행,교차로,교차로내
41520,2022-11-06 18,야간,일,1,1,0,0,0,충남,논산시,차대사람,기타,기타,안전운전 의무 불이행,단일로,기타단일로
41521,2022-08-20 02,야간,토,1,1,0,0,0,충북,제천시,차대차,추돌,추돌,안전운전 의무 불이행,단일로,기타단일로
41522,2022-07-11 02,야간,월,1,2,0,1,0,경기,광명시,차대사람,차도통행중,차도통행중,기타,단일로,기타단일로
41523,2022-11-25 22,야간,금,1,1,0,0,0,인천,계양구,차대사람,횡단중,횡단중,안전운전 의무 불이행,교차로,교차로내
41524,2022-12-07 08,주간,수,1,1,0,0,0,전남,나주시,차대차,측면충돌,측면충돌,안전운전 의무 불이행,교차로,교차로내
41525,2022-11-08 18,야간,화,1,2,0,1,0,충남,논산시,차대차,정면충돌,정면충돌,중앙선 침범,단일로,기타단일로
41526,2022-03-26 01,야간,토,1,2,0,1,0,경기,시흥시,차대차,측면충돌,측면충돌,안전운전 의무 불이행,교차로,교차로내
41527,2022-05-16 01,야간,월,1,1,0,0,0,전북,군산시,차량단독,공작물충돌,공작물충돌,중앙선 침범,단일로,지하차도(도로)내
41528,2022-05-03 11,주간,화,1,1,0,0,0,전북,전주시,차대차,측면충돌,측면충돌,안전운전 의무 불이행,기타,기타
41529,2022-07-01 00,야간,금,1,1,0,0,0,충북,충주시,차대사람,기타,기타,안전운전 의무 불이행,단일로,기타단일로
41530,2022-08-01 19,야간,월,1,1,0,0,0,세종,세종,차대사람,기타,기타,안전운전 의무 불이행,단일로,기타단일로
41531,2022-11-10 15,주간,목,1,1,0,0,0,충남,계룡시,차대차,측면충돌,측면충돌,기타,교차로,교차로내
41532,2022-06-18 07,주간,토,1,1,0,0,0,전북,익산시,차대사람,횡단중,횡단중,기타,단일로,기타단일로
41533,2022-05-17 08,주간,화,1,2,0,1,0,제주,서귀포시,차대차,측면충돌,측면충돌,안전운전 의무 불이행,단일로,기타단일로
41534,2022-11-18 13,주간,금,1,1,0,0,0,경기,양평군,차대사람,차도통행중,차도통행중,안전운전 의무 불이행,주차장,주차장
41535,2022-11-24 05,야간,목,1,1,0,0,0,울산,동구,차대사람,횡단중,횡단중,신호위반,교차로,교차로횡단보도내
41536,2022-07-29 04,야간,금,1,1,0,0,0,인천,남동구,차대사람,횡단중,횡단중,안전운전 의무 불이행,단일로,기타단일로
41537,2022-06-02 10,주간,목,1,1,0,0,0,경남,진주시,차대차,추돌,추돌,안전운전 의무 불이행,단일로,기타단일로
41538,2022-05-06 19,야간,금,1,1,0,0,0,대구,동구,차대사람,기타,기타,안전운전 의무 불이행,단일로,기타단일로
41539,2022-07-02 16,주간,토,1,5,3,1,0,경기,여주시,차대차,추돌,추돌,안전운전 의무 불이행,단일로,기타단일로
41540,2022-04-27 03,야간,수,1,1,0,0,0,경기,안산시,차량단독,공작물충돌,공작물충돌,안전운전 의무 불이행,단일로,기타단일로
41541,2022-08-24 20,야간,수,1,1,0,0,0,충북,제천시,차대차,추돌,추돌,기타,단일로,지하차도(도로)내
41542,2022-08-03 00,야간,수,1,2,0,1,0,경기,포천시,차대차,측면충돌,측면충돌,신호위반,교차로,교차로부근
41543,2022-08-21 14,주간,일,1,1,0,0,0,부산,강서구,차대차,측면충돌,측면충돌,안전운전 의무 불이행,단일로,교량위
41544,2022-03-28 04,야간,월,1,1,0,0,0,경기,시흥시,차량단독,공작물충돌,공작물충돌,안전운전 의무 불이행,단일로,기타단일로
41545,2022-11-28 18,야간,월,1,1,0,0,0,울산,동구,차대차,측면충돌,측면충돌,안전거리 미확보,단일로,기타단일로
41546,2022-04-22 00,야간,금,1,1,0,0,0,인천,남구,차대사람,차도통행중,차도통행중,기타,단일로,기타단일로
41547,2022-11-02 13,주간,수,1,3,0,2,0,경기,양주시,차대차,추돌,추돌,안전운전 의무 불이행,단일로,터널안
41548,2022-12-15 17,주간,목,1,1,0,0,0,전남,나주시,차대차,측면충돌,측면충돌,기타,교차로,교차로내
41549,2022-04-12 20,야간,화,1,1,0,0,0,경기,의정부시,차대사람,차도통행중,차도통행중,안전운전 의무 불이행,단일로,기타단일로
41550,2022-07-05 23,야간,화,1,3,1,1,0,경기,군포시,차대차,추돌,추돌,안전운전 의무 불이행,단일로,기타단일로
41551,2022-05-15 03,야간,일,1,1,0,0,0,경기,화성시,차대사람,횡단중,횡단중,안전운전 의무 불이행,단일로,기타단일로
41552,2022-12-02 18,야간,금,1,1,0,0,0,경남,밀양시,차대사람,횡단중,횡단중,기타,교차로,교차로내
41553,2022-05-12 18,야간,목,1,1,0,0,0,충북,청주시,차량단독,공작물충돌,공작물충돌,안전운전 의무 불이행,단일로,기타단일로
41554,2022-08-08 07,주간,월,1,1,0,0,0,경북,안동시,차대사람,기타,기타,안전운전 의무 불이행,단일로,기타단일로
41555,2022-12-16 09,주간,금,1,2,1,0,0,충북,음성군,차대차,측면충돌,측면충돌,안전운전 의무 불이행,교차로,교차로내
41556,2022-09-01 22,야간,목,1,1,0,0,0,인천,부평구,차대사람,횡단중,횡단중,안전운전 의무 불이행,교차로,교차로부근
41557,2022-08-09 07,주간,화,1,1,0,0,0,경북,안동시,차대사람,기타,기타,안전운전 의무 불이행,단일로,기타단일로
41558,2022-12-21 10,주간,수,1,1,0,0,0,전남,나주시,차량단독,공작물충돌,공작물충돌,안전운전 의무 불이행,단일로,기타단일로
41559,2022-07-09 08,주간,토,1,2,0,1,0,충북,충주시,차대차,정면충돌,정면충돌,중앙선 침범,단일로,지하차도(도로)내
41560,2022-03-16 16,주간,수,1,1,0,0,0,경북,구미시,차량단독,기타,기타,안전운전 의무 불이행,단일로,기타단일로
41561,2022-05-12 14,주간,목,1,1,0,0,0,전남,순천시,차대사람,차도통행중,차도통행중,안전운전 의무 불이행,단일로,기타단일로
41562,2022-07-10 09,주간,일,1,2,1,0,0,충북,충주시,차대차,정면충돌,정면충돌,중앙선 침범,단일로,기타단일로
41563,2022-06-15 13,주간,수,1,1,0,0,0,서울,관악구,차대차,기타,기타,안전운전 의무 불이행,단일로,기타단일로
41564,2022-10-27 14,주간,목,1,1,0,0,0,경북,영천시,차대차,추돌,추돌,안전운전 의무 불이행,단일로,기타단일로
41565,2022-05-12 09,주간,목,1,1,0,0,0,경북,경주시,차량단독,전도,전도,안전운전 의무 불이행,단일로,기타단일로
41566,2022-11-20 09,주간,일,1,1,0,0,0,충남,논산시,차대차,정면충돌,정면충돌,안전운전 의무 불이행,단일로,기타단일로
41567,2022-11-18 08,주간,금,1,1,0,0,0,경남,통영시,차량단독,공작물충돌,공작물충돌,안전운전 의무 불이행,기타,기타
41568,2022-06-20 13,주간,월,1,3,1,0,1,경기,하남시,차대차,정면충돌,정면충돌,안전운전 의무 불이행,단일로,기타단일로
41569,2022-08-16 14,주간,화,1,1,0,0,0,부산,연제구,차대사람,횡단중,횡단중,보행자 보호의무 위반,단일로,기타단일로
41570,2022-05-12 17,주간,목,1,7,4,2,0,경북,경주시,차대차,추돌,추돌,기타,교차로,교차로부근
41571,2022-12-01 10,주간,목,1,1,0,0,0,경기,여주시,차량단독,기타,기타,안전운전 의무 불이행,교차로,교차로내
41572,2022-09-11 21,야간,일,1,1,0,0,0,경남,창원시(통합),차대차,기타,기타,안전운전 의무 불이행,단일로,기타단일로
41573,2022-07-14 00,야간,목,1,1,0,0,0,서울,마포구,차대사람,횡단중,횡단중,기타,교차로,교차로부근
41574,2022-09-04 21,야간,일,1,1,0,0,0,인천,부평구,차대차,측면충돌,측면충돌,기타,단일로,기타단일로
41575,2022-07-20 00,야간,수,1,1,0,0,0,경기,광명시,차대차,정면충돌,정면충돌,중앙선 침범,단일로,기타단일로
41576,2022-05-15 17,주간,일,1,1,0,0,0,충북,청주시,차대차,정면충돌,정면충돌,신호위반,교차로,교차로내
41577,2022-09-04 23,야간,일,1,1,0,0,0,인천,부평구,차대사람,횡단중,횡단중,안전운전 의무 불이행,기타,기타
41578,2022-05-01 08,주간,일,1,1,0,0,0,제주,제주시,차량단독,도로이탈,도로이탈 기타,안전운전 의무 불이행,교차로,교차로부근
41579,2022-10-11 06,주간,화,1,1,0,0,0,울산,중구,차대사람,횡단중,횡단중,안전운전 의무 불이행,교차로,교차로내
41580,2022-12-05 21,야간,월,1,1,0,0,0,경북,영주시,차량단독,공작물충돌,공작물충돌,안전운전 의무 불이행,교차로,교차로내
41581,2022-10-31 14,주간,월,1,1,0,0,0,경북,영천시,차대사람,차도통행중,차도통행중,안전운전 의무 불이행,교차로,교차로내
41582,2022-11-24 12,주간,목,1,3,0,0,2,경남,사천시,차대차,정면충돌,정면충돌,중앙선 침범,단일로,기타단일로
41583,2022-12-26 21,야간,월,1,1,0,0,0,충북,음성군,차대사람,차도통행중,차도통행중,안전운전 의무 불이행,단일로,기타단일로
41584,2022-08-12 04,야간,금,1,3,1,1,0,경기,포천시,차량단독,기타,기타,기타,단일로,기타단일로
41585,2022-08-19 10,주간,금,1,1,0,0,0,부산,수영구,차대사람,차도통행중,차도통행중,안전운전 의무 불이행,단일로,기타단일로
41586,2022-12-09 12,주간,금,1,1,0,0,0,경북,영주시,차대사람,기타,기타,안전운전 의무 불이행,기타,기타
41587,2022-11-03 06,주간,목,1,1,0,0,0,경북,영천시,차대사람,횡단중,횡단중,안전운전 의무 불이행,교차로,교차로부근
41588,2022-09-27 00,야간,화,1,1,0,0,0,울산,북구,차대차,추돌,추돌,안전운전 의무 불이행,단일로,기타단일로
41589,2022-08-13 06,주간,토,1,1,0,0,0,경북,안동시,차량단독,기타,기타,안전운전 의무 불이행,단일로,기타단일로
41590,2022-09-16 09,주간,금,1,1,0,0,0,경남,창원시(통합),차대차,정면충돌,정면충돌,안전운전 의무 불이행,교차로,교차로내
41591,2022-04-13 04,야간,수,1,2,0,1,0,광주,광산구,차대차,측면충돌,측면충돌,신호위반,교차로,교차로내
41592,2022-05-15 06,주간,일,1,1,0,0,0,경북,경주시,차량단독,공작물충돌,공작물충돌,안전운전 의무 불이행,단일로,기타단일로
41593,2022-11-13 18,야간,일,1,7,3,3,0,경북,상주시,차대차,추돌,추돌,안전거리 미확보,단일로,기타단일로
41594,2022-11-29 14,주간,화,1,1,0,0,0,충남,보령시,차량단독,기타,기타,안전운전 의무 불이행,단일로,기타단일로
41595,2022-09-09 07,주간,금,1,1,0,0,0,인천,부평구,차대사람,보도통행중,보도통행중,보행자 보호의무 위반,교차로,교차로부근
41596,2022-08-24 00,야간,수,1,1,0,0,0,서울,용산구,차량단독,전도,전도,안전운전 의무 불이행,교차로,교차로부근
41597,2022-12-10 04,야간,토,2,4,2,0,0,경기,양평군,차량단독,공작물충돌,공작물충돌,안전운전 의무 불이행,단일로,기타단일로
41598,2022-12-16 07,주간,금,1,1,0,0,0,경남,밀양시,차대사람,횡단중,횡단중,기타,교차로,교차로내
41599,2022-09-03 12,주간,토,1,1,0,0,0,경남,창원시(통합),차대차,정면충돌,정면충돌,안전운전 의무 불이행,교차로,교차로내
41600,2022-05-17 07,주간,화,1,1,0,0,0,전남,순천시,차량단독,도로이탈,도로이탈 추락,안전운전 의무 불이행,단일로,기타단일로
41601,2022-09-06 16,주간,화,1,3,1,1,0,부산,사상구,차대차,추돌,추돌,안전운전 의무 불이행,단일로,기타단일로
41602,2022-12-17 17,주간,토,1,1,0,0,0,경북,영주시,차대사람,횡단중,횡단중,보행자 보호의무 위반,단일로,기타단일로
41603,2022-04-27 03,야간,수,2,3,0,1,0,인천,남구,차대차,측면충돌,측면충돌,신호위반,교차로,교차로내
41604,2022-05-12 02,야간,목,2,2,0,0,0,서울,강남구,차대차,기타,기타,신호위반,기타,기타
41605,2022-05-05 13,주간,목,1,1,0,0,0,경기,화성시,차대차,측면충돌,측면충돌,안전거리 미확보,단일로,기타단일로
41606,2022-04-10 11,주간,일,1,1,0,0,0,서울,송파구,차대사람,기타,기타,신호위반,단일로,기타단일로
41607,2022-07-31 07,주간,일,1,3,2,0,0,경기,남양주시,차량단독,도로이탈,도로이탈 추락,안전운전 의무 불이행,단일로,교량위