교통사고이력ID(사고기록 순서),발생년월일시,주야코드,요일코드,사망자수,부상자수,중상자수,경상자수,부상신고자수,발생지시도코드,발생지시도코드,사고유형대분류코드,사고유형중분류코드,사고유형코드,법규위반코드,도로형태대분류코드,도로로형태코드
41608,2022-10-01 21,야간,토,1,1,0,0,0,울산,북구,차대차,추돌,추돌,안전운전 의무 불이행,단일로,기타단일로
41609,2022-04-21 07,주간,목,1,1,0,0,0,경기,안산시,차대차,기타,기타,안전거리 미확보,단일로,기타단일로
41610,2022-08-12 21,야간,금,1,2,1,0,0,부산,동래구,차량단독,공작물충돌,공작물충돌,기타,단일로,기타단일로
41611,2022-04-09 16,주간,토,1,1,0,0,0,충남,천안시,차대사람,기타,기타,안전운전 의무 불이행,교차로,교차로횡단보도내
41612,2022-05-05 20,야간,목,1,2,0,1,0,경기,화성시,차대차,기타,기타,기타,교차로,교차로횡단보도내
41613,2022-07-26 05,야간,화,1,2,1,0,0,부산,사하구,차량단독,공작물충돌,공작물충돌,안전운전 의무 불이행,단일로,기타단일로
41614,2022-12-06 17,주간,화,1,1,0,0,0,충남,보령시,차대사람,횡단중,횡단중,안전운전 의무 불이행,단일로,기타단일로
41615,2022-04-16 23,야간,토,1,1,0,0,0,경북,구미시,차대차,추돌,추돌,안전운전 의무 불이행,교차로,교차로내
41616,2022-09-28 04,야간,수,1,1,0,0,0,경남,밀양시,차대차,추돌,추돌,안전운전 의무 불이행,단일로,기타단일로
41617,2022-09-18 22,야간,일,1,1,0,0,0,경남,김해시,차량단독,도로이탈,도로이탈 추락,안전운전 의무 불이행,단일로,교량위
41618,2022-06-25 14,주간,토,1,1,0,0,0,강원,춘천시,차대차,측면충돌,측면충돌,기타,교차로,교차로내
41619,2022-04-17 22,야간,일,1,1,0,0,0,경기,수원시,차대사람,횡단중,횡단중,기타,단일로,기타단일로
41620,2022-11-18 11,주간,금,1,5,1,3,0,대구,달성군,차대차,추돌,추돌,안전운전 의무 불이행,단일로,기타단일로
41621,2022-08-07 22,야간,일,1,1,0,0,0,경기,고양시,차대사람,기타,기타,기타,단일로,기타단일로
41622,2022-12-05 20,야간,월,1,1,0,0,0,충남,계룡시,차량단독,공작물충돌,공작물충돌,안전운전 의무 불이행,교차로,교차로부근
41623,2022-11-01 20,야간,화,1,1,0,0,0,서울,광진구,차대사람,기타,기타,기타,단일로,기타단일로
41624,2022-04-20 23,야간,수,1,1,0,0,0,경기,부천시,차대사람,기타,기타,안전운전 의무 불이행,단일로,기타단일로
41625,2022-05-14 03,야간,토,1,1,0,0,0,경남,양산시,차량단독,공작물충돌,공작물충돌,안전운전 의무 불이행,교차로,교차로내
41626,2022-08-01 00,야간,월,1,1,0,0,0,충남,당진시,차량단독,기타,기타,안전운전 의무 불이행,단일로,기타단일로
41627,2022-05-16 23,야간,월,1,1,0,0,0,부산,부산진구,차대차,추돌,추돌,안전운전 의무 불이행,교차로,교차로부근
41628,2022-12-22 19,야간,목,1,1,0,0,0,경기,여주시,차량단독,도로이탈,도로이탈 추락,안전운전 의무 불이행,단일로,기타단일로
41629,2022-05-30 16,주간,월,1,3,1,0,1,서울,강서구,차대차,정면충돌,정면충돌,교차로 통행방법 위반,교차로,교차로내
41630,2022-09-13 12,주간,화,1,4,2,1,0,부산,사상구,차대사람,보도통행중,보도통행중,안전운전 의무 불이행,단일로,지하차도(도로)내
41631,2022-05-06 15,주간,금,1,1,0,0,0,경기,안산시,차대차,정면충돌,정면충돌,안전운전 의무 불이행,단일로,기타단일로
41632,2022-11-24 17,주간,목,1,2,0,0,1,경기,포천시,차대차,추돌,추돌,안전거리 미확보,단일로,기타단일로
41633,2022-05-13 00,야간,금,1,1,0,0,0,대구,남구,차량단독,공작물충돌,공작물충돌,안전운전 의무 불이행,교차로,교차로부근
41634,2022-08-16 13,주간,화,1,2,0,1,0,서울,동작구,차량단독,공작물충돌,공작물충돌,안전운전 의무 불이행,단일로,기타단일로
41635,2022-12-14 04,야간,수,1,1,0,0,0,충남,논산시,차대사람,횡단중,횡단중,기타,교차로,교차로횡단보도내
41636,2022-09-15 09,주간,목,1,1,0,0,0,충북,제천시,차대사람,차도통행중,차도통행중,안전운전 의무 불이행,교차로,교차로내
41637,2022-07-22 02,야간,금,1,1,0,0,0,경기,화성시,차대차,기타,기타,안전운전 의무 불이행,기타,기타
41638,2022-11-09 20,야간,수,1,1,0,0,0,서울,광진구,차대사람,횡단중,횡단중,보행자 보호의무 위반,교차로,교차로횡단보도내
41639,2022-05-09 16,주간,월,1,3,0,2,0,전남,여수시,차대차,정면충돌,정면충돌,신호위반,교차로,교차로내
41640,2022-09-01 15,주간,목,1,1,0,0,0,경기,부천시,차대사람,기타,기타,안전운전 의무 불이행,교차로,교차로내
41641,2022-09-03 04,야간,토,1,16,2,13,0,서울,용산구,차대차,기타,기타,기타,단일로,기타단일로
41642,2022-11-25 17,주간,금,1,2,0,1,0,경북,영천시,차대차,추돌,추돌,안전운전 의무 불이행,단일로,기타단일로
41643,2022-08-24 05,야간,수,1,2,1,0,0,경북,안동시,차량단독,도로이탈,도로이탈 추락,안전운전 의무 불이행,단일로,기타단일로
41644,2022-11-06 03,야간,일,1,1,0,0,0,경기,안양시,차대사람,횡단중,횡단중,안전운전 의무 불이행,교차로,교차로횡단보도내
41645,2022-06-03 18,야간,금,1,1,0,0,0,제주,서귀포시,차대사람,기타,기타,안전운전 의무 불이행,단일로,기타단일로
41646,2022-09-03 12,주간,토,1,1,0,0,0,서울,용산구,차대사람,기타,기타,안전운전 의무 불이행,기타,기타
41647,2022-09-05 20,야간,월,1,1,0,0,0,서울,서대문구,차대사람,기타,기타,보행자 보호의무 위반,단일로,기타단일로
41648,2022-12-21 09,주간,수,1,1,0,0,0,충남,논산시,차량단독,도로이탈,도로이탈 추락,안전운전 의무 불이행,단일로,교량위
41649,2022-09-02 05,야간,금,1,2,0,1,0,충남,서산시,차대차,추돌,추돌,안전운전 의무 불이행,단일로,기타단일로
41650,2022-12-21 07,주간,수,1,1,0,0,0,충남,보령시,차대사람,기타,기타,중앙선 침범,단일로,기타단일로
41651,2022-08-12 22,야간,금,1,1,0,0,0,경기,안양시,차대차,측면충돌,측면충돌,신호위반,단일로,기타단일로
41652,2022-07-17 19,야간,일,1,2,1,0,0,경기,안성시,차량단독,전도,전도,안전운전 의무 불이행,단일로,기타단일로
41653,2022-07-29 22,야간,금,1,5,2,2,0,경기,성남시,차대차,정면충돌,정면충돌,신호위반,교차로,교차로내
41654,2022-08-14 01,야간,일,1,6,0,5,0,인천,중구,차대차,추돌,추돌,안전운전 의무 불이행,교차로,교차로부근
41655,2022-09-19 20,야간,월,1,1,0,0,0,부산,사상구,차대사람,횡단중,횡단중,안전운전 의무 불이행,기타,기타
41656,2022-05-11 02,야간,수,1,1,0,0,0,제주,제주시,차량단독,공작물충돌,공작물충돌,안전운전 의무 불이행,단일로,기타단일로
41657,2022-12-03 23,야간,토,1,4,1,2,0,경북,상주시,차대차,정면충돌,정면충돌,안전운전 의무 불이행,단일로,기타단일로
41658,2022-09-18 15,주간,일,1,2,0,1,0,충북,제천시,차대차,측면충돌,측면충돌,신호위반,단일로,고가도로위
41659,2022-05-06 08,주간,금,1,1,0,0,0,제주,제주시,차대차,정면충돌,정면충돌,안전운전 의무 불이행,단일로,기타단일로
41660,2022-07-27 11,주간,수,1,4,1,2,0,경기,평택시,차대차,추돌,추돌,안전운전 의무 불이행,단일로,기타단일로
41661,2022-10-20 04,야간,목,1,2,1,0,0,경기,안산시,차대차,추돌,추돌,안전운전 의무 불이행,단일로,기타단일로
41662,2022-09-20 18,야간,화,1,1,0,0,0,충북,제천시,차대차,측면충돌,측면충돌,안전운전 의무 불이행,단일로,기타단일로
41663,2022-12-06 14,주간,화,1,1,0,0,0,경북,영천시,차대사람,횡단중,횡단중,안전운전 의무 불이행,교차로,교차로내
41664,2022-08-26 10,주간,금,1,1,0,0,0,경기,포천시,차량단독,전도,전도,안전운전 의무 불이행,단일로,기타단일로
41665,2022-09-23 10,주간,금,1,1,0,0,0,부산,금정구,차량단독,기타,기타,안전운전 의무 불이행,단일로,기타단일로
41666,2022-07-17 15,주간,일,1,1,0,0,0,경기,양주시,차량단독,전도,전도,안전운전 의무 불이행,단일로,기타단일로
41667,2022-05-26 00,야간,목,1,1,0,0,0,대구,달서구,차대차,추돌,추돌,안전운전 의무 불이행,단일로,기타단일로
41668,2022-08-29 05,야간,월,1,1,0,0,0,인천,남동구,차대차,측면충돌,측면충돌,중앙선 침범,단일로,기타단일로
41669,2022-03-15 07,주간,화,1,1,0,0,0,경기,평택시,차대사람,기타,기타,안전운전 의무 불이행,교차로,교차로부근
41670,2022-05-14 21,야간,토,1,1,0,0,0,경기,화성시,차대차,측면충돌,측면충돌,신호위반,교차로,교차로부근
41671,2022-06-23 00,야간,목,1,3,2,0,0,경기,고양시,차대차,정면충돌,정면충돌,신호위반,교차로,교차로내
41672,2022-07-12 19,야간,화,1,2,1,0,0,전북,익산시,차대차,측면충돌,측면충돌,기타,교차로,교차로내
41673,2022-05-17 01,야간,화,1,2,1,0,0,경기,고양시,차대사람,차도통행중,차도통행중,안전운전 의무 불이행,단일로,기타단일로
41674,2022-05-31 21,야간,화,1,1,0,0,0,경기,화성시,차대사람,보도통행중,보도통행중,안전운전 의무 불이행,교차로,교차로횡단보도내
41675,2022-06-04 21,야간,토,1,1,0,0,0,전북,군산시,차대차,측면충돌,측면충돌,신호위반,교차로,교차로내
41676,2022-08-13 19,야간,토,1,1,0,0,0,충남,당진시,차량단독,도로이탈,도로이탈 추락,안전운전 의무 불이행,단일로,기타단일로
41677,2022-09-23 22,야간,금,1,1,0,0,0,경남,창원시(통합),차량단독,기타,기타,안전운전 의무 불이행,단일로,기타단일로
41678,2022-04-25 01,야간,월,1,1,0,0,0,경북,구미시,차대사람,기타,기타,안전운전 의무 불이행,단일로,기타단일로
41679,2022-05-17 21,야간,화,1,1,0,0,0,경북,경주시,차량단독,기타,기타,안전운전 의무 불이행,단일로,기타단일로
41680,2022-12-12 11,주간,월,1,1,0,0,0,경북,구미시,차대차,추돌,추돌,안전거리 미확보,단일로,기타단일로
41681,2022-06-11 03,야간,토,1,1,0,0,0,부산,남구,차량단독,전도,전도,안전운전 의무 불이행,단일로,기타단일로
41682,2022-05-16 10,주간,월,1,1,0,0,0,경기,수원시,차대차,측면충돌,측면충돌,중앙선 침범,교차로,교차로부근
41683,2022-07-11 06,주간,월,1,3,0,2,0,경기,남양주시,차대차,추돌,추돌,안전운전 의무 불이행,단일로,기타단일로
41684,2022-04-29 16,주간,금,1,1,0,0,0,경기,안산시,차대차,기타,기타,기타,기타,기타
41685,2022-07-20 20,야간,수,1,1,0,0,0,서울,양천구,차대사람,기타,기타,기타,단일로,기타단일로
41686,2022-05-16 02,야간,월,1,2,1,0,0,제주,제주시,차대차,측면충돌,측면충돌,기타,교차로,교차로내
41687,2022-09-30 05,야간,금,1,1,0,0,0,경남,거제시,차대사람,횡단중,횡단중,안전운전 의무 불이행,교차로,교차로내
41688,2022-08-03 04,야간,수,1,2,0,1,0,경기,화성시,차대차,기타,기타,안전운전 의무 불이행,단일로,기타단일로
41689,2022-05-21 22,야간,토,1,1,0,0,0,대구,달서구,차대사람,횡단중,횡단중,안전운전 의무 불이행,단일로,기타단일로
41690,2022-05-29 09,주간,일,1,1,0,0,0,충북,청주시,차대차,기타,기타,안전운전 의무 불이행,기타,기타
41691,2022-07-08 02,야간,금,1,1,0,0,0,서울,서초구,차량단독,기타,기타,안전운전 의무 불이행,단일로,기타단일로
41692,2022-09-05 08,주간,월,1,1,0,0,0,경북,안동시,차대차,기타,기타,안전운전 의무 불이행,교차로,교차로부근
41693,2022-10-05 03,야간,수,1,1,0,0,0,부산,강서구,차대사람,기타,기타,중앙선 침범,단일로,기타단일로
41694,2022-10-16 06,주간,일,1,1,0,0,0,경남,김해시,차대차,추돌,추돌,안전운전 의무 불이행,단일로,기타단일로
41695,2022-08-03 15,주간,수,1,1,0,0,0,충북,충주시,차대사람,횡단중,횡단중,안전운전 의무 불이행,교차로,교차로내
41696,2022-09-16 04,야간,금,1,1,0,0,0,충남,서산시,차대차,추돌,추돌,안전운전 의무 불이행,단일로,기타단일로
41697,2022-06-04 20,야간,토,1,1,0,0,0,제주,서귀포시,차량단독,기타,기타,안전운전 의무 불이행,단일로,교량위
41698,2022-08-27 09,주간,토,1,2,0,1,0,경기,고양시,차대차,정면충돌,정면충돌,안전운전 의무 불이행,단일로,터널안
41699,2022-03-17 20,야간,목,1,2,1,0,0,경기,평택시,차대차,추돌,추돌,안전운전 의무 불이행,단일로,기타단일로
41700,2022-10-18 07,주간,화,1,1,0,0,0,경남,김해시,차대사람,횡단중,횡단중,안전운전 의무 불이행,단일로,기타단일로
41701,2022-08-21 09,주간,일,2,7,3,2,0,경기,남양주시,차대차,추돌,추돌,안전운전 의무 불이행,단일로,기타단일로
41702,2022-06-20 07,주간,월,1,3,0,2,0,전북,전주시,차대차,측면충돌,측면충돌,중앙선 침범,단일로,기타단일로
41703,2022-08-11 00,야간,목,1,1,0,0,0,경기,성남시,차대사람,기타,기타,안전운전 의무 불이행,단일로,기타단일로
41704,2022-09-18 15,주간,일,1,1,0,0,0,충남,서산시,차대차,측면충돌,측면충돌,신호위반,교차로,교차로내
41705,2022-11-29 20,야간,화,1,1,0,0,0,경기,안양시,차대차,측면충돌,측면충돌,중앙선 침범,단일로,기타단일로
41706,2022-11-28 07,주간,월,1,1,0,0,0,전남,광양시,차대차,추돌,추돌,안전운전 의무 불이행,단일로,기타단일로
41707,2022-04-19 21,야간,화,1,1,0,0,0,충남,천안시,차대사람,기타,기타,기타,교차로,교차로횡단보도내
41708,2022-12-22 04,야간,목,2,3,1,0,0,경북,경산시,차대차,추돌,추돌,안전운전 의무 불이행,단일로,기타단일로
41709,2022-06-10 17,주간,금,1,1,0,0,0,전북,군산시,차대사람,횡단중,횡단중,보행자 보호의무 위반,단일로,기타단일로
41710,2022-07-22 09,주간,금,1,1,0,0,0,전북,익산시,차대사람,횡단중,횡단중,안전운전 의무 불이행,교차로,교차로횡단보도내
41711,2022-12-22 18,야간,목,1,4,0,3,0,경북,군위군,차대차,기타,기타,안전운전 의무 불이행,단일로,기타단일로
41712,2022-11-19 14,주간,토,1,1,0,0,0,대구,중구,차대차,정면충돌,정면충돌,중앙선 침범,단일로,기타단일로
41713,2022-08-14 03,야간,일,1,3,2,0,0,경기,성남시,차대사람,횡단중,횡단중,기타,교차로,교차로내
41714,2022-08-18 13,주간,목,1,1,0,0,0,경기,광명시,차대차,측면충돌,측면충돌,안전운전 의무 불이행,교차로,교차로부근
41715,2022-10-07 23,야간,금,1,1,0,0,0,경남,거제시,차대사람,횡단중,횡단중,안전운전 의무 불이행,교차로,교차로횡단보도내
41716,2022-06-12 08,주간,일,1,1,0,0,0,전북,군산시,차대차,측면충돌,측면충돌,교차로 통행방법 위반,교차로,교차로내
41717,2022-10-15 21,야간,토,1,1,0,0,0,대구,남구,차대사람,횡단중,횡단중,신호위반,교차로,교차로횡단보도내
41718,2022-12-27 17,주간,화,1,2,1,0,0,경북,영천시,차량단독,도로이탈,도로이탈 추락,안전운전 의무 불이행,단일로,기타단일로
41719,2022-07-08 09,주간,금,1,1,0,0,0,경기,이천시,차량단독,도로이탈,도로이탈 추락,안전운전 의무 불이행,단일로,기타단일로
41720,2022-09-09 14,주간,금,1,1,0,0,0,경북,안동시,차대사람,기타,기타,안전운전 의무 불이행,단일로,기타단일로
41721,2022-08-14 23,야간,일,1,1,0,0,0,서울,마포구,차량단독,전도,전도,안전운전 의무 불이행,단일로,기타단일로
41722,2022-09-22 16,주간,목,1,1,0,0,0,경남,창원시(통합),차대차,측면충돌,측면충돌,신호위반,교차로,교차로내
41723,2022-07-14 20,야간,목,1,1,0,0,0,서울,관악구,차대사람,횡단중,횡단중,안전운전 의무 불이행,단일로,기타단일로
41724,2022-07-09 03,야간,토,1,1,0,0,0,경기,이천시,차대차,추돌,추돌,안전운전 의무 불이행,단일로,기타단일로
41725,2022-07-02 14,주간,토,1,1,0,0,0,경남,진주시,차대사람,기타,기타,안전운전 의무 불이행,단일로,기타단일로
41726,2022-09-19 09,주간,월,1,1,0,0,0,세종,세종,차대사람,횡단중,횡단중,안전운전 의무 불이행,교차로,교차로횡단보도내
41727,2022-05-04 23,야간,수,1,1,0,0,0,경기,안산시,차대사람,기타,기타,기타,기타,기타
41728,2022-07-14 10,주간,목,1,1,0,0,0,부산,해운대구,차대사람,길가장자리구역통행중,길가장자리구역통행중,안전운전 의무 불이행,단일로,기타단일로
41729,2022-10-10 16,주간,월,1,1,0,0,0,부산,금정구,차대차,추돌,추돌,안전운전 의무 불이행,단일로,기타단일로
41730,2022-12-02 12,주간,금,1,1,0,0,0,서울,금천구,차대사람,기타,기타,안전운전 의무 불이행,교차로,교차로내
41731,2022-12-29 22,야간,목,2,7,4,1,0,경북,구미시,차대차,추돌,추돌,안전운전 의무 불이행,단일로,기타단일로
41732,2022-10-11 15,주간,화,1,1,0,0,0,부산,금정구,차대사람,차도통행중,차도통행중,안전운전 의무 불이행,단일로,기타단일로
41733,2022-07-02 11,주간,토,1,2,1,0,0,서울,동대문구,차대사람,보도통행중,보도통행중,안전운전 의무 불이행,주차장,주차장
41734,2022-09-25 18,야간,일,1,1,0,0,0,서울,용산구,차대사람,기타,기타,안전운전 의무 불이행,단일로,기타단일로
41735,2022-07-26 04,야간,화,1,1,0,0,0,대구,북구,차량단독,기타,기타,안전운전 의무 불이행,단일로,기타단일로
41736,2022-05-01 04,야간,일,1,1,0,0,0,경기,파주시,차량단독,공작물충돌,공작물충돌,안전운전 의무 불이행,단일로,기타단일로
41737,2022-11-13 01,야간,일,1,3,0,2,0,인천,남동구,차대차,추돌,추돌,안전운전 의무 불이행,단일로,기타단일로
41738,2022-10-29 11,주간,토,1,1,0,0,0,경남,창원시(통합),차량단독,도로이탈,도로이탈 추락,안전운전 의무 불이행,교차로,교차로부근
41739,2022-09-05 15,주간,월,2,4,2,0,0,경기,고양시,차대차,측면충돌,측면충돌,신호위반,교차로,교차로부근
41740,2022-05-11 13,주간,수,1,2,0,1,0,충북,청주시,차대차,추돌,추돌,안전운전 의무 불이행,교차로,교차로부근
41741,2022-12-09 01,야간,금,1,1,0,0,0,서울,금천구,차대사람,기타,기타,안전운전 의무 불이행,교차로,교차로내
41742,2022-05-01 18,야간,일,1,1,0,0,0,경기,파주시,차대차,기타,기타,신호위반,교차로,교차로내
41743,2022-06-14 11,주간,화,1,3,1,1,0,경기,이천시,차대차,추돌,추돌,안전운전 의무 불이행,단일로,기타단일로
41744,2022-07-05 05,야간,화,1,1,0,0,0,경남,진주시,차대사람,횡단중,횡단중,안전운전 의무 불이행,단일로,기타단일로
41745,2022-09-14 23,야간,수,1,1,0,0,0,경북,안동시,차량단독,전도,전도,안전운전 의무 불이행,단일로,기타단일로
41746,2022-03-22 04,야간,화,1,2,0,0,1,경기,평택시,차량단독,공작물충돌,공작물충돌,기타,교차로,교차로내
41747,2022-06-29 15,주간,수,1,1,0,0,0,강원,평창군,차량단독,공작물충돌,공작물충돌,안전운전 의무 불이행,단일로,기타단일로
41748,2022-06-05 16,주간,일,2,2,0,0,0,경북,경주시,차량단독,공작물충돌,공작물충돌,안전운전 의무 불이행,단일로,기타단일로
41749,2022-09-27 19,야간,화,1,1,0,0,0,충남,서산시,차대사람,차도통행중,차도통행중,기타,단일로,기타단일로
41750,2022-06-14 03,야간,화,1,2,0,1,0,경기,화성시,차대차,추돌,추돌,안전운전 의무 불이행,단일로,기타단일로
41751,2022-08-26 14,주간,금,1,4,0,3,0,서울,구로구,차대차,기타,기타,안전운전 의무 불이행,단일로,기타단일로
41752,2022-05-19 10,주간,목,1,2,0,1,0,경북,경산시,차대차,추돌,추돌,안전운전 의무 불이행,교차로,교차로부근
41753,2022-05-24 23,야간,화,1,2,0,1,0,제주,제주시,차대사람,차도통행중,차도통행중,기타,단일로,기타단일로
41754,2022-06-03 02,야간,금,1,1,0,0,0,경기,성남시,차대차,기타,기타,신호위반,교차로,교차로내
41755,2022-06-21 13,주간,화,1,1,0,0,0,서울,강서구,차대사람,기타,기타,안전운전 의무 불이행,단일로,기타단일로
41756,2022-05-03 09,주간,화,1,1,0,0,0,경기,수원시,차대차,측면충돌,측면충돌,안전운전 의무 불이행,교차로,교차로부근
41757,2022-12-22 19,야간,목,1,2,0,1,0,서울,광진구,차대차,기타,기타,안전운전 의무 불이행,단일로,고가도로위
41758,2022-09-17 08,주간,토,2,3,1,0,0,경북,안동시,차대차,정면충돌,정면충돌,중앙선 침범,단일로,기타단일로
41759,2022-12-14 16,주간,수,1,1,0,0,0,서울,금천구,차대사람,기타,기타,안전운전 의무 불이행,단일로,기타단일로
41760,2022-08-29 05,야간,월,1,1,0,0,0,서울,강동구,차대사람,횡단중,횡단중,기타,교차로,교차로횡단보도내
41761,2022-11-11 17,주간,금,1,1,0,0,0,부산,북구,차대사람,기타,기타,안전운전 의무 불이행,기타,기타
41762,2022-07-19 18,야간,화,1,1,0,0,0,서울,서초구,차대사람,기타,기타,안전운전 의무 불이행,교차로,교차로부근
41763,2022-11-18 10,주간,금,1,1,0,0,0,경기,시흥시,차대차,추돌,추돌,안전운전 의무 불이행,단일로,기타단일로
41764,2022-06-08 01,야간,수,1,1,0,0,0,경북,경주시,차량단독,공작물충돌,공작물충돌,안전운전 의무 불이행,단일로,기타단일로
41765,2022-11-18 16,주간,금,1,1,0,0,0,경기,시흥시,차대사람,기타,기타,신호위반,단일로,기타단일로
41766,2022-09-03 08,주간,토,1,1,0,0,0,충남,당진시,차대차,측면충돌,측면충돌,안전운전 의무 불이행,단일로,기타단일로
41767,2022-08-14 04,야간,일,1,1,0,0,0,경남,김해시,차대차,정면충돌,정면충돌,신호위반,교차로,교차로내
41768,2022-07-20 19,야간,수,1,1,0,0,0,부산,해운대구,차대차,기타,기타,안전운전 의무 불이행,단일로,기타단일로
41769,2022-10-16 17,주간,일,1,1,0,0,0,충북,제천시,차량단독,공작물충돌,공작물충돌,안전운전 의무 불이행,단일로,기타단일로
41770,2022-09-23 09,주간,금,1,1,0,0,0,서울,강북구,차대사람,횡단중,횡단중,보행자 보호의무 위반,단일로,기타단일로
41771,2022-07-08 14,주간,금,1,1,0,0,0,경기,수원시,차대사람,기타,기타,안전운전 의무 불이행,기타,기타
41772,2022-07-28 14,주간,목,1,1,0,0,0,경기,하남시,차대차,기타,기타,안전운전 의무 불이행,단일로,기타단일로
41773,2022-09-22 00,야간,목,1,1,0,0,0,부산,동래구,차대사람,차도통행중,차도통행중,안전운전 의무 불이행,단일로,기타단일로
41774,2022-05-10 11,주간,화,1,1,0,0,0,경기,안산시,차량단독,기타,기타,안전운전 의무 불이행,단일로,기타단일로
41775,2022-06-20 16,주간,월,1,1,0,0,0,전북,군산시,차대사람,길가장자리구역통행중,길가장자리구역통행중,안전운전 의무 불이행,단일로,지하차도(도로)내
41776,2022-10-23 06,주간,일,1,1,0,0,0,강원,양양군,차대사람,길가장자리구역통행중,길가장자리구역통행중,안전운전 의무 불이행,단일로,기타단일로
41777,2022-07-27 04,야간,수,1,2,0,1,0,경기,남양주시,차량단독,공작물충돌,공작물충돌,안전운전 의무 불이행,단일로,기타단일로
41778,2022-11-10 13,주간,목,1,1,0,0,0,경남,김해시,차대사람,횡단중,횡단중,보행자 보호의무 위반,교차로,교차로횡단보도내
41779,2022-10-24 02,야간,월,1,1,0,0,0,강원,속초시,차대사람,횡단중,횡단중,안전운전 의무 불이행,단일로,교량위
41780,2022-04-24 17,주간,일,1,1,0,0,0,인천,서구,차대차,기타,기타,안전운전 의무 불이행,단일로,기타단일로
41781,2022-08-04 12,주간,목,1,2,0,1,0,전북,익산시,차대차,측면충돌,측면충돌,신호위반,교차로,교차로내
41782,2022-08-04 15,주간,목,1,1,0,0,0,전북,익산시,차대사람,횡단중,횡단중,안전운전 의무 불이행,단일로,기타단일로
41783,2022-06-30 12,주간,목,1,1,0,0,0,경북,포항시,차대차,측면충돌,측면충돌,안전운전 의무 불이행,단일로,기타단일로
41784,2022-09-07 07,주간,수,1,1,0,0,0,충남,당진시,차대차,기타,기타,안전운전 의무 불이행,단일로,기타단일로
41785,2022-07-28 08,주간,목,1,1,0,0,0,경기,남양주시,차대차,측면충돌,측면충돌,기타,교차로,교차로내
41786,2022-09-25 22,야간,일,1,1,0,0,0,부산,동래구,차대차,기타,기타,안전운전 의무 불이행,단일로,기타단일로
41787,2022-09-13 07,주간,화,1,1,0,0,0,경기,안양시,차대사람,기타,기타,안전운전 의무 불이행,교차로,교차로내
41788,2022-05-31 12,주간,화,1,2,0,0,1,경기,고양시,차대차,측면충돌,측면충돌,신호위반,교차로,교차로내
41789,2022-12-09 03,야간,금,1,1,0,0,0,울산,울주군,차대사람,차도통행중,차도통행중,안전운전 의무 불이행,단일로,지하차도(도로)내
41790,2022-08-06 07,주간,토,1,1,0,0,0,전북,익산시,차대차,정면충돌,정면충돌,신호위반,교차로,교차로횡단보도내
41791,2022-07-15 18,야간,금,1,1,0,0,0,대구,북구,차량단독,전도,전도,안전운전 의무 불이행,단일로,기타단일로
41792,2022-06-12 15,주간,일,1,3,0,2,0,경북,경주시,차대차,기타,기타,안전운전 의무 불이행,단일로,교량위
41793,2022-04-26 22,야간,화,1,1,0,0,0,경북,구미시,차량단독,공작물충돌,공작물충돌,중앙선 침범,교차로,교차로부근
41794,2022-07-13 08,주간,수,1,1,0,0,0,경남,진주시,차대차,정면충돌,정면충돌,안전운전 의무 불이행,교차로,교차로횡단보도내
41795,2022-06-23 23,야간,목,1,1,0,0,0,서울,영등포구,차대사람,횡단중,횡단중,기타,단일로,기타단일로
41796,2022-06-14 06,주간,화,1,1,0,0,0,충북,청주시,차대차,정면충돌,정면충돌,신호위반,교차로,교차로내
41797,2022-09-26 19,야간,월,1,1,0,0,0,경북,안동시,차대사람,기타,기타,안전운전 의무 불이행,단일로,기타단일로
41798,2022-06-14 10,주간,화,1,1,0,0,0,충북,청주시,차대사람,횡단중,횡단중,안전운전 의무 불이행,단일로,지하차도(도로)내
41799,2022-05-13 09,주간,금,1,1,0,0,0,경기,안산시,차대차,측면충돌,측면충돌,중앙선 침범,단일로,기타단일로
41800,2022-09-04 22,야간,일,1,1,0,0,0,서울,구로구,차량단독,공작물충돌,공작물충돌,안전운전 의무 불이행,단일로,기타단일로
41801,2022-08-27 18,야간,토,1,1,0,0,0,충북,충주시,차량단독,공작물충돌,공작물충돌,안전운전 의무 불이행,단일로,기타단일로
41802,2022-12-29 13,주간,목,1,1,0,0,0,전남,광양시,차량단독,공작물충돌,공작물충돌,안전운전 의무 불이행,단일로,기타단일로
41803,2022-08-30 21,야간,화,1,6,2,3,0,경기,화성시,차대차,기타,기타,안전운전 의무 불이행,단일로,기타단일로
41804,2022-10-17 11,주간,월,1,5,3,1,0,경남,창원시(통합),차대차,측면충돌,측면충돌,안전운전 의무 불이행,교차로,교차로내
41805,2022-10-14 22,야간,금,1,1,0,0,0,서울,서대문구,차대사람,보도통행중,보도통행중,안전운전 의무 불이행,단일로,기타단일로
41806,2022-12-16 08,주간,금,1,1,0,0,0,울산,울주군,차량단독,공작물충돌,공작물충돌,안전운전 의무 불이행,단일로,기타단일로
41807,2022-12-16 13,주간,금,1,1,0,0,0,울산,울주군,차대사람,횡단중,횡단중,보행자 보호의무 위반,교차로,교차로횡단보도내
41808,2022-11-02 21,야간,수,1,1,0,0,0,부산,강서구,차량단독,공작물충돌,공작물충돌,안전운전 의무 불이행,교차로,교차로내